[2026-07-30T00:00:01+00:00] === start ===
[2026-07-30T00:00:01+00:00] Sheet rows: 29, month headers: 2
[2026-07-30T00:00:01+00:00] Columns: {"Тусюк":"B","Муха":"C","Козлянко":"D","Юрченков":"E"}
[2026-07-30T00:00:02+00:00] Tech users: {"57":"Тусюк","65":"Козлянко","67":"Муха","71":"Юрченков"}
[2026-07-30T00:00:02+00:00] Sync window: 2026-07-01 → 2026-09-30
[2026-07-30T00:00:02+00:00] Bookings from calendar: 14
[2026-07-30T00:00:03+00:00] Active deals: 176
[2026-07-30T00:00:03+00:00] Titles not matched to active deals: Бронирование
[2026-07-30T00:00:03+00:00] Assignments: 6
[2026-07-30T00:00:03+00:00] No cell changes
[2026-07-30T00:00:03+00:00] State saved
[2026-07-30T00:00:03+00:00] === end (2.31s) ===
[2026-07-30T00:02:01+00:00] === start ===
[2026-07-30T00:02:01+00:00] Sheet rows: 29, month headers: 2
[2026-07-30T00:02:02+00:00] Columns: {"Тусюк":"B","Муха":"C","Козлянко":"D","Юрченков":"E"}
[2026-07-30T00:02:02+00:00] Tech users: {"57":"Тусюк","65":"Козлянко","67":"Муха","71":"Юрченков"}
[2026-07-30T00:02:02+00:00] Sync window: 2026-07-01 → 2026-09-30
[2026-07-30T00:02:02+00:00] Bookings from calendar: 14
[2026-07-30T00:02:03+00:00] Active deals: 176
[2026-07-30T00:02:03+00:00] Titles not matched to active deals: Бронирование
[2026-07-30T00:02:03+00:00] Assignments: 6
[2026-07-30T00:02:03+00:00] No cell changes
[2026-07-30T00:02:03+00:00] State saved
[2026-07-30T00:02:03+00:00] === end (2s) ===
[2026-07-30T00:04:01+00:00] === start ===
[2026-07-30T00:04:02+00:00] Sheet rows: 29, month headers: 2
[2026-07-30T00:04:02+00:00] Columns: {"Тусюк":"B","Муха":"C","Козлянко":"D","Юрченков":"E"}
[2026-07-30T00:04:02+00:00] Tech users: {"57":"Тусюк","65":"Козлянко","67":"Муха","71":"Юрченков"}
[2026-07-30T00:04:02+00:00] Sync window: 2026-07-01 → 2026-09-30
[2026-07-30T00:04:03+00:00] Bookings from calendar: 14
[2026-07-30T00:04:03+00:00] Active deals: 176
[2026-07-30T00:04:03+00:00] Titles not matched to active deals: Бронирование
[2026-07-30T00:04:03+00:00] Assignments: 6
[2026-07-30T00:04:03+00:00] No cell changes
[2026-07-30T00:04:03+00:00] State saved
[2026-07-30T00:04:03+00:00] === end (2.21s) ===
[2026-07-30T00:06:01+00:00] === start ===
[2026-07-30T00:06:02+00:00] Sheet rows: 29, month headers: 2
[2026-07-30T00:06:02+00:00] Columns: {"Тусюк":"B","Муха":"C","Козлянко":"D","Юрченков":"E"}
[2026-07-30T00:06:02+00:00] Tech users: {"57":"Тусюк","65":"Козлянко","67":"Муха","71":"Юрченков"}
[2026-07-30T00:06:02+00:00] Sync window: 2026-07-01 → 2026-09-30
[2026-07-30T00:06:03+00:00] Bookings from calendar: 14
[2026-07-30T00:06:04+00:00] Active deals: 176
[2026-07-30T00:06:04+00:00] Titles not matched to active deals: Бронирование
[2026-07-30T00:06:04+00:00] Assignments: 6
[2026-07-30T00:06:04+00:00] No cell changes
[2026-07-30T00:06:04+00:00] State saved
[2026-07-30T00:06:04+00:00] === end (2.15s) ===
[2026-07-30T00:08:01+00:00] === start ===
[2026-07-30T00:08:01+00:00] Sheet rows: 29, month headers: 2
[2026-07-30T00:08:02+00:00] Columns: {"Тусюк":"B","Муха":"C","Козлянко":"D","Юрченков":"E"}
[2026-07-30T00:08:02+00:00] Tech users: {"57":"Тусюк","65":"Козлянко","67":"Муха","71":"Юрченков"}
[2026-07-30T00:08:02+00:00] Sync window: 2026-07-01 → 2026-09-30
[2026-07-30T00:08:03+00:00] Bookings from calendar: 14
[2026-07-30T00:08:03+00:00] Active deals: 176
[2026-07-30T00:08:03+00:00] Titles not matched to active deals: Бронирование
[2026-07-30T00:08:03+00:00] Assignments: 6
[2026-07-30T00:08:03+00:00] No cell changes
[2026-07-30T00:08:03+00:00] State saved
[2026-07-30T00:08:03+00:00] === end (2.79s) ===
[2026-07-30T00:10:02+00:00] === start ===
[2026-07-30T00:10:02+00:00] Sheet rows: 29, month headers: 2
[2026-07-30T00:10:02+00:00] Columns: {"Тусюк":"B","Муха":"C","Козлянко":"D","Юрченков":"E"}
[2026-07-30T00:10:02+00:00] Tech users: {"57":"Тусюк","65":"Козлянко","67":"Муха","71":"Юрченков"}
[2026-07-30T00:10:02+00:00] Sync window: 2026-07-01 → 2026-09-30
[2026-07-30T00:10:03+00:00] Bookings from calendar: 14
[2026-07-30T00:10:04+00:00] Active deals: 176
[2026-07-30T00:10:04+00:00] Titles not matched to active deals: Бронирование
[2026-07-30T00:10:04+00:00] Assignments: 6
[2026-07-30T00:10:04+00:00] No cell changes
[2026-07-30T00:10:04+00:00] State saved
[2026-07-30T00:10:04+00:00] === end (2.29s) ===
[2026-07-30T00:12:01+00:00] === start ===
[2026-07-30T00:12:01+00:00] Sheet rows: 29, month headers: 2
[2026-07-30T00:12:02+00:00] Columns: {"Тусюк":"B","Муха":"C","Козлянко":"D","Юрченков":"E"}
[2026-07-30T00:12:02+00:00] Tech users: {"57":"Тусюк","65":"Козлянко","67":"Муха","71":"Юрченков"}
[2026-07-30T00:12:02+00:00] Sync window: 2026-07-01 → 2026-09-30
[2026-07-30T00:12:02+00:00] Bookings from calendar: 14
[2026-07-30T00:12:03+00:00] Active deals: 176
[2026-07-30T00:12:03+00:00] Titles not matched to active deals: Бронирование
[2026-07-30T00:12:03+00:00] Assignments: 6
[2026-07-30T00:12:03+00:00] No cell changes
[2026-07-30T00:12:03+00:00] State saved
[2026-07-30T00:12:03+00:00] === end (1.98s) ===
[2026-07-30T00:14:01+00:00] === start ===
[2026-07-30T00:14:01+00:00] Sheet rows: 29, month headers: 2
[2026-07-30T00:14:02+00:00] Columns: {"Тусюк":"B","Муха":"C","Козлянко":"D","Юрченков":"E"}
[2026-07-30T00:14:02+00:00] Tech users: {"57":"Тусюк","65":"Козлянко","67":"Муха","71":"Юрченков"}
[2026-07-30T00:14:02+00:00] Sync window: 2026-07-01 → 2026-09-30
[2026-07-30T00:14:02+00:00] Bookings from calendar: 14
[2026-07-30T00:14:03+00:00] Active deals: 176
[2026-07-30T00:14:03+00:00] Titles not matched to active deals: Бронирование
[2026-07-30T00:14:03+00:00] Assignments: 6
[2026-07-30T00:14:03+00:00] No cell changes
[2026-07-30T00:14:03+00:00] State saved
[2026-07-30T00:14:03+00:00] === end (2.06s) ===
[2026-07-30T00:16:01+00:00] === start ===
[2026-07-30T00:16:02+00:00] Sheet rows: 29, month headers: 2
[2026-07-30T00:16:02+00:00] Columns: {"Тусюк":"B","Муха":"C","Козлянко":"D","Юрченков":"E"}
[2026-07-30T00:16:02+00:00] Tech users: {"57":"Тусюк","65":"Козлянко","67":"Муха","71":"Юрченков"}
[2026-07-30T00:16:02+00:00] Sync window: 2026-07-01 → 2026-09-30
[2026-07-30T00:16:03+00:00] Bookings from calendar: 14
[2026-07-30T00:16:04+00:00] Active deals: 176
[2026-07-30T00:16:04+00:00] Titles not matched to active deals: Бронирование
[2026-07-30T00:16:04+00:00] Assignments: 6
[2026-07-30T00:16:04+00:00] No cell changes
[2026-07-30T00:16:04+00:00] State saved
[2026-07-30T00:16:04+00:00] === end (2.25s) ===
[2026-07-30T00:18:01+00:00] === start ===
[2026-07-30T00:18:01+00:00] Sheet rows: 29, month headers: 2
[2026-07-30T00:18:01+00:00] Columns: {"Тусюк":"B","Муха":"C","Козлянко":"D","Юрченков":"E"}
[2026-07-30T00:18:02+00:00] Tech users: {"57":"Тусюк","65":"Козлянко","67":"Муха","71":"Юрченков"}
[2026-07-30T00:18:02+00:00] Sync window: 2026-07-01 → 2026-09-30
[2026-07-30T00:18:02+00:00] Bookings from calendar: 14
[2026-07-30T00:18:03+00:00] Active deals: 176
[2026-07-30T00:18:03+00:00] Titles not matched to active deals: Бронирование
[2026-07-30T00:18:03+00:00] Assignments: 6
[2026-07-30T00:18:03+00:00] No cell changes
[2026-07-30T00:18:03+00:00] State saved
[2026-07-30T00:18:03+00:00] === end (2.28s) ===
[2026-07-30T00:20:01+00:00] === start ===
[2026-07-30T00:20:01+00:00] Sheet rows: 29, month headers: 2
[2026-07-30T00:20:02+00:00] Columns: {"Тусюк":"B","Муха":"C","Козлянко":"D","Юрченков":"E"}
[2026-07-30T00:20:02+00:00] Tech users: {"57":"Тусюк","65":"Козлянко","67":"Муха","71":"Юрченков"}
[2026-07-30T00:20:02+00:00] Sync window: 2026-07-01 → 2026-09-30
[2026-07-30T00:20:03+00:00] Bookings from calendar: 14
[2026-07-30T00:20:03+00:00] Active deals: 176
[2026-07-30T00:20:03+00:00] Titles not matched to active deals: Бронирование
[2026-07-30T00:20:03+00:00] Assignments: 6
[2026-07-30T00:20:03+00:00] No cell changes
[2026-07-30T00:20:03+00:00] State saved
[2026-07-30T00:20:03+00:00] === end (2.46s) ===
[2026-07-30T00:22:02+00:00] === start ===
[2026-07-30T00:22:02+00:00] Sheet rows: 29, month headers: 2
[2026-07-30T00:22:03+00:00] Columns: {"Тусюк":"B","Муха":"C","Козлянко":"D","Юрченков":"E"}
[2026-07-30T00:22:03+00:00] Tech users: {"57":"Тусюк","65":"Козлянко","67":"Муха","71":"Юрченков"}
[2026-07-30T00:22:03+00:00] Sync window: 2026-07-01 → 2026-09-30
[2026-07-30T00:22:04+00:00] Bookings from calendar: 14
[2026-07-30T00:22:05+00:00] Active deals: 176
[2026-07-30T00:22:05+00:00] Titles not matched to active deals: Бронирование
[2026-07-30T00:22:05+00:00] Assignments: 6
[2026-07-30T00:22:05+00:00] No cell changes
[2026-07-30T00:22:05+00:00] State saved
[2026-07-30T00:22:05+00:00] === end (3.3s) ===
[2026-07-30T00:24:01+00:00] === start ===
[2026-07-30T00:24:01+00:00] Sheet rows: 29, month headers: 2
[2026-07-30T00:24:02+00:00] Columns: {"Тусюк":"B","Муха":"C","Козлянко":"D","Юрченков":"E"}
[2026-07-30T00:24:02+00:00] Tech users: {"57":"Тусюк","65":"Козлянко","67":"Муха","71":"Юрченков"}
[2026-07-30T00:24:02+00:00] Sync window: 2026-07-01 → 2026-09-30
[2026-07-30T00:24:03+00:00] Bookings from calendar: 14
[2026-07-30T00:24:03+00:00] Active deals: 176
[2026-07-30T00:24:03+00:00] Titles not matched to active deals: Бронирование
[2026-07-30T00:24:03+00:00] Assignments: 6
[2026-07-30T00:24:03+00:00] No cell changes
[2026-07-30T00:24:03+00:00] State saved
[2026-07-30T00:24:03+00:00] === end (2.46s) ===
[2026-07-30T00:26:01+00:00] === start ===
[2026-07-30T00:26:02+00:00] Sheet rows: 29, month headers: 2
[2026-07-30T00:26:02+00:00] Columns: {"Тусюк":"B","Муха":"C","Козлянко":"D","Юрченков":"E"}
[2026-07-30T00:26:02+00:00] Tech users: {"57":"Тусюк","65":"Козлянко","67":"Муха","71":"Юрченков"}
[2026-07-30T00:26:02+00:00] Sync window: 2026-07-01 → 2026-09-30
[2026-07-30T00:26:03+00:00] Bookings from calendar: 14
[2026-07-30T00:26:04+00:00] Active deals: 176
[2026-07-30T00:26:04+00:00] Titles not matched to active deals: Бронирование
[2026-07-30T00:26:04+00:00] Assignments: 6
[2026-07-30T00:26:04+00:00] No cell changes
[2026-07-30T00:26:04+00:00] State saved
[2026-07-30T00:26:04+00:00] === end (2.29s) ===
[2026-07-30T00:28:01+00:00] === start ===
[2026-07-30T00:28:01+00:00] Sheet rows: 29, month headers: 2
[2026-07-30T00:28:01+00:00] Columns: {"Тусюк":"B","Муха":"C","Козлянко":"D","Юрченков":"E"}
[2026-07-30T00:28:02+00:00] Tech users: {"57":"Тусюк","65":"Козлянко","67":"Муха","71":"Юрченков"}
[2026-07-30T00:28:02+00:00] Sync window: 2026-07-01 → 2026-09-30
[2026-07-30T00:28:02+00:00] Bookings from calendar: 14
[2026-07-30T00:28:03+00:00] Active deals: 176
[2026-07-30T00:28:03+00:00] Titles not matched to active deals: Бронирование
[2026-07-30T00:28:03+00:00] Assignments: 6
[2026-07-30T00:28:03+00:00] No cell changes
[2026-07-30T00:28:03+00:00] State saved
[2026-07-30T00:28:03+00:00] === end (2.27s) ===
[2026-07-30T00:30:01+00:00] === start ===
[2026-07-30T00:30:01+00:00] Sheet rows: 29, month headers: 2
[2026-07-30T00:30:02+00:00] Columns: {"Тусюк":"B","Муха":"C","Козлянко":"D","Юрченков":"E"}
[2026-07-30T00:30:02+00:00] Tech users: {"57":"Тусюк","65":"Козлянко","67":"Муха","71":"Юрченков"}
[2026-07-30T00:30:02+00:00] Sync window: 2026-07-01 → 2026-09-30
[2026-07-30T00:30:03+00:00] Bookings from calendar: 14
[2026-07-30T00:30:03+00:00] Active deals: 176
[2026-07-30T00:30:03+00:00] Titles not matched to active deals: Бронирование
[2026-07-30T00:30:03+00:00] Assignments: 6
[2026-07-30T00:30:03+00:00] No cell changes
[2026-07-30T00:30:03+00:00] State saved
[2026-07-30T00:30:03+00:00] === end (2.17s) ===
[2026-07-30T00:32:01+00:00] === start ===
[2026-07-30T00:32:02+00:00] Sheet rows: 29, month headers: 2
[2026-07-30T00:32:03+00:00] Columns: {"Тусюк":"B","Муха":"C","Козлянко":"D","Юрченков":"E"}
[2026-07-30T00:32:03+00:00] Tech users: {"57":"Тусюк","65":"Козлянко","67":"Муха","71":"Юрченков"}
[2026-07-30T00:32:03+00:00] Sync window: 2026-07-01 → 2026-09-30
[2026-07-30T00:32:04+00:00] Bookings from calendar: 14
[2026-07-30T00:32:05+00:00] Active deals: 176
[2026-07-30T00:32:05+00:00] Titles not matched to active deals: Бронирование
[2026-07-30T00:32:05+00:00] Assignments: 6
[2026-07-30T00:32:05+00:00] No cell changes
[2026-07-30T00:32:05+00:00] State saved
[2026-07-30T00:32:05+00:00] === end (3.24s) ===
[2026-07-30T00:34:01+00:00] === start ===
[2026-07-30T00:34:01+00:00] Sheet rows: 29, month headers: 2
[2026-07-30T00:34:01+00:00] Columns: {"Тусюк":"B","Муха":"C","Козлянко":"D","Юрченков":"E"}
[2026-07-30T00:34:02+00:00] Tech users: {"57":"Тусюк","65":"Козлянко","67":"Муха","71":"Юрченков"}
[2026-07-30T00:34:02+00:00] Sync window: 2026-07-01 → 2026-09-30
[2026-07-30T00:34:02+00:00] Bookings from calendar: 14
[2026-07-30T00:34:03+00:00] Active deals: 176
[2026-07-30T00:34:03+00:00] Titles not matched to active deals: Бронирование
[2026-07-30T00:34:03+00:00] Assignments: 6
[2026-07-30T00:34:03+00:00] No cell changes
[2026-07-30T00:34:03+00:00] State saved
[2026-07-30T00:34:03+00:00] === end (2.16s) ===
[2026-07-30T00:36:01+00:00] === start ===
[2026-07-30T00:36:01+00:00] Sheet rows: 29, month headers: 2
[2026-07-30T00:36:02+00:00] Columns: {"Тусюк":"B","Муха":"C","Козлянко":"D","Юрченков":"E"}
[2026-07-30T00:36:02+00:00] Tech users: {"57":"Тусюк","65":"Козлянко","67":"Муха","71":"Юрченков"}
[2026-07-30T00:36:02+00:00] Sync window: 2026-07-01 → 2026-09-30
[2026-07-30T00:36:02+00:00] Bookings from calendar: 14
[2026-07-30T00:36:03+00:00] Active deals: 176
[2026-07-30T00:36:03+00:00] Titles not matched to active deals: Бронирование
[2026-07-30T00:36:03+00:00] Assignments: 6
[2026-07-30T00:36:03+00:00] No cell changes
[2026-07-30T00:36:03+00:00] State saved
[2026-07-30T00:36:03+00:00] === end (2.24s) ===
[2026-07-30T00:38:01+00:00] === start ===
[2026-07-30T00:38:02+00:00] Sheet rows: 29, month headers: 2
[2026-07-30T00:38:02+00:00] Columns: {"Тусюк":"B","Муха":"C","Козлянко":"D","Юрченков":"E"}
[2026-07-30T00:38:02+00:00] Tech users: {"57":"Тусюк","65":"Козлянко","67":"Муха","71":"Юрченков"}
[2026-07-30T00:38:02+00:00] Sync window: 2026-07-01 → 2026-09-30
[2026-07-30T00:38:03+00:00] Bookings from calendar: 14
[2026-07-30T00:38:03+00:00] Active deals: 176
[2026-07-30T00:38:03+00:00] Titles not matched to active deals: Бронирование
[2026-07-30T00:38:03+00:00] Assignments: 6
[2026-07-30T00:38:03+00:00] No cell changes
[2026-07-30T00:38:03+00:00] State saved
[2026-07-30T00:38:03+00:00] === end (2.1s) ===
[2026-07-30T00:40:01+00:00] === start ===
[2026-07-30T00:40:02+00:00] Sheet rows: 29, month headers: 2
[2026-07-30T00:40:03+00:00] Columns: {"Тусюк":"B","Муха":"C","Козлянко":"D","Юрченков":"E"}
[2026-07-30T00:40:03+00:00] Tech users: {"57":"Тусюк","65":"Козлянко","67":"Муха","71":"Юрченков"}
[2026-07-30T00:40:03+00:00] Sync window: 2026-07-01 → 2026-09-30
[2026-07-30T00:40:04+00:00] Bookings from calendar: 14
[2026-07-30T00:40:05+00:00] Active deals: 176
[2026-07-30T00:40:05+00:00] Titles not matched to active deals: Бронирование
[2026-07-30T00:40:05+00:00] Assignments: 6
[2026-07-30T00:40:05+00:00] No cell changes
[2026-07-30T00:40:05+00:00] State saved
[2026-07-30T00:40:05+00:00] === end (3.4s) ===
[2026-07-30T00:42:01+00:00] === start ===
[2026-07-30T00:42:01+00:00] Sheet rows: 29, month headers: 2
[2026-07-30T00:42:02+00:00] Columns: {"Тусюк":"B","Муха":"C","Козлянко":"D","Юрченков":"E"}
[2026-07-30T00:42:02+00:00] Tech users: {"57":"Тусюк","65":"Козлянко","67":"Муха","71":"Юрченков"}
[2026-07-30T00:42:02+00:00] Sync window: 2026-07-01 → 2026-09-30
[2026-07-30T00:42:03+00:00] Bookings from calendar: 14
[2026-07-30T00:42:03+00:00] Active deals: 176
[2026-07-30T00:42:03+00:00] Titles not matched to active deals: Бронирование
[2026-07-30T00:42:03+00:00] Assignments: 6
[2026-07-30T00:42:03+00:00] No cell changes
[2026-07-30T00:42:03+00:00] State saved
[2026-07-30T00:42:03+00:00] === end (2.52s) ===
[2026-07-30T00:44:01+00:00] === start ===
[2026-07-30T00:44:02+00:00] Sheet rows: 29, month headers: 2
[2026-07-30T00:44:03+00:00] Columns: {"Тусюк":"B","Муха":"C","Козлянко":"D","Юрченков":"E"}
[2026-07-30T00:44:03+00:00] Tech users: {"57":"Тусюк","65":"Козлянко","67":"Муха","71":"Юрченков"}
[2026-07-30T00:44:03+00:00] Sync window: 2026-07-01 → 2026-09-30
[2026-07-30T00:44:04+00:00] Bookings from calendar: 14
[2026-07-30T00:44:05+00:00] Active deals: 176
[2026-07-30T00:44:05+00:00] Titles not matched to active deals: Бронирование
[2026-07-30T00:44:05+00:00] Assignments: 6
[2026-07-30T00:44:05+00:00] No cell changes
[2026-07-30T00:44:05+00:00] State saved
[2026-07-30T00:44:05+00:00] === end (3.53s) ===
[2026-07-30T00:46:01+00:00] === start ===
[2026-07-30T00:46:02+00:00] Sheet rows: 29, month headers: 2
[2026-07-30T00:46:02+00:00] Columns: {"Тусюк":"B","Муха":"C","Козлянко":"D","Юрченков":"E"}
[2026-07-30T00:46:02+00:00] Tech users: {"57":"Тусюк","65":"Козлянко","67":"Муха","71":"Юрченков"}
[2026-07-30T00:46:02+00:00] Sync window: 2026-07-01 → 2026-09-30
[2026-07-30T00:46:03+00:00] Bookings from calendar: 14
[2026-07-30T00:46:04+00:00] Active deals: 176
[2026-07-30T00:46:04+00:00] Titles not matched to active deals: Бронирование
[2026-07-30T00:46:04+00:00] Assignments: 6
[2026-07-30T00:46:04+00:00] No cell changes
[2026-07-30T00:46:04+00:00] State saved
[2026-07-30T00:46:04+00:00] === end (2.51s) ===
[2026-07-30T00:48:01+00:00] === start ===
[2026-07-30T00:48:01+00:00] Sheet rows: 29, month headers: 2
[2026-07-30T00:48:01+00:00] Columns: {"Тусюк":"B","Муха":"C","Козлянко":"D","Юрченков":"E"}
[2026-07-30T00:48:02+00:00] Tech users: {"57":"Тусюк","65":"Козлянко","67":"Муха","71":"Юрченков"}
[2026-07-30T00:48:02+00:00] Sync window: 2026-07-01 → 2026-09-30
[2026-07-30T00:48:02+00:00] Bookings from calendar: 14
[2026-07-30T00:48:03+00:00] Active deals: 176
[2026-07-30T00:48:03+00:00] Titles not matched to active deals: Бронирование
[2026-07-30T00:48:03+00:00] Assignments: 6
[2026-07-30T00:48:03+00:00] No cell changes
[2026-07-30T00:48:03+00:00] State saved
[2026-07-30T00:48:03+00:00] === end (2.04s) ===
[2026-07-30T00:50:01+00:00] === start ===
[2026-07-30T00:50:02+00:00] Sheet rows: 29, month headers: 2
[2026-07-30T00:50:02+00:00] Columns: {"Тусюк":"B","Муха":"C","Козлянко":"D","Юрченков":"E"}
[2026-07-30T00:50:03+00:00] Tech users: {"57":"Тусюк","65":"Козлянко","67":"Муха","71":"Юрченков"}
[2026-07-30T00:50:03+00:00] Sync window: 2026-07-01 → 2026-09-30
[2026-07-30T00:50:03+00:00] Bookings from calendar: 14
[2026-07-30T00:50:04+00:00] Active deals: 176
[2026-07-30T00:50:04+00:00] Titles not matched to active deals: Бронирование
[2026-07-30T00:50:04+00:00] Assignments: 6
[2026-07-30T00:50:04+00:00] No cell changes
[2026-07-30T00:50:04+00:00] State saved
[2026-07-30T00:50:04+00:00] === end (3.1s) ===
[2026-07-30T00:52:01+00:00] === start ===
[2026-07-30T00:52:01+00:00] Sheet rows: 29, month headers: 2
[2026-07-30T00:52:02+00:00] Columns: {"Тусюк":"B","Муха":"C","Козлянко":"D","Юрченков":"E"}
[2026-07-30T00:52:02+00:00] Tech users: {"57":"Тусюк","65":"Козлянко","67":"Муха","71":"Юрченков"}
[2026-07-30T00:52:02+00:00] Sync window: 2026-07-01 → 2026-09-30
[2026-07-30T00:52:02+00:00] Bookings from calendar: 14
[2026-07-30T00:52:03+00:00] Active deals: 176
[2026-07-30T00:52:03+00:00] Titles not matched to active deals: Бронирование
[2026-07-30T00:52:03+00:00] Assignments: 6
[2026-07-30T00:52:03+00:00] No cell changes
[2026-07-30T00:52:03+00:00] State saved
[2026-07-30T00:52:03+00:00] === end (2.34s) ===
[2026-07-30T00:54:02+00:00] === start ===
[2026-07-30T00:54:02+00:00] Sheet rows: 29, month headers: 2
[2026-07-30T00:54:02+00:00] Columns: {"Тусюк":"B","Муха":"C","Козлянко":"D","Юрченков":"E"}
[2026-07-30T00:54:02+00:00] Tech users: {"57":"Тусюк","65":"Козлянко","67":"Муха","71":"Юрченков"}
[2026-07-30T00:54:02+00:00] Sync window: 2026-07-01 → 2026-09-30
[2026-07-30T00:54:03+00:00] Bookings from calendar: 14
[2026-07-30T00:54:04+00:00] Active deals: 176
[2026-07-30T00:54:04+00:00] Titles not matched to active deals: Бронирование
[2026-07-30T00:54:04+00:00] Assignments: 6
[2026-07-30T00:54:04+00:00] No cell changes
[2026-07-30T00:54:04+00:00] State saved
[2026-07-30T00:54:04+00:00] === end (2.33s) ===
[2026-07-30T00:56:01+00:00] === start ===
[2026-07-30T00:56:01+00:00] Sheet rows: 29, month headers: 2
[2026-07-30T00:56:02+00:00] Columns: {"Тусюк":"B","Муха":"C","Козлянко":"D","Юрченков":"E"}
[2026-07-30T00:56:02+00:00] Tech users: {"57":"Тусюк","65":"Козлянко","67":"Муха","71":"Юрченков"}
[2026-07-30T00:56:02+00:00] Sync window: 2026-07-01 → 2026-09-30
[2026-07-30T00:56:03+00:00] Bookings from calendar: 14
[2026-07-30T00:56:04+00:00] Active deals: 176
[2026-07-30T00:56:04+00:00] Titles not matched to active deals: Бронирование
[2026-07-30T00:56:04+00:00] Assignments: 6
[2026-07-30T00:56:04+00:00] No cell changes
[2026-07-30T00:56:04+00:00] State saved
[2026-07-30T00:56:04+00:00] === end (2.79s) ===
[2026-07-30T00:58:01+00:00] === start ===
[2026-07-30T00:58:01+00:00] Sheet rows: 29, month headers: 2
[2026-07-30T00:58:02+00:00] Columns: {"Тусюк":"B","Муха":"C","Козлянко":"D","Юрченков":"E"}
[2026-07-30T00:58:02+00:00] Tech users: {"57":"Тусюк","65":"Козлянко","67":"Муха","71":"Юрченков"}
[2026-07-30T00:58:02+00:00] Sync window: 2026-07-01 → 2026-09-30
[2026-07-30T00:58:03+00:00] Bookings from calendar: 14
[2026-07-30T00:58:04+00:00] Active deals: 176
[2026-07-30T00:58:04+00:00] Titles not matched to active deals: Бронирование
[2026-07-30T00:58:04+00:00] Assignments: 6
[2026-07-30T00:58:04+00:00] No cell changes
[2026-07-30T00:58:04+00:00] State saved
[2026-07-30T00:58:04+00:00] === end (3.17s) ===
[2026-07-30T01:00:01+00:00] === start ===
[2026-07-30T01:00:01+00:00] Sheet rows: 29, month headers: 2
[2026-07-30T01:00:02+00:00] Columns: {"Тусюк":"B","Муха":"C","Козлянко":"D","Юрченков":"E"}
[2026-07-30T01:00:02+00:00] Tech users: {"57":"Тусюк","65":"Козлянко","67":"Муха","71":"Юрченков"}
[2026-07-30T01:00:02+00:00] Sync window: 2026-07-01 → 2026-09-30
[2026-07-30T01:00:03+00:00] Bookings from calendar: 14
[2026-07-30T01:00:03+00:00] Active deals: 176
[2026-07-30T01:00:03+00:00] Titles not matched to active deals: Бронирование
[2026-07-30T01:00:03+00:00] Assignments: 6
[2026-07-30T01:00:03+00:00] No cell changes
[2026-07-30T01:00:03+00:00] State saved
[2026-07-30T01:00:03+00:00] === end (2.37s) ===
[2026-07-30T01:02:01+00:00] === start ===
[2026-07-30T01:02:01+00:00] Sheet rows: 29, month headers: 2
[2026-07-30T01:02:02+00:00] Columns: {"Тусюк":"B","Муха":"C","Козлянко":"D","Юрченков":"E"}
[2026-07-30T01:02:02+00:00] Tech users: {"57":"Тусюк","65":"Козлянко","67":"Муха","71":"Юрченков"}
[2026-07-30T01:02:02+00:00] Sync window: 2026-07-01 → 2026-09-30
[2026-07-30T01:02:03+00:00] Bookings from calendar: 14
[2026-07-30T01:02:04+00:00] Active deals: 176
[2026-07-30T01:02:04+00:00] Titles not matched to active deals: Бронирование
[2026-07-30T01:02:04+00:00] Assignments: 6
[2026-07-30T01:02:04+00:00] No cell changes
[2026-07-30T01:02:04+00:00] State saved
[2026-07-30T01:02:04+00:00] === end (2.94s) ===
[2026-07-30T01:04:01+00:00] === start ===
[2026-07-30T01:04:01+00:00] Sheet rows: 29, month headers: 2
[2026-07-30T01:04:01+00:00] Columns: {"Тусюк":"B","Муха":"C","Козлянко":"D","Юрченков":"E"}
[2026-07-30T01:04:02+00:00] Tech users: {"57":"Тусюк","65":"Козлянко","67":"Муха","71":"Юрченков"}
[2026-07-30T01:04:02+00:00] Sync window: 2026-07-01 → 2026-09-30
[2026-07-30T01:04:03+00:00] Bookings from calendar: 14
[2026-07-30T01:04:03+00:00] Active deals: 176
[2026-07-30T01:04:03+00:00] Titles not matched to active deals: Бронирование
[2026-07-30T01:04:03+00:00] Assignments: 6
[2026-07-30T01:04:03+00:00] No cell changes
[2026-07-30T01:04:03+00:00] State saved
[2026-07-30T01:04:03+00:00] === end (2.49s) ===
[2026-07-30T01:06:01+00:00] === start ===
[2026-07-30T01:06:02+00:00] Sheet rows: 29, month headers: 2
[2026-07-30T01:06:03+00:00] Columns: {"Тусюк":"B","Муха":"C","Козлянко":"D","Юрченков":"E"}
[2026-07-30T01:06:03+00:00] Tech users: {"57":"Тусюк","65":"Козлянко","67":"Муха","71":"Юрченков"}
[2026-07-30T01:06:03+00:00] Sync window: 2026-07-01 → 2026-09-30
[2026-07-30T01:06:03+00:00] Bookings from calendar: 14
[2026-07-30T01:06:04+00:00] Active deals: 176
[2026-07-30T01:06:04+00:00] Titles not matched to active deals: Бронирование
[2026-07-30T01:06:04+00:00] Assignments: 6
[2026-07-30T01:06:04+00:00] No cell changes
[2026-07-30T01:06:04+00:00] State saved
[2026-07-30T01:06:04+00:00] === end (2.53s) ===
[2026-07-30T01:08:01+00:00] === start ===
[2026-07-30T01:08:01+00:00] Sheet rows: 29, month headers: 2
[2026-07-30T01:08:02+00:00] Columns: {"Тусюк":"B","Муха":"C","Козлянко":"D","Юрченков":"E"}
[2026-07-30T01:08:02+00:00] Tech users: {"57":"Тусюк","65":"Козлянко","67":"Муха","71":"Юрченков"}
[2026-07-30T01:08:02+00:00] Sync window: 2026-07-01 → 2026-09-30
[2026-07-30T01:08:02+00:00] Bookings from calendar: 14
[2026-07-30T01:08:03+00:00] Active deals: 176
[2026-07-30T01:08:03+00:00] Titles not matched to active deals: Бронирование
[2026-07-30T01:08:03+00:00] Assignments: 6
[2026-07-30T01:08:03+00:00] No cell changes
[2026-07-30T01:08:03+00:00] State saved
[2026-07-30T01:08:03+00:00] === end (2s) ===
[2026-07-30T01:10:01+00:00] === start ===
[2026-07-30T01:10:02+00:00] Sheet rows: 29, month headers: 2
[2026-07-30T01:10:02+00:00] Columns: {"Тусюк":"B","Муха":"C","Козлянко":"D","Юрченков":"E"}
[2026-07-30T01:10:02+00:00] Tech users: {"57":"Тусюк","65":"Козлянко","67":"Муха","71":"Юрченков"}
[2026-07-30T01:10:02+00:00] Sync window: 2026-07-01 → 2026-09-30
[2026-07-30T01:10:03+00:00] Bookings from calendar: 14
[2026-07-30T01:10:04+00:00] Active deals: 176
[2026-07-30T01:10:04+00:00] Titles not matched to active deals: Бронирование
[2026-07-30T01:10:04+00:00] Assignments: 6
[2026-07-30T01:10:04+00:00] No cell changes
[2026-07-30T01:10:04+00:00] State saved
[2026-07-30T01:10:04+00:00] === end (2.99s) ===
[2026-07-30T01:12:01+00:00] === start ===
[2026-07-30T01:12:02+00:00] Sheet rows: 29, month headers: 2
[2026-07-30T01:12:02+00:00] Columns: {"Тусюк":"B","Муха":"C","Козлянко":"D","Юрченков":"E"}
[2026-07-30T01:12:02+00:00] Tech users: {"57":"Тусюк","65":"Козлянко","67":"Муха","71":"Юрченков"}
[2026-07-30T01:12:02+00:00] Sync window: 2026-07-01 → 2026-09-30
[2026-07-30T01:12:03+00:00] Bookings from calendar: 14
[2026-07-30T01:12:03+00:00] Active deals: 176
[2026-07-30T01:12:03+00:00] Titles not matched to active deals: Бронирование
[2026-07-30T01:12:03+00:00] Assignments: 6
[2026-07-30T01:12:03+00:00] No cell changes
[2026-07-30T01:12:03+00:00] State saved
[2026-07-30T01:12:03+00:00] === end (2.23s) ===
[2026-07-30T01:14:01+00:00] === start ===
[2026-07-30T01:14:02+00:00] Sheet rows: 29, month headers: 2
[2026-07-30T01:14:03+00:00] Columns: {"Тусюк":"B","Муха":"C","Козлянко":"D","Юрченков":"E"}
[2026-07-30T01:14:03+00:00] Tech users: {"57":"Тусюк","65":"Козлянко","67":"Муха","71":"Юрченков"}
[2026-07-30T01:14:03+00:00] Sync window: 2026-07-01 → 2026-09-30
[2026-07-30T01:14:04+00:00] Bookings from calendar: 14
[2026-07-30T01:14:04+00:00] Active deals: 176
[2026-07-30T01:14:04+00:00] Titles not matched to active deals: Бронирование
[2026-07-30T01:14:04+00:00] Assignments: 6
[2026-07-30T01:14:04+00:00] No cell changes
[2026-07-30T01:14:04+00:00] State saved
[2026-07-30T01:14:04+00:00] === end (2.76s) ===
[2026-07-30T01:16:01+00:00] === start ===
[2026-07-30T01:16:02+00:00] Sheet rows: 29, month headers: 2
[2026-07-30T01:16:02+00:00] Columns: {"Тусюк":"B","Муха":"C","Козлянко":"D","Юрченков":"E"}
[2026-07-30T01:16:02+00:00] Tech users: {"57":"Тусюк","65":"Козлянко","67":"Муха","71":"Юрченков"}
[2026-07-30T01:16:02+00:00] Sync window: 2026-07-01 → 2026-09-30
[2026-07-30T01:16:03+00:00] Bookings from calendar: 14
[2026-07-30T01:16:03+00:00] Active deals: 176
[2026-07-30T01:16:03+00:00] Titles not matched to active deals: Бронирование
[2026-07-30T01:16:03+00:00] Assignments: 6
[2026-07-30T01:16:03+00:00] No cell changes
[2026-07-30T01:16:03+00:00] State saved
[2026-07-30T01:16:03+00:00] === end (2.41s) ===
[2026-07-30T01:18:01+00:00] === start ===
[2026-07-30T01:18:02+00:00] Sheet rows: 29, month headers: 2
[2026-07-30T01:18:02+00:00] Columns: {"Тусюк":"B","Муха":"C","Козлянко":"D","Юрченков":"E"}
[2026-07-30T01:18:02+00:00] Tech users: {"57":"Тусюк","65":"Козлянко","67":"Муха","71":"Юрченков"}
[2026-07-30T01:18:02+00:00] Sync window: 2026-07-01 → 2026-09-30
[2026-07-30T01:18:03+00:00] Bookings from calendar: 14
[2026-07-30T01:18:03+00:00] Active deals: 176
[2026-07-30T01:18:03+00:00] Titles not matched to active deals: Бронирование
[2026-07-30T01:18:03+00:00] Assignments: 6
[2026-07-30T01:18:03+00:00] No cell changes
[2026-07-30T01:18:03+00:00] State saved
[2026-07-30T01:18:03+00:00] === end (2.01s) ===
[2026-07-30T01:20:01+00:00] === start ===
[2026-07-30T01:20:02+00:00] Sheet rows: 29, month headers: 2
[2026-07-30T01:20:02+00:00] Columns: {"Тусюк":"B","Муха":"C","Козлянко":"D","Юрченков":"E"}
[2026-07-30T01:20:02+00:00] Tech users: {"57":"Тусюк","65":"Козлянко","67":"Муха","71":"Юрченков"}
[2026-07-30T01:20:02+00:00] Sync window: 2026-07-01 → 2026-09-30
[2026-07-30T01:20:03+00:00] Bookings from calendar: 14
[2026-07-30T01:20:04+00:00] Active deals: 176
[2026-07-30T01:20:04+00:00] Titles not matched to active deals: Бронирование
[2026-07-30T01:20:04+00:00] Assignments: 6
[2026-07-30T01:20:04+00:00] No cell changes
[2026-07-30T01:20:04+00:00] State saved
[2026-07-30T01:20:04+00:00] === end (2.22s) ===
[2026-07-30T01:22:01+00:00] === start ===
[2026-07-30T01:22:01+00:00] Sheet rows: 29, month headers: 2
[2026-07-30T01:22:01+00:00] Columns: {"Тусюк":"B","Муха":"C","Козлянко":"D","Юрченков":"E"}
[2026-07-30T01:22:01+00:00] Tech users: {"57":"Тусюк","65":"Козлянко","67":"Муха","71":"Юрченков"}
[2026-07-30T01:22:01+00:00] Sync window: 2026-07-01 → 2026-09-30
[2026-07-30T01:22:02+00:00] Bookings from calendar: 14
[2026-07-30T01:22:03+00:00] Active deals: 176
[2026-07-30T01:22:03+00:00] Titles not matched to active deals: Бронирование
[2026-07-30T01:22:03+00:00] Assignments: 6
[2026-07-30T01:22:03+00:00] No cell changes
[2026-07-30T01:22:03+00:00] State saved
[2026-07-30T01:22:03+00:00] === end (2.19s) ===
[2026-07-30T01:24:01+00:00] === start ===
[2026-07-30T01:24:02+00:00] Sheet rows: 29, month headers: 2
[2026-07-30T01:24:02+00:00] Columns: {"Тусюк":"B","Муха":"C","Козлянко":"D","Юрченков":"E"}
[2026-07-30T01:24:02+00:00] Tech users: {"57":"Тусюк","65":"Козлянко","67":"Муха","71":"Юрченков"}
[2026-07-30T01:24:02+00:00] Sync window: 2026-07-01 → 2026-09-30
[2026-07-30T01:24:03+00:00] Bookings from calendar: 14
[2026-07-30T01:24:03+00:00] Active deals: 176
[2026-07-30T01:24:03+00:00] Titles not matched to active deals: Бронирование
[2026-07-30T01:24:03+00:00] Assignments: 6
[2026-07-30T01:24:03+00:00] No cell changes
[2026-07-30T01:24:03+00:00] State saved
[2026-07-30T01:24:03+00:00] === end (2.37s) ===
[2026-07-30T01:26:01+00:00] === start ===
[2026-07-30T01:26:02+00:00] Sheet rows: 29, month headers: 2
[2026-07-30T01:26:03+00:00] Columns: {"Тусюк":"B","Муха":"C","Козлянко":"D","Юрченков":"E"}
[2026-07-30T01:26:03+00:00] Tech users: {"57":"Тусюк","65":"Козлянко","67":"Муха","71":"Юрченков"}
[2026-07-30T01:26:03+00:00] Sync window: 2026-07-01 → 2026-09-30
[2026-07-30T01:26:04+00:00] Bookings from calendar: 14
[2026-07-30T01:26:04+00:00] Active deals: 176
[2026-07-30T01:26:04+00:00] Titles not matched to active deals: Бронирование
[2026-07-30T01:26:04+00:00] Assignments: 6
[2026-07-30T01:26:04+00:00] No cell changes
[2026-07-30T01:26:04+00:00] State saved
[2026-07-30T01:26:04+00:00] === end (2.88s) ===
[2026-07-30T01:28:01+00:00] === start ===
[2026-07-30T01:28:02+00:00] Sheet rows: 29, month headers: 2
[2026-07-30T01:28:03+00:00] Columns: {"Тусюк":"B","Муха":"C","Козлянко":"D","Юрченков":"E"}
[2026-07-30T01:28:03+00:00] Tech users: {"57":"Тусюк","65":"Козлянко","67":"Муха","71":"Юрченков"}
[2026-07-30T01:28:03+00:00] Sync window: 2026-07-01 → 2026-09-30
[2026-07-30T01:28:04+00:00] Bookings from calendar: 14
[2026-07-30T01:28:04+00:00] Active deals: 176
[2026-07-30T01:28:04+00:00] Titles not matched to active deals: Бронирование
[2026-07-30T01:28:04+00:00] Assignments: 6
[2026-07-30T01:28:04+00:00] No cell changes
[2026-07-30T01:28:04+00:00] State saved
[2026-07-30T01:28:04+00:00] === end (3.05s) ===
[2026-07-30T01:30:01+00:00] === start ===
[2026-07-30T01:30:02+00:00] Sheet rows: 29, month headers: 2
[2026-07-30T01:30:02+00:00] Columns: {"Тусюк":"B","Муха":"C","Козлянко":"D","Юрченков":"E"}
[2026-07-30T01:30:02+00:00] Tech users: {"57":"Тусюк","65":"Козлянко","67":"Муха","71":"Юрченков"}
[2026-07-30T01:30:02+00:00] Sync window: 2026-07-01 → 2026-09-30
[2026-07-30T01:30:03+00:00] Bookings from calendar: 14
[2026-07-30T01:30:04+00:00] Active deals: 176
[2026-07-30T01:30:04+00:00] Titles not matched to active deals: Бронирование
[2026-07-30T01:30:04+00:00] Assignments: 6
[2026-07-30T01:30:04+00:00] No cell changes
[2026-07-30T01:30:04+00:00] State saved
[2026-07-30T01:30:04+00:00] === end (2.11s) ===
[2026-07-30T01:32:01+00:00] === start ===
[2026-07-30T01:32:01+00:00] Sheet rows: 29, month headers: 2
[2026-07-30T01:32:01+00:00] Columns: {"Тусюк":"B","Муха":"C","Козлянко":"D","Юрченков":"E"}
[2026-07-30T01:32:02+00:00] Tech users: {"57":"Тусюк","65":"Козлянко","67":"Муха","71":"Юрченков"}
[2026-07-30T01:32:02+00:00] Sync window: 2026-07-01 → 2026-09-30
[2026-07-30T01:32:02+00:00] Bookings from calendar: 14
[2026-07-30T01:32:03+00:00] Active deals: 176
[2026-07-30T01:32:03+00:00] Titles not matched to active deals: Бронирование
[2026-07-30T01:32:03+00:00] Assignments: 6
[2026-07-30T01:32:03+00:00] No cell changes
[2026-07-30T01:32:03+00:00] State saved
[2026-07-30T01:32:03+00:00] === end (2.26s) ===
[2026-07-30T01:34:01+00:00] === start ===
[2026-07-30T01:34:02+00:00] Sheet rows: 29, month headers: 2
[2026-07-30T01:34:03+00:00] Columns: {"Тусюк":"B","Муха":"C","Козлянко":"D","Юрченков":"E"}
[2026-07-30T01:34:03+00:00] Tech users: {"57":"Тусюк","65":"Козлянко","67":"Муха","71":"Юрченков"}
[2026-07-30T01:34:03+00:00] Sync window: 2026-07-01 → 2026-09-30
[2026-07-30T01:34:03+00:00] Bookings from calendar: 14
[2026-07-30T01:34:04+00:00] Active deals: 176
[2026-07-30T01:34:04+00:00] Titles not matched to active deals: Бронирование
[2026-07-30T01:34:04+00:00] Assignments: 6
[2026-07-30T01:34:04+00:00] No cell changes
[2026-07-30T01:34:04+00:00] State saved
[2026-07-30T01:34:04+00:00] === end (3.15s) ===
[2026-07-30T01:36:01+00:00] === start ===
[2026-07-30T01:36:02+00:00] Sheet rows: 29, month headers: 2
[2026-07-30T01:36:02+00:00] Columns: {"Тусюк":"B","Муха":"C","Козлянко":"D","Юрченков":"E"}
[2026-07-30T01:36:02+00:00] Tech users: {"57":"Тусюк","65":"Козлянко","67":"Муха","71":"Юрченков"}
[2026-07-30T01:36:02+00:00] Sync window: 2026-07-01 → 2026-09-30
[2026-07-30T01:36:03+00:00] Bookings from calendar: 14
[2026-07-30T01:36:03+00:00] Active deals: 176
[2026-07-30T01:36:03+00:00] Titles not matched to active deals: Бронирование
[2026-07-30T01:36:03+00:00] Assignments: 6
[2026-07-30T01:36:03+00:00] No cell changes
[2026-07-30T01:36:03+00:00] State saved
[2026-07-30T01:36:03+00:00] === end (2.24s) ===
[2026-07-30T01:38:01+00:00] === start ===
[2026-07-30T01:38:02+00:00] Sheet rows: 29, month headers: 2
[2026-07-30T01:38:03+00:00] Columns: {"Тусюк":"B","Муха":"C","Козлянко":"D","Юрченков":"E"}
[2026-07-30T01:38:03+00:00] Tech users: {"57":"Тусюк","65":"Козлянко","67":"Муха","71":"Юрченков"}
[2026-07-30T01:38:03+00:00] Sync window: 2026-07-01 → 2026-09-30
[2026-07-30T01:38:03+00:00] Bookings from calendar: 14
[2026-07-30T01:38:04+00:00] Active deals: 176
[2026-07-30T01:38:04+00:00] Titles not matched to active deals: Бронирование
[2026-07-30T01:38:04+00:00] Assignments: 6
[2026-07-30T01:38:04+00:00] No cell changes
[2026-07-30T01:38:04+00:00] State saved
[2026-07-30T01:38:04+00:00] === end (2.59s) ===
[2026-07-30T01:40:01+00:00] === start ===
[2026-07-30T01:40:02+00:00] Sheet rows: 29, month headers: 2
[2026-07-30T01:40:02+00:00] Columns: {"Тусюк":"B","Муха":"C","Козлянко":"D","Юрченков":"E"}
[2026-07-30T01:40:03+00:00] Tech users: {"57":"Тусюк","65":"Козлянко","67":"Муха","71":"Юрченков"}
[2026-07-30T01:40:03+00:00] Sync window: 2026-07-01 → 2026-09-30
[2026-07-30T01:40:03+00:00] Bookings from calendar: 14
[2026-07-30T01:40:04+00:00] Active deals: 176
[2026-07-30T01:40:04+00:00] Titles not matched to active deals: Бронирование
[2026-07-30T01:40:04+00:00] Assignments: 6
[2026-07-30T01:40:04+00:00] No cell changes
[2026-07-30T01:40:04+00:00] State saved
[2026-07-30T01:40:04+00:00] === end (2.62s) ===
[2026-07-30T01:42:01+00:00] === start ===
[2026-07-30T01:42:02+00:00] Sheet rows: 29, month headers: 2
[2026-07-30T01:42:02+00:00] Columns: {"Тусюк":"B","Муха":"C","Козлянко":"D","Юрченков":"E"}
[2026-07-30T01:42:02+00:00] Tech users: {"57":"Тусюк","65":"Козлянко","67":"Муха","71":"Юрченков"}
[2026-07-30T01:42:02+00:00] Sync window: 2026-07-01 → 2026-09-30
[2026-07-30T01:42:03+00:00] Bookings from calendar: 14
[2026-07-30T01:42:03+00:00] Active deals: 176
[2026-07-30T01:42:03+00:00] Titles not matched to active deals: Бронирование
[2026-07-30T01:42:03+00:00] Assignments: 6
[2026-07-30T01:42:03+00:00] No cell changes
[2026-07-30T01:42:03+00:00] State saved
[2026-07-30T01:42:03+00:00] === end (2.52s) ===
[2026-07-30T01:44:01+00:00] === start ===
[2026-07-30T01:44:02+00:00] Sheet rows: 29, month headers: 2
[2026-07-30T01:44:03+00:00] Columns: {"Тусюк":"B","Муха":"C","Козлянко":"D","Юрченков":"E"}
[2026-07-30T01:44:03+00:00] Tech users: {"57":"Тусюк","65":"Козлянко","67":"Муха","71":"Юрченков"}
[2026-07-30T01:44:03+00:00] Sync window: 2026-07-01 → 2026-09-30
[2026-07-30T01:44:03+00:00] Bookings from calendar: 14
[2026-07-30T01:44:04+00:00] Active deals: 176
[2026-07-30T01:44:04+00:00] Titles not matched to active deals: Бронирование
[2026-07-30T01:44:04+00:00] Assignments: 6
[2026-07-30T01:44:04+00:00] No cell changes
[2026-07-30T01:44:04+00:00] State saved
[2026-07-30T01:44:04+00:00] === end (2.64s) ===
[2026-07-30T01:46:01+00:00] === start ===
[2026-07-30T01:46:01+00:00] Sheet rows: 29, month headers: 2
[2026-07-30T01:46:02+00:00] Columns: {"Тусюк":"B","Муха":"C","Козлянко":"D","Юрченков":"E"}
[2026-07-30T01:46:02+00:00] Tech users: {"57":"Тусюк","65":"Козлянко","67":"Муха","71":"Юрченков"}
[2026-07-30T01:46:02+00:00] Sync window: 2026-07-01 → 2026-09-30
[2026-07-30T01:46:02+00:00] Bookings from calendar: 14
[2026-07-30T01:46:03+00:00] Active deals: 176
[2026-07-30T01:46:03+00:00] Titles not matched to active deals: Бронирование
[2026-07-30T01:46:03+00:00] Assignments: 6
[2026-07-30T01:46:03+00:00] No cell changes
[2026-07-30T01:46:03+00:00] State saved
[2026-07-30T01:46:03+00:00] === end (2.16s) ===
[2026-07-30T01:48:01+00:00] === start ===
[2026-07-30T01:48:02+00:00] Sheet rows: 29, month headers: 2
[2026-07-30T01:48:02+00:00] Columns: {"Тусюк":"B","Муха":"C","Козлянко":"D","Юрченков":"E"}
[2026-07-30T01:48:02+00:00] Tech users: {"57":"Тусюк","65":"Козлянко","67":"Муха","71":"Юрченков"}
[2026-07-30T01:48:02+00:00] Sync window: 2026-07-01 → 2026-09-30
[2026-07-30T01:48:03+00:00] Bookings from calendar: 14
[2026-07-30T01:48:04+00:00] Active deals: 176
[2026-07-30T01:48:04+00:00] Titles not matched to active deals: Бронирование
[2026-07-30T01:48:04+00:00] Assignments: 6
[2026-07-30T01:48:04+00:00] No cell changes
[2026-07-30T01:48:04+00:00] State saved
[2026-07-30T01:48:04+00:00] === end (2.45s) ===
[2026-07-30T01:50:01+00:00] === start ===
[2026-07-30T01:50:01+00:00] Sheet rows: 29, month headers: 2
[2026-07-30T01:50:01+00:00] Columns: {"Тусюк":"B","Муха":"C","Козлянко":"D","Юрченков":"E"}
[2026-07-30T01:50:02+00:00] Tech users: {"57":"Тусюк","65":"Козлянко","67":"Муха","71":"Юрченков"}
[2026-07-30T01:50:02+00:00] Sync window: 2026-07-01 → 2026-09-30
[2026-07-30T01:50:02+00:00] Bookings from calendar: 14
[2026-07-30T01:50:03+00:00] Active deals: 176
[2026-07-30T01:50:03+00:00] Titles not matched to active deals: Бронирование
[2026-07-30T01:50:03+00:00] Assignments: 6
[2026-07-30T01:50:03+00:00] No cell changes
[2026-07-30T01:50:03+00:00] State saved
[2026-07-30T01:50:03+00:00] === end (2.06s) ===
[2026-07-30T01:52:01+00:00] === start ===
[2026-07-30T01:52:01+00:00] Sheet rows: 29, month headers: 2
[2026-07-30T01:52:01+00:00] Columns: {"Тусюк":"B","Муха":"C","Козлянко":"D","Юрченков":"E"}
[2026-07-30T01:52:02+00:00] Tech users: {"57":"Тусюк","65":"Козлянко","67":"Муха","71":"Юрченков"}
[2026-07-30T01:52:02+00:00] Sync window: 2026-07-01 → 2026-09-30
[2026-07-30T01:52:02+00:00] Bookings from calendar: 14
[2026-07-30T01:52:03+00:00] Active deals: 176
[2026-07-30T01:52:03+00:00] Titles not matched to active deals: Бронирование
[2026-07-30T01:52:03+00:00] Assignments: 6
[2026-07-30T01:52:03+00:00] No cell changes
[2026-07-30T01:52:03+00:00] State saved
[2026-07-30T01:52:03+00:00] === end (2.16s) ===
[2026-07-30T01:54:01+00:00] === start ===
[2026-07-30T01:54:02+00:00] Sheet rows: 29, month headers: 2
[2026-07-30T01:54:02+00:00] Columns: {"Тусюк":"B","Муха":"C","Козлянко":"D","Юрченков":"E"}
[2026-07-30T01:54:02+00:00] Tech users: {"57":"Тусюк","65":"Козлянко","67":"Муха","71":"Юрченков"}
[2026-07-30T01:54:02+00:00] Sync window: 2026-07-01 → 2026-09-30
[2026-07-30T01:54:03+00:00] Bookings from calendar: 14
[2026-07-30T01:54:04+00:00] Active deals: 176
[2026-07-30T01:54:04+00:00] Titles not matched to active deals: Бронирование
[2026-07-30T01:54:04+00:00] Assignments: 6
[2026-07-30T01:54:04+00:00] No cell changes
[2026-07-30T01:54:04+00:00] State saved
[2026-07-30T01:54:04+00:00] === end (2.43s) ===
[2026-07-30T01:56:01+00:00] === start ===
[2026-07-30T01:56:01+00:00] Sheet rows: 29, month headers: 2
[2026-07-30T01:56:01+00:00] Columns: {"Тусюк":"B","Муха":"C","Козлянко":"D","Юрченков":"E"}
[2026-07-30T01:56:01+00:00] Tech users: {"57":"Тусюк","65":"Козлянко","67":"Муха","71":"Юрченков"}
[2026-07-30T01:56:01+00:00] Sync window: 2026-07-01 → 2026-09-30
[2026-07-30T01:56:02+00:00] Bookings from calendar: 14
[2026-07-30T01:56:03+00:00] Active deals: 176
[2026-07-30T01:56:03+00:00] Titles not matched to active deals: Бронирование
[2026-07-30T01:56:03+00:00] Assignments: 6
[2026-07-30T01:56:03+00:00] No cell changes
[2026-07-30T01:56:03+00:00] State saved
[2026-07-30T01:56:03+00:00] === end (1.99s) ===
[2026-07-30T01:58:01+00:00] === start ===
[2026-07-30T01:58:01+00:00] Sheet rows: 29, month headers: 2
[2026-07-30T01:58:01+00:00] Columns: {"Тусюк":"B","Муха":"C","Козлянко":"D","Юрченков":"E"}
[2026-07-30T01:58:01+00:00] Tech users: {"57":"Тусюк","65":"Козлянко","67":"Муха","71":"Юрченков"}
[2026-07-30T01:58:01+00:00] Sync window: 2026-07-01 → 2026-09-30
[2026-07-30T01:58:02+00:00] Bookings from calendar: 14
[2026-07-30T01:58:03+00:00] Active deals: 176
[2026-07-30T01:58:03+00:00] Titles not matched to active deals: Бронирование
[2026-07-30T01:58:03+00:00] Assignments: 6
[2026-07-30T01:58:03+00:00] No cell changes
[2026-07-30T01:58:03+00:00] State saved
[2026-07-30T01:58:03+00:00] === end (2.01s) ===
[2026-07-30T02:00:01+00:00] === start ===
[2026-07-30T02:00:01+00:00] Sheet rows: 29, month headers: 2
[2026-07-30T02:00:01+00:00] Columns: {"Тусюк":"B","Муха":"C","Козлянко":"D","Юрченков":"E"}
[2026-07-30T02:00:02+00:00] Tech users: {"57":"Тусюк","65":"Козлянко","67":"Муха","71":"Юрченков"}
[2026-07-30T02:00:02+00:00] Sync window: 2026-07-01 → 2026-09-30
[2026-07-30T02:00:02+00:00] Bookings from calendar: 14
[2026-07-30T02:00:03+00:00] Active deals: 176
[2026-07-30T02:00:03+00:00] Titles not matched to active deals: Бронирование
[2026-07-30T02:00:03+00:00] Assignments: 6
[2026-07-30T02:00:03+00:00] No cell changes
[2026-07-30T02:00:03+00:00] State saved
[2026-07-30T02:00:03+00:00] === end (2.12s) ===
[2026-07-30T02:02:01+00:00] === start ===
[2026-07-30T02:02:01+00:00] Sheet rows: 29, month headers: 2
[2026-07-30T02:02:02+00:00] Columns: {"Тусюк":"B","Муха":"C","Козлянко":"D","Юрченков":"E"}
[2026-07-30T02:02:02+00:00] Tech users: {"57":"Тусюк","65":"Козлянко","67":"Муха","71":"Юрченков"}
[2026-07-30T02:02:02+00:00] Sync window: 2026-07-01 → 2026-09-30
[2026-07-30T02:02:03+00:00] Bookings from calendar: 14
[2026-07-30T02:02:04+00:00] Active deals: 176
[2026-07-30T02:02:04+00:00] Titles not matched to active deals: Бронирование
[2026-07-30T02:02:04+00:00] Assignments: 6
[2026-07-30T02:02:04+00:00] No cell changes
[2026-07-30T02:02:04+00:00] State saved
[2026-07-30T02:02:04+00:00] === end (2.68s) ===
[2026-07-30T02:04:01+00:00] === start ===
[2026-07-30T02:04:01+00:00] Sheet rows: 29, month headers: 2
[2026-07-30T02:04:01+00:00] Columns: {"Тусюк":"B","Муха":"C","Козлянко":"D","Юрченков":"E"}
[2026-07-30T02:04:02+00:00] Tech users: {"57":"Тусюк","65":"Козлянко","67":"Муха","71":"Юрченков"}
[2026-07-30T02:04:02+00:00] Sync window: 2026-07-01 → 2026-09-30
[2026-07-30T02:04:02+00:00] Bookings from calendar: 14
[2026-07-30T02:04:03+00:00] Active deals: 176
[2026-07-30T02:04:03+00:00] Titles not matched to active deals: Бронирование
[2026-07-30T02:04:03+00:00] Assignments: 6
[2026-07-30T02:04:03+00:00] No cell changes
[2026-07-30T02:04:03+00:00] State saved
[2026-07-30T02:04:03+00:00] === end (2.08s) ===
[2026-07-30T02:06:01+00:00] === start ===
[2026-07-30T02:06:01+00:00] Sheet rows: 29, month headers: 2
[2026-07-30T02:06:02+00:00] Columns: {"Тусюк":"B","Муха":"C","Козлянко":"D","Юрченков":"E"}
[2026-07-30T02:06:02+00:00] Tech users: {"57":"Тусюк","65":"Козлянко","67":"Муха","71":"Юрченков"}
[2026-07-30T02:06:02+00:00] Sync window: 2026-07-01 → 2026-09-30
[2026-07-30T02:06:03+00:00] Bookings from calendar: 14
[2026-07-30T02:06:04+00:00] Active deals: 176
[2026-07-30T02:06:04+00:00] Titles not matched to active deals: Бронирование
[2026-07-30T02:06:04+00:00] Assignments: 6
[2026-07-30T02:06:04+00:00] No cell changes
[2026-07-30T02:06:04+00:00] State saved
[2026-07-30T02:06:04+00:00] === end (2.68s) ===
[2026-07-30T02:08:01+00:00] === start ===
[2026-07-30T02:08:01+00:00] Sheet rows: 29, month headers: 2
[2026-07-30T02:08:01+00:00] Columns: {"Тусюк":"B","Муха":"C","Козлянко":"D","Юрченков":"E"}
[2026-07-30T02:08:02+00:00] Tech users: {"57":"Тусюк","65":"Козлянко","67":"Муха","71":"Юрченков"}
[2026-07-30T02:08:02+00:00] Sync window: 2026-07-01 → 2026-09-30
[2026-07-30T02:08:02+00:00] Bookings from calendar: 14
[2026-07-30T02:08:03+00:00] Active deals: 176
[2026-07-30T02:08:03+00:00] Titles not matched to active deals: Бронирование
[2026-07-30T02:08:03+00:00] Assignments: 6
[2026-07-30T02:08:03+00:00] No cell changes
[2026-07-30T02:08:03+00:00] State saved
[2026-07-30T02:08:03+00:00] === end (2.11s) ===
[2026-07-30T02:10:01+00:00] === start ===
[2026-07-30T02:10:01+00:00] Sheet rows: 29, month headers: 2
[2026-07-30T02:10:02+00:00] Columns: {"Тусюк":"B","Муха":"C","Козлянко":"D","Юрченков":"E"}
[2026-07-30T02:10:02+00:00] Tech users: {"57":"Тусюк","65":"Козлянко","67":"Муха","71":"Юрченков"}
[2026-07-30T02:10:02+00:00] Sync window: 2026-07-01 → 2026-09-30
[2026-07-30T02:10:02+00:00] Bookings from calendar: 14
[2026-07-30T02:10:03+00:00] Active deals: 176
[2026-07-30T02:10:03+00:00] Titles not matched to active deals: Бронирование
[2026-07-30T02:10:03+00:00] Assignments: 6
[2026-07-30T02:10:03+00:00] No cell changes
[2026-07-30T02:10:03+00:00] State saved
[2026-07-30T02:10:03+00:00] === end (2.03s) ===
[2026-07-30T02:12:01+00:00] === start ===
[2026-07-30T02:12:02+00:00] Sheet rows: 29, month headers: 2
[2026-07-30T02:12:02+00:00] Columns: {"Тусюк":"B","Муха":"C","Козлянко":"D","Юрченков":"E"}
[2026-07-30T02:12:02+00:00] Tech users: {"57":"Тусюк","65":"Козлянко","67":"Муха","71":"Юрченков"}
[2026-07-30T02:12:02+00:00] Sync window: 2026-07-01 → 2026-09-30
[2026-07-30T02:12:03+00:00] Bookings from calendar: 14
[2026-07-30T02:12:03+00:00] Active deals: 176
[2026-07-30T02:12:03+00:00] Titles not matched to active deals: Бронирование
[2026-07-30T02:12:03+00:00] Assignments: 6
[2026-07-30T02:12:03+00:00] No cell changes
[2026-07-30T02:12:03+00:00] State saved
[2026-07-30T02:12:03+00:00] === end (2.4s) ===
[2026-07-30T02:14:02+00:00] === start ===
[2026-07-30T02:14:02+00:00] Sheet rows: 29, month headers: 2
[2026-07-30T02:14:03+00:00] Columns: {"Тусюк":"B","Муха":"C","Козлянко":"D","Юрченков":"E"}
[2026-07-30T02:14:03+00:00] Tech users: {"57":"Тусюк","65":"Козлянко","67":"Муха","71":"Юрченков"}
[2026-07-30T02:14:03+00:00] Sync window: 2026-07-01 → 2026-09-30
[2026-07-30T02:14:04+00:00] Bookings from calendar: 14
[2026-07-30T02:14:05+00:00] Active deals: 176
[2026-07-30T02:14:05+00:00] Titles not matched to active deals: Бронирование
[2026-07-30T02:14:05+00:00] Assignments: 6
[2026-07-30T02:14:05+00:00] No cell changes
[2026-07-30T02:14:05+00:00] State saved
[2026-07-30T02:14:05+00:00] === end (3.13s) ===
[2026-07-30T02:16:01+00:00] === start ===
[2026-07-30T02:16:01+00:00] Sheet rows: 29, month headers: 2
[2026-07-30T02:16:01+00:00] Columns: {"Тусюк":"B","Муха":"C","Козлянко":"D","Юрченков":"E"}
[2026-07-30T02:16:01+00:00] Tech users: {"57":"Тусюк","65":"Козлянко","67":"Муха","71":"Юрченков"}
[2026-07-30T02:16:01+00:00] Sync window: 2026-07-01 → 2026-09-30
[2026-07-30T02:16:02+00:00] Bookings from calendar: 14
[2026-07-30T02:16:03+00:00] Active deals: 176
[2026-07-30T02:16:03+00:00] Titles not matched to active deals: Бронирование
[2026-07-30T02:16:03+00:00] Assignments: 6
[2026-07-30T02:16:03+00:00] No cell changes
[2026-07-30T02:16:03+00:00] State saved
[2026-07-30T02:16:03+00:00] === end (2.18s) ===
[2026-07-30T02:18:01+00:00] === start ===
[2026-07-30T02:18:01+00:00] Sheet rows: 29, month headers: 2
[2026-07-30T02:18:02+00:00] Columns: {"Тусюк":"B","Муха":"C","Козлянко":"D","Юрченков":"E"}
[2026-07-30T02:18:02+00:00] Tech users: {"57":"Тусюк","65":"Козлянко","67":"Муха","71":"Юрченков"}
[2026-07-30T02:18:02+00:00] Sync window: 2026-07-01 → 2026-09-30
[2026-07-30T02:18:03+00:00] Bookings from calendar: 14
[2026-07-30T02:18:03+00:00] Active deals: 176
[2026-07-30T02:18:03+00:00] Titles not matched to active deals: Бронирование
[2026-07-30T02:18:03+00:00] Assignments: 6
[2026-07-30T02:18:03+00:00] No cell changes
[2026-07-30T02:18:03+00:00] State saved
[2026-07-30T02:18:03+00:00] === end (2.53s) ===
[2026-07-30T02:20:02+00:00] === start ===
[2026-07-30T02:20:02+00:00] Sheet rows: 29, month headers: 2
[2026-07-30T02:20:03+00:00] Columns: {"Тусюк":"B","Муха":"C","Козлянко":"D","Юрченков":"E"}
[2026-07-30T02:20:03+00:00] Tech users: {"57":"Тусюк","65":"Козлянко","67":"Муха","71":"Юрченков"}
[2026-07-30T02:20:03+00:00] Sync window: 2026-07-01 → 2026-09-30
[2026-07-30T02:20:03+00:00] Bookings from calendar: 14
[2026-07-30T02:20:04+00:00] Active deals: 176
[2026-07-30T02:20:04+00:00] Titles not matched to active deals: Бронирование
[2026-07-30T02:20:04+00:00] Assignments: 6
[2026-07-30T02:20:04+00:00] No cell changes
[2026-07-30T02:20:04+00:00] State saved
[2026-07-30T02:20:04+00:00] === end (2.56s) ===
[2026-07-30T02:22:01+00:00] === start ===
[2026-07-30T02:22:02+00:00] Sheet rows: 29, month headers: 2
[2026-07-30T02:22:02+00:00] Columns: {"Тусюк":"B","Муха":"C","Козлянко":"D","Юрченков":"E"}
[2026-07-30T02:22:02+00:00] Tech users: {"57":"Тусюк","65":"Козлянко","67":"Муха","71":"Юрченков"}
[2026-07-30T02:22:02+00:00] Sync window: 2026-07-01 → 2026-09-30
[2026-07-30T02:22:03+00:00] Bookings from calendar: 14
[2026-07-30T02:22:04+00:00] Active deals: 176
[2026-07-30T02:22:04+00:00] Titles not matched to active deals: Бронирование
[2026-07-30T02:22:04+00:00] Assignments: 6
[2026-07-30T02:22:04+00:00] No cell changes
[2026-07-30T02:22:04+00:00] State saved
[2026-07-30T02:22:04+00:00] === end (2.95s) ===
[2026-07-30T02:24:01+00:00] === start ===
[2026-07-30T02:24:02+00:00] Sheet rows: 29, month headers: 2
[2026-07-30T02:24:03+00:00] Columns: {"Тусюк":"B","Муха":"C","Козлянко":"D","Юрченков":"E"}
[2026-07-30T02:24:03+00:00] Tech users: {"57":"Тусюк","65":"Козлянко","67":"Муха","71":"Юрченков"}
[2026-07-30T02:24:03+00:00] Sync window: 2026-07-01 → 2026-09-30
[2026-07-30T02:24:03+00:00] Bookings from calendar: 14
[2026-07-30T02:24:04+00:00] Active deals: 176
[2026-07-30T02:24:04+00:00] Titles not matched to active deals: Бронирование
[2026-07-30T02:24:04+00:00] Assignments: 6
[2026-07-30T02:24:04+00:00] No cell changes
[2026-07-30T02:24:04+00:00] State saved
[2026-07-30T02:24:04+00:00] === end (2.85s) ===
[2026-07-30T02:26:01+00:00] === start ===
[2026-07-30T02:26:02+00:00] Sheet rows: 29, month headers: 2
[2026-07-30T02:26:02+00:00] Columns: {"Тусюк":"B","Муха":"C","Козлянко":"D","Юрченков":"E"}
[2026-07-30T02:26:03+00:00] Tech users: {"57":"Тусюк","65":"Козлянко","67":"Муха","71":"Юрченков"}
[2026-07-30T02:26:03+00:00] Sync window: 2026-07-01 → 2026-09-30
[2026-07-30T02:26:03+00:00] Bookings from calendar: 14
[2026-07-30T02:26:04+00:00] Active deals: 176
[2026-07-30T02:26:04+00:00] Titles not matched to active deals: Бронирование
[2026-07-30T02:26:04+00:00] Assignments: 6
[2026-07-30T02:26:04+00:00] No cell changes
[2026-07-30T02:26:04+00:00] State saved
[2026-07-30T02:26:04+00:00] === end (2.88s) ===
[2026-07-30T02:28:01+00:00] === start ===
[2026-07-30T02:28:01+00:00] Sheet rows: 29, month headers: 2
[2026-07-30T02:28:02+00:00] Columns: {"Тусюк":"B","Муха":"C","Козлянко":"D","Юрченков":"E"}
[2026-07-30T02:28:02+00:00] Tech users: {"57":"Тусюк","65":"Козлянко","67":"Муха","71":"Юрченков"}
[2026-07-30T02:28:02+00:00] Sync window: 2026-07-01 → 2026-09-30
[2026-07-30T02:28:02+00:00] Bookings from calendar: 14
[2026-07-30T02:28:03+00:00] Active deals: 176
[2026-07-30T02:28:03+00:00] Titles not matched to active deals: Бронирование
[2026-07-30T02:28:03+00:00] Assignments: 6
[2026-07-30T02:28:03+00:00] No cell changes
[2026-07-30T02:28:03+00:00] State saved
[2026-07-30T02:28:03+00:00] === end (1.94s) ===
[2026-07-30T02:30:01+00:00] === start ===
[2026-07-30T02:30:01+00:00] Sheet rows: 29, month headers: 2
[2026-07-30T02:30:02+00:00] Columns: {"Тусюк":"B","Муха":"C","Козлянко":"D","Юрченков":"E"}
[2026-07-30T02:30:02+00:00] Tech users: {"57":"Тусюк","65":"Козлянко","67":"Муха","71":"Юрченков"}
[2026-07-30T02:30:02+00:00] Sync window: 2026-07-01 → 2026-09-30
[2026-07-30T02:30:02+00:00] Bookings from calendar: 14
[2026-07-30T02:30:03+00:00] Active deals: 176
[2026-07-30T02:30:03+00:00] Titles not matched to active deals: Бронирование
[2026-07-30T02:30:03+00:00] Assignments: 6
[2026-07-30T02:30:03+00:00] No cell changes
[2026-07-30T02:30:03+00:00] State saved
[2026-07-30T02:30:03+00:00] === end (1.97s) ===
[2026-07-30T02:32:01+00:00] === start ===
[2026-07-30T02:32:01+00:00] Sheet rows: 29, month headers: 2
[2026-07-30T02:32:02+00:00] Columns: {"Тусюк":"B","Муха":"C","Козлянко":"D","Юрченков":"E"}
[2026-07-30T02:32:02+00:00] Tech users: {"57":"Тусюк","65":"Козлянко","67":"Муха","71":"Юрченков"}
[2026-07-30T02:32:02+00:00] Sync window: 2026-07-01 → 2026-09-30
[2026-07-30T02:32:02+00:00] Bookings from calendar: 14
[2026-07-30T02:32:03+00:00] Active deals: 176
[2026-07-30T02:32:03+00:00] Titles not matched to active deals: Бронирование
[2026-07-30T02:32:03+00:00] Assignments: 6
[2026-07-30T02:32:03+00:00] No cell changes
[2026-07-30T02:32:03+00:00] State saved
[2026-07-30T02:32:03+00:00] === end (1.96s) ===
[2026-07-30T02:34:01+00:00] === start ===
[2026-07-30T02:34:01+00:00] Sheet rows: 29, month headers: 2
[2026-07-30T02:34:02+00:00] Columns: {"Тусюк":"B","Муха":"C","Козлянко":"D","Юрченков":"E"}
[2026-07-30T02:34:02+00:00] Tech users: {"57":"Тусюк","65":"Козлянко","67":"Муха","71":"Юрченков"}
[2026-07-30T02:34:02+00:00] Sync window: 2026-07-01 → 2026-09-30
[2026-07-30T02:34:02+00:00] Bookings from calendar: 14
[2026-07-30T02:34:03+00:00] Active deals: 176
[2026-07-30T02:34:03+00:00] Titles not matched to active deals: Бронирование
[2026-07-30T02:34:03+00:00] Assignments: 6
[2026-07-30T02:34:03+00:00] No cell changes
[2026-07-30T02:34:03+00:00] State saved
[2026-07-30T02:34:03+00:00] === end (1.96s) ===
[2026-07-30T02:36:01+00:00] === start ===
[2026-07-30T02:36:02+00:00] Sheet rows: 29, month headers: 2
[2026-07-30T02:36:02+00:00] Columns: {"Тусюк":"B","Муха":"C","Козлянко":"D","Юрченков":"E"}
[2026-07-30T02:36:04+00:00] Tech users: {"57":"Тусюк","65":"Козлянко","67":"Муха","71":"Юрченков"}
[2026-07-30T02:36:04+00:00] Sync window: 2026-07-01 → 2026-09-30
[2026-07-30T02:36:04+00:00] Bookings from calendar: 14
[2026-07-30T02:36:05+00:00] Active deals: 176
[2026-07-30T02:36:05+00:00] Titles not matched to active deals: Бронирование
[2026-07-30T02:36:05+00:00] Assignments: 6
[2026-07-30T02:36:05+00:00] No cell changes
[2026-07-30T02:36:05+00:00] State saved
[2026-07-30T02:36:05+00:00] === end (3.63s) ===
[2026-07-30T02:38:01+00:00] === start ===
[2026-07-30T02:38:02+00:00] Sheet rows: 29, month headers: 2
[2026-07-30T02:38:03+00:00] Columns: {"Тусюк":"B","Муха":"C","Козлянко":"D","Юрченков":"E"}
[2026-07-30T02:38:03+00:00] Tech users: {"57":"Тусюк","65":"Козлянко","67":"Муха","71":"Юрченков"}
[2026-07-30T02:38:03+00:00] Sync window: 2026-07-01 → 2026-09-30
[2026-07-30T02:38:03+00:00] Bookings from calendar: 14
[2026-07-30T02:38:04+00:00] Active deals: 176
[2026-07-30T02:38:04+00:00] Titles not matched to active deals: Бронирование
[2026-07-30T02:38:04+00:00] Assignments: 6
[2026-07-30T02:38:04+00:00] No cell changes
[2026-07-30T02:38:04+00:00] State saved
[2026-07-30T02:38:04+00:00] === end (3.27s) ===
[2026-07-30T02:40:01+00:00] === start ===
[2026-07-30T02:40:02+00:00] Sheet rows: 29, month headers: 2
[2026-07-30T02:40:02+00:00] Columns: {"Тусюк":"B","Муха":"C","Козлянко":"D","Юрченков":"E"}
[2026-07-30T02:40:02+00:00] Tech users: {"57":"Тусюк","65":"Козлянко","67":"Муха","71":"Юрченков"}
[2026-07-30T02:40:02+00:00] Sync window: 2026-07-01 → 2026-09-30
[2026-07-30T02:40:03+00:00] Bookings from calendar: 14
[2026-07-30T02:40:03+00:00] Active deals: 176
[2026-07-30T02:40:03+00:00] Titles not matched to active deals: Бронирование
[2026-07-30T02:40:03+00:00] Assignments: 6
[2026-07-30T02:40:03+00:00] No cell changes
[2026-07-30T02:40:03+00:00] State saved
[2026-07-30T02:40:03+00:00] === end (2.14s) ===
[2026-07-30T02:42:01+00:00] === start ===
[2026-07-30T02:42:02+00:00] Sheet rows: 29, month headers: 2
[2026-07-30T02:42:03+00:00] Columns: {"Тусюк":"B","Муха":"C","Козлянко":"D","Юрченков":"E"}
[2026-07-30T02:42:03+00:00] Tech users: {"57":"Тусюк","65":"Козлянко","67":"Муха","71":"Юрченков"}
[2026-07-30T02:42:03+00:00] Sync window: 2026-07-01 → 2026-09-30
[2026-07-30T02:42:04+00:00] Bookings from calendar: 14
[2026-07-30T02:42:05+00:00] Active deals: 176
[2026-07-30T02:42:05+00:00] Titles not matched to active deals: Бронирование
[2026-07-30T02:42:05+00:00] Assignments: 6
[2026-07-30T02:42:05+00:00] No cell changes
[2026-07-30T02:42:05+00:00] State saved
[2026-07-30T02:42:05+00:00] === end (3.25s) ===
[2026-07-30T02:44:01+00:00] === start ===
[2026-07-30T02:44:01+00:00] Sheet rows: 29, month headers: 2
[2026-07-30T02:44:01+00:00] Columns: {"Тусюк":"B","Муха":"C","Козлянко":"D","Юрченков":"E"}
[2026-07-30T02:44:02+00:00] Tech users: {"57":"Тусюк","65":"Козлянко","67":"Муха","71":"Юрченков"}
[2026-07-30T02:44:02+00:00] Sync window: 2026-07-01 → 2026-09-30
[2026-07-30T02:44:02+00:00] Bookings from calendar: 14
[2026-07-30T02:44:03+00:00] Active deals: 176
[2026-07-30T02:44:03+00:00] Titles not matched to active deals: Бронирование
[2026-07-30T02:44:03+00:00] Assignments: 6
[2026-07-30T02:44:03+00:00] No cell changes
[2026-07-30T02:44:03+00:00] State saved
[2026-07-30T02:44:03+00:00] === end (2.23s) ===
[2026-07-30T02:46:01+00:00] === start ===
[2026-07-30T02:46:01+00:00] Sheet rows: 29, month headers: 2
[2026-07-30T02:46:02+00:00] Columns: {"Тусюк":"B","Муха":"C","Козлянко":"D","Юрченков":"E"}
[2026-07-30T02:46:02+00:00] Tech users: {"57":"Тусюк","65":"Козлянко","67":"Муха","71":"Юрченков"}
[2026-07-30T02:46:02+00:00] Sync window: 2026-07-01 → 2026-09-30
[2026-07-30T02:46:02+00:00] Bookings from calendar: 14
[2026-07-30T02:46:03+00:00] Active deals: 176
[2026-07-30T02:46:03+00:00] Titles not matched to active deals: Бронирование
[2026-07-30T02:46:03+00:00] Assignments: 6
[2026-07-30T02:46:03+00:00] No cell changes
[2026-07-30T02:46:03+00:00] State saved
[2026-07-30T02:46:03+00:00] === end (2.07s) ===
[2026-07-30T02:48:01+00:00] === start ===
[2026-07-30T02:48:01+00:00] Sheet rows: 29, month headers: 2
[2026-07-30T02:48:02+00:00] Columns: {"Тусюк":"B","Муха":"C","Козлянко":"D","Юрченков":"E"}
[2026-07-30T02:48:02+00:00] Tech users: {"57":"Тусюк","65":"Козлянко","67":"Муха","71":"Юрченков"}
[2026-07-30T02:48:02+00:00] Sync window: 2026-07-01 → 2026-09-30
[2026-07-30T02:48:03+00:00] Bookings from calendar: 14
[2026-07-30T02:48:03+00:00] Active deals: 176
[2026-07-30T02:48:03+00:00] Titles not matched to active deals: Бронирование
[2026-07-30T02:48:03+00:00] Assignments: 6
[2026-07-30T02:48:03+00:00] No cell changes
[2026-07-30T02:48:03+00:00] State saved
[2026-07-30T02:48:03+00:00] === end (2.03s) ===
[2026-07-30T02:50:01+00:00] === start ===
[2026-07-30T02:50:02+00:00] Sheet rows: 29, month headers: 2
[2026-07-30T02:50:02+00:00] Columns: {"Тусюк":"B","Муха":"C","Козлянко":"D","Юрченков":"E"}
[2026-07-30T02:50:02+00:00] Tech users: {"57":"Тусюк","65":"Козлянко","67":"Муха","71":"Юрченков"}
[2026-07-30T02:50:02+00:00] Sync window: 2026-07-01 → 2026-09-30
[2026-07-30T02:50:03+00:00] Bookings from calendar: 14
[2026-07-30T02:50:03+00:00] Active deals: 176
[2026-07-30T02:50:03+00:00] Titles not matched to active deals: Бронирование
[2026-07-30T02:50:03+00:00] Assignments: 6
[2026-07-30T02:50:03+00:00] No cell changes
[2026-07-30T02:50:03+00:00] State saved
[2026-07-30T02:50:03+00:00] === end (2.14s) ===
[2026-07-30T02:52:01+00:00] === start ===
[2026-07-30T02:52:02+00:00] Sheet rows: 29, month headers: 2
[2026-07-30T02:52:02+00:00] Columns: {"Тусюк":"B","Муха":"C","Козлянко":"D","Юрченков":"E"}
[2026-07-30T02:52:02+00:00] Tech users: {"57":"Тусюк","65":"Козлянко","67":"Муха","71":"Юрченков"}
[2026-07-30T02:52:02+00:00] Sync window: 2026-07-01 → 2026-09-30
[2026-07-30T02:52:03+00:00] Bookings from calendar: 14
[2026-07-30T02:52:04+00:00] Active deals: 176
[2026-07-30T02:52:04+00:00] Titles not matched to active deals: Бронирование
[2026-07-30T02:52:04+00:00] Assignments: 6
[2026-07-30T02:52:04+00:00] No cell changes
[2026-07-30T02:52:04+00:00] State saved
[2026-07-30T02:52:04+00:00] === end (2.13s) ===
[2026-07-30T02:54:01+00:00] === start ===
[2026-07-30T02:54:01+00:00] Sheet rows: 29, month headers: 2
[2026-07-30T02:54:02+00:00] Columns: {"Тусюк":"B","Муха":"C","Козлянко":"D","Юрченков":"E"}
[2026-07-30T02:54:02+00:00] Tech users: {"57":"Тусюк","65":"Козлянко","67":"Муха","71":"Юрченков"}
[2026-07-30T02:54:02+00:00] Sync window: 2026-07-01 → 2026-09-30
[2026-07-30T02:54:03+00:00] Bookings from calendar: 14
[2026-07-30T02:54:03+00:00] Active deals: 176
[2026-07-30T02:54:03+00:00] Titles not matched to active deals: Бронирование
[2026-07-30T02:54:03+00:00] Assignments: 6
[2026-07-30T02:54:03+00:00] No cell changes
[2026-07-30T02:54:03+00:00] State saved
[2026-07-30T02:54:03+00:00] === end (2.45s) ===
[2026-07-30T02:56:01+00:00] === start ===
[2026-07-30T02:56:02+00:00] Sheet rows: 29, month headers: 2
[2026-07-30T02:56:02+00:00] Columns: {"Тусюк":"B","Муха":"C","Козлянко":"D","Юрченков":"E"}
[2026-07-30T02:56:03+00:00] Tech users: {"57":"Тусюк","65":"Козлянко","67":"Муха","71":"Юрченков"}
[2026-07-30T02:56:03+00:00] Sync window: 2026-07-01 → 2026-09-30
[2026-07-30T02:56:03+00:00] Bookings from calendar: 14
[2026-07-30T02:56:04+00:00] Active deals: 176
[2026-07-30T02:56:04+00:00] Titles not matched to active deals: Бронирование
[2026-07-30T02:56:04+00:00] Assignments: 6
[2026-07-30T02:56:04+00:00] No cell changes
[2026-07-30T02:56:04+00:00] State saved
[2026-07-30T02:56:04+00:00] === end (2.83s) ===
[2026-07-30T02:58:01+00:00] === start ===
[2026-07-30T02:58:01+00:00] Sheet rows: 29, month headers: 2
[2026-07-30T02:58:02+00:00] Columns: {"Тусюк":"B","Муха":"C","Козлянко":"D","Юрченков":"E"}
[2026-07-30T02:58:02+00:00] Tech users: {"57":"Тусюк","65":"Козлянко","67":"Муха","71":"Юрченков"}
[2026-07-30T02:58:02+00:00] Sync window: 2026-07-01 → 2026-09-30
[2026-07-30T02:58:03+00:00] Bookings from calendar: 14
[2026-07-30T02:58:03+00:00] Active deals: 176
[2026-07-30T02:58:03+00:00] Titles not matched to active deals: Бронирование
[2026-07-30T02:58:03+00:00] Assignments: 6
[2026-07-30T02:58:03+00:00] No cell changes
[2026-07-30T02:58:03+00:00] State saved
[2026-07-30T02:58:03+00:00] === end (2.1s) ===
[2026-07-30T03:00:01+00:00] === start ===
[2026-07-30T03:00:02+00:00] Sheet rows: 29, month headers: 2
[2026-07-30T03:00:02+00:00] Columns: {"Тусюк":"B","Муха":"C","Козлянко":"D","Юрченков":"E"}
[2026-07-30T03:00:02+00:00] Tech users: {"57":"Тусюк","65":"Козлянко","67":"Муха","71":"Юрченков"}
[2026-07-30T03:00:02+00:00] Sync window: 2026-07-01 → 2026-09-30
[2026-07-30T03:00:03+00:00] Bookings from calendar: 14
[2026-07-30T03:00:03+00:00] Active deals: 176
[2026-07-30T03:00:03+00:00] Titles not matched to active deals: Бронирование
[2026-07-30T03:00:03+00:00] Assignments: 6
[2026-07-30T03:00:03+00:00] No cell changes
[2026-07-30T03:00:03+00:00] State saved
[2026-07-30T03:00:03+00:00] === end (2.21s) ===
[2026-07-30T03:02:02+00:00] === start ===
[2026-07-30T03:02:02+00:00] Sheet rows: 29, month headers: 2
[2026-07-30T03:02:03+00:00] Columns: {"Тусюк":"B","Муха":"C","Козлянко":"D","Юрченков":"E"}
[2026-07-30T03:02:03+00:00] Tech users: {"57":"Тусюк","65":"Козлянко","67":"Муха","71":"Юрченков"}
[2026-07-30T03:02:03+00:00] Sync window: 2026-07-01 → 2026-09-30
[2026-07-30T03:02:03+00:00] Bookings from calendar: 14
[2026-07-30T03:02:04+00:00] Active deals: 176
[2026-07-30T03:02:04+00:00] Titles not matched to active deals: Бронирование
[2026-07-30T03:02:04+00:00] Assignments: 6
[2026-07-30T03:02:04+00:00] No cell changes
[2026-07-30T03:02:04+00:00] State saved
[2026-07-30T03:02:04+00:00] === end (2.52s) ===
[2026-07-30T03:04:01+00:00] === start ===
[2026-07-30T03:04:02+00:00] Sheet rows: 29, month headers: 2
[2026-07-30T03:04:03+00:00] Columns: {"Тусюк":"B","Муха":"C","Козлянко":"D","Юрченков":"E"}
[2026-07-30T03:04:03+00:00] Tech users: {"57":"Тусюк","65":"Козлянко","67":"Муха","71":"Юрченков"}
[2026-07-30T03:04:03+00:00] Sync window: 2026-07-01 → 2026-09-30
[2026-07-30T03:04:03+00:00] Bookings from calendar: 14
[2026-07-30T03:04:04+00:00] Active deals: 176
[2026-07-30T03:04:04+00:00] Titles not matched to active deals: Бронирование
[2026-07-30T03:04:04+00:00] Assignments: 6
[2026-07-30T03:04:04+00:00] No cell changes
[2026-07-30T03:04:04+00:00] State saved
[2026-07-30T03:04:04+00:00] === end (2.9s) ===
[2026-07-30T03:06:01+00:00] === start ===
[2026-07-30T03:06:02+00:00] Sheet rows: 29, month headers: 2
[2026-07-30T03:06:03+00:00] Columns: {"Тусюк":"B","Муха":"C","Козлянко":"D","Юрченков":"E"}
[2026-07-30T03:06:03+00:00] Tech users: {"57":"Тусюк","65":"Козлянко","67":"Муха","71":"Юрченков"}
[2026-07-30T03:06:03+00:00] Sync window: 2026-07-01 → 2026-09-30
[2026-07-30T03:06:03+00:00] Bookings from calendar: 14
[2026-07-30T03:06:04+00:00] Active deals: 176
[2026-07-30T03:06:04+00:00] Titles not matched to active deals: Бронирование
[2026-07-30T03:06:04+00:00] Assignments: 6
[2026-07-30T03:06:04+00:00] No cell changes
[2026-07-30T03:06:04+00:00] State saved
[2026-07-30T03:06:04+00:00] === end (2.9s) ===
[2026-07-30T03:08:01+00:00] === start ===
[2026-07-30T03:08:01+00:00] Sheet rows: 29, month headers: 2
[2026-07-30T03:08:02+00:00] Columns: {"Тусюк":"B","Муха":"C","Козлянко":"D","Юрченков":"E"}
[2026-07-30T03:08:02+00:00] Tech users: {"57":"Тусюк","65":"Козлянко","67":"Муха","71":"Юрченков"}
[2026-07-30T03:08:02+00:00] Sync window: 2026-07-01 → 2026-09-30
[2026-07-30T03:08:02+00:00] Bookings from calendar: 14
[2026-07-30T03:08:03+00:00] Active deals: 176
[2026-07-30T03:08:03+00:00] Titles not matched to active deals: Бронирование
[2026-07-30T03:08:03+00:00] Assignments: 6
[2026-07-30T03:08:03+00:00] No cell changes
[2026-07-30T03:08:03+00:00] State saved
[2026-07-30T03:08:03+00:00] === end (2.08s) ===
[2026-07-30T03:10:01+00:00] === start ===
[2026-07-30T03:10:02+00:00] Sheet rows: 29, month headers: 2
[2026-07-30T03:10:02+00:00] Columns: {"Тусюк":"B","Муха":"C","Козлянко":"D","Юрченков":"E"}
[2026-07-30T03:10:02+00:00] Tech users: {"57":"Тусюк","65":"Козлянко","67":"Муха","71":"Юрченков"}
[2026-07-30T03:10:02+00:00] Sync window: 2026-07-01 → 2026-09-30
[2026-07-30T03:10:03+00:00] Bookings from calendar: 14
[2026-07-30T03:10:04+00:00] Active deals: 176
[2026-07-30T03:10:04+00:00] Titles not matched to active deals: Бронирование
[2026-07-30T03:10:04+00:00] Assignments: 6
[2026-07-30T03:10:04+00:00] No cell changes
[2026-07-30T03:10:04+00:00] State saved
[2026-07-30T03:10:04+00:00] === end (2.58s) ===
[2026-07-30T03:12:01+00:00] === start ===
[2026-07-30T03:12:02+00:00] Sheet rows: 29, month headers: 2
[2026-07-30T03:12:02+00:00] Columns: {"Тусюк":"B","Муха":"C","Козлянко":"D","Юрченков":"E"}
[2026-07-30T03:12:02+00:00] Tech users: {"57":"Тусюк","65":"Козлянко","67":"Муха","71":"Юрченков"}
[2026-07-30T03:12:02+00:00] Sync window: 2026-07-01 → 2026-09-30
[2026-07-30T03:12:03+00:00] Bookings from calendar: 14
[2026-07-30T03:12:03+00:00] Active deals: 176
[2026-07-30T03:12:03+00:00] Titles not matched to active deals: Бронирование
[2026-07-30T03:12:03+00:00] Assignments: 6
[2026-07-30T03:12:03+00:00] No cell changes
[2026-07-30T03:12:03+00:00] State saved
[2026-07-30T03:12:03+00:00] === end (2.53s) ===
[2026-07-30T03:14:01+00:00] === start ===
[2026-07-30T03:14:02+00:00] Sheet rows: 29, month headers: 2
[2026-07-30T03:14:03+00:00] Columns: {"Тусюк":"B","Муха":"C","Козлянко":"D","Юрченков":"E"}
[2026-07-30T03:14:03+00:00] Tech users: {"57":"Тусюк","65":"Козлянко","67":"Муха","71":"Юрченков"}
[2026-07-30T03:14:03+00:00] Sync window: 2026-07-01 → 2026-09-30
[2026-07-30T03:14:04+00:00] Bookings from calendar: 14
[2026-07-30T03:14:05+00:00] Active deals: 176
[2026-07-30T03:14:05+00:00] Titles not matched to active deals: Бронирование
[2026-07-30T03:14:05+00:00] Assignments: 6
[2026-07-30T03:14:05+00:00] No cell changes
[2026-07-30T03:14:05+00:00] State saved
[2026-07-30T03:14:05+00:00] === end (3.08s) ===
[2026-07-30T03:16:01+00:00] === start ===
[2026-07-30T03:16:02+00:00] Sheet rows: 29, month headers: 2
[2026-07-30T03:16:02+00:00] Columns: {"Тусюк":"B","Муха":"C","Козлянко":"D","Юрченков":"E"}
[2026-07-30T03:16:02+00:00] Tech users: {"57":"Тусюк","65":"Козлянко","67":"Муха","71":"Юрченков"}
[2026-07-30T03:16:02+00:00] Sync window: 2026-07-01 → 2026-09-30
[2026-07-30T03:16:03+00:00] Bookings from calendar: 14
[2026-07-30T03:16:04+00:00] Active deals: 176
[2026-07-30T03:16:04+00:00] Titles not matched to active deals: Бронирование
[2026-07-30T03:16:04+00:00] Assignments: 6
[2026-07-30T03:16:04+00:00] No cell changes
[2026-07-30T03:16:04+00:00] State saved
[2026-07-30T03:16:04+00:00] === end (2.38s) ===
[2026-07-30T03:18:01+00:00] === start ===
[2026-07-30T03:18:01+00:00] Sheet rows: 29, month headers: 2
[2026-07-30T03:18:01+00:00] Columns: {"Тусюк":"B","Муха":"C","Козлянко":"D","Юрченков":"E"}
[2026-07-30T03:18:02+00:00] Tech users: {"57":"Тусюк","65":"Козлянко","67":"Муха","71":"Юрченков"}
[2026-07-30T03:18:02+00:00] Sync window: 2026-07-01 → 2026-09-30
[2026-07-30T03:18:02+00:00] Bookings from calendar: 14
[2026-07-30T03:18:03+00:00] Active deals: 176
[2026-07-30T03:18:03+00:00] Titles not matched to active deals: Бронирование
[2026-07-30T03:18:03+00:00] Assignments: 6
[2026-07-30T03:18:03+00:00] No cell changes
[2026-07-30T03:18:03+00:00] State saved
[2026-07-30T03:18:03+00:00] === end (2.14s) ===
[2026-07-30T03:20:01+00:00] === start ===
[2026-07-30T03:20:01+00:00] Sheet rows: 29, month headers: 2
[2026-07-30T03:20:02+00:00] Columns: {"Тусюк":"B","Муха":"C","Козлянко":"D","Юрченков":"E"}
[2026-07-30T03:20:02+00:00] Tech users: {"57":"Тусюк","65":"Козлянко","67":"Муха","71":"Юрченков"}
[2026-07-30T03:20:02+00:00] Sync window: 2026-07-01 → 2026-09-30
[2026-07-30T03:20:03+00:00] Bookings from calendar: 14
[2026-07-30T03:20:03+00:00] Active deals: 176
[2026-07-30T03:20:03+00:00] Titles not matched to active deals: Бронирование
[2026-07-30T03:20:03+00:00] Assignments: 6
[2026-07-30T03:20:03+00:00] No cell changes
[2026-07-30T03:20:03+00:00] State saved
[2026-07-30T03:20:03+00:00] === end (2.33s) ===
[2026-07-30T03:22:01+00:00] === start ===
[2026-07-30T03:22:02+00:00] Sheet rows: 29, month headers: 2
[2026-07-30T03:22:02+00:00] Columns: {"Тусюк":"B","Муха":"C","Козлянко":"D","Юрченков":"E"}
[2026-07-30T03:22:02+00:00] Tech users: {"57":"Тусюк","65":"Козлянко","67":"Муха","71":"Юрченков"}
[2026-07-30T03:22:02+00:00] Sync window: 2026-07-01 → 2026-09-30
[2026-07-30T03:22:03+00:00] Bookings from calendar: 14
[2026-07-30T03:22:04+00:00] Active deals: 176
[2026-07-30T03:22:04+00:00] Titles not matched to active deals: Бронирование
[2026-07-30T03:22:04+00:00] Assignments: 6
[2026-07-30T03:22:04+00:00] No cell changes
[2026-07-30T03:22:04+00:00] State saved
[2026-07-30T03:22:04+00:00] === end (2.09s) ===
[2026-07-30T03:24:01+00:00] === start ===
[2026-07-30T03:24:01+00:00] Sheet rows: 29, month headers: 2
[2026-07-30T03:24:02+00:00] Columns: {"Тусюк":"B","Муха":"C","Козлянко":"D","Юрченков":"E"}
[2026-07-30T03:24:02+00:00] Tech users: {"57":"Тусюк","65":"Козлянко","67":"Муха","71":"Юрченков"}
[2026-07-30T03:24:02+00:00] Sync window: 2026-07-01 → 2026-09-30
[2026-07-30T03:24:02+00:00] Bookings from calendar: 14
[2026-07-30T03:24:03+00:00] Active deals: 176
[2026-07-30T03:24:03+00:00] Titles not matched to active deals: Бронирование
[2026-07-30T03:24:03+00:00] Assignments: 6
[2026-07-30T03:24:03+00:00] No cell changes
[2026-07-30T03:24:03+00:00] State saved
[2026-07-30T03:24:03+00:00] === end (2.42s) ===
[2026-07-30T03:26:01+00:00] === start ===
[2026-07-30T03:26:02+00:00] Sheet rows: 29, month headers: 2
[2026-07-30T03:26:02+00:00] Columns: {"Тусюк":"B","Муха":"C","Козлянко":"D","Юрченков":"E"}
[2026-07-30T03:26:02+00:00] Tech users: {"57":"Тусюк","65":"Козлянко","67":"Муха","71":"Юрченков"}
[2026-07-30T03:26:02+00:00] Sync window: 2026-07-01 → 2026-09-30
[2026-07-30T03:26:03+00:00] Bookings from calendar: 14
[2026-07-30T03:26:04+00:00] Active deals: 176
[2026-07-30T03:26:04+00:00] Titles not matched to active deals: Бронирование
[2026-07-30T03:26:04+00:00] Assignments: 6
[2026-07-30T03:26:04+00:00] No cell changes
[2026-07-30T03:26:04+00:00] State saved
[2026-07-30T03:26:04+00:00] === end (2.39s) ===
[2026-07-30T03:28:01+00:00] === start ===
[2026-07-30T03:28:01+00:00] Sheet rows: 29, month headers: 2
[2026-07-30T03:28:02+00:00] Columns: {"Тусюк":"B","Муха":"C","Козлянко":"D","Юрченков":"E"}
[2026-07-30T03:28:02+00:00] Tech users: {"57":"Тусюк","65":"Козлянко","67":"Муха","71":"Юрченков"}
[2026-07-30T03:28:02+00:00] Sync window: 2026-07-01 → 2026-09-30
[2026-07-30T03:28:02+00:00] Bookings from calendar: 14
[2026-07-30T03:28:03+00:00] Active deals: 176
[2026-07-30T03:28:03+00:00] Titles not matched to active deals: Бронирование
[2026-07-30T03:28:03+00:00] Assignments: 6
[2026-07-30T03:28:03+00:00] No cell changes
[2026-07-30T03:28:03+00:00] State saved
[2026-07-30T03:28:03+00:00] === end (2.6s) ===
[2026-07-30T03:30:01+00:00] === start ===
[2026-07-30T03:30:02+00:00] Sheet rows: 29, month headers: 2
[2026-07-30T03:30:02+00:00] Columns: {"Тусюк":"B","Муха":"C","Козлянко":"D","Юрченков":"E"}
[2026-07-30T03:30:02+00:00] Tech users: {"57":"Тусюк","65":"Козлянко","67":"Муха","71":"Юрченков"}
[2026-07-30T03:30:02+00:00] Sync window: 2026-07-01 → 2026-09-30
[2026-07-30T03:30:03+00:00] Bookings from calendar: 14
[2026-07-30T03:30:04+00:00] Active deals: 176
[2026-07-30T03:30:04+00:00] Titles not matched to active deals: Бронирование
[2026-07-30T03:30:04+00:00] Assignments: 6
[2026-07-30T03:30:04+00:00] No cell changes
[2026-07-30T03:30:04+00:00] State saved
[2026-07-30T03:30:04+00:00] === end (2.28s) ===
[2026-07-30T03:32:01+00:00] === start ===
[2026-07-30T03:32:02+00:00] Sheet rows: 29, month headers: 2
[2026-07-30T03:32:02+00:00] Columns: {"Тусюк":"B","Муха":"C","Козлянко":"D","Юрченков":"E"}
[2026-07-30T03:32:03+00:00] Tech users: {"57":"Тусюк","65":"Козлянко","67":"Муха","71":"Юрченков"}
[2026-07-30T03:32:03+00:00] Sync window: 2026-07-01 → 2026-09-30
[2026-07-30T03:32:03+00:00] Bookings from calendar: 14
[2026-07-30T03:32:04+00:00] Active deals: 176
[2026-07-30T03:32:04+00:00] Titles not matched to active deals: Бронирование
[2026-07-30T03:32:04+00:00] Assignments: 6
[2026-07-30T03:32:04+00:00] No cell changes
[2026-07-30T03:32:04+00:00] State saved
[2026-07-30T03:32:04+00:00] === end (2.8s) ===
[2026-07-30T03:34:01+00:00] === start ===
[2026-07-30T03:34:01+00:00] Sheet rows: 29, month headers: 2
[2026-07-30T03:34:02+00:00] Columns: {"Тусюк":"B","Муха":"C","Козлянко":"D","Юрченков":"E"}
[2026-07-30T03:34:02+00:00] Tech users: {"57":"Тусюк","65":"Козлянко","67":"Муха","71":"Юрченков"}
[2026-07-30T03:34:02+00:00] Sync window: 2026-07-01 → 2026-09-30
[2026-07-30T03:34:03+00:00] Bookings from calendar: 14
[2026-07-30T03:34:03+00:00] Active deals: 176
[2026-07-30T03:34:03+00:00] Titles not matched to active deals: Бронирование
[2026-07-30T03:34:03+00:00] Assignments: 6
[2026-07-30T03:34:03+00:00] No cell changes
[2026-07-30T03:34:03+00:00] State saved
[2026-07-30T03:34:03+00:00] === end (2.37s) ===
[2026-07-30T03:36:01+00:00] === start ===
[2026-07-30T03:36:02+00:00] Sheet rows: 29, month headers: 2
[2026-07-30T03:36:03+00:00] Columns: {"Тусюк":"B","Муха":"C","Козлянко":"D","Юрченков":"E"}
[2026-07-30T03:36:03+00:00] Tech users: {"57":"Тусюк","65":"Козлянко","67":"Муха","71":"Юрченков"}
[2026-07-30T03:36:03+00:00] Sync window: 2026-07-01 → 2026-09-30
[2026-07-30T03:36:04+00:00] Bookings from calendar: 14
[2026-07-30T03:36:04+00:00] Active deals: 176
[2026-07-30T03:36:04+00:00] Titles not matched to active deals: Бронирование
[2026-07-30T03:36:04+00:00] Assignments: 6
[2026-07-30T03:36:04+00:00] No cell changes
[2026-07-30T03:36:04+00:00] State saved
[2026-07-30T03:36:04+00:00] === end (2.95s) ===
[2026-07-30T03:38:01+00:00] === start ===
[2026-07-30T03:38:03+00:00] Sheet rows: 29, month headers: 2
[2026-07-30T03:38:04+00:00] Columns: {"Тусюк":"B","Муха":"C","Козлянко":"D","Юрченков":"E"}
[2026-07-30T03:38:04+00:00] Tech users: {"57":"Тусюк","65":"Козлянко","67":"Муха","71":"Юрченков"}
[2026-07-30T03:38:04+00:00] Sync window: 2026-07-01 → 2026-09-30
[2026-07-30T03:38:05+00:00] Bookings from calendar: 14
[2026-07-30T03:38:05+00:00] Active deals: 176
[2026-07-30T03:38:05+00:00] Titles not matched to active deals: Бронирование
[2026-07-30T03:38:05+00:00] Assignments: 6
[2026-07-30T03:38:05+00:00] No cell changes
[2026-07-30T03:38:05+00:00] State saved
[2026-07-30T03:38:05+00:00] === end (3.73s) ===
[2026-07-30T03:40:01+00:00] === start ===
[2026-07-30T03:40:02+00:00] Sheet rows: 29, month headers: 2
[2026-07-30T03:40:02+00:00] Columns: {"Тусюк":"B","Муха":"C","Козлянко":"D","Юрченков":"E"}
[2026-07-30T03:40:02+00:00] Tech users: {"57":"Тусюк","65":"Козлянко","67":"Муха","71":"Юрченков"}
[2026-07-30T03:40:02+00:00] Sync window: 2026-07-01 → 2026-09-30
[2026-07-30T03:40:03+00:00] Bookings from calendar: 14
[2026-07-30T03:40:04+00:00] Active deals: 176
[2026-07-30T03:40:04+00:00] Titles not matched to active deals: Бронирование
[2026-07-30T03:40:04+00:00] Assignments: 6
[2026-07-30T03:40:04+00:00] No cell changes
[2026-07-30T03:40:04+00:00] State saved
[2026-07-30T03:40:04+00:00] === end (2.21s) ===
[2026-07-30T03:42:01+00:00] === start ===
[2026-07-30T03:42:01+00:00] Sheet rows: 29, month headers: 2
[2026-07-30T03:42:01+00:00] Columns: {"Тусюк":"B","Муха":"C","Козлянко":"D","Юрченков":"E"}
[2026-07-30T03:42:01+00:00] Tech users: {"57":"Тусюк","65":"Козлянко","67":"Муха","71":"Юрченков"}
[2026-07-30T03:42:01+00:00] Sync window: 2026-07-01 → 2026-09-30
[2026-07-30T03:42:02+00:00] Bookings from calendar: 14
[2026-07-30T03:42:03+00:00] Active deals: 176
[2026-07-30T03:42:03+00:00] Titles not matched to active deals: Бронирование
[2026-07-30T03:42:03+00:00] Assignments: 6
[2026-07-30T03:42:03+00:00] No cell changes
[2026-07-30T03:42:03+00:00] State saved
[2026-07-30T03:42:03+00:00] === end (2s) ===
[2026-07-30T03:44:01+00:00] === start ===
[2026-07-30T03:44:01+00:00] Sheet rows: 29, month headers: 2
[2026-07-30T03:44:01+00:00] Columns: {"Тусюк":"B","Муха":"C","Козлянко":"D","Юрченков":"E"}
[2026-07-30T03:44:01+00:00] Tech users: {"57":"Тусюк","65":"Козлянко","67":"Муха","71":"Юрченков"}
[2026-07-30T03:44:01+00:00] Sync window: 2026-07-01 → 2026-09-30
[2026-07-30T03:44:02+00:00] Bookings from calendar: 14
[2026-07-30T03:44:03+00:00] Active deals: 176
[2026-07-30T03:44:03+00:00] Titles not matched to active deals: Бронирование
[2026-07-30T03:44:03+00:00] Assignments: 6
[2026-07-30T03:44:03+00:00] No cell changes
[2026-07-30T03:44:03+00:00] State saved
[2026-07-30T03:44:03+00:00] === end (2.28s) ===
[2026-07-30T03:46:01+00:00] === start ===
[2026-07-30T03:46:01+00:00] Sheet rows: 29, month headers: 2
[2026-07-30T03:46:01+00:00] Columns: {"Тусюк":"B","Муха":"C","Козлянко":"D","Юрченков":"E"}
[2026-07-30T03:46:02+00:00] Tech users: {"57":"Тусюк","65":"Козлянко","67":"Муха","71":"Юрченков"}
[2026-07-30T03:46:02+00:00] Sync window: 2026-07-01 → 2026-09-30
[2026-07-30T03:46:02+00:00] Bookings from calendar: 14
[2026-07-30T03:46:03+00:00] Active deals: 176
[2026-07-30T03:46:03+00:00] Titles not matched to active deals: Бронирование
[2026-07-30T03:46:03+00:00] Assignments: 6
[2026-07-30T03:46:03+00:00] No cell changes
[2026-07-30T03:46:03+00:00] State saved
[2026-07-30T03:46:03+00:00] === end (2.08s) ===
[2026-07-30T03:48:01+00:00] === start ===
[2026-07-30T03:48:01+00:00] Sheet rows: 29, month headers: 2
[2026-07-30T03:48:01+00:00] Columns: {"Тусюк":"B","Муха":"C","Козлянко":"D","Юрченков":"E"}
[2026-07-30T03:48:02+00:00] Tech users: {"57":"Тусюк","65":"Козлянко","67":"Муха","71":"Юрченков"}
[2026-07-30T03:48:02+00:00] Sync window: 2026-07-01 → 2026-09-30
[2026-07-30T03:48:02+00:00] Bookings from calendar: 14
[2026-07-30T03:48:03+00:00] Active deals: 176
[2026-07-30T03:48:03+00:00] Titles not matched to active deals: Бронирование
[2026-07-30T03:48:03+00:00] Assignments: 6
[2026-07-30T03:48:03+00:00] No cell changes
[2026-07-30T03:48:03+00:00] State saved
[2026-07-30T03:48:03+00:00] === end (2.06s) ===
[2026-07-30T03:50:01+00:00] === start ===
[2026-07-30T03:50:01+00:00] Sheet rows: 29, month headers: 2
[2026-07-30T03:50:02+00:00] Columns: {"Тусюк":"B","Муха":"C","Козлянко":"D","Юрченков":"E"}
[2026-07-30T03:50:02+00:00] Tech users: {"57":"Тусюк","65":"Козлянко","67":"Муха","71":"Юрченков"}
[2026-07-30T03:50:02+00:00] Sync window: 2026-07-01 → 2026-09-30
[2026-07-30T03:50:03+00:00] Bookings from calendar: 14
[2026-07-30T03:50:03+00:00] Active deals: 176
[2026-07-30T03:50:03+00:00] Titles not matched to active deals: Бронирование
[2026-07-30T03:50:03+00:00] Assignments: 6
[2026-07-30T03:50:03+00:00] No cell changes
[2026-07-30T03:50:03+00:00] State saved
[2026-07-30T03:50:03+00:00] === end (2.13s) ===
[2026-07-30T03:52:01+00:00] === start ===
[2026-07-30T03:52:02+00:00] Sheet rows: 29, month headers: 2
[2026-07-30T03:52:02+00:00] Columns: {"Тусюк":"B","Муха":"C","Козлянко":"D","Юрченков":"E"}
[2026-07-30T03:52:02+00:00] Tech users: {"57":"Тусюк","65":"Козлянко","67":"Муха","71":"Юрченков"}
[2026-07-30T03:52:02+00:00] Sync window: 2026-07-01 → 2026-09-30
[2026-07-30T03:52:03+00:00] Bookings from calendar: 14
[2026-07-30T03:52:03+00:00] Active deals: 176
[2026-07-30T03:52:03+00:00] Titles not matched to active deals: Бронирование
[2026-07-30T03:52:03+00:00] Assignments: 6
[2026-07-30T03:52:03+00:00] No cell changes
[2026-07-30T03:52:03+00:00] State saved
[2026-07-30T03:52:03+00:00] === end (1.93s) ===
[2026-07-30T03:54:01+00:00] === start ===
[2026-07-30T03:54:02+00:00] Sheet rows: 29, month headers: 2
[2026-07-30T03:54:02+00:00] Columns: {"Тусюк":"B","Муха":"C","Козлянко":"D","Юрченков":"E"}
[2026-07-30T03:54:02+00:00] Tech users: {"57":"Тусюк","65":"Козлянко","67":"Муха","71":"Юрченков"}
[2026-07-30T03:54:02+00:00] Sync window: 2026-07-01 → 2026-09-30
[2026-07-30T03:54:03+00:00] Bookings from calendar: 14
[2026-07-30T03:54:04+00:00] Active deals: 176
[2026-07-30T03:54:04+00:00] Titles not matched to active deals: Бронирование
[2026-07-30T03:54:04+00:00] Assignments: 6
[2026-07-30T03:54:04+00:00] No cell changes
[2026-07-30T03:54:04+00:00] State saved
[2026-07-30T03:54:04+00:00] === end (2.4s) ===
[2026-07-30T03:56:01+00:00] === start ===
[2026-07-30T03:56:02+00:00] Sheet rows: 29, month headers: 2
[2026-07-30T03:56:02+00:00] Columns: {"Тусюк":"B","Муха":"C","Козлянко":"D","Юрченков":"E"}
[2026-07-30T03:56:02+00:00] Tech users: {"57":"Тусюк","65":"Козлянко","67":"Муха","71":"Юрченков"}
[2026-07-30T03:56:02+00:00] Sync window: 2026-07-01 → 2026-09-30
[2026-07-30T03:56:03+00:00] Bookings from calendar: 14
[2026-07-30T03:56:03+00:00] Active deals: 176
[2026-07-30T03:56:03+00:00] Titles not matched to active deals: Бронирование
[2026-07-30T03:56:03+00:00] Assignments: 6
[2026-07-30T03:56:03+00:00] No cell changes
[2026-07-30T03:56:03+00:00] State saved
[2026-07-30T03:56:03+00:00] === end (2.7s) ===
[2026-07-30T03:58:01+00:00] === start ===
[2026-07-30T03:58:02+00:00] Sheet rows: 29, month headers: 2
[2026-07-30T03:58:03+00:00] Columns: {"Тусюк":"B","Муха":"C","Козлянко":"D","Юрченков":"E"}
[2026-07-30T03:58:03+00:00] Tech users: {"57":"Тусюк","65":"Козлянко","67":"Муха","71":"Юрченков"}
[2026-07-30T03:58:03+00:00] Sync window: 2026-07-01 → 2026-09-30
[2026-07-30T03:58:03+00:00] Bookings from calendar: 14
[2026-07-30T03:58:04+00:00] Active deals: 176
[2026-07-30T03:58:04+00:00] Titles not matched to active deals: Бронирование
[2026-07-30T03:58:04+00:00] Assignments: 6
[2026-07-30T03:58:04+00:00] No cell changes
[2026-07-30T03:58:04+00:00] State saved
[2026-07-30T03:58:04+00:00] === end (2.48s) ===
[2026-07-30T04:00:01+00:00] === start ===
[2026-07-30T04:00:02+00:00] Sheet rows: 29, month headers: 2
[2026-07-30T04:00:02+00:00] Columns: {"Тусюк":"B","Муха":"C","Козлянко":"D","Юрченков":"E"}
[2026-07-30T04:00:02+00:00] Tech users: {"57":"Тусюк","65":"Козлянко","67":"Муха","71":"Юрченков"}
[2026-07-30T04:00:02+00:00] Sync window: 2026-07-01 → 2026-09-30
[2026-07-30T04:00:03+00:00] Bookings from calendar: 14
[2026-07-30T04:00:03+00:00] Active deals: 176
[2026-07-30T04:00:03+00:00] Titles not matched to active deals: Бронирование
[2026-07-30T04:00:03+00:00] Assignments: 6
[2026-07-30T04:00:03+00:00] No cell changes
[2026-07-30T04:00:03+00:00] State saved
[2026-07-30T04:00:03+00:00] === end (2.39s) ===
[2026-07-30T04:02:01+00:00] === start ===
[2026-07-30T04:02:02+00:00] Sheet rows: 29, month headers: 2
[2026-07-30T04:02:03+00:00] Columns: {"Тусюк":"B","Муха":"C","Козлянко":"D","Юрченков":"E"}
[2026-07-30T04:02:03+00:00] Tech users: {"57":"Тусюк","65":"Козлянко","67":"Муха","71":"Юрченков"}
[2026-07-30T04:02:03+00:00] Sync window: 2026-07-01 → 2026-09-30
[2026-07-30T04:02:03+00:00] Bookings from calendar: 14
[2026-07-30T04:02:04+00:00] Active deals: 176
[2026-07-30T04:02:04+00:00] Titles not matched to active deals: Бронирование
[2026-07-30T04:02:04+00:00] Assignments: 6
[2026-07-30T04:02:04+00:00] No cell changes
[2026-07-30T04:02:04+00:00] State saved
[2026-07-30T04:02:04+00:00] === end (2.51s) ===
[2026-07-30T04:04:01+00:00] === start ===
[2026-07-30T04:04:01+00:00] Sheet rows: 29, month headers: 2
[2026-07-30T04:04:02+00:00] Columns: {"Тусюк":"B","Муха":"C","Козлянко":"D","Юрченков":"E"}
[2026-07-30T04:04:02+00:00] Tech users: {"57":"Тусюк","65":"Козлянко","67":"Муха","71":"Юрченков"}
[2026-07-30T04:04:02+00:00] Sync window: 2026-07-01 → 2026-09-30
[2026-07-30T04:04:02+00:00] Bookings from calendar: 14
[2026-07-30T04:04:03+00:00] Active deals: 176
[2026-07-30T04:04:03+00:00] Titles not matched to active deals: Бронирование
[2026-07-30T04:04:03+00:00] Assignments: 6
[2026-07-30T04:04:03+00:00] No cell changes
[2026-07-30T04:04:03+00:00] State saved
[2026-07-30T04:04:03+00:00] === end (1.96s) ===
[2026-07-30T04:06:01+00:00] === start ===
[2026-07-30T04:06:01+00:00] Sheet rows: 29, month headers: 2
[2026-07-30T04:06:02+00:00] Columns: {"Тусюк":"B","Муха":"C","Козлянко":"D","Юрченков":"E"}
[2026-07-30T04:06:02+00:00] Tech users: {"57":"Тусюк","65":"Козлянко","67":"Муха","71":"Юрченков"}
[2026-07-30T04:06:02+00:00] Sync window: 2026-07-01 → 2026-09-30
[2026-07-30T04:06:02+00:00] Bookings from calendar: 14
[2026-07-30T04:06:03+00:00] Active deals: 176
[2026-07-30T04:06:03+00:00] Titles not matched to active deals: Бронирование
[2026-07-30T04:06:03+00:00] Assignments: 6
[2026-07-30T04:06:03+00:00] No cell changes
[2026-07-30T04:06:03+00:00] State saved
[2026-07-30T04:06:03+00:00] === end (1.99s) ===
[2026-07-30T04:08:01+00:00] === start ===
[2026-07-30T04:08:02+00:00] Sheet rows: 29, month headers: 2
[2026-07-30T04:08:02+00:00] Columns: {"Тусюк":"B","Муха":"C","Козлянко":"D","Юрченков":"E"}
[2026-07-30T04:08:02+00:00] Tech users: {"57":"Тусюк","65":"Козлянко","67":"Муха","71":"Юрченков"}
[2026-07-30T04:08:02+00:00] Sync window: 2026-07-01 → 2026-09-30
[2026-07-30T04:08:03+00:00] Bookings from calendar: 14
[2026-07-30T04:08:04+00:00] Active deals: 176
[2026-07-30T04:08:04+00:00] Titles not matched to active deals: Бронирование
[2026-07-30T04:08:04+00:00] Assignments: 6
[2026-07-30T04:08:04+00:00] No cell changes
[2026-07-30T04:08:04+00:00] State saved
[2026-07-30T04:08:04+00:00] === end (2.65s) ===
[2026-07-30T04:10:01+00:00] === start ===
[2026-07-30T04:10:01+00:00] Sheet rows: 29, month headers: 2
[2026-07-30T04:10:02+00:00] Columns: {"Тусюк":"B","Муха":"C","Козлянко":"D","Юрченков":"E"}
[2026-07-30T04:10:02+00:00] Tech users: {"57":"Тусюк","65":"Козлянко","67":"Муха","71":"Юрченков"}
[2026-07-30T04:10:02+00:00] Sync window: 2026-07-01 → 2026-09-30
[2026-07-30T04:10:03+00:00] Bookings from calendar: 14
[2026-07-30T04:10:03+00:00] Active deals: 176
[2026-07-30T04:10:03+00:00] Titles not matched to active deals: Бронирование
[2026-07-30T04:10:03+00:00] Assignments: 6
[2026-07-30T04:10:03+00:00] No cell changes
[2026-07-30T04:10:03+00:00] State saved
[2026-07-30T04:10:03+00:00] === end (2.54s) ===
[2026-07-30T04:12:01+00:00] === start ===
[2026-07-30T04:12:02+00:00] Sheet rows: 29, month headers: 2
[2026-07-30T04:12:03+00:00] Columns: {"Тусюк":"B","Муха":"C","Козлянко":"D","Юрченков":"E"}
[2026-07-30T04:12:03+00:00] Tech users: {"57":"Тусюк","65":"Козлянко","67":"Муха","71":"Юрченков"}
[2026-07-30T04:12:03+00:00] Sync window: 2026-07-01 → 2026-09-30
[2026-07-30T04:12:04+00:00] Bookings from calendar: 14
[2026-07-30T04:12:04+00:00] Active deals: 176
[2026-07-30T04:12:04+00:00] Titles not matched to active deals: Бронирование
[2026-07-30T04:12:04+00:00] Assignments: 6
[2026-07-30T04:12:04+00:00] No cell changes
[2026-07-30T04:12:04+00:00] State saved
[2026-07-30T04:12:04+00:00] === end (2.93s) ===
[2026-07-30T04:14:01+00:00] === start ===
[2026-07-30T04:14:02+00:00] Sheet rows: 29, month headers: 2
[2026-07-30T04:14:02+00:00] Columns: {"Тусюк":"B","Муха":"C","Козлянко":"D","Юрченков":"E"}
[2026-07-30T04:14:02+00:00] Tech users: {"57":"Тусюк","65":"Козлянко","67":"Муха","71":"Юрченков"}
[2026-07-30T04:14:02+00:00] Sync window: 2026-07-01 → 2026-09-30
[2026-07-30T04:14:03+00:00] Bookings from calendar: 14
[2026-07-30T04:14:04+00:00] Active deals: 176
[2026-07-30T04:14:04+00:00] Titles not matched to active deals: Бронирование
[2026-07-30T04:14:04+00:00] Assignments: 6
[2026-07-30T04:14:04+00:00] No cell changes
[2026-07-30T04:14:04+00:00] State saved
[2026-07-30T04:14:04+00:00] === end (2.15s) ===
[2026-07-30T04:16:01+00:00] === start ===
[2026-07-30T04:16:02+00:00] Sheet rows: 29, month headers: 2
[2026-07-30T04:16:02+00:00] Columns: {"Тусюк":"B","Муха":"C","Козлянко":"D","Юрченков":"E"}
[2026-07-30T04:16:02+00:00] Tech users: {"57":"Тусюк","65":"Козлянко","67":"Муха","71":"Юрченков"}
[2026-07-30T04:16:02+00:00] Sync window: 2026-07-01 → 2026-09-30
[2026-07-30T04:16:03+00:00] Bookings from calendar: 14
[2026-07-30T04:16:04+00:00] Active deals: 176
[2026-07-30T04:16:04+00:00] Titles not matched to active deals: Бронирование
[2026-07-30T04:16:04+00:00] Assignments: 6
[2026-07-30T04:16:04+00:00] No cell changes
[2026-07-30T04:16:04+00:00] State saved
[2026-07-30T04:16:04+00:00] === end (2.19s) ===
[2026-07-30T04:18:01+00:00] === start ===
[2026-07-30T04:18:01+00:00] Sheet rows: 29, month headers: 2
[2026-07-30T04:18:01+00:00] Columns: {"Тусюк":"B","Муха":"C","Козлянко":"D","Юрченков":"E"}
[2026-07-30T04:18:02+00:00] Tech users: {"57":"Тусюк","65":"Козлянко","67":"Муха","71":"Юрченков"}
[2026-07-30T04:18:02+00:00] Sync window: 2026-07-01 → 2026-09-30
[2026-07-30T04:18:02+00:00] Bookings from calendar: 14
[2026-07-30T04:18:03+00:00] Active deals: 176
[2026-07-30T04:18:03+00:00] Titles not matched to active deals: Бронирование
[2026-07-30T04:18:03+00:00] Assignments: 6
[2026-07-30T04:18:03+00:00] No cell changes
[2026-07-30T04:18:03+00:00] State saved
[2026-07-30T04:18:03+00:00] === end (2.11s) ===
[2026-07-30T04:20:01+00:00] === start ===
[2026-07-30T04:20:01+00:00] Sheet rows: 29, month headers: 2
[2026-07-30T04:20:02+00:00] Columns: {"Тусюк":"B","Муха":"C","Козлянко":"D","Юрченков":"E"}
[2026-07-30T04:20:02+00:00] Tech users: {"57":"Тусюк","65":"Козлянко","67":"Муха","71":"Юрченков"}
[2026-07-30T04:20:02+00:00] Sync window: 2026-07-01 → 2026-09-30
[2026-07-30T04:20:02+00:00] Bookings from calendar: 14
[2026-07-30T04:20:03+00:00] Active deals: 176
[2026-07-30T04:20:03+00:00] Titles not matched to active deals: Бронирование
[2026-07-30T04:20:03+00:00] Assignments: 6
[2026-07-30T04:20:03+00:00] No cell changes
[2026-07-30T04:20:03+00:00] State saved
[2026-07-30T04:20:03+00:00] === end (2.29s) ===
[2026-07-30T04:22:01+00:00] === start ===
[2026-07-30T04:22:02+00:00] Sheet rows: 29, month headers: 2
[2026-07-30T04:22:02+00:00] Columns: {"Тусюк":"B","Муха":"C","Козлянко":"D","Юрченков":"E"}
[2026-07-30T04:22:03+00:00] Tech users: {"57":"Тусюк","65":"Козлянко","67":"Муха","71":"Юрченков"}
[2026-07-30T04:22:03+00:00] Sync window: 2026-07-01 → 2026-09-30
[2026-07-30T04:22:03+00:00] Bookings from calendar: 14
[2026-07-30T04:22:04+00:00] Active deals: 176
[2026-07-30T04:22:04+00:00] Titles not matched to active deals: Бронирование
[2026-07-30T04:22:04+00:00] Assignments: 6
[2026-07-30T04:22:04+00:00] No cell changes
[2026-07-30T04:22:04+00:00] State saved
[2026-07-30T04:22:04+00:00] === end (2.47s) ===
[2026-07-30T04:24:01+00:00] === start ===
[2026-07-30T04:24:01+00:00] Sheet rows: 29, month headers: 2
[2026-07-30T04:24:01+00:00] Columns: {"Тусюк":"B","Муха":"C","Козлянко":"D","Юрченков":"E"}
[2026-07-30T04:24:02+00:00] Tech users: {"57":"Тусюк","65":"Козлянко","67":"Муха","71":"Юрченков"}
[2026-07-30T04:24:02+00:00] Sync window: 2026-07-01 → 2026-09-30
[2026-07-30T04:24:02+00:00] Bookings from calendar: 14
[2026-07-30T04:24:03+00:00] Active deals: 176
[2026-07-30T04:24:03+00:00] Titles not matched to active deals: Бронирование
[2026-07-30T04:24:03+00:00] Assignments: 6
[2026-07-30T04:24:03+00:00] No cell changes
[2026-07-30T04:24:03+00:00] State saved
[2026-07-30T04:24:03+00:00] === end (1.98s) ===
[2026-07-30T04:26:01+00:00] === start ===
[2026-07-30T04:26:01+00:00] Sheet rows: 29, month headers: 2
[2026-07-30T04:26:02+00:00] Columns: {"Тусюк":"B","Муха":"C","Козлянко":"D","Юрченков":"E"}
[2026-07-30T04:26:02+00:00] Tech users: {"57":"Тусюк","65":"Козлянко","67":"Муха","71":"Юрченков"}
[2026-07-30T04:26:02+00:00] Sync window: 2026-07-01 → 2026-09-30
[2026-07-30T04:26:03+00:00] Bookings from calendar: 14
[2026-07-30T04:26:04+00:00] Active deals: 176
[2026-07-30T04:26:04+00:00] Titles not matched to active deals: Бронирование
[2026-07-30T04:26:04+00:00] Assignments: 6
[2026-07-30T04:26:04+00:00] No cell changes
[2026-07-30T04:26:04+00:00] State saved
[2026-07-30T04:26:04+00:00] === end (2.84s) ===
[2026-07-30T04:28:01+00:00] === start ===
[2026-07-30T04:28:01+00:00] Sheet rows: 29, month headers: 2
[2026-07-30T04:28:01+00:00] Columns: {"Тусюк":"B","Муха":"C","Козлянко":"D","Юрченков":"E"}
[2026-07-30T04:28:02+00:00] Tech users: {"57":"Тусюк","65":"Козлянко","67":"Муха","71":"Юрченков"}
[2026-07-30T04:28:02+00:00] Sync window: 2026-07-01 → 2026-09-30
[2026-07-30T04:28:02+00:00] Bookings from calendar: 14
[2026-07-30T04:28:03+00:00] Active deals: 176
[2026-07-30T04:28:03+00:00] Titles not matched to active deals: Бронирование
[2026-07-30T04:28:03+00:00] Assignments: 6
[2026-07-30T04:28:03+00:00] No cell changes
[2026-07-30T04:28:03+00:00] State saved
[2026-07-30T04:28:03+00:00] === end (2.07s) ===
[2026-07-30T04:30:01+00:00] === start ===
[2026-07-30T04:30:01+00:00] Sheet rows: 29, month headers: 2
[2026-07-30T04:30:02+00:00] Columns: {"Тусюк":"B","Муха":"C","Козлянко":"D","Юрченков":"E"}
[2026-07-30T04:30:02+00:00] Tech users: {"57":"Тусюк","65":"Козлянко","67":"Муха","71":"Юрченков"}
[2026-07-30T04:30:02+00:00] Sync window: 2026-07-01 → 2026-09-30
[2026-07-30T04:30:02+00:00] Bookings from calendar: 14
[2026-07-30T04:30:03+00:00] Active deals: 176
[2026-07-30T04:30:03+00:00] Titles not matched to active deals: Бронирование
[2026-07-30T04:30:03+00:00] Assignments: 6
[2026-07-30T04:30:03+00:00] No cell changes
[2026-07-30T04:30:03+00:00] State saved
[2026-07-30T04:30:03+00:00] === end (2.26s) ===
[2026-07-30T04:32:01+00:00] === start ===
[2026-07-30T04:32:02+00:00] Sheet rows: 29, month headers: 2
[2026-07-30T04:32:02+00:00] Columns: {"Тусюк":"B","Муха":"C","Козлянко":"D","Юрченков":"E"}
[2026-07-30T04:32:02+00:00] Tech users: {"57":"Тусюк","65":"Козлянко","67":"Муха","71":"Юрченков"}
[2026-07-30T04:32:02+00:00] Sync window: 2026-07-01 → 2026-09-30
[2026-07-30T04:32:03+00:00] Bookings from calendar: 14
[2026-07-30T04:32:04+00:00] Active deals: 176
[2026-07-30T04:32:04+00:00] Titles not matched to active deals: Бронирование
[2026-07-30T04:32:04+00:00] Assignments: 6
[2026-07-30T04:32:04+00:00] No cell changes
[2026-07-30T04:32:04+00:00] State saved
[2026-07-30T04:32:04+00:00] === end (2.42s) ===
[2026-07-30T04:34:01+00:00] === start ===
[2026-07-30T04:34:01+00:00] Sheet rows: 29, month headers: 2
[2026-07-30T04:34:03+00:00] Columns: {"Тусюк":"B","Муха":"C","Козлянко":"D","Юрченков":"E"}
[2026-07-30T04:34:03+00:00] Tech users: {"57":"Тусюк","65":"Козлянко","67":"Муха","71":"Юрченков"}
[2026-07-30T04:34:03+00:00] Sync window: 2026-07-01 → 2026-09-30
[2026-07-30T04:34:04+00:00] Bookings from calendar: 14
[2026-07-30T04:34:05+00:00] Active deals: 176
[2026-07-30T04:34:05+00:00] Titles not matched to active deals: Бронирование
[2026-07-30T04:34:05+00:00] Assignments: 6
[2026-07-30T04:34:05+00:00] No cell changes
[2026-07-30T04:34:05+00:00] State saved
[2026-07-30T04:34:05+00:00] === end (3.98s) ===
[2026-07-30T04:36:01+00:00] === start ===
[2026-07-30T04:36:02+00:00] Sheet rows: 29, month headers: 2
[2026-07-30T04:36:02+00:00] Columns: {"Тусюк":"B","Муха":"C","Козлянко":"D","Юрченков":"E"}
[2026-07-30T04:36:02+00:00] Tech users: {"57":"Тусюк","65":"Козлянко","67":"Муха","71":"Юрченков"}
[2026-07-30T04:36:02+00:00] Sync window: 2026-07-01 → 2026-09-30
[2026-07-30T04:36:03+00:00] Bookings from calendar: 14
[2026-07-30T04:36:04+00:00] Active deals: 176
[2026-07-30T04:36:04+00:00] Titles not matched to active deals: Бронирование
[2026-07-30T04:36:04+00:00] Assignments: 6
[2026-07-30T04:36:04+00:00] No cell changes
[2026-07-30T04:36:04+00:00] State saved
[2026-07-30T04:36:04+00:00] === end (3.58s) ===
[2026-07-30T04:38:01+00:00] === start ===
[2026-07-30T04:38:02+00:00] Sheet rows: 29, month headers: 2
[2026-07-30T04:38:02+00:00] Columns: {"Тусюк":"B","Муха":"C","Козлянко":"D","Юрченков":"E"}
[2026-07-30T04:38:02+00:00] Tech users: {"57":"Тусюк","65":"Козлянко","67":"Муха","71":"Юрченков"}
[2026-07-30T04:38:02+00:00] Sync window: 2026-07-01 → 2026-09-30
[2026-07-30T04:38:03+00:00] Bookings from calendar: 14
[2026-07-30T04:38:03+00:00] Active deals: 176
[2026-07-30T04:38:03+00:00] Titles not matched to active deals: Бронирование
[2026-07-30T04:38:03+00:00] Assignments: 6
[2026-07-30T04:38:03+00:00] No cell changes
[2026-07-30T04:38:03+00:00] State saved
[2026-07-30T04:38:03+00:00] === end (1.99s) ===
[2026-07-30T04:40:02+00:00] === start ===
[2026-07-30T04:40:02+00:00] Sheet rows: 29, month headers: 2
[2026-07-30T04:40:03+00:00] Columns: {"Тусюк":"B","Муха":"C","Козлянко":"D","Юрченков":"E"}
[2026-07-30T04:40:03+00:00] Tech users: {"57":"Тусюк","65":"Козлянко","67":"Муха","71":"Юрченков"}
[2026-07-30T04:40:03+00:00] Sync window: 2026-07-01 → 2026-09-30
[2026-07-30T04:40:04+00:00] Bookings from calendar: 14
[2026-07-30T04:40:04+00:00] Active deals: 176
[2026-07-30T04:40:04+00:00] Titles not matched to active deals: Бронирование
[2026-07-30T04:40:04+00:00] Assignments: 6
[2026-07-30T04:40:04+00:00] No cell changes
[2026-07-30T04:40:04+00:00] State saved
[2026-07-30T04:40:04+00:00] === end (2.67s) ===
[2026-07-30T04:42:01+00:00] === start ===
[2026-07-30T04:42:02+00:00] Sheet rows: 29, month headers: 2
[2026-07-30T04:42:02+00:00] Columns: {"Тусюк":"B","Муха":"C","Козлянко":"D","Юрченков":"E"}
[2026-07-30T04:42:02+00:00] Tech users: {"57":"Тусюк","65":"Козлянко","67":"Муха","71":"Юрченков"}
[2026-07-30T04:42:02+00:00] Sync window: 2026-07-01 → 2026-09-30
[2026-07-30T04:42:03+00:00] Bookings from calendar: 14
[2026-07-30T04:42:03+00:00] Active deals: 176
[2026-07-30T04:42:03+00:00] Titles not matched to active deals: Бронирование
[2026-07-30T04:42:03+00:00] Assignments: 6
[2026-07-30T04:42:03+00:00] No cell changes
[2026-07-30T04:42:03+00:00] State saved
[2026-07-30T04:42:03+00:00] === end (2.18s) ===
[2026-07-30T04:44:01+00:00] === start ===
[2026-07-30T04:44:02+00:00] Sheet rows: 29, month headers: 2
[2026-07-30T04:44:03+00:00] Columns: {"Тусюк":"B","Муха":"C","Козлянко":"D","Юрченков":"E"}
[2026-07-30T04:44:03+00:00] Tech users: {"57":"Тусюк","65":"Козлянко","67":"Муха","71":"Юрченков"}
[2026-07-30T04:44:03+00:00] Sync window: 2026-07-01 → 2026-09-30
[2026-07-30T04:44:03+00:00] Bookings from calendar: 14
[2026-07-30T04:44:04+00:00] Active deals: 176
[2026-07-30T04:44:04+00:00] Titles not matched to active deals: Бронирование
[2026-07-30T04:44:04+00:00] Assignments: 6
[2026-07-30T04:44:04+00:00] No cell changes
[2026-07-30T04:44:04+00:00] State saved
[2026-07-30T04:44:04+00:00] === end (2.54s) ===
[2026-07-30T04:46:01+00:00] === start ===
[2026-07-30T04:46:01+00:00] Sheet rows: 29, month headers: 2
[2026-07-30T04:46:02+00:00] Columns: {"Тусюк":"B","Муха":"C","Козлянко":"D","Юрченков":"E"}
[2026-07-30T04:46:02+00:00] Tech users: {"57":"Тусюк","65":"Козлянко","67":"Муха","71":"Юрченков"}
[2026-07-30T04:46:02+00:00] Sync window: 2026-07-01 → 2026-09-30
[2026-07-30T04:46:02+00:00] Bookings from calendar: 14
[2026-07-30T04:46:03+00:00] Active deals: 176
[2026-07-30T04:46:03+00:00] Titles not matched to active deals: Бронирование
[2026-07-30T04:46:03+00:00] Assignments: 6
[2026-07-30T04:46:03+00:00] No cell changes
[2026-07-30T04:46:03+00:00] State saved
[2026-07-30T04:46:03+00:00] === end (1.94s) ===
[2026-07-30T04:48:01+00:00] === start ===
[2026-07-30T04:48:01+00:00] Sheet rows: 29, month headers: 2
[2026-07-30T04:48:02+00:00] Columns: {"Тусюк":"B","Муха":"C","Козлянко":"D","Юрченков":"E"}
[2026-07-30T04:48:02+00:00] Tech users: {"57":"Тусюк","65":"Козлянко","67":"Муха","71":"Юрченков"}
[2026-07-30T04:48:02+00:00] Sync window: 2026-07-01 → 2026-09-30
[2026-07-30T04:48:02+00:00] Bookings from calendar: 14
[2026-07-30T04:48:03+00:00] Active deals: 176
[2026-07-30T04:48:03+00:00] Titles not matched to active deals: Бронирование
[2026-07-30T04:48:03+00:00] Assignments: 6
[2026-07-30T04:48:03+00:00] No cell changes
[2026-07-30T04:48:03+00:00] State saved
[2026-07-30T04:48:03+00:00] === end (2.06s) ===
[2026-07-30T04:50:01+00:00] === start ===
[2026-07-30T04:50:02+00:00] Sheet rows: 29, month headers: 2
[2026-07-30T04:50:02+00:00] Columns: {"Тусюк":"B","Муха":"C","Козлянко":"D","Юрченков":"E"}
[2026-07-30T04:50:02+00:00] Tech users: {"57":"Тусюк","65":"Козлянко","67":"Муха","71":"Юрченков"}
[2026-07-30T04:50:02+00:00] Sync window: 2026-07-01 → 2026-09-30
[2026-07-30T04:50:03+00:00] Bookings from calendar: 14
[2026-07-30T04:50:04+00:00] Active deals: 176
[2026-07-30T04:50:04+00:00] Titles not matched to active deals: Бронирование
[2026-07-30T04:50:04+00:00] Assignments: 6
[2026-07-30T04:50:04+00:00] No cell changes
[2026-07-30T04:50:04+00:00] State saved
[2026-07-30T04:50:04+00:00] === end (2.49s) ===
[2026-07-30T04:52:01+00:00] === start ===
[2026-07-30T04:52:01+00:00] Sheet rows: 29, month headers: 2
[2026-07-30T04:52:01+00:00] Columns: {"Тусюк":"B","Муха":"C","Козлянко":"D","Юрченков":"E"}
[2026-07-30T04:52:02+00:00] Tech users: {"57":"Тусюк","65":"Козлянко","67":"Муха","71":"Юрченков"}
[2026-07-30T04:52:02+00:00] Sync window: 2026-07-01 → 2026-09-30
[2026-07-30T04:52:02+00:00] Bookings from calendar: 14
[2026-07-30T04:52:03+00:00] Active deals: 176
[2026-07-30T04:52:03+00:00] Titles not matched to active deals: Бронирование
[2026-07-30T04:52:03+00:00] Assignments: 6
[2026-07-30T04:52:03+00:00] No cell changes
[2026-07-30T04:52:03+00:00] State saved
[2026-07-30T04:52:03+00:00] === end (2.21s) ===
[2026-07-30T04:54:01+00:00] === start ===
[2026-07-30T04:54:02+00:00] Sheet rows: 29, month headers: 2
[2026-07-30T04:54:02+00:00] Columns: {"Тусюк":"B","Муха":"C","Козлянко":"D","Юрченков":"E"}
[2026-07-30T04:54:02+00:00] Tech users: {"57":"Тусюк","65":"Козлянко","67":"Муха","71":"Юрченков"}
[2026-07-30T04:54:02+00:00] Sync window: 2026-07-01 → 2026-09-30
[2026-07-30T04:54:03+00:00] Bookings from calendar: 14
[2026-07-30T04:54:04+00:00] Active deals: 176
[2026-07-30T04:54:04+00:00] Titles not matched to active deals: Бронирование
[2026-07-30T04:54:04+00:00] Assignments: 6
[2026-07-30T04:54:04+00:00] No cell changes
[2026-07-30T04:54:04+00:00] State saved
[2026-07-30T04:54:04+00:00] === end (2.61s) ===
[2026-07-30T04:56:01+00:00] === start ===
[2026-07-30T04:56:01+00:00] Sheet rows: 29, month headers: 2
[2026-07-30T04:56:01+00:00] Columns: {"Тусюк":"B","Муха":"C","Козлянко":"D","Юрченков":"E"}
[2026-07-30T04:56:02+00:00] Tech users: {"57":"Тусюк","65":"Козлянко","67":"Муха","71":"Юрченков"}
[2026-07-30T04:56:02+00:00] Sync window: 2026-07-01 → 2026-09-30
[2026-07-30T04:56:02+00:00] Bookings from calendar: 14
[2026-07-30T04:56:03+00:00] Active deals: 176
[2026-07-30T04:56:03+00:00] Titles not matched to active deals: Бронирование
[2026-07-30T04:56:03+00:00] Assignments: 6
[2026-07-30T04:56:03+00:00] No cell changes
[2026-07-30T04:56:03+00:00] State saved
[2026-07-30T04:56:03+00:00] === end (2.12s) ===
[2026-07-30T04:58:01+00:00] === start ===
[2026-07-30T04:58:01+00:00] Sheet rows: 29, month headers: 2
[2026-07-30T04:58:02+00:00] Columns: {"Тусюк":"B","Муха":"C","Козлянко":"D","Юрченков":"E"}
[2026-07-30T04:58:02+00:00] Tech users: {"57":"Тусюк","65":"Козлянко","67":"Муха","71":"Юрченков"}
[2026-07-30T04:58:02+00:00] Sync window: 2026-07-01 → 2026-09-30
[2026-07-30T04:58:03+00:00] Bookings from calendar: 14
[2026-07-30T04:58:03+00:00] Active deals: 176
[2026-07-30T04:58:03+00:00] Titles not matched to active deals: Бронирование
[2026-07-30T04:58:03+00:00] Assignments: 6
[2026-07-30T04:58:03+00:00] No cell changes
[2026-07-30T04:58:03+00:00] State saved
[2026-07-30T04:58:03+00:00] === end (2.25s) ===
[2026-07-30T05:00:01+00:00] === start ===
[2026-07-30T05:00:02+00:00] Sheet rows: 29, month headers: 2
[2026-07-30T05:00:02+00:00] Columns: {"Тусюк":"B","Муха":"C","Козлянко":"D","Юрченков":"E"}
[2026-07-30T05:00:02+00:00] Tech users: {"57":"Тусюк","65":"Козлянко","67":"Муха","71":"Юрченков"}
[2026-07-30T05:00:02+00:00] Sync window: 2026-07-01 → 2026-09-30
[2026-07-30T05:00:03+00:00] Bookings from calendar: 14
[2026-07-30T05:00:04+00:00] Active deals: 176
[2026-07-30T05:00:04+00:00] Titles not matched to active deals: Бронирование
[2026-07-30T05:00:04+00:00] Assignments: 6
[2026-07-30T05:00:04+00:00] No cell changes
[2026-07-30T05:00:04+00:00] State saved
[2026-07-30T05:00:04+00:00] === end (2.73s) ===
[2026-07-30T05:02:01+00:00] === start ===
[2026-07-30T05:02:02+00:00] Sheet rows: 29, month headers: 2
[2026-07-30T05:02:02+00:00] Columns: {"Тусюк":"B","Муха":"C","Козлянко":"D","Юрченков":"E"}
[2026-07-30T05:02:03+00:00] Tech users: {"57":"Тусюк","65":"Козлянко","67":"Муха","71":"Юрченков"}
[2026-07-30T05:02:03+00:00] Sync window: 2026-07-01 → 2026-09-30
[2026-07-30T05:02:03+00:00] Bookings from calendar: 14
[2026-07-30T05:02:04+00:00] Active deals: 176
[2026-07-30T05:02:04+00:00] Titles not matched to active deals: Бронирование
[2026-07-30T05:02:04+00:00] Assignments: 6
[2026-07-30T05:02:04+00:00] No cell changes
[2026-07-30T05:02:04+00:00] State saved
[2026-07-30T05:02:04+00:00] === end (2.86s) ===
[2026-07-30T05:04:01+00:00] === start ===
[2026-07-30T05:04:01+00:00] Sheet rows: 29, month headers: 2
[2026-07-30T05:04:02+00:00] Columns: {"Тусюк":"B","Муха":"C","Козлянко":"D","Юрченков":"E"}
[2026-07-30T05:04:02+00:00] Tech users: {"57":"Тусюк","65":"Козлянко","67":"Муха","71":"Юрченков"}
[2026-07-30T05:04:02+00:00] Sync window: 2026-07-01 → 2026-09-30
[2026-07-30T05:04:03+00:00] Bookings from calendar: 14
[2026-07-30T05:04:03+00:00] Active deals: 176
[2026-07-30T05:04:03+00:00] Titles not matched to active deals: Бронирование
[2026-07-30T05:04:03+00:00] Assignments: 6
[2026-07-30T05:04:03+00:00] No cell changes
[2026-07-30T05:04:03+00:00] State saved
[2026-07-30T05:04:03+00:00] === end (2.25s) ===
[2026-07-30T05:06:01+00:00] === start ===
[2026-07-30T05:06:02+00:00] Sheet rows: 29, month headers: 2
[2026-07-30T05:06:02+00:00] Columns: {"Тусюк":"B","Муха":"C","Козлянко":"D","Юрченков":"E"}
[2026-07-30T05:06:02+00:00] Tech users: {"57":"Тусюк","65":"Козлянко","67":"Муха","71":"Юрченков"}
[2026-07-30T05:06:02+00:00] Sync window: 2026-07-01 → 2026-09-30
[2026-07-30T05:06:03+00:00] Bookings from calendar: 14
[2026-07-30T05:06:04+00:00] Active deals: 176
[2026-07-30T05:06:04+00:00] Titles not matched to active deals: Бронирование
[2026-07-30T05:06:04+00:00] Assignments: 6
[2026-07-30T05:06:04+00:00] No cell changes
[2026-07-30T05:06:04+00:00] State saved
[2026-07-30T05:06:04+00:00] === end (2.48s) ===
[2026-07-30T05:08:01+00:00] === start ===
[2026-07-30T05:08:02+00:00] Sheet rows: 29, month headers: 2
[2026-07-30T05:08:02+00:00] Columns: {"Тусюк":"B","Муха":"C","Козлянко":"D","Юрченков":"E"}
[2026-07-30T05:08:02+00:00] Tech users: {"57":"Тусюк","65":"Козлянко","67":"Муха","71":"Юрченков"}
[2026-07-30T05:08:02+00:00] Sync window: 2026-07-01 → 2026-09-30
[2026-07-30T05:08:03+00:00] Bookings from calendar: 14
[2026-07-30T05:08:04+00:00] Active deals: 176
[2026-07-30T05:08:04+00:00] Titles not matched to active deals: Бронирование
[2026-07-30T05:08:04+00:00] Assignments: 6
[2026-07-30T05:08:04+00:00] No cell changes
[2026-07-30T05:08:04+00:00] State saved
[2026-07-30T05:08:04+00:00] === end (2.66s) ===
[2026-07-30T05:10:01+00:00] === start ===
[2026-07-30T05:10:01+00:00] Sheet rows: 29, month headers: 2
[2026-07-30T05:10:02+00:00] Columns: {"Тусюк":"B","Муха":"C","Козлянко":"D","Юрченков":"E"}
[2026-07-30T05:10:02+00:00] Tech users: {"57":"Тусюк","65":"Козлянко","67":"Муха","71":"Юрченков"}
[2026-07-30T05:10:02+00:00] Sync window: 2026-07-01 → 2026-09-30
[2026-07-30T05:10:03+00:00] Bookings from calendar: 14
[2026-07-30T05:10:03+00:00] Active deals: 176
[2026-07-30T05:10:03+00:00] Titles not matched to active deals: Бронирование
[2026-07-30T05:10:03+00:00] Assignments: 6
[2026-07-30T05:10:03+00:00] No cell changes
[2026-07-30T05:10:03+00:00] State saved
[2026-07-30T05:10:03+00:00] === end (2.49s) ===
[2026-07-30T05:12:01+00:00] === start ===
[2026-07-30T05:12:02+00:00] Sheet rows: 29, month headers: 2
[2026-07-30T05:12:02+00:00] Columns: {"Тусюк":"B","Муха":"C","Козлянко":"D","Юрченков":"E"}
[2026-07-30T05:12:03+00:00] Tech users: {"57":"Тусюк","65":"Козлянко","67":"Муха","71":"Юрченков"}
[2026-07-30T05:12:03+00:00] Sync window: 2026-07-01 → 2026-09-30
[2026-07-30T05:12:03+00:00] Bookings from calendar: 14
[2026-07-30T05:12:04+00:00] Active deals: 176
[2026-07-30T05:12:04+00:00] Titles not matched to active deals: Бронирование
[2026-07-30T05:12:04+00:00] Assignments: 6
[2026-07-30T05:12:04+00:00] No cell changes
[2026-07-30T05:12:04+00:00] State saved
[2026-07-30T05:12:04+00:00] === end (2.6s) ===
[2026-07-30T05:14:01+00:00] === start ===
[2026-07-30T05:14:01+00:00] Sheet rows: 29, month headers: 2
[2026-07-30T05:14:02+00:00] Columns: {"Тусюк":"B","Муха":"C","Козлянко":"D","Юрченков":"E"}
[2026-07-30T05:14:02+00:00] Tech users: {"57":"Тусюк","65":"Козлянко","67":"Муха","71":"Юрченков"}
[2026-07-30T05:14:02+00:00] Sync window: 2026-07-01 → 2026-09-30
[2026-07-30T05:14:03+00:00] Bookings from calendar: 14
[2026-07-30T05:14:04+00:00] Active deals: 176
[2026-07-30T05:14:04+00:00] Titles not matched to active deals: Бронирование
[2026-07-30T05:14:04+00:00] Assignments: 6
[2026-07-30T05:14:04+00:00] No cell changes
[2026-07-30T05:14:04+00:00] State saved
[2026-07-30T05:14:04+00:00] === end (2.69s) ===
[2026-07-30T05:16:01+00:00] === start ===
[2026-07-30T05:16:02+00:00] Sheet rows: 29, month headers: 2
[2026-07-30T05:16:03+00:00] Columns: {"Тусюк":"B","Муха":"C","Козлянко":"D","Юрченков":"E"}
[2026-07-30T05:16:03+00:00] Tech users: {"57":"Тусюк","65":"Козлянко","67":"Муха","71":"Юрченков"}
[2026-07-30T05:16:03+00:00] Sync window: 2026-07-01 → 2026-09-30
[2026-07-30T05:16:04+00:00] Bookings from calendar: 14
[2026-07-30T05:16:05+00:00] Active deals: 176
[2026-07-30T05:16:05+00:00] Titles not matched to active deals: Бронирование
[2026-07-30T05:16:05+00:00] Assignments: 6
[2026-07-30T05:16:05+00:00] No cell changes
[2026-07-30T05:16:05+00:00] State saved
[2026-07-30T05:16:05+00:00] === end (3.17s) ===
[2026-07-30T05:18:01+00:00] === start ===
[2026-07-30T05:18:01+00:00] Sheet rows: 29, month headers: 2
[2026-07-30T05:18:02+00:00] Columns: {"Тусюк":"B","Муха":"C","Козлянко":"D","Юрченков":"E"}
[2026-07-30T05:18:02+00:00] Tech users: {"57":"Тусюк","65":"Козлянко","67":"Муха","71":"Юрченков"}
[2026-07-30T05:18:02+00:00] Sync window: 2026-07-01 → 2026-09-30
[2026-07-30T05:18:03+00:00] Bookings from calendar: 14
[2026-07-30T05:18:03+00:00] Active deals: 176
[2026-07-30T05:18:03+00:00] Titles not matched to active deals: Бронирование
[2026-07-30T05:18:03+00:00] Assignments: 6
[2026-07-30T05:18:03+00:00] No cell changes
[2026-07-30T05:18:03+00:00] State saved
[2026-07-30T05:18:03+00:00] === end (2.51s) ===
[2026-07-30T05:20:01+00:00] === start ===
[2026-07-30T05:20:02+00:00] Sheet rows: 29, month headers: 2
[2026-07-30T05:20:02+00:00] Columns: {"Тусюк":"B","Муха":"C","Козлянко":"D","Юрченков":"E"}
[2026-07-30T05:20:02+00:00] Tech users: {"57":"Тусюк","65":"Козлянко","67":"Муха","71":"Юрченков"}
[2026-07-30T05:20:02+00:00] Sync window: 2026-07-01 → 2026-09-30
[2026-07-30T05:20:03+00:00] Bookings from calendar: 14
[2026-07-30T05:20:04+00:00] Active deals: 176
[2026-07-30T05:20:04+00:00] Titles not matched to active deals: Бронирование
[2026-07-30T05:20:04+00:00] Assignments: 6
[2026-07-30T05:20:04+00:00] No cell changes
[2026-07-30T05:20:04+00:00] State saved
[2026-07-30T05:20:04+00:00] === end (2.36s) ===
[2026-07-30T05:22:01+00:00] === start ===
[2026-07-30T05:22:01+00:00] Sheet rows: 29, month headers: 2
[2026-07-30T05:22:02+00:00] Columns: {"Тусюк":"B","Муха":"C","Козлянко":"D","Юрченков":"E"}
[2026-07-30T05:22:02+00:00] Tech users: {"57":"Тусюк","65":"Козлянко","67":"Муха","71":"Юрченков"}
[2026-07-30T05:22:02+00:00] Sync window: 2026-07-01 → 2026-09-30
[2026-07-30T05:22:03+00:00] Bookings from calendar: 14
[2026-07-30T05:22:03+00:00] Active deals: 176
[2026-07-30T05:22:03+00:00] Titles not matched to active deals: Бронирование
[2026-07-30T05:22:03+00:00] Assignments: 6
[2026-07-30T05:22:03+00:00] No cell changes
[2026-07-30T05:22:03+00:00] State saved
[2026-07-30T05:22:03+00:00] === end (2.74s) ===
[2026-07-30T05:24:01+00:00] === start ===
[2026-07-30T05:24:02+00:00] Sheet rows: 29, month headers: 2
[2026-07-30T05:24:02+00:00] Columns: {"Тусюк":"B","Муха":"C","Козлянко":"D","Юрченков":"E"}
[2026-07-30T05:24:03+00:00] Tech users: {"57":"Тусюк","65":"Козлянко","67":"Муха","71":"Юрченков"}
[2026-07-30T05:24:03+00:00] Sync window: 2026-07-01 → 2026-09-30
[2026-07-30T05:24:03+00:00] Bookings from calendar: 14
[2026-07-30T05:24:04+00:00] Active deals: 176
[2026-07-30T05:24:04+00:00] Titles not matched to active deals: Бронирование
[2026-07-30T05:24:04+00:00] Assignments: 6
[2026-07-30T05:24:04+00:00] No cell changes
[2026-07-30T05:24:04+00:00] State saved
[2026-07-30T05:24:04+00:00] === end (2.58s) ===
[2026-07-30T05:26:01+00:00] === start ===
[2026-07-30T05:26:02+00:00] Sheet rows: 29, month headers: 2
[2026-07-30T05:26:02+00:00] Columns: {"Тусюк":"B","Муха":"C","Козлянко":"D","Юрченков":"E"}
[2026-07-30T05:26:02+00:00] Tech users: {"57":"Тусюк","65":"Козлянко","67":"Муха","71":"Юрченков"}
[2026-07-30T05:26:02+00:00] Sync window: 2026-07-01 → 2026-09-30
[2026-07-30T05:26:03+00:00] Bookings from calendar: 14
[2026-07-30T05:26:03+00:00] Active deals: 176
[2026-07-30T05:26:03+00:00] Titles not matched to active deals: Бронирование
[2026-07-30T05:26:03+00:00] Assignments: 6
[2026-07-30T05:26:03+00:00] No cell changes
[2026-07-30T05:26:03+00:00] State saved
[2026-07-30T05:26:03+00:00] === end (2.07s) ===
[2026-07-30T05:28:01+00:00] === start ===
[2026-07-30T05:28:02+00:00] Sheet rows: 29, month headers: 2
[2026-07-30T05:28:02+00:00] Columns: {"Тусюк":"B","Муха":"C","Козлянко":"D","Юрченков":"E"}
[2026-07-30T05:28:02+00:00] Tech users: {"57":"Тусюк","65":"Козлянко","67":"Муха","71":"Юрченков"}
[2026-07-30T05:28:02+00:00] Sync window: 2026-07-01 → 2026-09-30
[2026-07-30T05:28:03+00:00] Bookings from calendar: 14
[2026-07-30T05:28:04+00:00] Active deals: 176
[2026-07-30T05:28:04+00:00] Titles not matched to active deals: Бронирование
[2026-07-30T05:28:04+00:00] Assignments: 6
[2026-07-30T05:28:04+00:00] No cell changes
[2026-07-30T05:28:04+00:00] State saved
[2026-07-30T05:28:04+00:00] === end (2.3s) ===
[2026-07-30T05:30:01+00:00] === start ===
[2026-07-30T05:30:01+00:00] Sheet rows: 29, month headers: 2
[2026-07-30T05:30:02+00:00] Columns: {"Тусюк":"B","Муха":"C","Козлянко":"D","Юрченков":"E"}
[2026-07-30T05:30:02+00:00] Tech users: {"57":"Тусюк","65":"Козлянко","67":"Муха","71":"Юрченков"}
[2026-07-30T05:30:02+00:00] Sync window: 2026-07-01 → 2026-09-30
[2026-07-30T05:30:03+00:00] Bookings from calendar: 14
[2026-07-30T05:30:03+00:00] Active deals: 176
[2026-07-30T05:30:03+00:00] Titles not matched to active deals: Бронирование
[2026-07-30T05:30:03+00:00] Assignments: 6
[2026-07-30T05:30:03+00:00] No cell changes
[2026-07-30T05:30:03+00:00] State saved
[2026-07-30T05:30:03+00:00] === end (2.75s) ===
[2026-07-30T05:32:01+00:00] === start ===
[2026-07-30T05:32:02+00:00] Sheet rows: 29, month headers: 2
[2026-07-30T05:32:02+00:00] Columns: {"Тусюк":"B","Муха":"C","Козлянко":"D","Юрченков":"E"}
[2026-07-30T05:32:02+00:00] Tech users: {"57":"Тусюк","65":"Козлянко","67":"Муха","71":"Юрченков"}
[2026-07-30T05:32:02+00:00] Sync window: 2026-07-01 → 2026-09-30
[2026-07-30T05:32:03+00:00] Bookings from calendar: 14
[2026-07-30T05:32:04+00:00] Active deals: 176
[2026-07-30T05:32:04+00:00] Titles not matched to active deals: Бронирование
[2026-07-30T05:32:04+00:00] Assignments: 6
[2026-07-30T05:32:04+00:00] No cell changes
[2026-07-30T05:32:04+00:00] State saved
[2026-07-30T05:32:04+00:00] === end (2.18s) ===
[2026-07-30T05:34:01+00:00] === start ===
[2026-07-30T05:34:01+00:00] Sheet rows: 29, month headers: 2
[2026-07-30T05:34:02+00:00] Columns: {"Тусюк":"B","Муха":"C","Козлянко":"D","Юрченков":"E"}
[2026-07-30T05:34:02+00:00] Tech users: {"57":"Тусюк","65":"Козлянко","67":"Муха","71":"Юрченков"}
[2026-07-30T05:34:02+00:00] Sync window: 2026-07-01 → 2026-09-30
[2026-07-30T05:34:03+00:00] Bookings from calendar: 14
[2026-07-30T05:34:03+00:00] Active deals: 176
[2026-07-30T05:34:03+00:00] Titles not matched to active deals: Бронирование
[2026-07-30T05:34:03+00:00] Assignments: 6
[2026-07-30T05:34:03+00:00] No cell changes
[2026-07-30T05:34:03+00:00] State saved
[2026-07-30T05:34:03+00:00] === end (2.54s) ===
[2026-07-30T05:36:01+00:00] === start ===
[2026-07-30T05:36:02+00:00] Sheet rows: 29, month headers: 2
[2026-07-30T05:36:02+00:00] Columns: {"Тусюк":"B","Муха":"C","Козлянко":"D","Юрченков":"E"}
[2026-07-30T05:36:03+00:00] Tech users: {"57":"Тусюк","65":"Козлянко","67":"Муха","71":"Юрченков"}
[2026-07-30T05:36:03+00:00] Sync window: 2026-07-01 → 2026-09-30
[2026-07-30T05:36:03+00:00] Bookings from calendar: 14
[2026-07-30T05:36:04+00:00] Active deals: 176
[2026-07-30T05:36:04+00:00] Titles not matched to active deals: Бронирование
[2026-07-30T05:36:04+00:00] Assignments: 6
[2026-07-30T05:36:04+00:00] No cell changes
[2026-07-30T05:36:04+00:00] State saved
[2026-07-30T05:36:04+00:00] === end (2.47s) ===
[2026-07-30T05:38:01+00:00] === start ===
[2026-07-30T05:38:01+00:00] Sheet rows: 29, month headers: 2
[2026-07-30T05:38:02+00:00] Columns: {"Тусюк":"B","Муха":"C","Козлянко":"D","Юрченков":"E"}
[2026-07-30T05:38:02+00:00] Tech users: {"57":"Тусюк","65":"Козлянко","67":"Муха","71":"Юрченков"}
[2026-07-30T05:38:02+00:00] Sync window: 2026-07-01 → 2026-09-30
[2026-07-30T05:38:02+00:00] Bookings from calendar: 14
[2026-07-30T05:38:03+00:00] Active deals: 176
[2026-07-30T05:38:03+00:00] Titles not matched to active deals: Бронирование
[2026-07-30T05:38:03+00:00] Assignments: 6
[2026-07-30T05:38:03+00:00] No cell changes
[2026-07-30T05:38:03+00:00] State saved
[2026-07-30T05:38:03+00:00] === end (2.1s) ===
[2026-07-30T05:40:01+00:00] === start ===
[2026-07-30T05:40:01+00:00] Sheet rows: 29, month headers: 2
[2026-07-30T05:40:02+00:00] Columns: {"Тусюк":"B","Муха":"C","Козлянко":"D","Юрченков":"E"}
[2026-07-30T05:40:02+00:00] Tech users: {"57":"Тусюк","65":"Козлянко","67":"Муха","71":"Юрченков"}
[2026-07-30T05:40:02+00:00] Sync window: 2026-07-01 → 2026-09-30
[2026-07-30T05:40:03+00:00] Bookings from calendar: 14
[2026-07-30T05:40:03+00:00] Active deals: 176
[2026-07-30T05:40:03+00:00] Titles not matched to active deals: Бронирование
[2026-07-30T05:40:03+00:00] Assignments: 6
[2026-07-30T05:40:03+00:00] No cell changes
[2026-07-30T05:40:03+00:00] State saved
[2026-07-30T05:40:03+00:00] === end (2.26s) ===
[2026-07-30T05:42:01+00:00] === start ===
[2026-07-30T05:42:02+00:00] Sheet rows: 29, month headers: 2
[2026-07-30T05:42:02+00:00] Columns: {"Тусюк":"B","Муха":"C","Козлянко":"D","Юрченков":"E"}
[2026-07-30T05:42:03+00:00] Tech users: {"57":"Тусюк","65":"Козлянко","67":"Муха","71":"Юрченков"}
[2026-07-30T05:42:03+00:00] Sync window: 2026-07-01 → 2026-09-30
[2026-07-30T05:42:03+00:00] Bookings from calendar: 14
[2026-07-30T05:42:04+00:00] Active deals: 176
[2026-07-30T05:42:04+00:00] Titles not matched to active deals: Бронирование
[2026-07-30T05:42:04+00:00] Assignments: 6
[2026-07-30T05:42:04+00:00] No cell changes
[2026-07-30T05:42:04+00:00] State saved
[2026-07-30T05:42:04+00:00] === end (2.43s) ===
[2026-07-30T05:44:01+00:00] === start ===
[2026-07-30T05:44:02+00:00] Sheet rows: 29, month headers: 2
[2026-07-30T05:44:02+00:00] Columns: {"Тусюк":"B","Муха":"C","Козлянко":"D","Юрченков":"E"}
[2026-07-30T05:44:02+00:00] Tech users: {"57":"Тусюк","65":"Козлянко","67":"Муха","71":"Юрченков"}
[2026-07-30T05:44:02+00:00] Sync window: 2026-07-01 → 2026-09-30
[2026-07-30T05:44:03+00:00] Bookings from calendar: 14
[2026-07-30T05:44:03+00:00] Active deals: 176
[2026-07-30T05:44:03+00:00] Titles not matched to active deals: Бронирование
[2026-07-30T05:44:03+00:00] Assignments: 6
[2026-07-30T05:44:03+00:00] No cell changes
[2026-07-30T05:44:03+00:00] State saved
[2026-07-30T05:44:03+00:00] === end (2.53s) ===
[2026-07-30T05:46:01+00:00] === start ===
[2026-07-30T05:46:02+00:00] Sheet rows: 29, month headers: 2
[2026-07-30T05:46:02+00:00] Columns: {"Тусюк":"B","Муха":"C","Козлянко":"D","Юрченков":"E"}
[2026-07-30T05:46:02+00:00] Tech users: {"57":"Тусюк","65":"Козлянко","67":"Муха","71":"Юрченков"}
[2026-07-30T05:46:02+00:00] Sync window: 2026-07-01 → 2026-09-30
[2026-07-30T05:46:03+00:00] Bookings from calendar: 14
[2026-07-30T05:46:04+00:00] Active deals: 176
[2026-07-30T05:46:04+00:00] Titles not matched to active deals: Бронирование
[2026-07-30T05:46:04+00:00] Assignments: 6
[2026-07-30T05:46:04+00:00] No cell changes
[2026-07-30T05:46:04+00:00] State saved
[2026-07-30T05:46:04+00:00] === end (2.57s) ===
[2026-07-30T05:48:01+00:00] === start ===
[2026-07-30T05:48:01+00:00] Sheet rows: 29, month headers: 2
[2026-07-30T05:48:01+00:00] Columns: {"Тусюк":"B","Муха":"C","Козлянко":"D","Юрченков":"E"}
[2026-07-30T05:48:02+00:00] Tech users: {"57":"Тусюк","65":"Козлянко","67":"Муха","71":"Юрченков"}
[2026-07-30T05:48:02+00:00] Sync window: 2026-07-01 → 2026-09-30
[2026-07-30T05:48:02+00:00] Bookings from calendar: 14
[2026-07-30T05:48:03+00:00] Active deals: 176
[2026-07-30T05:48:03+00:00] Titles not matched to active deals: Бронирование
[2026-07-30T05:48:03+00:00] Assignments: 6
[2026-07-30T05:48:03+00:00] No cell changes
[2026-07-30T05:48:03+00:00] State saved
[2026-07-30T05:48:03+00:00] === end (2.21s) ===
[2026-07-30T05:50:01+00:00] === start ===
[2026-07-30T05:50:01+00:00] Sheet rows: 29, month headers: 2
[2026-07-30T05:50:02+00:00] Columns: {"Тусюк":"B","Муха":"C","Козлянко":"D","Юрченков":"E"}
[2026-07-30T05:50:02+00:00] Tech users: {"57":"Тусюк","65":"Козлянко","67":"Муха","71":"Юрченков"}
[2026-07-30T05:50:02+00:00] Sync window: 2026-07-01 → 2026-09-30
[2026-07-30T05:50:03+00:00] Bookings from calendar: 14
[2026-07-30T05:50:04+00:00] Active deals: 176
[2026-07-30T05:50:04+00:00] Titles not matched to active deals: Бронирование
[2026-07-30T05:50:04+00:00] Assignments: 6
[2026-07-30T05:50:04+00:00] No cell changes
[2026-07-30T05:50:04+00:00] State saved
[2026-07-30T05:50:04+00:00] === end (2.67s) ===
[2026-07-30T05:52:01+00:00] === start ===
[2026-07-30T05:52:02+00:00] Sheet rows: 29, month headers: 2
[2026-07-30T05:52:02+00:00] Columns: {"Тусюк":"B","Муха":"C","Козлянко":"D","Юрченков":"E"}
[2026-07-30T05:52:03+00:00] Tech users: {"57":"Тусюк","65":"Козлянко","67":"Муха","71":"Юрченков"}
[2026-07-30T05:52:03+00:00] Sync window: 2026-07-01 → 2026-09-30
[2026-07-30T05:52:03+00:00] Bookings from calendar: 14
[2026-07-30T05:52:04+00:00] Active deals: 176
[2026-07-30T05:52:04+00:00] Titles not matched to active deals: Бронирование
[2026-07-30T05:52:04+00:00] Assignments: 6
[2026-07-30T05:52:04+00:00] No cell changes
[2026-07-30T05:52:04+00:00] State saved
[2026-07-30T05:52:04+00:00] === end (3.06s) ===
[2026-07-30T05:54:01+00:00] === start ===
[2026-07-30T05:54:02+00:00] Sheet rows: 29, month headers: 2
[2026-07-30T05:54:02+00:00] Columns: {"Тусюк":"B","Муха":"C","Козлянко":"D","Юрченков":"E"}
[2026-07-30T05:54:02+00:00] Tech users: {"57":"Тусюк","65":"Козлянко","67":"Муха","71":"Юрченков"}
[2026-07-30T05:54:02+00:00] Sync window: 2026-07-01 → 2026-09-30
[2026-07-30T05:54:03+00:00] Bookings from calendar: 14
[2026-07-30T05:54:04+00:00] Active deals: 176
[2026-07-30T05:54:04+00:00] Titles not matched to active deals: Бронирование
[2026-07-30T05:54:04+00:00] Assignments: 6
[2026-07-30T05:54:04+00:00] No cell changes
[2026-07-30T05:54:04+00:00] State saved
[2026-07-30T05:54:04+00:00] === end (2.91s) ===
[2026-07-30T05:56:01+00:00] === start ===
[2026-07-30T05:56:01+00:00] Sheet rows: 29, month headers: 2
[2026-07-30T05:56:02+00:00] Columns: {"Тусюк":"B","Муха":"C","Козлянко":"D","Юрченков":"E"}
[2026-07-30T05:56:02+00:00] Tech users: {"57":"Тусюк","65":"Козлянко","67":"Муха","71":"Юрченков"}
[2026-07-30T05:56:02+00:00] Sync window: 2026-07-01 → 2026-09-30
[2026-07-30T05:56:03+00:00] Bookings from calendar: 14
[2026-07-30T05:56:04+00:00] Active deals: 176
[2026-07-30T05:56:04+00:00] Titles not matched to active deals: Бронирование
[2026-07-30T05:56:04+00:00] Assignments: 6
[2026-07-30T05:56:04+00:00] No cell changes
[2026-07-30T05:56:04+00:00] State saved
[2026-07-30T05:56:04+00:00] === end (3.05s) ===
[2026-07-30T05:58:01+00:00] === start ===
[2026-07-30T05:58:01+00:00] Sheet rows: 29, month headers: 2
[2026-07-30T05:58:02+00:00] Columns: {"Тусюк":"B","Муха":"C","Козлянко":"D","Юрченков":"E"}
[2026-07-30T05:58:02+00:00] Tech users: {"57":"Тусюк","65":"Козлянко","67":"Муха","71":"Юрченков"}
[2026-07-30T05:58:02+00:00] Sync window: 2026-07-01 → 2026-09-30
[2026-07-30T05:58:03+00:00] Bookings from calendar: 14
[2026-07-30T05:58:04+00:00] Active deals: 176
[2026-07-30T05:58:04+00:00] Titles not matched to active deals: Бронирование
[2026-07-30T05:58:04+00:00] Assignments: 6
[2026-07-30T05:58:04+00:00] No cell changes
[2026-07-30T05:58:04+00:00] State saved
[2026-07-30T05:58:04+00:00] === end (2.71s) ===
[2026-07-30T06:00:01+00:00] === start ===
[2026-07-30T06:00:01+00:00] Sheet rows: 29, month headers: 2
[2026-07-30T06:00:02+00:00] Columns: {"Тусюк":"B","Муха":"C","Козлянко":"D","Юрченков":"E"}
[2026-07-30T06:00:03+00:00] Tech users: {"57":"Тусюк","65":"Козлянко","67":"Муха","71":"Юрченков"}
[2026-07-30T06:00:03+00:00] Sync window: 2026-07-01 → 2026-09-30
[2026-07-30T06:00:04+00:00] Bookings from calendar: 14
[2026-07-30T06:00:04+00:00] Active deals: 176
[2026-07-30T06:00:04+00:00] Titles not matched to active deals: Бронирование
[2026-07-30T06:00:04+00:00] Assignments: 6
[2026-07-30T06:00:04+00:00] No cell changes
[2026-07-30T06:00:04+00:00] State saved
[2026-07-30T06:00:04+00:00] === end (3.45s) ===
[2026-07-30T06:02:01+00:00] === start ===
[2026-07-30T06:02:02+00:00] Sheet rows: 29, month headers: 2
[2026-07-30T06:02:02+00:00] Columns: {"Тусюк":"B","Муха":"C","Козлянко":"D","Юрченков":"E"}
[2026-07-30T06:02:02+00:00] Tech users: {"57":"Тусюк","65":"Козлянко","67":"Муха","71":"Юрченков"}
[2026-07-30T06:02:02+00:00] Sync window: 2026-07-01 → 2026-09-30
[2026-07-30T06:02:03+00:00] Bookings from calendar: 14
[2026-07-30T06:02:03+00:00] Active deals: 176
[2026-07-30T06:02:03+00:00] Titles not matched to active deals: Бронирование
[2026-07-30T06:02:03+00:00] Assignments: 6
[2026-07-30T06:02:03+00:00] No cell changes
[2026-07-30T06:02:03+00:00] State saved
[2026-07-30T06:02:03+00:00] === end (2.19s) ===
[2026-07-30T06:04:01+00:00] === start ===
[2026-07-30T06:04:01+00:00] Sheet rows: 29, month headers: 2
[2026-07-30T06:04:02+00:00] Columns: {"Тусюк":"B","Муха":"C","Козлянко":"D","Юрченков":"E"}
[2026-07-30T06:04:02+00:00] Tech users: {"57":"Тусюк","65":"Козлянко","67":"Муха","71":"Юрченков"}
[2026-07-30T06:04:02+00:00] Sync window: 2026-07-01 → 2026-09-30
[2026-07-30T06:04:02+00:00] Bookings from calendar: 14
[2026-07-30T06:04:03+00:00] Active deals: 176
[2026-07-30T06:04:03+00:00] Titles not matched to active deals: Бронирование
[2026-07-30T06:04:03+00:00] Assignments: 6
[2026-07-30T06:04:03+00:00] No cell changes
[2026-07-30T06:04:03+00:00] State saved
[2026-07-30T06:04:03+00:00] === end (2.77s) ===
[2026-07-30T06:06:01+00:00] === start ===
[2026-07-30T06:06:02+00:00] Sheet rows: 29, month headers: 2
[2026-07-30T06:06:02+00:00] Columns: {"Тусюк":"B","Муха":"C","Козлянко":"D","Юрченков":"E"}
[2026-07-30T06:06:02+00:00] Tech users: {"57":"Тусюк","65":"Козлянко","67":"Муха","71":"Юрченков"}
[2026-07-30T06:06:02+00:00] Sync window: 2026-07-01 → 2026-09-30
[2026-07-30T06:06:03+00:00] Bookings from calendar: 14
[2026-07-30T06:06:04+00:00] Active deals: 176
[2026-07-30T06:06:04+00:00] Titles not matched to active deals: Бронирование
[2026-07-30T06:06:04+00:00] Assignments: 6
[2026-07-30T06:06:04+00:00] No cell changes
[2026-07-30T06:06:04+00:00] State saved
[2026-07-30T06:06:04+00:00] === end (2.39s) ===
[2026-07-30T06:08:01+00:00] === start ===
[2026-07-30T06:08:01+00:00] Sheet rows: 29, month headers: 2
[2026-07-30T06:08:01+00:00] Columns: {"Тусюк":"B","Муха":"C","Козлянко":"D","Юрченков":"E"}
[2026-07-30T06:08:02+00:00] Tech users: {"57":"Тусюк","65":"Козлянко","67":"Муха","71":"Юрченков"}
[2026-07-30T06:08:02+00:00] Sync window: 2026-07-01 → 2026-09-30
[2026-07-30T06:08:02+00:00] Bookings from calendar: 14
[2026-07-30T06:08:03+00:00] Active deals: 176
[2026-07-30T06:08:03+00:00] Titles not matched to active deals: Бронирование
[2026-07-30T06:08:03+00:00] Assignments: 6
[2026-07-30T06:08:03+00:00] No cell changes
[2026-07-30T06:08:03+00:00] State saved
[2026-07-30T06:08:03+00:00] === end (2.08s) ===
[2026-07-30T06:10:01+00:00] === start ===
[2026-07-30T06:10:02+00:00] Sheet rows: 29, month headers: 2
[2026-07-30T06:10:03+00:00] Columns: {"Тусюк":"B","Муха":"C","Козлянко":"D","Юрченков":"E"}
[2026-07-30T06:10:03+00:00] Tech users: {"57":"Тусюк","65":"Козлянко","67":"Муха","71":"Юрченков"}
[2026-07-30T06:10:03+00:00] Sync window: 2026-07-01 → 2026-09-30
[2026-07-30T06:10:04+00:00] Bookings from calendar: 14
[2026-07-30T06:10:04+00:00] Active deals: 176
[2026-07-30T06:10:04+00:00] Titles not matched to active deals: Бронирование
[2026-07-30T06:10:04+00:00] Assignments: 6
[2026-07-30T06:10:04+00:00] No cell changes
[2026-07-30T06:10:04+00:00] State saved
[2026-07-30T06:10:04+00:00] === end (3.3s) ===
[2026-07-30T06:12:01+00:00] === start ===
[2026-07-30T06:12:02+00:00] Sheet rows: 29, month headers: 2
[2026-07-30T06:12:02+00:00] Columns: {"Тусюк":"B","Муха":"C","Козлянко":"D","Юрченков":"E"}
[2026-07-30T06:12:02+00:00] Tech users: {"57":"Тусюк","65":"Козлянко","67":"Муха","71":"Юрченков"}
[2026-07-30T06:12:02+00:00] Sync window: 2026-07-01 → 2026-09-30
[2026-07-30T06:12:03+00:00] Bookings from calendar: 14
[2026-07-30T06:12:04+00:00] Active deals: 176
[2026-07-30T06:12:04+00:00] Titles not matched to active deals: Бронирование
[2026-07-30T06:12:04+00:00] Assignments: 6
[2026-07-30T06:12:04+00:00] No cell changes
[2026-07-30T06:12:04+00:00] State saved
[2026-07-30T06:12:04+00:00] === end (2.93s) ===
[2026-07-30T06:14:01+00:00] === start ===
[2026-07-30T06:14:02+00:00] Sheet rows: 29, month headers: 2
[2026-07-30T06:14:02+00:00] Columns: {"Тусюк":"B","Муха":"C","Козлянко":"D","Юрченков":"E"}
[2026-07-30T06:14:03+00:00] Tech users: {"57":"Тусюк","65":"Козлянко","67":"Муха","71":"Юрченков"}
[2026-07-30T06:14:03+00:00] Sync window: 2026-07-01 → 2026-09-30
[2026-07-30T06:14:03+00:00] Bookings from calendar: 14
[2026-07-30T06:14:04+00:00] Active deals: 176
[2026-07-30T06:14:04+00:00] Titles not matched to active deals: Бронирование
[2026-07-30T06:14:04+00:00] Assignments: 6
[2026-07-30T06:14:04+00:00] No cell changes
[2026-07-30T06:14:04+00:00] State saved
[2026-07-30T06:14:04+00:00] === end (2.53s) ===
[2026-07-30T06:16:01+00:00] === start ===
[2026-07-30T06:16:02+00:00] Sheet rows: 29, month headers: 2
[2026-07-30T06:16:03+00:00] Columns: {"Тусюк":"B","Муха":"C","Козлянко":"D","Юрченков":"E"}
[2026-07-30T06:16:03+00:00] Tech users: {"57":"Тусюк","65":"Козлянко","67":"Муха","71":"Юрченков"}
[2026-07-30T06:16:03+00:00] Sync window: 2026-07-01 → 2026-09-30
[2026-07-30T06:16:04+00:00] Bookings from calendar: 14
[2026-07-30T06:16:04+00:00] Active deals: 176
[2026-07-30T06:16:04+00:00] Titles not matched to active deals: Бронирование
[2026-07-30T06:16:04+00:00] Assignments: 6
[2026-07-30T06:16:04+00:00] No cell changes
[2026-07-30T06:16:04+00:00] State saved
[2026-07-30T06:16:04+00:00] === end (2.95s) ===
[2026-07-30T06:18:01+00:00] === start ===
[2026-07-30T06:18:02+00:00] Sheet rows: 29, month headers: 2
[2026-07-30T06:18:02+00:00] Columns: {"Тусюк":"B","Муха":"C","Козлянко":"D","Юрченков":"E"}
[2026-07-30T06:18:02+00:00] Tech users: {"57":"Тусюк","65":"Козлянко","67":"Муха","71":"Юрченков"}
[2026-07-30T06:18:02+00:00] Sync window: 2026-07-01 → 2026-09-30
[2026-07-30T06:18:03+00:00] Bookings from calendar: 14
[2026-07-30T06:18:03+00:00] Active deals: 176
[2026-07-30T06:18:03+00:00] Titles not matched to active deals: Бронирование
[2026-07-30T06:18:03+00:00] Assignments: 6
[2026-07-30T06:18:03+00:00] No cell changes
[2026-07-30T06:18:03+00:00] State saved
[2026-07-30T06:18:03+00:00] === end (2.11s) ===
[2026-07-30T06:20:02+00:00] === start ===
[2026-07-30T06:20:02+00:00] Sheet rows: 29, month headers: 2
[2026-07-30T06:20:02+00:00] Columns: {"Тусюк":"B","Муха":"C","Козлянко":"D","Юрченков":"E"}
[2026-07-30T06:20:02+00:00] Tech users: {"57":"Тусюк","65":"Козлянко","67":"Муха","71":"Юрченков"}
[2026-07-30T06:20:02+00:00] Sync window: 2026-07-01 → 2026-09-30
[2026-07-30T06:20:03+00:00] Bookings from calendar: 14
[2026-07-30T06:20:04+00:00] Active deals: 176
[2026-07-30T06:20:04+00:00] Titles not matched to active deals: Бронирование
[2026-07-30T06:20:04+00:00] Assignments: 6
[2026-07-30T06:20:04+00:00] No cell changes
[2026-07-30T06:20:04+00:00] State saved
[2026-07-30T06:20:04+00:00] === end (2.45s) ===
[2026-07-30T06:22:01+00:00] === start ===
[2026-07-30T06:22:01+00:00] Sheet rows: 29, month headers: 2
[2026-07-30T06:22:02+00:00] Columns: {"Тусюк":"B","Муха":"C","Козлянко":"D","Юрченков":"E"}
[2026-07-30T06:22:02+00:00] Tech users: {"57":"Тусюк","65":"Козлянко","67":"Муха","71":"Юрченков"}
[2026-07-30T06:22:02+00:00] Sync window: 2026-07-01 → 2026-09-30
[2026-07-30T06:22:02+00:00] Bookings from calendar: 14
[2026-07-30T06:22:03+00:00] Active deals: 176
[2026-07-30T06:22:03+00:00] Titles not matched to active deals: Бронирование
[2026-07-30T06:22:03+00:00] Assignments: 6
[2026-07-30T06:22:03+00:00] No cell changes
[2026-07-30T06:22:03+00:00] State saved
[2026-07-30T06:22:03+00:00] === end (2.11s) ===
[2026-07-30T06:24:01+00:00] === start ===
[2026-07-30T06:24:02+00:00] Sheet rows: 29, month headers: 2
[2026-07-30T06:24:02+00:00] Columns: {"Тусюк":"B","Муха":"C","Козлянко":"D","Юрченков":"E"}
[2026-07-30T06:24:03+00:00] Tech users: {"57":"Тусюк","65":"Козлянко","67":"Муха","71":"Юрченков"}
[2026-07-30T06:24:03+00:00] Sync window: 2026-07-01 → 2026-09-30
[2026-07-30T06:24:03+00:00] Bookings from calendar: 14
[2026-07-30T06:24:04+00:00] Active deals: 176
[2026-07-30T06:24:04+00:00] Titles not matched to active deals: Бронирование
[2026-07-30T06:24:04+00:00] Assignments: 6
[2026-07-30T06:24:04+00:00] No cell changes
[2026-07-30T06:24:04+00:00] State saved
[2026-07-30T06:24:04+00:00] === end (2.68s) ===
[2026-07-30T06:26:01+00:00] === start ===
[2026-07-30T06:26:02+00:00] Sheet rows: 30, month headers: 2
[2026-07-30T06:26:02+00:00] Columns: {"Тусюк":"B","Муха":"C","Козлянко":"D","Юрченков":"E"}
[2026-07-30T06:26:02+00:00] Tech users: {"57":"Тусюк","65":"Козлянко","67":"Муха","71":"Юрченков"}
[2026-07-30T06:26:02+00:00] Sync window: 2026-07-01 → 2026-09-30
[2026-07-30T06:26:03+00:00] Bookings from calendar: 14
[2026-07-30T06:26:05+00:00] Active deals: 176
[2026-07-30T06:26:05+00:00] Titles not matched to active deals: Бронирование
[2026-07-30T06:26:05+00:00] Assignments: 6
[2026-07-30T06:26:05+00:00] No cell changes
[2026-07-30T06:26:05+00:00] State saved
[2026-07-30T06:26:05+00:00] === end (3.74s) ===
[2026-07-30T06:28:01+00:00] === start ===
[2026-07-30T06:28:01+00:00] Sheet rows: 30, month headers: 2
[2026-07-30T06:28:01+00:00] Columns: {"Тусюк":"B","Муха":"C","Козлянко":"D","Юрченков":"E"}
[2026-07-30T06:28:02+00:00] Tech users: {"57":"Тусюк","65":"Козлянко","67":"Муха","71":"Юрченков"}
[2026-07-30T06:28:02+00:00] Sync window: 2026-07-01 → 2026-09-30
[2026-07-30T06:28:02+00:00] Bookings from calendar: 14
[2026-07-30T06:28:03+00:00] Active deals: 176
[2026-07-30T06:28:03+00:00] Titles not matched to active deals: Бронирование
[2026-07-30T06:28:03+00:00] Assignments: 6
[2026-07-30T06:28:03+00:00] No cell changes
[2026-07-30T06:28:03+00:00] State saved
[2026-07-30T06:28:03+00:00] === end (2.12s) ===
[2026-07-30T06:30:01+00:00] === start ===
[2026-07-30T06:30:01+00:00] Sheet rows: 30, month headers: 2
[2026-07-30T06:30:02+00:00] Columns: {"Тусюк":"B","Муха":"C","Козлянко":"D","Юрченков":"E"}
[2026-07-30T06:30:02+00:00] Tech users: {"57":"Тусюк","65":"Козлянко","67":"Муха","71":"Юрченков"}
[2026-07-30T06:30:02+00:00] Sync window: 2026-07-01 → 2026-09-30
[2026-07-30T06:30:03+00:00] Bookings from calendar: 14
[2026-07-30T06:30:04+00:00] Active deals: 176
[2026-07-30T06:30:04+00:00] Titles not matched to active deals: Бронирование
[2026-07-30T06:30:04+00:00] Assignments: 6
[2026-07-30T06:30:04+00:00] No cell changes
[2026-07-30T06:30:04+00:00] State saved
[2026-07-30T06:30:04+00:00] === end (2.92s) ===
[2026-07-30T06:32:01+00:00] === start ===
[2026-07-30T06:32:01+00:00] Sheet rows: 30, month headers: 2
[2026-07-30T06:32:02+00:00] Columns: {"Тусюк":"B","Муха":"C","Козлянко":"D","Юрченков":"E"}
[2026-07-30T06:32:02+00:00] Tech users: {"57":"Тусюк","65":"Козлянко","67":"Муха","71":"Юрченков"}
[2026-07-30T06:32:02+00:00] Sync window: 2026-07-01 → 2026-09-30
[2026-07-30T06:32:02+00:00] Bookings from calendar: 14
[2026-07-30T06:32:03+00:00] Active deals: 176
[2026-07-30T06:32:03+00:00] Titles not matched to active deals: Бронирование
[2026-07-30T06:32:03+00:00] Assignments: 6
[2026-07-30T06:32:03+00:00] No cell changes
[2026-07-30T06:32:03+00:00] State saved
[2026-07-30T06:32:03+00:00] === end (2.46s) ===
[2026-07-30T06:34:01+00:00] === start ===
[2026-07-30T06:34:02+00:00] Sheet rows: 31, month headers: 3
[2026-07-30T06:34:03+00:00] Columns: {"Тусюк":"B","Муха":"C","Козлянко":"D","Юрченков":"E"}
[2026-07-30T06:34:03+00:00] Tech users: {"57":"Тусюк","65":"Козлянко","67":"Муха","71":"Юрченков"}
[2026-07-30T06:34:03+00:00] Sync window: 2026-07-01 → 2026-09-30
[2026-07-30T06:34:04+00:00] Bookings from calendar: 14
[2026-07-30T06:34:04+00:00] Active deals: 176
[2026-07-30T06:34:04+00:00] Titles not matched to active deals: Бронирование
[2026-07-30T06:34:04+00:00] Assignments: 6
[2026-07-30T06:34:04+00:00] No cell changes
[2026-07-30T06:34:04+00:00] State saved
[2026-07-30T06:34:04+00:00] === end (2.8s) ===
[2026-07-30T06:36:01+00:00] === start ===
[2026-07-30T06:36:02+00:00] Sheet rows: 31, month headers: 3
[2026-07-30T06:36:03+00:00] Columns: {"Тусюк":"B","Муха":"C","Козлянко":"D","Юрченков":"E"}
[2026-07-30T06:36:03+00:00] Tech users: {"57":"Тусюк","65":"Козлянко","67":"Муха","71":"Юрченков"}
[2026-07-30T06:36:03+00:00] Sync window: 2026-07-01 → 2026-09-30
[2026-07-30T06:36:04+00:00] Bookings from calendar: 14
[2026-07-30T06:36:05+00:00] Active deals: 176
[2026-07-30T06:36:05+00:00] Titles not matched to active deals: Бронирование
[2026-07-30T06:36:05+00:00] Assignments: 6
[2026-07-30T06:36:05+00:00] No cell changes
[2026-07-30T06:36:05+00:00] State saved
[2026-07-30T06:36:05+00:00] === end (3.46s) ===
[2026-07-30T06:38:01+00:00] === start ===
[2026-07-30T06:38:01+00:00] Sheet rows: 31, month headers: 3
[2026-07-30T06:38:01+00:00] Columns: {"Тусюк":"B","Муха":"C","Козлянко":"D","Юрченков":"E"}
[2026-07-30T06:38:02+00:00] Tech users: {"57":"Тусюк","65":"Козлянко","67":"Муха","71":"Юрченков"}
[2026-07-30T06:38:02+00:00] Sync window: 2026-07-01 → 2026-09-30
[2026-07-30T06:38:02+00:00] Bookings from calendar: 14
[2026-07-30T06:38:03+00:00] Active deals: 176
[2026-07-30T06:38:03+00:00] Titles not matched to active deals: Бронирование
[2026-07-30T06:38:03+00:00] Assignments: 6
[2026-07-30T06:38:03+00:00] No cell changes
[2026-07-30T06:38:03+00:00] State saved
[2026-07-30T06:38:03+00:00] === end (1.89s) ===
[2026-07-30T06:40:01+00:00] === start ===
[2026-07-30T06:40:01+00:00] Sheet rows: 31, month headers: 3
[2026-07-30T06:40:02+00:00] Columns: {"Тусюк":"B","Муха":"C","Козлянко":"D","Юрченков":"E"}
[2026-07-30T06:40:02+00:00] Tech users: {"57":"Тусюк","65":"Козлянко","67":"Муха","71":"Юрченков"}
[2026-07-30T06:40:02+00:00] Sync window: 2026-07-01 → 2026-09-30
[2026-07-30T06:40:03+00:00] Bookings from calendar: 14
[2026-07-30T06:40:04+00:00] Active deals: 176
[2026-07-30T06:40:04+00:00] Titles not matched to active deals: Бронирование
[2026-07-30T06:40:04+00:00] Assignments: 6
[2026-07-30T06:40:04+00:00] No cell changes
[2026-07-30T06:40:04+00:00] State saved
[2026-07-30T06:40:04+00:00] === end (3.57s) ===
[2026-07-30T06:42:01+00:00] === start ===
[2026-07-30T06:42:02+00:00] Sheet rows: 31, month headers: 3
[2026-07-30T06:42:02+00:00] Columns: {"Тусюк":"B","Муха":"C","Козлянко":"D","Юрченков":"E"}
[2026-07-30T06:42:02+00:00] Tech users: {"57":"Тусюк","65":"Козлянко","67":"Муха","71":"Юрченков"}
[2026-07-30T06:42:02+00:00] Sync window: 2026-07-01 → 2026-09-30
[2026-07-30T06:42:03+00:00] Bookings from calendar: 14
[2026-07-30T06:42:04+00:00] Active deals: 176
[2026-07-30T06:42:04+00:00] Titles not matched to active deals: Бронирование
[2026-07-30T06:42:04+00:00] Assignments: 6
[2026-07-30T06:42:04+00:00] No cell changes
[2026-07-30T06:42:04+00:00] State saved
[2026-07-30T06:42:04+00:00] === end (2.44s) ===
[2026-07-30T06:44:01+00:00] === start ===
[2026-07-30T06:44:02+00:00] Sheet rows: 31, month headers: 3
[2026-07-30T06:44:03+00:00] Columns: {"Тусюк":"B","Муха":"C","Козлянко":"D","Юрченков":"E"}
[2026-07-30T06:44:03+00:00] Tech users: {"57":"Тусюк","65":"Козлянко","67":"Муха","71":"Юрченков"}
[2026-07-30T06:44:03+00:00] Sync window: 2026-07-01 → 2026-09-30
[2026-07-30T06:44:04+00:00] Bookings from calendar: 14
[2026-07-30T06:44:04+00:00] Active deals: 176
[2026-07-30T06:44:04+00:00] Titles not matched to active deals: Бронирование
[2026-07-30T06:44:04+00:00] Assignments: 6
[2026-07-30T06:44:04+00:00] No cell changes
[2026-07-30T06:44:04+00:00] State saved
[2026-07-30T06:44:04+00:00] === end (3.38s) ===
[2026-07-30T06:46:01+00:00] === start ===
[2026-07-30T06:46:02+00:00] Sheet rows: 31, month headers: 3
[2026-07-30T06:46:02+00:00] Columns: {"Тусюк":"B","Муха":"C","Козлянко":"D","Юрченков":"E"}
[2026-07-30T06:46:02+00:00] Tech users: {"57":"Тусюк","65":"Козлянко","67":"Муха","71":"Юрченков"}
[2026-07-30T06:46:02+00:00] Sync window: 2026-07-01 → 2026-09-30
[2026-07-30T06:46:03+00:00] Bookings from calendar: 14
[2026-07-30T06:46:04+00:00] Active deals: 176
[2026-07-30T06:46:04+00:00] Titles not matched to active deals: Бронирование
[2026-07-30T06:46:04+00:00] Assignments: 6
[2026-07-30T06:46:04+00:00] No cell changes
[2026-07-30T06:46:04+00:00] State saved
[2026-07-30T06:46:04+00:00] === end (2.48s) ===
[2026-07-30T06:48:01+00:00] === start ===
[2026-07-30T06:48:01+00:00] Sheet rows: 31, month headers: 3
[2026-07-30T06:48:01+00:00] Columns: {"Тусюк":"B","Муха":"C","Козлянко":"D","Юрченков":"E"}
[2026-07-30T06:48:01+00:00] Tech users: {"57":"Тусюк","65":"Козлянко","67":"Муха","71":"Юрченков"}
[2026-07-30T06:48:01+00:00] Sync window: 2026-07-01 → 2026-09-30
[2026-07-30T06:48:02+00:00] Bookings from calendar: 14
[2026-07-30T06:48:03+00:00] Active deals: 176
[2026-07-30T06:48:03+00:00] Titles not matched to active deals: Бронирование
[2026-07-30T06:48:03+00:00] Assignments: 6
[2026-07-30T06:48:03+00:00] No cell changes
[2026-07-30T06:48:03+00:00] State saved
[2026-07-30T06:48:03+00:00] === end (2.05s) ===
[2026-07-30T06:50:01+00:00] === start ===
[2026-07-30T06:50:01+00:00] Sheet rows: 31, month headers: 3
[2026-07-30T06:50:02+00:00] Columns: {"Тусюк":"B","Муха":"C","Козлянко":"D","Юрченков":"E"}
[2026-07-30T06:50:02+00:00] Tech users: {"57":"Тусюк","65":"Козлянко","67":"Муха","71":"Юрченков"}
[2026-07-30T06:50:02+00:00] Sync window: 2026-07-01 → 2026-09-30
[2026-07-30T06:50:03+00:00] Bookings from calendar: 14
[2026-07-30T06:50:04+00:00] Active deals: 176
[2026-07-30T06:50:04+00:00] Titles not matched to active deals: Бронирование
[2026-07-30T06:50:04+00:00] Assignments: 6
[2026-07-30T06:50:04+00:00] No cell changes
[2026-07-30T06:50:04+00:00] State saved
[2026-07-30T06:50:04+00:00] === end (2.76s) ===
[2026-07-30T06:52:01+00:00] === start ===
[2026-07-30T06:52:01+00:00] Sheet rows: 31, month headers: 3
[2026-07-30T06:52:01+00:00] Columns: {"Тусюк":"B","Муха":"C","Козлянко":"D","Юрченков":"E"}
[2026-07-30T06:52:02+00:00] Tech users: {"57":"Тусюк","65":"Козлянко","67":"Муха","71":"Юрченков"}
[2026-07-30T06:52:02+00:00] Sync window: 2026-07-01 → 2026-09-30
[2026-07-30T06:52:03+00:00] Bookings from calendar: 14
[2026-07-30T06:52:03+00:00] Active deals: 176
[2026-07-30T06:52:03+00:00] Titles not matched to active deals: Бронирование
[2026-07-30T06:52:03+00:00] Assignments: 6
[2026-07-30T06:52:03+00:00] No cell changes
[2026-07-30T06:52:03+00:00] State saved
[2026-07-30T06:52:03+00:00] === end (2.75s) ===
[2026-07-30T06:54:01+00:00] === start ===
[2026-07-30T06:54:02+00:00] Sheet rows: 31, month headers: 3
[2026-07-30T06:54:02+00:00] Columns: {"Тусюк":"B","Муха":"C","Козлянко":"D","Юрченков":"E"}
[2026-07-30T06:54:03+00:00] Tech users: {"57":"Тусюк","65":"Козлянко","67":"Муха","71":"Юрченков"}
[2026-07-30T06:54:03+00:00] Sync window: 2026-07-01 → 2026-09-30
[2026-07-30T06:54:03+00:00] Bookings from calendar: 14
[2026-07-30T06:54:04+00:00] Active deals: 176
[2026-07-30T06:54:04+00:00] Titles not matched to active deals: Бронирование
[2026-07-30T06:54:04+00:00] Assignments: 6
[2026-07-30T06:54:04+00:00] No cell changes
[2026-07-30T06:54:04+00:00] State saved
[2026-07-30T06:54:04+00:00] === end (2.35s) ===
[2026-07-30T06:56:01+00:00] === start ===
[2026-07-30T06:56:01+00:00] Sheet rows: 31, month headers: 3
[2026-07-30T06:56:02+00:00] Columns: {"Тусюк":"B","Муха":"C","Козлянко":"D","Юрченков":"E"}
[2026-07-30T06:56:02+00:00] Tech users: {"57":"Тусюк","65":"Козлянко","67":"Муха","71":"Юрченков"}
[2026-07-30T06:56:02+00:00] Sync window: 2026-07-01 → 2026-09-30
[2026-07-30T06:56:02+00:00] Bookings from calendar: 14
[2026-07-30T06:56:03+00:00] Active deals: 176
[2026-07-30T06:56:03+00:00] Titles not matched to active deals: Бронирование
[2026-07-30T06:56:03+00:00] Assignments: 6
[2026-07-30T06:56:03+00:00] No cell changes
[2026-07-30T06:56:03+00:00] State saved
[2026-07-30T06:56:03+00:00] === end (2.28s) ===
[2026-07-30T06:58:01+00:00] === start ===
[2026-07-30T06:58:02+00:00] Sheet rows: 31, month headers: 3
[2026-07-30T06:58:02+00:00] Columns: {"Тусюк":"B","Муха":"C","Козлянко":"D","Юрченков":"E"}
[2026-07-30T06:58:03+00:00] Tech users: {"57":"Тусюк","65":"Козлянко","67":"Муха","71":"Юрченков"}
[2026-07-30T06:58:03+00:00] Sync window: 2026-07-01 → 2026-09-30
[2026-07-30T06:58:03+00:00] Bookings from calendar: 14
[2026-07-30T06:58:04+00:00] Active deals: 176
[2026-07-30T06:58:04+00:00] Titles not matched to active deals: Бронирование
[2026-07-30T06:58:04+00:00] Assignments: 6
[2026-07-30T06:58:04+00:00] No cell changes
[2026-07-30T06:58:04+00:00] State saved
[2026-07-30T06:58:04+00:00] === end (2.69s) ===
[2026-07-30T07:00:01+00:00] === start ===
[2026-07-30T07:00:01+00:00] Sheet rows: 31, month headers: 3
[2026-07-30T07:00:02+00:00] Columns: {"Тусюк":"B","Муха":"C","Козлянко":"D","Юрченков":"E"}
[2026-07-30T07:00:02+00:00] Tech users: {"57":"Тусюк","65":"Козлянко","67":"Муха","71":"Юрченков"}
[2026-07-30T07:00:02+00:00] Sync window: 2026-07-01 → 2026-09-30
[2026-07-30T07:00:03+00:00] Bookings from calendar: 14
[2026-07-30T07:00:04+00:00] Active deals: 176
[2026-07-30T07:00:04+00:00] Titles not matched to active deals: Бронирование
[2026-07-30T07:00:04+00:00] Assignments: 6
[2026-07-30T07:00:04+00:00] No cell changes
[2026-07-30T07:00:04+00:00] State saved
[2026-07-30T07:00:04+00:00] === end (2.91s) ===
[2026-07-30T07:02:01+00:00] === start ===
[2026-07-30T07:02:01+00:00] Sheet rows: 31, month headers: 3
[2026-07-30T07:02:02+00:00] Columns: {"Тусюк":"B","Муха":"C","Козлянко":"D","Юрченков":"E"}
[2026-07-30T07:02:02+00:00] Tech users: {"57":"Тусюк","65":"Козлянко","67":"Муха","71":"Юрченков"}
[2026-07-30T07:02:02+00:00] Sync window: 2026-07-01 → 2026-09-30
[2026-07-30T07:02:02+00:00] Bookings from calendar: 14
[2026-07-30T07:02:03+00:00] Active deals: 176
[2026-07-30T07:02:03+00:00] Titles not matched to active deals: Бронирование
[2026-07-30T07:02:03+00:00] Assignments: 6
[2026-07-30T07:02:03+00:00] No cell changes
[2026-07-30T07:02:03+00:00] State saved
[2026-07-30T07:02:03+00:00] === end (2.23s) ===
[2026-07-30T07:04:01+00:00] === start ===
[2026-07-30T07:04:02+00:00] Sheet rows: 31, month headers: 3
[2026-07-30T07:04:02+00:00] Columns: {"Тусюк":"B","Муха":"C","Козлянко":"D","Юрченков":"E"}
[2026-07-30T07:04:02+00:00] Tech users: {"57":"Тусюк","65":"Козлянко","67":"Муха","71":"Юрченков"}
[2026-07-30T07:04:02+00:00] Sync window: 2026-07-01 → 2026-09-30
[2026-07-30T07:04:03+00:00] Bookings from calendar: 14
[2026-07-30T07:04:03+00:00] Active deals: 176
[2026-07-30T07:04:03+00:00] Titles not matched to active deals: Бронирование
[2026-07-30T07:04:03+00:00] Assignments: 6
[2026-07-30T07:04:03+00:00] No cell changes
[2026-07-30T07:04:03+00:00] State saved
[2026-07-30T07:04:03+00:00] === end (2.03s) ===
[2026-07-30T07:06:01+00:00] === start ===
[2026-07-30T07:06:02+00:00] Sheet rows: 31, month headers: 3
[2026-07-30T07:06:02+00:00] Columns: {"Тусюк":"B","Муха":"C","Козлянко":"D","Юрченков":"E"}
[2026-07-30T07:06:03+00:00] Tech users: {"57":"Тусюк","65":"Козлянко","67":"Муха","71":"Юрченков"}
[2026-07-30T07:06:03+00:00] Sync window: 2026-07-01 → 2026-09-30
[2026-07-30T07:06:03+00:00] Bookings from calendar: 14
[2026-07-30T07:06:04+00:00] Active deals: 176
[2026-07-30T07:06:04+00:00] Titles not matched to active deals: Бронирование
[2026-07-30T07:06:04+00:00] Assignments: 6
[2026-07-30T07:06:04+00:00] No cell changes
[2026-07-30T07:06:04+00:00] State saved
[2026-07-30T07:06:04+00:00] === end (2.76s) ===
[2026-07-30T07:08:01+00:00] === start ===
[2026-07-30T07:08:02+00:00] Sheet rows: 31, month headers: 3
[2026-07-30T07:08:02+00:00] Columns: {"Тусюк":"B","Муха":"C","Козлянко":"D","Юрченков":"E"}
[2026-07-30T07:08:02+00:00] Tech users: {"57":"Тусюк","65":"Козлянко","67":"Муха","71":"Юрченков"}
[2026-07-30T07:08:02+00:00] Sync window: 2026-07-01 → 2026-09-30
[2026-07-30T07:08:03+00:00] Bookings from calendar: 14
[2026-07-30T07:08:03+00:00] Active deals: 176
[2026-07-30T07:08:03+00:00] Titles not matched to active deals: Бронирование
[2026-07-30T07:08:03+00:00] Assignments: 6
[2026-07-30T07:08:03+00:00] No cell changes
[2026-07-30T07:08:03+00:00] State saved
[2026-07-30T07:08:03+00:00] === end (2.22s) ===
[2026-07-30T07:10:01+00:00] === start ===
[2026-07-30T07:10:02+00:00] Sheet rows: 31, month headers: 3
[2026-07-30T07:10:02+00:00] Columns: {"Тусюк":"B","Муха":"C","Козлянко":"D","Юрченков":"E"}
[2026-07-30T07:10:03+00:00] Tech users: {"57":"Тусюк","65":"Козлянко","67":"Муха","71":"Юрченков"}
[2026-07-30T07:10:03+00:00] Sync window: 2026-07-01 → 2026-09-30
[2026-07-30T07:10:03+00:00] Bookings from calendar: 14
[2026-07-30T07:10:04+00:00] Active deals: 176
[2026-07-30T07:10:04+00:00] Titles not matched to active deals: Бронирование
[2026-07-30T07:10:04+00:00] Assignments: 6
[2026-07-30T07:10:04+00:00] No cell changes
[2026-07-30T07:10:04+00:00] State saved
[2026-07-30T07:10:04+00:00] === end (2.64s) ===
[2026-07-30T07:12:01+00:00] === start ===
[2026-07-30T07:12:02+00:00] Sheet rows: 31, month headers: 3
[2026-07-30T07:12:02+00:00] Columns: {"Тусюк":"B","Муха":"C","Козлянко":"D","Юрченков":"E"}
[2026-07-30T07:12:03+00:00] Tech users: {"57":"Тусюк","65":"Козлянко","67":"Муха","71":"Юрченков"}
[2026-07-30T07:12:03+00:00] Sync window: 2026-07-01 → 2026-09-30
[2026-07-30T07:12:03+00:00] Bookings from calendar: 14
[2026-07-30T07:12:04+00:00] Active deals: 176
[2026-07-30T07:12:04+00:00] Titles not matched to active deals: Бронирование
[2026-07-30T07:12:04+00:00] Assignments: 6
[2026-07-30T07:12:04+00:00] No cell changes
[2026-07-30T07:12:04+00:00] State saved
[2026-07-30T07:12:04+00:00] === end (3.1s) ===
[2026-07-30T07:14:01+00:00] === start ===
[2026-07-30T07:14:02+00:00] Sheet rows: 31, month headers: 3
[2026-07-30T07:14:02+00:00] Columns: {"Тусюк":"B","Муха":"C","Козлянко":"D","Юрченков":"E"}
[2026-07-30T07:14:02+00:00] Tech users: {"57":"Тусюк","65":"Козлянко","67":"Муха","71":"Юрченков"}
[2026-07-30T07:14:02+00:00] Sync window: 2026-07-01 → 2026-09-30
[2026-07-30T07:14:03+00:00] Bookings from calendar: 14
[2026-07-30T07:14:04+00:00] Active deals: 176
[2026-07-30T07:14:04+00:00] Titles not matched to active deals: Бронирование
[2026-07-30T07:14:04+00:00] Assignments: 6
[2026-07-30T07:14:04+00:00] No cell changes
[2026-07-30T07:14:04+00:00] State saved
[2026-07-30T07:14:04+00:00] === end (2.76s) ===
[2026-07-30T07:16:01+00:00] === start ===
[2026-07-30T07:16:02+00:00] Sheet rows: 31, month headers: 3
[2026-07-30T07:16:02+00:00] Columns: {"Тусюк":"B","Муха":"C","Козлянко":"D","Юрченков":"E"}
[2026-07-30T07:16:02+00:00] Tech users: {"57":"Тусюк","65":"Козлянко","67":"Муха","71":"Юрченков"}
[2026-07-30T07:16:02+00:00] Sync window: 2026-07-01 → 2026-09-30
[2026-07-30T07:16:04+00:00] Bookings from calendar: 14
[2026-07-30T07:16:05+00:00] Active deals: 176
[2026-07-30T07:16:05+00:00] Titles not matched to active deals: Бронирование
[2026-07-30T07:16:05+00:00] Assignments: 6
[2026-07-30T07:16:05+00:00] No cell changes
[2026-07-30T07:16:05+00:00] State saved
[2026-07-30T07:16:05+00:00] === end (3.83s) ===
[2026-07-30T07:18:01+00:00] === start ===
[2026-07-30T07:18:01+00:00] Sheet rows: 31, month headers: 3
[2026-07-30T07:18:02+00:00] Columns: {"Тусюк":"B","Муха":"C","Козлянко":"D","Юрченков":"E"}
[2026-07-30T07:18:02+00:00] Tech users: {"57":"Тусюк","65":"Козлянко","67":"Муха","71":"Юрченков"}
[2026-07-30T07:18:02+00:00] Sync window: 2026-07-01 → 2026-09-30
[2026-07-30T07:18:03+00:00] Bookings from calendar: 14
[2026-07-30T07:18:03+00:00] Active deals: 176
[2026-07-30T07:18:03+00:00] Titles not matched to active deals: Бронирование
[2026-07-30T07:18:03+00:00] Assignments: 6
[2026-07-30T07:18:03+00:00] No cell changes
[2026-07-30T07:18:03+00:00] State saved
[2026-07-30T07:18:03+00:00] === end (2.24s) ===
[2026-07-30T07:20:01+00:00] === start ===
[2026-07-30T07:20:02+00:00] Sheet rows: 31, month headers: 3
[2026-07-30T07:20:03+00:00] Columns: {"Тусюк":"B","Муха":"C","Козлянко":"D","Юрченков":"E"}
[2026-07-30T07:20:03+00:00] Tech users: {"57":"Тусюк","65":"Козлянко","67":"Муха","71":"Юрченков"}
[2026-07-30T07:20:03+00:00] Sync window: 2026-07-01 → 2026-09-30
[2026-07-30T07:20:04+00:00] Bookings from calendar: 14
[2026-07-30T07:20:05+00:00] Active deals: 176
[2026-07-30T07:20:05+00:00] Titles not matched to active deals: Бронирование
[2026-07-30T07:20:05+00:00] Assignments: 6
[2026-07-30T07:20:05+00:00] No cell changes
[2026-07-30T07:20:05+00:00] State saved
[2026-07-30T07:20:05+00:00] === end (3.2s) ===
[2026-07-30T07:22:01+00:00] === start ===
[2026-07-30T07:22:02+00:00] Sheet rows: 31, month headers: 3
[2026-07-30T07:22:02+00:00] Columns: {"Тусюк":"B","Муха":"C","Козлянко":"D","Юрченков":"E"}
[2026-07-30T07:22:02+00:00] Tech users: {"57":"Тусюк","65":"Козлянко","67":"Муха","71":"Юрченков"}
[2026-07-30T07:22:02+00:00] Sync window: 2026-07-01 → 2026-09-30
[2026-07-30T07:22:03+00:00] Bookings from calendar: 14
[2026-07-30T07:22:04+00:00] Active deals: 176
[2026-07-30T07:22:04+00:00] Titles not matched to active deals: Бронирование
[2026-07-30T07:22:04+00:00] Assignments: 6
[2026-07-30T07:22:04+00:00] No cell changes
[2026-07-30T07:22:04+00:00] State saved
[2026-07-30T07:22:04+00:00] === end (3.48s) ===
[2026-07-30T07:24:01+00:00] === start ===
[2026-07-30T07:24:02+00:00] Sheet rows: 31, month headers: 3
[2026-07-30T07:24:02+00:00] Columns: {"Тусюк":"B","Муха":"C","Козлянко":"D","Юрченков":"E"}
[2026-07-30T07:24:03+00:00] Tech users: {"57":"Тусюк","65":"Козлянко","67":"Муха","71":"Юрченков"}
[2026-07-30T07:24:03+00:00] Sync window: 2026-07-01 → 2026-09-30
[2026-07-30T07:24:03+00:00] Bookings from calendar: 14
[2026-07-30T07:24:05+00:00] Active deals: 176
[2026-07-30T07:24:05+00:00] Titles not matched to active deals: Бронирование
[2026-07-30T07:24:05+00:00] Assignments: 6
[2026-07-30T07:24:05+00:00] No cell changes
[2026-07-30T07:24:05+00:00] State saved
[2026-07-30T07:24:05+00:00] === end (3.37s) ===
[2026-07-30T07:26:01+00:00] === start ===
[2026-07-30T07:26:01+00:00] Sheet rows: 31, month headers: 3
[2026-07-30T07:26:02+00:00] Columns: {"Тусюк":"B","Муха":"C","Козлянко":"D","Юрченков":"E"}
[2026-07-30T07:26:02+00:00] Tech users: {"57":"Тусюк","65":"Козлянко","67":"Муха","71":"Юрченков"}
[2026-07-30T07:26:02+00:00] Sync window: 2026-07-01 → 2026-09-30
[2026-07-30T07:26:03+00:00] Bookings from calendar: 14
[2026-07-30T07:26:04+00:00] Active deals: 176
[2026-07-30T07:26:04+00:00] Titles not matched to active deals: Бронирование
[2026-07-30T07:26:04+00:00] Assignments: 6
[2026-07-30T07:26:04+00:00] No cell changes
[2026-07-30T07:26:04+00:00] State saved
[2026-07-30T07:26:04+00:00] === end (3.16s) ===
[2026-07-30T07:28:01+00:00] === start ===
[2026-07-30T07:28:01+00:00] Sheet rows: 31, month headers: 3
[2026-07-30T07:28:02+00:00] Columns: {"Тусюк":"B","Муха":"C","Козлянко":"D","Юрченков":"E"}
[2026-07-30T07:28:02+00:00] Tech users: {"57":"Тусюк","65":"Козлянко","67":"Муха","71":"Юрченков"}
[2026-07-30T07:28:02+00:00] Sync window: 2026-07-01 → 2026-09-30
[2026-07-30T07:28:02+00:00] Bookings from calendar: 14
[2026-07-30T07:28:03+00:00] Active deals: 176
[2026-07-30T07:28:03+00:00] Titles not matched to active deals: Бронирование
[2026-07-30T07:28:03+00:00] Assignments: 6
[2026-07-30T07:28:03+00:00] No cell changes
[2026-07-30T07:28:03+00:00] State saved
[2026-07-30T07:28:03+00:00] === end (2.08s) ===
[2026-07-30T07:30:01+00:00] === start ===
[2026-07-30T07:30:01+00:00] Sheet rows: 31, month headers: 3
[2026-07-30T07:30:02+00:00] Columns: {"Тусюк":"B","Муха":"C","Козлянко":"D","Юрченков":"E"}
[2026-07-30T07:30:02+00:00] Tech users: {"57":"Тусюк","65":"Козлянко","67":"Муха","71":"Юрченков"}
[2026-07-30T07:30:02+00:00] Sync window: 2026-07-01 → 2026-09-30
[2026-07-30T07:30:03+00:00] Bookings from calendar: 14
[2026-07-30T07:30:03+00:00] Active deals: 176
[2026-07-30T07:30:03+00:00] Titles not matched to active deals: Бронирование
[2026-07-30T07:30:03+00:00] Assignments: 6
[2026-07-30T07:30:03+00:00] No cell changes
[2026-07-30T07:30:03+00:00] State saved
[2026-07-30T07:30:03+00:00] === end (2.44s) ===
[2026-07-30T07:32:02+00:00] === start ===
[2026-07-30T07:32:02+00:00] Sheet rows: 31, month headers: 3
[2026-07-30T07:32:02+00:00] Columns: {"Тусюк":"B","Муха":"C","Козлянко":"D","Юрченков":"E"}
[2026-07-30T07:32:02+00:00] Tech users: {"57":"Тусюк","65":"Козлянко","67":"Муха","71":"Юрченков"}
[2026-07-30T07:32:02+00:00] Sync window: 2026-07-01 → 2026-09-30
[2026-07-30T07:32:03+00:00] Bookings from calendar: 14
[2026-07-30T07:32:04+00:00] Active deals: 176
[2026-07-30T07:32:04+00:00] Titles not matched to active deals: Бронирование
[2026-07-30T07:32:04+00:00] Assignments: 6
[2026-07-30T07:32:04+00:00] No cell changes
[2026-07-30T07:32:04+00:00] State saved
[2026-07-30T07:32:04+00:00] === end (2.7s) ===
[2026-07-30T07:34:01+00:00] === start ===
[2026-07-30T07:34:02+00:00] Sheet rows: 31, month headers: 3
[2026-07-30T07:34:02+00:00] Columns: {"Тусюк":"B","Муха":"C","Козлянко":"D","Юрченков":"E"}
[2026-07-30T07:34:02+00:00] Tech users: {"57":"Тусюк","65":"Козлянко","67":"Муха","71":"Юрченков"}
[2026-07-30T07:34:02+00:00] Sync window: 2026-07-01 → 2026-09-30
[2026-07-30T07:34:03+00:00] Bookings from calendar: 14
[2026-07-30T07:34:04+00:00] Active deals: 176
[2026-07-30T07:34:04+00:00] Titles not matched to active deals: Бронирование
[2026-07-30T07:34:04+00:00] Assignments: 6
[2026-07-30T07:34:04+00:00] No cell changes
[2026-07-30T07:34:04+00:00] State saved
[2026-07-30T07:34:04+00:00] === end (2.32s) ===
[2026-07-30T07:36:01+00:00] === start ===
[2026-07-30T07:36:01+00:00] Sheet rows: 31, month headers: 3
[2026-07-30T07:36:01+00:00] Columns: {"Тусюк":"B","Муха":"C","Козлянко":"D","Юрченков":"E"}
[2026-07-30T07:36:01+00:00] Tech users: {"57":"Тусюк","65":"Козлянко","67":"Муха","71":"Юрченков"}
[2026-07-30T07:36:01+00:00] Sync window: 2026-07-01 → 2026-09-30
[2026-07-30T07:36:02+00:00] Bookings from calendar: 14
[2026-07-30T07:36:03+00:00] Active deals: 176
[2026-07-30T07:36:03+00:00] Titles not matched to active deals: Бронирование
[2026-07-30T07:36:03+00:00] Assignments: 6
[2026-07-30T07:36:03+00:00] No cell changes
[2026-07-30T07:36:03+00:00] State saved
[2026-07-30T07:36:03+00:00] === end (2.23s) ===
[2026-07-30T07:38:01+00:00] === start ===
[2026-07-30T07:38:01+00:00] Sheet rows: 31, month headers: 3
[2026-07-30T07:38:02+00:00] Columns: {"Тусюк":"B","Муха":"C","Козлянко":"D","Юрченков":"E"}
[2026-07-30T07:38:02+00:00] Tech users: {"57":"Тусюк","65":"Козлянко","67":"Муха","71":"Юрченков"}
[2026-07-30T07:38:03+00:00] Sync window: 2026-07-01 → 2026-09-30
[2026-07-30T07:38:03+00:00] Bookings from calendar: 14
[2026-07-30T07:38:04+00:00] Active deals: 176
[2026-07-30T07:38:04+00:00] Titles not matched to active deals: Бронирование
[2026-07-30T07:38:04+00:00] Assignments: 6
[2026-07-30T07:38:04+00:00] No cell changes
[2026-07-30T07:38:04+00:00] State saved
[2026-07-30T07:38:04+00:00] === end (3.18s) ===
[2026-07-30T07:40:01+00:00] === start ===
[2026-07-30T07:40:02+00:00] Sheet rows: 31, month headers: 3
[2026-07-30T07:40:02+00:00] Columns: {"Тусюк":"B","Муха":"C","Козлянко":"D","Юрченков":"E"}
[2026-07-30T07:40:02+00:00] Tech users: {"57":"Тусюк","65":"Козлянко","67":"Муха","71":"Юрченков"}
[2026-07-30T07:40:02+00:00] Sync window: 2026-07-01 → 2026-09-30
[2026-07-30T07:40:03+00:00] Bookings from calendar: 14
[2026-07-30T07:40:04+00:00] Active deals: 176
[2026-07-30T07:40:04+00:00] Titles not matched to active deals: Бронирование
[2026-07-30T07:40:04+00:00] Assignments: 6
[2026-07-30T07:40:04+00:00] No cell changes
[2026-07-30T07:40:04+00:00] State saved
[2026-07-30T07:40:04+00:00] === end (2.48s) ===
[2026-07-30T07:42:01+00:00] === start ===
[2026-07-30T07:42:01+00:00] Sheet rows: 31, month headers: 3
[2026-07-30T07:42:01+00:00] Columns: {"Тусюк":"B","Муха":"C","Козлянко":"D","Юрченков":"E"}
[2026-07-30T07:42:02+00:00] Tech users: {"57":"Тусюк","65":"Козлянко","67":"Муха","71":"Юрченков"}
[2026-07-30T07:42:02+00:00] Sync window: 2026-07-01 → 2026-09-30
[2026-07-30T07:42:02+00:00] Bookings from calendar: 14
[2026-07-30T07:42:03+00:00] Active deals: 176
[2026-07-30T07:42:03+00:00] Titles not matched to active deals: Бронирование
[2026-07-30T07:42:03+00:00] Assignments: 6
[2026-07-30T07:42:03+00:00] No cell changes
[2026-07-30T07:42:03+00:00] State saved
[2026-07-30T07:42:03+00:00] === end (2.3s) ===
[2026-07-30T07:44:01+00:00] === start ===
[2026-07-30T07:44:02+00:00] Sheet rows: 31, month headers: 3
[2026-07-30T07:44:02+00:00] Columns: {"Тусюк":"B","Муха":"C","Козлянко":"D","Юрченков":"E"}
[2026-07-30T07:44:03+00:00] Tech users: {"57":"Тусюк","65":"Козлянко","67":"Муха","71":"Юрченков"}
[2026-07-30T07:44:03+00:00] Sync window: 2026-07-01 → 2026-09-30
[2026-07-30T07:44:03+00:00] Bookings from calendar: 14
[2026-07-30T07:44:04+00:00] Active deals: 176
[2026-07-30T07:44:04+00:00] Titles not matched to active deals: Бронирование
[2026-07-30T07:44:04+00:00] Assignments: 6
[2026-07-30T07:44:04+00:00] No cell changes
[2026-07-30T07:44:04+00:00] State saved
[2026-07-30T07:44:04+00:00] === end (3.09s) ===
[2026-07-30T07:46:01+00:00] === start ===
[2026-07-30T07:46:02+00:00] Sheet rows: 31, month headers: 3
[2026-07-30T07:46:02+00:00] Columns: {"Тусюк":"B","Муха":"C","Козлянко":"D","Юрченков":"E"}
[2026-07-30T07:46:03+00:00] Tech users: {"57":"Тусюк","65":"Козлянко","67":"Муха","71":"Юрченков"}
[2026-07-30T07:46:03+00:00] Sync window: 2026-07-01 → 2026-09-30
[2026-07-30T07:46:03+00:00] Bookings from calendar: 14
[2026-07-30T07:46:04+00:00] Active deals: 176
[2026-07-30T07:46:04+00:00] Titles not matched to active deals: Бронирование
[2026-07-30T07:46:04+00:00] Assignments: 6
[2026-07-30T07:46:04+00:00] No cell changes
[2026-07-30T07:46:04+00:00] State saved
[2026-07-30T07:46:04+00:00] === end (2.81s) ===
[2026-07-30T07:48:01+00:00] === start ===
[2026-07-30T07:48:02+00:00] Sheet rows: 31, month headers: 3
[2026-07-30T07:48:02+00:00] Columns: {"Тусюк":"B","Муха":"C","Козлянко":"D","Юрченков":"E"}
[2026-07-30T07:48:02+00:00] Tech users: {"57":"Тусюк","65":"Козлянко","67":"Муха","71":"Юрченков"}
[2026-07-30T07:48:02+00:00] Sync window: 2026-07-01 → 2026-09-30
[2026-07-30T07:48:03+00:00] Bookings from calendar: 14
[2026-07-30T07:48:04+00:00] Active deals: 176
[2026-07-30T07:48:04+00:00] Titles not matched to active deals: Бронирование
[2026-07-30T07:48:04+00:00] Assignments: 6
[2026-07-30T07:48:04+00:00] No cell changes
[2026-07-30T07:48:04+00:00] State saved
[2026-07-30T07:48:04+00:00] === end (2.6s) ===
[2026-07-30T07:50:01+00:00] === start ===
[2026-07-30T07:50:02+00:00] Sheet rows: 31, month headers: 3
[2026-07-30T07:50:02+00:00] Columns: {"Тусюк":"B","Муха":"C","Козлянко":"D","Юрченков":"E"}
[2026-07-30T07:50:02+00:00] Tech users: {"57":"Тусюк","65":"Козлянко","67":"Муха","71":"Юрченков"}
[2026-07-30T07:50:02+00:00] Sync window: 2026-07-01 → 2026-09-30
[2026-07-30T07:50:03+00:00] Bookings from calendar: 14
[2026-07-30T07:50:03+00:00] Active deals: 176
[2026-07-30T07:50:03+00:00] Titles not matched to active deals: Бронирование
[2026-07-30T07:50:03+00:00] Assignments: 6
[2026-07-30T07:50:03+00:00] No cell changes
[2026-07-30T07:50:03+00:00] State saved
[2026-07-30T07:50:03+00:00] === end (2.59s) ===
[2026-07-30T07:52:01+00:00] === start ===
[2026-07-30T07:52:01+00:00] Sheet rows: 31, month headers: 3
[2026-07-30T07:52:01+00:00] Columns: {"Тусюк":"B","Муха":"C","Козлянко":"D","Юрченков":"E"}
[2026-07-30T07:52:01+00:00] Tech users: {"57":"Тусюк","65":"Козлянко","67":"Муха","71":"Юрченков"}
[2026-07-30T07:52:01+00:00] Sync window: 2026-07-01 → 2026-09-30
[2026-07-30T07:52:02+00:00] Bookings from calendar: 14
[2026-07-30T07:52:03+00:00] Active deals: 176
[2026-07-30T07:52:03+00:00] Titles not matched to active deals: Бронирование
[2026-07-30T07:52:03+00:00] Assignments: 6
[2026-07-30T07:52:03+00:00] No cell changes
[2026-07-30T07:52:03+00:00] State saved
[2026-07-30T07:52:03+00:00] === end (2.35s) ===
[2026-07-30T07:54:01+00:00] === start ===
[2026-07-30T07:54:02+00:00] Sheet rows: 31, month headers: 3
[2026-07-30T07:54:02+00:00] Columns: {"Тусюк":"B","Муха":"C","Козлянко":"D","Юрченков":"E"}
[2026-07-30T07:54:02+00:00] Tech users: {"57":"Тусюк","65":"Козлянко","67":"Муха","71":"Юрченков"}
[2026-07-30T07:54:02+00:00] Sync window: 2026-07-01 → 2026-09-30
[2026-07-30T07:54:04+00:00] Bookings from calendar: 14
[2026-07-30T07:54:05+00:00] Active deals: 176
[2026-07-30T07:54:05+00:00] Titles not matched to active deals: Бронирование
[2026-07-30T07:54:05+00:00] Assignments: 6
[2026-07-30T07:54:05+00:00] No cell changes
[2026-07-30T07:54:05+00:00] State saved
[2026-07-30T07:54:05+00:00] === end (4.48s) ===
[2026-07-30T07:56:02+00:00] === start ===
[2026-07-30T07:56:02+00:00] Sheet rows: 31, month headers: 3
[2026-07-30T07:56:02+00:00] Columns: {"Тусюк":"B","Муха":"C","Козлянко":"D","Юрченков":"E"}
[2026-07-30T07:56:02+00:00] Tech users: {"57":"Тусюк","65":"Козлянко","67":"Муха","71":"Юрченков"}
[2026-07-30T07:56:02+00:00] Sync window: 2026-07-01 → 2026-09-30
[2026-07-30T07:56:04+00:00] Bookings from calendar: 14
[2026-07-30T07:56:05+00:00] Active deals: 176
[2026-07-30T07:56:05+00:00] Titles not matched to active deals: Бронирование
[2026-07-30T07:56:05+00:00] Assignments: 6
[2026-07-30T07:56:05+00:00] No cell changes
[2026-07-30T07:56:05+00:00] State saved
[2026-07-30T07:56:05+00:00] === end (2.98s) ===
[2026-07-30T07:58:01+00:00] === start ===
[2026-07-30T07:58:01+00:00] Sheet rows: 31, month headers: 3
[2026-07-30T07:58:01+00:00] Columns: {"Тусюк":"B","Муха":"C","Козлянко":"D","Юрченков":"E"}
[2026-07-30T07:58:01+00:00] Tech users: {"57":"Тусюк","65":"Козлянко","67":"Муха","71":"Юрченков"}
[2026-07-30T07:58:01+00:00] Sync window: 2026-07-01 → 2026-09-30
[2026-07-30T07:58:02+00:00] Bookings from calendar: 14
[2026-07-30T07:58:03+00:00] Active deals: 176
[2026-07-30T07:58:03+00:00] Titles not matched to active deals: Бронирование
[2026-07-30T07:58:03+00:00] Assignments: 6
[2026-07-30T07:58:03+00:00] No cell changes
[2026-07-30T07:58:03+00:00] State saved
[2026-07-30T07:58:03+00:00] === end (2.41s) ===
[2026-07-30T08:00:01+00:00] === start ===
[2026-07-30T08:00:01+00:00] Sheet rows: 31, month headers: 3
[2026-07-30T08:00:02+00:00] Columns: {"Тусюк":"B","Муха":"C","Козлянко":"D","Юрченков":"E"}
[2026-07-30T08:00:02+00:00] Tech users: {"57":"Тусюк","65":"Козлянко","67":"Муха","71":"Юрченков"}
[2026-07-30T08:00:02+00:00] Sync window: 2026-07-01 → 2026-09-30
[2026-07-30T08:00:04+00:00] Bookings from calendar: 14
[2026-07-30T08:00:05+00:00] Active deals: 176
[2026-07-30T08:00:05+00:00] Titles not matched to active deals: Бронирование
[2026-07-30T08:00:05+00:00] Assignments: 6
[2026-07-30T08:00:05+00:00] No cell changes
[2026-07-30T08:00:05+00:00] State saved
[2026-07-30T08:00:05+00:00] === end (3.66s) ===
[2026-07-30T08:02:01+00:00] === start ===
[2026-07-30T08:02:01+00:00] Sheet rows: 31, month headers: 3
[2026-07-30T08:02:02+00:00] Columns: {"Тусюк":"B","Муха":"C","Козлянко":"D","Юрченков":"E"}
[2026-07-30T08:02:02+00:00] Tech users: {"57":"Тусюк","65":"Козлянко","67":"Муха","71":"Юрченков"}
[2026-07-30T08:02:02+00:00] Sync window: 2026-07-01 → 2026-09-30
[2026-07-30T08:02:03+00:00] Bookings from calendar: 14
[2026-07-30T08:02:04+00:00] Active deals: 176
[2026-07-30T08:02:04+00:00] Titles not matched to active deals: Бронирование
[2026-07-30T08:02:04+00:00] Assignments: 6
[2026-07-30T08:02:04+00:00] No cell changes
[2026-07-30T08:02:04+00:00] State saved
[2026-07-30T08:02:04+00:00] === end (3.09s) ===
[2026-07-30T08:04:01+00:00] === start ===
[2026-07-30T08:04:02+00:00] Sheet rows: 31, month headers: 3
[2026-07-30T08:04:02+00:00] Columns: {"Тусюк":"B","Муха":"C","Козлянко":"D","Юрченков":"E"}
[2026-07-30T08:04:02+00:00] Tech users: {"57":"Тусюк","65":"Козлянко","67":"Муха","71":"Юрченков"}
[2026-07-30T08:04:02+00:00] Sync window: 2026-07-01 → 2026-09-30
[2026-07-30T08:04:03+00:00] Bookings from calendar: 14
[2026-07-30T08:04:04+00:00] Active deals: 176
[2026-07-30T08:04:04+00:00] Titles not matched to active deals: Бронирование
[2026-07-30T08:04:04+00:00] Assignments: 6
[2026-07-30T08:04:04+00:00] No cell changes
[2026-07-30T08:04:04+00:00] State saved
[2026-07-30T08:04:04+00:00] === end (2.78s) ===
[2026-07-30T08:06:01+00:00] === start ===
[2026-07-30T08:06:01+00:00] Sheet rows: 31, month headers: 3
[2026-07-30T08:06:01+00:00] Columns: {"Тусюк":"B","Муха":"C","Козлянко":"D","Юрченков":"E"}
[2026-07-30T08:06:02+00:00] Tech users: {"57":"Тусюк","65":"Козлянко","67":"Муха","71":"Юрченков"}
[2026-07-30T08:06:02+00:00] Sync window: 2026-07-01 → 2026-09-30
[2026-07-30T08:06:02+00:00] Bookings from calendar: 14
[2026-07-30T08:06:03+00:00] Active deals: 176
[2026-07-30T08:06:03+00:00] Titles not matched to active deals: Бронирование
[2026-07-30T08:06:03+00:00] Assignments: 6
[2026-07-30T08:06:03+00:00] No cell changes
[2026-07-30T08:06:03+00:00] State saved
[2026-07-30T08:06:03+00:00] === end (1.99s) ===
[2026-07-30T08:08:01+00:00] === start ===
[2026-07-30T08:08:01+00:00] Sheet rows: 31, month headers: 3
[2026-07-30T08:08:02+00:00] Columns: {"Тусюк":"B","Муха":"C","Козлянко":"D","Юрченков":"E"}
[2026-07-30T08:08:02+00:00] Tech users: {"57":"Тусюк","65":"Козлянко","67":"Муха","71":"Юрченков"}
[2026-07-30T08:08:02+00:00] Sync window: 2026-07-01 → 2026-09-30
[2026-07-30T08:08:03+00:00] Bookings from calendar: 14
[2026-07-30T08:08:04+00:00] Active deals: 176
[2026-07-30T08:08:04+00:00] Titles not matched to active deals: Бронирование
[2026-07-30T08:08:04+00:00] Assignments: 6
[2026-07-30T08:08:04+00:00] No cell changes
[2026-07-30T08:08:04+00:00] State saved
[2026-07-30T08:08:04+00:00] === end (3.56s) ===
[2026-07-30T08:10:01+00:00] === start ===
[2026-07-30T08:10:02+00:00] Sheet rows: 31, month headers: 3
[2026-07-30T08:10:03+00:00] Columns: {"Тусюк":"B","Муха":"C","Козлянко":"D","Юрченков":"E"}
[2026-07-30T08:10:03+00:00] Tech users: {"57":"Тусюк","65":"Козлянко","67":"Муха","71":"Юрченков"}
[2026-07-30T08:10:03+00:00] Sync window: 2026-07-01 → 2026-09-30
[2026-07-30T08:10:04+00:00] Bookings from calendar: 14
[2026-07-30T08:10:05+00:00] Active deals: 176
[2026-07-30T08:10:05+00:00] Titles not matched to active deals: Бронирование
[2026-07-30T08:10:05+00:00] Assignments: 6
[2026-07-30T08:10:05+00:00] No cell changes
[2026-07-30T08:10:05+00:00] State saved
[2026-07-30T08:10:05+00:00] === end (3.19s) ===
[2026-07-30T08:12:01+00:00] === start ===
[2026-07-30T08:12:01+00:00] Sheet rows: 31, month headers: 3
[2026-07-30T08:12:01+00:00] Columns: {"Тусюк":"B","Муха":"C","Козлянко":"D","Юрченков":"E"}
[2026-07-30T08:12:02+00:00] Tech users: {"57":"Тусюк","65":"Козлянко","67":"Муха","71":"Юрченков"}
[2026-07-30T08:12:02+00:00] Sync window: 2026-07-01 → 2026-09-30
[2026-07-30T08:12:02+00:00] Bookings from calendar: 14
[2026-07-30T08:12:03+00:00] Active deals: 176
[2026-07-30T08:12:03+00:00] Titles not matched to active deals: Бронирование
[2026-07-30T08:12:03+00:00] Assignments: 6
[2026-07-30T08:12:03+00:00] No cell changes
[2026-07-30T08:12:03+00:00] State saved
[2026-07-30T08:12:03+00:00] === end (2.1s) ===
[2026-07-30T08:14:01+00:00] === start ===
[2026-07-30T08:14:01+00:00] Sheet rows: 31, month headers: 3
[2026-07-30T08:14:02+00:00] Columns: {"Тусюк":"B","Муха":"C","Козлянко":"D","Юрченков":"E"}
[2026-07-30T08:14:02+00:00] Tech users: {"57":"Тусюк","65":"Козлянко","67":"Муха","71":"Юрченков"}
[2026-07-30T08:14:02+00:00] Sync window: 2026-07-01 → 2026-09-30
[2026-07-30T08:14:03+00:00] Bookings from calendar: 14
[2026-07-30T08:14:04+00:00] Active deals: 176
[2026-07-30T08:14:04+00:00] Titles not matched to active deals: Бронирование
[2026-07-30T08:14:04+00:00] Assignments: 6
[2026-07-30T08:14:04+00:00] No cell changes
[2026-07-30T08:14:04+00:00] State saved
[2026-07-30T08:14:04+00:00] === end (2.63s) ===
[2026-07-30T08:16:01+00:00] === start ===
[2026-07-30T08:16:01+00:00] Sheet rows: 31, month headers: 3
[2026-07-30T08:16:02+00:00] Columns: {"Тусюк":"B","Муха":"C","Козлянко":"D","Юрченков":"E"}
[2026-07-30T08:16:02+00:00] Tech users: {"57":"Тусюк","65":"Козлянко","67":"Муха","71":"Юрченков"}
[2026-07-30T08:16:02+00:00] Sync window: 2026-07-01 → 2026-09-30
[2026-07-30T08:16:03+00:00] Bookings from calendar: 14
[2026-07-30T08:16:04+00:00] Active deals: 176
[2026-07-30T08:16:04+00:00] Titles not matched to active deals: Бронирование
[2026-07-30T08:16:04+00:00] Assignments: 6
[2026-07-30T08:16:04+00:00] No cell changes
[2026-07-30T08:16:04+00:00] State saved
[2026-07-30T08:16:04+00:00] === end (2.7s) ===
[2026-07-30T08:18:01+00:00] === start ===
[2026-07-30T08:18:01+00:00] Sheet rows: 31, month headers: 3
[2026-07-30T08:18:01+00:00] Columns: {"Тусюк":"B","Муха":"C","Козлянко":"D","Юрченков":"E"}
[2026-07-30T08:18:02+00:00] Tech users: {"57":"Тусюк","65":"Козлянко","67":"Муха","71":"Юрченков"}
[2026-07-30T08:18:02+00:00] Sync window: 2026-07-01 → 2026-09-30
[2026-07-30T08:18:02+00:00] Bookings from calendar: 14
[2026-07-30T08:18:03+00:00] Active deals: 176
[2026-07-30T08:18:03+00:00] Titles not matched to active deals: Бронирование
[2026-07-30T08:18:03+00:00] Assignments: 6
[2026-07-30T08:18:03+00:00] No cell changes
[2026-07-30T08:18:03+00:00] State saved
[2026-07-30T08:18:03+00:00] === end (2.37s) ===
[2026-07-30T08:20:01+00:00] === start ===
[2026-07-30T08:20:02+00:00] Sheet rows: 31, month headers: 3
[2026-07-30T08:20:02+00:00] Columns: {"Тусюк":"B","Муха":"C","Козлянко":"D","Юрченков":"E"}
[2026-07-30T08:20:02+00:00] Tech users: {"57":"Тусюк","65":"Козлянко","67":"Муха","71":"Юрченков"}
[2026-07-30T08:20:02+00:00] Sync window: 2026-07-01 → 2026-09-30
[2026-07-30T08:20:03+00:00] Bookings from calendar: 14
[2026-07-30T08:20:03+00:00] Active deals: 176
[2026-07-30T08:20:03+00:00] Titles not matched to active deals: Бронирование
[2026-07-30T08:20:03+00:00] Assignments: 6
[2026-07-30T08:20:03+00:00] No cell changes
[2026-07-30T08:20:03+00:00] State saved
[2026-07-30T08:20:04+00:00] === end (2.26s) ===
[2026-07-30T08:22:01+00:00] === start ===
[2026-07-30T08:22:01+00:00] Sheet rows: 31, month headers: 3
[2026-07-30T08:22:02+00:00] Columns: {"Тусюк":"B","Муха":"C","Козлянко":"D","Юрченков":"E"}
[2026-07-30T08:22:02+00:00] Tech users: {"57":"Тусюк","65":"Козлянко","67":"Муха","71":"Юрченков"}
[2026-07-30T08:22:02+00:00] Sync window: 2026-07-01 → 2026-09-30
[2026-07-30T08:22:03+00:00] Bookings from calendar: 14
[2026-07-30T08:22:04+00:00] Active deals: 176
[2026-07-30T08:22:04+00:00] Titles not matched to active deals: Бронирование
[2026-07-30T08:22:04+00:00] Assignments: 6
[2026-07-30T08:22:04+00:00] No cell changes
[2026-07-30T08:22:04+00:00] State saved
[2026-07-30T08:22:04+00:00] === end (3.27s) ===
[2026-07-30T08:24:01+00:00] === start ===
[2026-07-30T08:24:01+00:00] Sheet rows: 31, month headers: 3
[2026-07-30T08:24:02+00:00] Columns: {"Тусюк":"B","Муха":"C","Козлянко":"D","Юрченков":"E"}
[2026-07-30T08:24:02+00:00] Tech users: {"57":"Тусюк","65":"Козлянко","67":"Муха","71":"Юрченков"}
[2026-07-30T08:24:02+00:00] Sync window: 2026-07-01 → 2026-09-30
[2026-07-30T08:24:03+00:00] Bookings from calendar: 14
[2026-07-30T08:24:04+00:00] Active deals: 176
[2026-07-30T08:24:04+00:00] Titles not matched to active deals: Бронирование
[2026-07-30T08:24:04+00:00] Assignments: 6
[2026-07-30T08:24:04+00:00] No cell changes
[2026-07-30T08:24:04+00:00] State saved
[2026-07-30T08:24:04+00:00] === end (2.76s) ===
[2026-07-30T08:26:01+00:00] === start ===
[2026-07-30T08:26:02+00:00] Sheet rows: 31, month headers: 3
[2026-07-30T08:26:02+00:00] Columns: {"Тусюк":"B","Муха":"C","Козлянко":"D","Юрченков":"E"}
[2026-07-30T08:26:02+00:00] Tech users: {"57":"Тусюк","65":"Козлянко","67":"Муха","71":"Юрченков"}
[2026-07-30T08:26:02+00:00] Sync window: 2026-07-01 → 2026-09-30
[2026-07-30T08:26:03+00:00] Bookings from calendar: 14
[2026-07-30T08:26:04+00:00] Active deals: 176
[2026-07-30T08:26:04+00:00] Titles not matched to active deals: Бронирование
[2026-07-30T08:26:04+00:00] Assignments: 6
[2026-07-30T08:26:04+00:00] No cell changes
[2026-07-30T08:26:04+00:00] State saved
[2026-07-30T08:26:04+00:00] === end (3.07s) ===
[2026-07-30T08:28:01+00:00] === start ===
[2026-07-30T08:28:01+00:00] Sheet rows: 31, month headers: 3
[2026-07-30T08:28:01+00:00] Columns: {"Тусюк":"B","Муха":"C","Козлянко":"D","Юрченков":"E"}
[2026-07-30T08:28:02+00:00] Tech users: {"57":"Тусюк","65":"Козлянко","67":"Муха","71":"Юрченков"}
[2026-07-30T08:28:02+00:00] Sync window: 2026-07-01 → 2026-09-30
[2026-07-30T08:28:02+00:00] Bookings from calendar: 14
[2026-07-30T08:28:03+00:00] Active deals: 176
[2026-07-30T08:28:03+00:00] Titles not matched to active deals: Бронирование
[2026-07-30T08:28:03+00:00] Assignments: 6
[2026-07-30T08:28:03+00:00] No cell changes
[2026-07-30T08:28:03+00:00] State saved
[2026-07-30T08:28:03+00:00] === end (2.39s) ===
[2026-07-30T08:30:01+00:00] === start ===
[2026-07-30T08:30:02+00:00] Sheet rows: 31, month headers: 3
[2026-07-30T08:30:02+00:00] Columns: {"Тусюк":"B","Муха":"C","Козлянко":"D","Юрченков":"E"}
[2026-07-30T08:30:02+00:00] Tech users: {"57":"Тусюк","65":"Козлянко","67":"Муха","71":"Юрченков"}
[2026-07-30T08:30:02+00:00] Sync window: 2026-07-01 → 2026-09-30
[2026-07-30T08:30:03+00:00] Bookings from calendar: 14
[2026-07-30T08:30:04+00:00] Active deals: 176
[2026-07-30T08:30:04+00:00] Titles not matched to active deals: Бронирование
[2026-07-30T08:30:04+00:00] Assignments: 6
[2026-07-30T08:30:04+00:00] No cell changes
[2026-07-30T08:30:04+00:00] State saved
[2026-07-30T08:30:04+00:00] === end (2.25s) ===
[2026-07-30T08:32:01+00:00] === start ===
[2026-07-30T08:32:02+00:00] Sheet rows: 31, month headers: 3
[2026-07-30T08:32:02+00:00] Columns: {"Тусюк":"B","Муха":"C","Козлянко":"D","Юрченков":"E"}
[2026-07-30T08:32:02+00:00] Tech users: {"57":"Тусюк","65":"Козлянко","67":"Муха","71":"Юрченков"}
[2026-07-30T08:32:02+00:00] Sync window: 2026-07-01 → 2026-09-30
[2026-07-30T08:32:03+00:00] Bookings from calendar: 14
[2026-07-30T08:32:04+00:00] Active deals: 176
[2026-07-30T08:32:04+00:00] Titles not matched to active deals: Бронирование
[2026-07-30T08:32:04+00:00] Assignments: 6
[2026-07-30T08:32:04+00:00] No cell changes
[2026-07-30T08:32:04+00:00] State saved
[2026-07-30T08:32:04+00:00] === end (3.11s) ===
[2026-07-30T08:34:01+00:00] === start ===
[2026-07-30T08:34:02+00:00] Sheet rows: 31, month headers: 3
[2026-07-30T08:34:02+00:00] Columns: {"Тусюк":"B","Муха":"C","Козлянко":"D","Юрченков":"E"}
[2026-07-30T08:34:02+00:00] Tech users: {"57":"Тусюк","65":"Козлянко","67":"Муха","71":"Юрченков"}
[2026-07-30T08:34:02+00:00] Sync window: 2026-07-01 → 2026-09-30
[2026-07-30T08:34:03+00:00] Bookings from calendar: 14
[2026-07-30T08:34:04+00:00] Active deals: 176
[2026-07-30T08:34:04+00:00] Titles not matched to active deals: Бронирование
[2026-07-30T08:34:04+00:00] Assignments: 6
[2026-07-30T08:34:04+00:00] No cell changes
[2026-07-30T08:34:04+00:00] State saved
[2026-07-30T08:34:04+00:00] === end (3.08s) ===
[2026-07-30T08:36:01+00:00] === start ===
[2026-07-30T08:36:01+00:00] Sheet rows: 31, month headers: 3
[2026-07-30T08:36:02+00:00] Columns: {"Тусюк":"B","Муха":"C","Козлянко":"D","Юрченков":"E"}
[2026-07-30T08:36:07+00:00] Tech users: {"57":"Тусюк","65":"Козлянко","67":"Муха","71":"Юрченков"}
[2026-07-30T08:36:07+00:00] Sync window: 2026-07-01 → 2026-09-30
[2026-07-30T08:36:25+00:00] Bookings from calendar: 14
[2026-07-30T08:36:40+00:00] Active deals: 176
[2026-07-30T08:36:40+00:00] Titles not matched to active deals: Бронирование
[2026-07-30T08:36:40+00:00] Assignments: 6
[2026-07-30T08:36:40+00:00] No cell changes
[2026-07-30T08:36:40+00:00] State saved
[2026-07-30T08:36:40+00:00] === end (38.49s) ===
[2026-07-30T08:38:01+00:00] === start ===
[2026-07-30T08:38:01+00:00] Sheet rows: 31, month headers: 3
[2026-07-30T08:38:01+00:00] Columns: {"Тусюк":"B","Муха":"C","Козлянко":"D","Юрченков":"E"}
[2026-07-30T08:38:04+00:00] Tech users: {"57":"Тусюк","65":"Козлянко","67":"Муха","71":"Юрченков"}
[2026-07-30T08:38:04+00:00] Sync window: 2026-07-01 → 2026-09-30
[2026-07-30T08:38:06+00:00] Bookings from calendar: 14
[2026-07-30T08:38:07+00:00] Active deals: 176
[2026-07-30T08:38:07+00:00] Titles not matched to active deals: Бронирование
[2026-07-30T08:38:07+00:00] Assignments: 6
[2026-07-30T08:38:07+00:00] No cell changes
[2026-07-30T08:38:07+00:00] State saved
[2026-07-30T08:38:07+00:00] === end (5.92s) ===
[2026-07-30T08:40:01+00:00] === start ===
[2026-07-30T08:40:01+00:00] Sheet rows: 31, month headers: 3
[2026-07-30T08:40:01+00:00] Columns: {"Тусюк":"B","Муха":"C","Козлянко":"D","Юрченков":"E"}
[2026-07-30T08:40:02+00:00] Tech users: {"57":"Тусюк","65":"Козлянко","67":"Муха","71":"Юрченков"}
[2026-07-30T08:40:02+00:00] Sync window: 2026-07-01 → 2026-09-30
[2026-07-30T08:40:02+00:00] Bookings from calendar: 14
[2026-07-30T08:40:03+00:00] Active deals: 176
[2026-07-30T08:40:03+00:00] Titles not matched to active deals: Бронирование
[2026-07-30T08:40:03+00:00] Assignments: 6
[2026-07-30T08:40:03+00:00] No cell changes
[2026-07-30T08:40:03+00:00] State saved
[2026-07-30T08:40:03+00:00] === end (2.62s) ===
[2026-07-30T08:42:01+00:00] === start ===
[2026-07-30T08:42:02+00:00] Sheet rows: 31, month headers: 3
[2026-07-30T08:42:02+00:00] Columns: {"Тусюк":"B","Муха":"C","Козлянко":"D","Юрченков":"E"}
[2026-07-30T08:42:03+00:00] Tech users: {"57":"Тусюк","65":"Козлянко","67":"Муха","71":"Юрченков"}
[2026-07-30T08:42:03+00:00] Sync window: 2026-07-01 → 2026-09-30
[2026-07-30T08:42:03+00:00] Bookings from calendar: 14
[2026-07-30T08:42:05+00:00] Active deals: 176
[2026-07-30T08:42:05+00:00] Titles not matched to active deals: Бронирование
[2026-07-30T08:42:05+00:00] Assignments: 6
[2026-07-30T08:42:05+00:00] No cell changes
[2026-07-30T08:42:05+00:00] State saved
[2026-07-30T08:42:05+00:00] === end (3.32s) ===
[2026-07-30T08:44:01+00:00] === start ===
[2026-07-30T08:44:01+00:00] Sheet rows: 31, month headers: 3
[2026-07-30T08:44:01+00:00] Columns: {"Тусюк":"B","Муха":"C","Козлянко":"D","Юрченков":"E"}
[2026-07-30T08:44:01+00:00] Tech users: {"57":"Тусюк","65":"Козлянко","67":"Муха","71":"Юрченков"}
[2026-07-30T08:44:01+00:00] Sync window: 2026-07-01 → 2026-09-30
[2026-07-30T08:44:02+00:00] Bookings from calendar: 14
[2026-07-30T08:44:03+00:00] Active deals: 176
[2026-07-30T08:44:03+00:00] Titles not matched to active deals: Бронирование
[2026-07-30T08:44:03+00:00] Assignments: 6
[2026-07-30T08:44:03+00:00] No cell changes
[2026-07-30T08:44:03+00:00] State saved
[2026-07-30T08:44:03+00:00] === end (2.52s) ===
[2026-07-30T08:46:01+00:00] === start ===
[2026-07-30T08:46:02+00:00] Sheet rows: 31, month headers: 3
[2026-07-30T08:46:02+00:00] Columns: {"Тусюк":"B","Муха":"C","Козлянко":"D","Юрченков":"E"}
[2026-07-30T08:46:02+00:00] Tech users: {"57":"Тусюк","65":"Козлянко","67":"Муха","71":"Юрченков"}
[2026-07-30T08:46:02+00:00] Sync window: 2026-07-01 → 2026-09-30
[2026-07-30T08:46:03+00:00] Bookings from calendar: 14
[2026-07-30T08:46:04+00:00] Active deals: 176
[2026-07-30T08:46:04+00:00] Titles not matched to active deals: Бронирование
[2026-07-30T08:46:04+00:00] Assignments: 6
[2026-07-30T08:46:04+00:00] No cell changes
[2026-07-30T08:46:04+00:00] State saved
[2026-07-30T08:46:04+00:00] === end (2.69s) ===
[2026-07-30T08:48:01+00:00] === start ===
[2026-07-30T08:48:02+00:00] Sheet rows: 31, month headers: 3
[2026-07-30T08:48:02+00:00] Columns: {"Тусюк":"B","Муха":"C","Козлянко":"D","Юрченков":"E"}
[2026-07-30T08:48:02+00:00] Tech users: {"57":"Тусюк","65":"Козлянко","67":"Муха","71":"Юрченков"}
[2026-07-30T08:48:02+00:00] Sync window: 2026-07-01 → 2026-09-30
[2026-07-30T08:48:03+00:00] Bookings from calendar: 14
[2026-07-30T08:48:04+00:00] Active deals: 176
[2026-07-30T08:48:04+00:00] Titles not matched to active deals: Бронирование
[2026-07-30T08:48:04+00:00] Assignments: 6
[2026-07-30T08:48:04+00:00] No cell changes
[2026-07-30T08:48:04+00:00] State saved
[2026-07-30T08:48:04+00:00] === end (2.75s) ===
[2026-07-30T08:50:01+00:00] === start ===
[2026-07-30T08:50:01+00:00] Sheet rows: 31, month headers: 3
[2026-07-30T08:50:02+00:00] Columns: {"Тусюк":"B","Муха":"C","Козлянко":"D","Юрченков":"E"}
[2026-07-30T08:50:02+00:00] Tech users: {"57":"Тусюк","65":"Козлянко","67":"Муха","71":"Юрченков"}
[2026-07-30T08:50:02+00:00] Sync window: 2026-07-01 → 2026-09-30
[2026-07-30T08:50:03+00:00] Bookings from calendar: 14
[2026-07-30T08:50:03+00:00] Active deals: 176
[2026-07-30T08:50:03+00:00] Titles not matched to active deals: Бронирование
[2026-07-30T08:50:03+00:00] Assignments: 6
[2026-07-30T08:50:03+00:00] No cell changes
[2026-07-30T08:50:03+00:00] State saved
[2026-07-30T08:50:03+00:00] === end (2.42s) ===
[2026-07-30T08:52:01+00:00] === start ===
[2026-07-30T08:52:02+00:00] Sheet rows: 31, month headers: 3
[2026-07-30T08:52:03+00:00] Columns: {"Тусюк":"B","Муха":"C","Козлянко":"D","Юрченков":"E"}
[2026-07-30T08:52:03+00:00] Tech users: {"57":"Тусюк","65":"Козлянко","67":"Муха","71":"Юрченков"}
[2026-07-30T08:52:03+00:00] Sync window: 2026-07-01 → 2026-09-30
[2026-07-30T08:52:04+00:00] Bookings from calendar: 14
[2026-07-30T08:52:04+00:00] Active deals: 176
[2026-07-30T08:52:04+00:00] Titles not matched to active deals: Бронирование
[2026-07-30T08:52:04+00:00] Assignments: 6
[2026-07-30T08:52:04+00:00] No cell changes
[2026-07-30T08:52:04+00:00] State saved
[2026-07-30T08:52:04+00:00] === end (2.97s) ===
[2026-07-30T08:54:01+00:00] === start ===
[2026-07-30T08:54:02+00:00] Sheet rows: 31, month headers: 3
[2026-07-30T08:54:02+00:00] Columns: {"Тусюк":"B","Муха":"C","Козлянко":"D","Юрченков":"E"}
[2026-07-30T08:54:02+00:00] Tech users: {"57":"Тусюк","65":"Козлянко","67":"Муха","71":"Юрченков"}
[2026-07-30T08:54:02+00:00] Sync window: 2026-07-01 → 2026-09-30
[2026-07-30T08:54:03+00:00] Bookings from calendar: 14
[2026-07-30T08:54:04+00:00] Active deals: 176
[2026-07-30T08:54:04+00:00] Titles not matched to active deals: Бронирование
[2026-07-30T08:54:04+00:00] Assignments: 6
[2026-07-30T08:54:04+00:00] No cell changes
[2026-07-30T08:54:04+00:00] State saved
[2026-07-30T08:54:04+00:00] === end (2.52s) ===
[2026-07-30T08:56:01+00:00] === start ===
[2026-07-30T08:56:01+00:00] Sheet rows: 31, month headers: 3
[2026-07-30T08:56:02+00:00] Columns: {"Тусюк":"B","Муха":"C","Козлянко":"D","Юрченков":"E"}
[2026-07-30T08:56:02+00:00] Tech users: {"57":"Тусюк","65":"Козлянко","67":"Муха","71":"Юрченков"}
[2026-07-30T08:56:02+00:00] Sync window: 2026-07-01 → 2026-09-30
[2026-07-30T08:56:03+00:00] Bookings from calendar: 14
[2026-07-30T08:56:03+00:00] Active deals: 176
[2026-07-30T08:56:03+00:00] Titles not matched to active deals: Бронирование
[2026-07-30T08:56:03+00:00] Assignments: 6
[2026-07-30T08:56:03+00:00] No cell changes
[2026-07-30T08:56:03+00:00] State saved
[2026-07-30T08:56:03+00:00] === end (2.3s) ===
[2026-07-30T08:58:01+00:00] === start ===
[2026-07-30T08:58:02+00:00] Sheet rows: 31, month headers: 3
[2026-07-30T08:58:02+00:00] Columns: {"Тусюк":"B","Муха":"C","Козлянко":"D","Юрченков":"E"}
[2026-07-30T08:58:02+00:00] Tech users: {"57":"Тусюк","65":"Козлянко","67":"Муха","71":"Юрченков"}
[2026-07-30T08:58:02+00:00] Sync window: 2026-07-01 → 2026-09-30
[2026-07-30T08:58:03+00:00] Bookings from calendar: 14
[2026-07-30T08:58:04+00:00] Active deals: 176
[2026-07-30T08:58:04+00:00] Titles not matched to active deals: Бронирование
[2026-07-30T08:58:04+00:00] Assignments: 6
[2026-07-30T08:58:04+00:00] No cell changes
[2026-07-30T08:58:04+00:00] State saved
[2026-07-30T08:58:04+00:00] === end (2.2s) ===
[2026-07-30T09:00:01+00:00] === start ===
[2026-07-30T09:00:01+00:00] Sheet rows: 31, month headers: 3
[2026-07-30T09:00:01+00:00] Columns: {"Тусюк":"B","Муха":"C","Козлянко":"D","Юрченков":"E"}
[2026-07-30T09:00:02+00:00] Tech users: {"57":"Тусюк","65":"Козлянко","67":"Муха","71":"Юрченков"}
[2026-07-30T09:00:02+00:00] Sync window: 2026-07-01 → 2026-09-30
[2026-07-30T09:00:03+00:00] Bookings from calendar: 14
[2026-07-30T09:00:03+00:00] Active deals: 176
[2026-07-30T09:00:03+00:00] Titles not matched to active deals: Бронирование
[2026-07-30T09:00:03+00:00] Assignments: 6
[2026-07-30T09:00:03+00:00] No cell changes
[2026-07-30T09:00:03+00:00] State saved
[2026-07-30T09:00:03+00:00] === end (2.79s) ===
[2026-07-30T09:02:02+00:00] === start ===
[2026-07-30T09:02:02+00:00] Sheet rows: 31, month headers: 3
[2026-07-30T09:02:03+00:00] Columns: {"Тусюк":"B","Муха":"C","Козлянко":"D","Юрченков":"E"}
[2026-07-30T09:02:03+00:00] Tech users: {"57":"Тусюк","65":"Козлянко","67":"Муха","71":"Юрченков"}
[2026-07-30T09:02:03+00:00] Sync window: 2026-07-01 → 2026-09-30
[2026-07-30T09:02:04+00:00] Bookings from calendar: 14
[2026-07-30T09:02:05+00:00] Active deals: 176
[2026-07-30T09:02:05+00:00] Titles not matched to active deals: Бронирование
[2026-07-30T09:02:05+00:00] Assignments: 6
[2026-07-30T09:02:05+00:00] No cell changes
[2026-07-30T09:02:05+00:00] State saved
[2026-07-30T09:02:05+00:00] === end (3.21s) ===
[2026-07-30T09:04:01+00:00] === start ===
[2026-07-30T09:04:01+00:00] Sheet rows: 31, month headers: 3
[2026-07-30T09:04:01+00:00] Columns: {"Тусюк":"B","Муха":"C","Козлянко":"D","Юрченков":"E"}
[2026-07-30T09:04:02+00:00] Tech users: {"57":"Тусюк","65":"Козлянко","67":"Муха","71":"Юрченков"}
[2026-07-30T09:04:02+00:00] Sync window: 2026-07-01 → 2026-09-30
[2026-07-30T09:04:02+00:00] Bookings from calendar: 14
[2026-07-30T09:04:03+00:00] Active deals: 176
[2026-07-30T09:04:03+00:00] Titles not matched to active deals: Бронирование
[2026-07-30T09:04:03+00:00] Assignments: 6
[2026-07-30T09:04:03+00:00] No cell changes
[2026-07-30T09:04:03+00:00] State saved
[2026-07-30T09:04:03+00:00] === end (2.18s) ===
[2026-07-30T09:06:01+00:00] === start ===
[2026-07-30T09:06:01+00:00] Sheet rows: 31, month headers: 3
[2026-07-30T09:06:02+00:00] Columns: {"Тусюк":"B","Муха":"C","Козлянко":"D","Юрченков":"E"}
[2026-07-30T09:06:02+00:00] Tech users: {"57":"Тусюк","65":"Козлянко","67":"Муха","71":"Юрченков"}
[2026-07-30T09:06:02+00:00] Sync window: 2026-07-01 → 2026-09-30
[2026-07-30T09:06:03+00:00] Bookings from calendar: 14
[2026-07-30T09:06:04+00:00] Active deals: 176
[2026-07-30T09:06:04+00:00] Titles not matched to active deals: Бронирование
[2026-07-30T09:06:04+00:00] Assignments: 6
[2026-07-30T09:06:04+00:00] No cell changes
[2026-07-30T09:06:04+00:00] State saved
[2026-07-30T09:06:04+00:00] === end (3.4s) ===
[2026-07-30T09:08:01+00:00] === start ===
[2026-07-30T09:08:02+00:00] Sheet rows: 31, month headers: 3
[2026-07-30T09:08:02+00:00] Columns: {"Тусюк":"B","Муха":"C","Козлянко":"D","Юрченков":"E"}
[2026-07-30T09:08:03+00:00] Tech users: {"57":"Тусюк","65":"Козлянко","67":"Муха","71":"Юрченков"}
[2026-07-30T09:08:03+00:00] Sync window: 2026-07-01 → 2026-09-30
[2026-07-30T09:08:03+00:00] Bookings from calendar: 14
[2026-07-30T09:08:04+00:00] Active deals: 176
[2026-07-30T09:08:04+00:00] Titles not matched to active deals: Бронирование
[2026-07-30T09:08:04+00:00] Assignments: 6
[2026-07-30T09:08:04+00:00] No cell changes
[2026-07-30T09:08:04+00:00] State saved
[2026-07-30T09:08:04+00:00] === end (2.89s) ===
[2026-07-30T09:10:02+00:00] === start ===
[2026-07-30T09:10:02+00:00] Sheet rows: 31, month headers: 3
[2026-07-30T09:10:03+00:00] Columns: {"Тусюк":"B","Муха":"C","Козлянко":"D","Юрченков":"E"}
[2026-07-30T09:10:03+00:00] Tech users: {"57":"Тусюк","65":"Козлянко","67":"Муха","71":"Юрченков"}
[2026-07-30T09:10:03+00:00] Sync window: 2026-07-01 → 2026-09-30
[2026-07-30T09:10:04+00:00] Bookings from calendar: 14
[2026-07-30T09:10:05+00:00] Active deals: 176
[2026-07-30T09:10:05+00:00] Titles not matched to active deals: Бронирование
[2026-07-30T09:10:05+00:00] Assignments: 6
[2026-07-30T09:10:05+00:00] No cell changes
[2026-07-30T09:10:05+00:00] State saved
[2026-07-30T09:10:05+00:00] === end (3.45s) ===
[2026-07-30T09:12:01+00:00] === start ===
[2026-07-30T09:12:01+00:00] Sheet rows: 31, month headers: 3
[2026-07-30T09:12:02+00:00] Columns: {"Тусюк":"B","Муха":"C","Козлянко":"D","Юрченков":"E"}
[2026-07-30T09:12:02+00:00] Tech users: {"57":"Тусюк","65":"Козлянко","67":"Муха","71":"Юрченков"}
[2026-07-30T09:12:02+00:00] Sync window: 2026-07-01 → 2026-09-30
[2026-07-30T09:12:03+00:00] Bookings from calendar: 14
[2026-07-30T09:12:03+00:00] Active deals: 176
[2026-07-30T09:12:03+00:00] Titles not matched to active deals: Бронирование
[2026-07-30T09:12:03+00:00] Assignments: 6
[2026-07-30T09:12:03+00:00] No cell changes
[2026-07-30T09:12:03+00:00] State saved
[2026-07-30T09:12:03+00:00] === end (2.36s) ===
[2026-07-30T09:14:01+00:00] === start ===
[2026-07-30T09:14:03+00:00] Sheet rows: 31, month headers: 3
[2026-07-30T09:14:03+00:00] Columns: {"Тусюк":"B","Муха":"C","Козлянко":"D","Юрченков":"E"}
[2026-07-30T09:14:04+00:00] Tech users: {"57":"Тусюк","65":"Козлянко","67":"Муха","71":"Юрченков"}
[2026-07-30T09:14:04+00:00] Sync window: 2026-07-01 → 2026-09-30
[2026-07-30T09:14:05+00:00] Bookings from calendar: 14
[2026-07-30T09:14:05+00:00] Active deals: 176
[2026-07-30T09:14:05+00:00] Titles not matched to active deals: Бронирование
[2026-07-30T09:14:05+00:00] Assignments: 6
[2026-07-30T09:14:05+00:00] No cell changes
[2026-07-30T09:14:05+00:00] State saved
[2026-07-30T09:14:05+00:00] === end (3.9s) ===
[2026-07-30T09:16:01+00:00] === start ===
[2026-07-30T09:16:01+00:00] Sheet rows: 31, month headers: 3
[2026-07-30T09:16:02+00:00] Columns: {"Тусюк":"B","Муха":"C","Козлянко":"D","Юрченков":"E"}
[2026-07-30T09:16:02+00:00] Tech users: {"57":"Тусюк","65":"Козлянко","67":"Муха","71":"Юрченков"}
[2026-07-30T09:16:02+00:00] Sync window: 2026-07-01 → 2026-09-30
[2026-07-30T09:16:03+00:00] Bookings from calendar: 14
[2026-07-30T09:16:04+00:00] Active deals: 176
[2026-07-30T09:16:04+00:00] Titles not matched to active deals: Бронирование
[2026-07-30T09:16:04+00:00] Assignments: 6
[2026-07-30T09:16:04+00:00] No cell changes
[2026-07-30T09:16:04+00:00] State saved
[2026-07-30T09:16:04+00:00] === end (2.55s) ===
[2026-07-30T09:18:01+00:00] === start ===
[2026-07-30T09:18:01+00:00] Sheet rows: 31, month headers: 3
[2026-07-30T09:18:02+00:00] Columns: {"Тусюк":"B","Муха":"C","Козлянко":"D","Юрченков":"E"}
[2026-07-30T09:18:02+00:00] Tech users: {"57":"Тусюк","65":"Козлянко","67":"Муха","71":"Юрченков"}
[2026-07-30T09:18:02+00:00] Sync window: 2026-07-01 → 2026-09-30
[2026-07-30T09:18:03+00:00] Bookings from calendar: 14
[2026-07-30T09:18:04+00:00] Active deals: 176
[2026-07-30T09:18:04+00:00] Titles not matched to active deals: Бронирование
[2026-07-30T09:18:04+00:00] Assignments: 6
[2026-07-30T09:18:04+00:00] No cell changes
[2026-07-30T09:18:04+00:00] State saved
[2026-07-30T09:18:04+00:00] === end (2.75s) ===
[2026-07-30T09:20:01+00:00] === start ===
[2026-07-30T09:20:01+00:00] Sheet rows: 31, month headers: 3
[2026-07-30T09:20:02+00:00] Columns: {"Тусюк":"B","Муха":"C","Козлянко":"D","Юрченков":"E"}
[2026-07-30T09:20:02+00:00] Tech users: {"57":"Тусюк","65":"Козлянко","67":"Муха","71":"Юрченков"}
[2026-07-30T09:20:02+00:00] Sync window: 2026-07-01 → 2026-09-30
[2026-07-30T09:20:02+00:00] Bookings from calendar: 14
[2026-07-30T09:20:03+00:00] Active deals: 176
[2026-07-30T09:20:03+00:00] Titles not matched to active deals: Бронирование
[2026-07-30T09:20:03+00:00] Assignments: 6
[2026-07-30T09:20:03+00:00] No cell changes
[2026-07-30T09:20:03+00:00] State saved
[2026-07-30T09:20:03+00:00] === end (2.49s) ===
[2026-07-30T09:22:01+00:00] === start ===
[2026-07-30T09:22:01+00:00] Sheet rows: 31, month headers: 3
[2026-07-30T09:22:02+00:00] Columns: {"Тусюк":"B","Муха":"C","Козлянко":"D","Юрченков":"E"}
[2026-07-30T09:22:02+00:00] Tech users: {"57":"Тусюк","65":"Козлянко","67":"Муха","71":"Юрченков"}
[2026-07-30T09:22:02+00:00] Sync window: 2026-07-01 → 2026-09-30
[2026-07-30T09:22:03+00:00] Bookings from calendar: 14
[2026-07-30T09:22:03+00:00] Active deals: 176
[2026-07-30T09:22:03+00:00] Titles not matched to active deals: Бронирование
[2026-07-30T09:22:03+00:00] Assignments: 6
[2026-07-30T09:22:03+00:00] No cell changes
[2026-07-30T09:22:03+00:00] State saved
[2026-07-30T09:22:03+00:00] === end (2.31s) ===
[2026-07-30T09:24:02+00:00] === start ===
[2026-07-30T09:24:02+00:00] Sheet rows: 31, month headers: 3
[2026-07-30T09:24:03+00:00] Columns: {"Тусюк":"B","Муха":"C","Козлянко":"D","Юрченков":"E"}
[2026-07-30T09:24:03+00:00] Tech users: {"57":"Тусюк","65":"Козлянко","67":"Муха","71":"Юрченков"}
[2026-07-30T09:24:03+00:00] Sync window: 2026-07-01 → 2026-09-30
[2026-07-30T09:24:04+00:00] Bookings from calendar: 14
[2026-07-30T09:24:04+00:00] Active deals: 176
[2026-07-30T09:24:04+00:00] Titles not matched to active deals: Бронирование
[2026-07-30T09:24:04+00:00] Assignments: 6
[2026-07-30T09:24:04+00:00] No cell changes
[2026-07-30T09:24:04+00:00] State saved
[2026-07-30T09:24:04+00:00] === end (2.74s) ===
[2026-07-30T09:26:01+00:00] === start ===
[2026-07-30T09:26:02+00:00] Sheet rows: 31, month headers: 3
[2026-07-30T09:26:02+00:00] Columns: {"Тусюк":"B","Муха":"C","Козлянко":"D","Юрченков":"E"}
[2026-07-30T09:26:02+00:00] Tech users: {"57":"Тусюк","65":"Козлянко","67":"Муха","71":"Юрченков"}
[2026-07-30T09:26:02+00:00] Sync window: 2026-07-01 → 2026-09-30
[2026-07-30T09:26:03+00:00] Bookings from calendar: 14
[2026-07-30T09:26:04+00:00] Active deals: 176
[2026-07-30T09:26:04+00:00] Titles not matched to active deals: Бронирование
[2026-07-30T09:26:04+00:00] Assignments: 6
[2026-07-30T09:26:04+00:00] No cell changes
[2026-07-30T09:26:04+00:00] State saved
[2026-07-30T09:26:04+00:00] === end (2.3s) ===
[2026-07-30T09:28:01+00:00] === start ===
[2026-07-30T09:28:01+00:00] Sheet rows: 31, month headers: 3
[2026-07-30T09:28:01+00:00] Columns: {"Тусюк":"B","Муха":"C","Козлянко":"D","Юрченков":"E"}
[2026-07-30T09:28:02+00:00] Tech users: {"57":"Тусюк","65":"Козлянко","67":"Муха","71":"Юрченков"}
[2026-07-30T09:28:02+00:00] Sync window: 2026-07-01 → 2026-09-30
[2026-07-30T09:28:02+00:00] Bookings from calendar: 14
[2026-07-30T09:28:03+00:00] Active deals: 176
[2026-07-30T09:28:03+00:00] Titles not matched to active deals: Бронирование
[2026-07-30T09:28:03+00:00] Assignments: 6
[2026-07-30T09:28:03+00:00] No cell changes
[2026-07-30T09:28:03+00:00] State saved
[2026-07-30T09:28:03+00:00] === end (2.26s) ===
[2026-07-30T09:30:01+00:00] === start ===
[2026-07-30T09:30:02+00:00] Sheet rows: 31, month headers: 3
[2026-07-30T09:30:02+00:00] Columns: {"Тусюк":"B","Муха":"C","Козлянко":"D","Юрченков":"E"}
[2026-07-30T09:30:03+00:00] Tech users: {"57":"Тусюк","65":"Козлянко","67":"Муха","71":"Юрченков"}
[2026-07-30T09:30:03+00:00] Sync window: 2026-07-01 → 2026-09-30
[2026-07-30T09:30:04+00:00] Bookings from calendar: 14
[2026-07-30T09:30:05+00:00] Active deals: 176
[2026-07-30T09:30:05+00:00] Titles not matched to active deals: Бронирование
[2026-07-30T09:30:05+00:00] Assignments: 6
[2026-07-30T09:30:05+00:00] No cell changes
[2026-07-30T09:30:05+00:00] State saved
[2026-07-30T09:30:05+00:00] === end (3.74s) ===
[2026-07-30T09:32:01+00:00] === start ===
[2026-07-30T09:32:01+00:00] Sheet rows: 31, month headers: 3
[2026-07-30T09:32:02+00:00] Columns: {"Тусюк":"B","Муха":"C","Козлянко":"D","Юрченков":"E"}
[2026-07-30T09:32:02+00:00] Tech users: {"57":"Тусюк","65":"Козлянко","67":"Муха","71":"Юрченков"}
[2026-07-30T09:32:02+00:00] Sync window: 2026-07-01 → 2026-09-30
[2026-07-30T09:32:03+00:00] Bookings from calendar: 14
[2026-07-30T09:32:03+00:00] Active deals: 176
[2026-07-30T09:32:03+00:00] Titles not matched to active deals: Бронирование
[2026-07-30T09:32:03+00:00] Assignments: 6
[2026-07-30T09:32:03+00:00] No cell changes
[2026-07-30T09:32:03+00:00] State saved
[2026-07-30T09:32:03+00:00] === end (2.48s) ===
[2026-07-30T09:34:01+00:00] === start ===
[2026-07-30T09:34:02+00:00] Sheet rows: 31, month headers: 3
[2026-07-30T09:34:03+00:00] Columns: {"Тусюк":"B","Муха":"C","Козлянко":"D","Юрченков":"E"}
[2026-07-30T09:34:03+00:00] Tech users: {"57":"Тусюк","65":"Козлянко","67":"Муха","71":"Юрченков"}
[2026-07-30T09:34:03+00:00] Sync window: 2026-07-01 → 2026-09-30
[2026-07-30T09:34:04+00:00] Bookings from calendar: 14
[2026-07-30T09:34:04+00:00] Active deals: 176
[2026-07-30T09:34:04+00:00] Titles not matched to active deals: Бронирование
[2026-07-30T09:34:04+00:00] Assignments: 6
[2026-07-30T09:34:04+00:00] No cell changes
[2026-07-30T09:34:04+00:00] State saved
[2026-07-30T09:34:04+00:00] === end (2.94s) ===
[2026-07-30T09:36:01+00:00] === start ===
[2026-07-30T09:36:02+00:00] Sheet rows: 31, month headers: 3
[2026-07-30T09:36:02+00:00] Columns: {"Тусюк":"B","Муха":"C","Козлянко":"D","Юрченков":"E"}
[2026-07-30T09:36:02+00:00] Tech users: {"57":"Тусюк","65":"Козлянко","67":"Муха","71":"Юрченков"}
[2026-07-30T09:36:02+00:00] Sync window: 2026-07-01 → 2026-09-30
[2026-07-30T09:36:03+00:00] Bookings from calendar: 14
[2026-07-30T09:36:04+00:00] Active deals: 176
[2026-07-30T09:36:04+00:00] Titles not matched to active deals: Бронирование
[2026-07-30T09:36:04+00:00] Assignments: 6
[2026-07-30T09:36:04+00:00] No cell changes
[2026-07-30T09:36:04+00:00] State saved
[2026-07-30T09:36:04+00:00] === end (2.64s) ===
[2026-07-30T09:38:01+00:00] === start ===
[2026-07-30T09:38:02+00:00] Sheet rows: 31, month headers: 3
[2026-07-30T09:38:02+00:00] Columns: {"Тусюк":"B","Муха":"C","Козлянко":"D","Юрченков":"E"}
[2026-07-30T09:38:02+00:00] Tech users: {"57":"Тусюк","65":"Козлянко","67":"Муха","71":"Юрченков"}
[2026-07-30T09:38:02+00:00] Sync window: 2026-07-01 → 2026-09-30
[2026-07-30T09:38:03+00:00] Bookings from calendar: 14
[2026-07-30T09:38:04+00:00] Active deals: 176
[2026-07-30T09:38:04+00:00] Titles not matched to active deals: Бронирование
[2026-07-30T09:38:04+00:00] Assignments: 6
[2026-07-30T09:38:04+00:00] No cell changes
[2026-07-30T09:38:04+00:00] State saved
[2026-07-30T09:38:04+00:00] === end (2.83s) ===
[2026-07-30T09:40:01+00:00] === start ===
[2026-07-30T09:40:01+00:00] Sheet rows: 31, month headers: 3
[2026-07-30T09:40:02+00:00] Columns: {"Тусюк":"B","Муха":"C","Козлянко":"D","Юрченков":"E"}
[2026-07-30T09:40:02+00:00] Tech users: {"57":"Тусюк","65":"Козлянко","67":"Муха","71":"Юрченков"}
[2026-07-30T09:40:02+00:00] Sync window: 2026-07-01 → 2026-09-30
[2026-07-30T09:40:04+00:00] Bookings from calendar: 14
[2026-07-30T09:40:06+00:00] Active deals: 176
[2026-07-30T09:40:06+00:00] Titles not matched to active deals: Бронирование
[2026-07-30T09:40:06+00:00] Assignments: 6
[2026-07-30T09:40:06+00:00] No cell changes
[2026-07-30T09:40:06+00:00] State saved
[2026-07-30T09:40:06+00:00] === end (4.88s) ===
[2026-07-30T09:42:01+00:00] === start ===
[2026-07-30T09:42:01+00:00] Sheet rows: 31, month headers: 3
[2026-07-30T09:42:02+00:00] Columns: {"Тусюк":"B","Муха":"C","Козлянко":"D","Юрченков":"E"}
[2026-07-30T09:42:02+00:00] Tech users: {"57":"Тусюк","65":"Козлянко","67":"Муха","71":"Юрченков"}
[2026-07-30T09:42:02+00:00] Sync window: 2026-07-01 → 2026-09-30
[2026-07-30T09:42:03+00:00] Bookings from calendar: 14
[2026-07-30T09:42:05+00:00] Active deals: 176
[2026-07-30T09:42:05+00:00] Titles not matched to active deals: Бронирование
[2026-07-30T09:42:05+00:00] Assignments: 6
[2026-07-30T09:42:05+00:00] No cell changes
[2026-07-30T09:42:05+00:00] State saved
[2026-07-30T09:42:05+00:00] === end (4.38s) ===
[2026-07-30T09:44:02+00:00] === start ===
[2026-07-30T09:44:02+00:00] Sheet rows: 31, month headers: 3
[2026-07-30T09:44:03+00:00] Columns: {"Тусюк":"B","Муха":"C","Козлянко":"D","Юрченков":"E"}
[2026-07-30T09:44:03+00:00] Tech users: {"57":"Тусюк","65":"Козлянко","67":"Муха","71":"Юрченков"}
[2026-07-30T09:44:03+00:00] Sync window: 2026-07-01 → 2026-09-30
[2026-07-30T09:44:04+00:00] Bookings from calendar: 14
[2026-07-30T09:44:05+00:00] Active deals: 176
[2026-07-30T09:44:05+00:00] Titles not matched to active deals: Бронирование
[2026-07-30T09:44:05+00:00] Assignments: 6
[2026-07-30T09:44:05+00:00] No cell changes
[2026-07-30T09:44:05+00:00] State saved
[2026-07-30T09:44:05+00:00] === end (3.03s) ===
[2026-07-30T09:46:01+00:00] === start ===
[2026-07-30T09:46:01+00:00] Sheet rows: 31, month headers: 3
[2026-07-30T09:46:02+00:00] Columns: {"Тусюк":"B","Муха":"C","Козлянко":"D","Юрченков":"E"}
[2026-07-30T09:46:02+00:00] Tech users: {"57":"Тусюк","65":"Козлянко","67":"Муха","71":"Юрченков"}
[2026-07-30T09:46:02+00:00] Sync window: 2026-07-01 → 2026-09-30
[2026-07-30T09:46:03+00:00] Bookings from calendar: 14
[2026-07-30T09:46:03+00:00] Active deals: 176
[2026-07-30T09:46:03+00:00] Titles not matched to active deals: Бронирование
[2026-07-30T09:46:03+00:00] Assignments: 6
[2026-07-30T09:46:03+00:00] No cell changes
[2026-07-30T09:46:03+00:00] State saved
[2026-07-30T09:46:03+00:00] === end (2.6s) ===
[2026-07-30T09:48:01+00:00] === start ===
[2026-07-30T09:48:02+00:00] Sheet rows: 31, month headers: 3
[2026-07-30T09:48:02+00:00] Columns: {"Тусюк":"B","Муха":"C","Козлянко":"D","Юрченков":"E"}
[2026-07-30T09:48:02+00:00] Tech users: {"57":"Тусюк","65":"Козлянко","67":"Муха","71":"Юрченков"}
[2026-07-30T09:48:02+00:00] Sync window: 2026-07-01 → 2026-09-30
[2026-07-30T09:48:03+00:00] Bookings from calendar: 14
[2026-07-30T09:48:05+00:00] Active deals: 176
[2026-07-30T09:48:05+00:00] Titles not matched to active deals: Бронирование
[2026-07-30T09:48:05+00:00] Assignments: 6
[2026-07-30T09:48:05+00:00] No cell changes
[2026-07-30T09:48:05+00:00] State saved
[2026-07-30T09:48:05+00:00] === end (3.13s) ===
[2026-07-30T09:50:01+00:00] === start ===
[2026-07-30T09:50:01+00:00] Sheet rows: 31, month headers: 3
[2026-07-30T09:50:02+00:00] Columns: {"Тусюк":"B","Муха":"C","Козлянко":"D","Юрченков":"E"}
[2026-07-30T09:50:02+00:00] Tech users: {"57":"Тусюк","65":"Козлянко","67":"Муха","71":"Юрченков"}
[2026-07-30T09:50:02+00:00] Sync window: 2026-07-01 → 2026-09-30
[2026-07-30T09:50:03+00:00] Bookings from calendar: 14
[2026-07-30T09:50:04+00:00] Active deals: 176
[2026-07-30T09:50:04+00:00] Titles not matched to active deals: Бронирование
[2026-07-30T09:50:04+00:00] Assignments: 6
[2026-07-30T09:50:04+00:00] No cell changes
[2026-07-30T09:50:04+00:00] State saved
[2026-07-30T09:50:04+00:00] === end (3.33s) ===
[2026-07-30T09:52:01+00:00] === start ===
[2026-07-30T09:52:01+00:00] Sheet rows: 31, month headers: 3
[2026-07-30T09:52:02+00:00] Columns: {"Тусюк":"B","Муха":"C","Козлянко":"D","Юрченков":"E"}
[2026-07-30T09:52:02+00:00] Tech users: {"57":"Тусюк","65":"Козлянко","67":"Муха","71":"Юрченков"}
[2026-07-30T09:52:02+00:00] Sync window: 2026-07-01 → 2026-09-30
[2026-07-30T09:52:03+00:00] Bookings from calendar: 14
[2026-07-30T09:52:03+00:00] Active deals: 176
[2026-07-30T09:52:03+00:00] Titles not matched to active deals: Бронирование
[2026-07-30T09:52:03+00:00] Assignments: 6
[2026-07-30T09:52:03+00:00] No cell changes
[2026-07-30T09:52:03+00:00] State saved
[2026-07-30T09:52:03+00:00] === end (2.44s) ===
[2026-07-30T09:54:02+00:00] === start ===
[2026-07-30T09:54:02+00:00] Sheet rows: 31, month headers: 3
[2026-07-30T09:54:03+00:00] Columns: {"Тусюк":"B","Муха":"C","Козлянко":"D","Юрченков":"E"}
[2026-07-30T09:54:03+00:00] Tech users: {"57":"Тусюк","65":"Козлянко","67":"Муха","71":"Юрченков"}
[2026-07-30T09:54:03+00:00] Sync window: 2026-07-01 → 2026-09-30
[2026-07-30T09:54:04+00:00] Bookings from calendar: 14
[2026-07-30T09:54:04+00:00] Active deals: 176
[2026-07-30T09:54:04+00:00] Titles not matched to active deals: Бронирование
[2026-07-30T09:54:04+00:00] Assignments: 6
[2026-07-30T09:54:04+00:00] No cell changes
[2026-07-30T09:54:04+00:00] State saved
[2026-07-30T09:54:04+00:00] === end (2.82s) ===
[2026-07-30T09:56:01+00:00] === start ===
[2026-07-30T09:56:02+00:00] Sheet rows: 31, month headers: 3
[2026-07-30T09:56:02+00:00] Columns: {"Тусюк":"B","Муха":"C","Козлянко":"D","Юрченков":"E"}
[2026-07-30T09:56:02+00:00] Tech users: {"57":"Тусюк","65":"Козлянко","67":"Муха","71":"Юрченков"}
[2026-07-30T09:56:02+00:00] Sync window: 2026-07-01 → 2026-09-30
[2026-07-30T09:56:03+00:00] Bookings from calendar: 14
[2026-07-30T09:56:04+00:00] Active deals: 176
[2026-07-30T09:56:04+00:00] Titles not matched to active deals: Бронирование
[2026-07-30T09:56:04+00:00] Assignments: 6
[2026-07-30T09:56:04+00:00] No cell changes
[2026-07-30T09:56:04+00:00] State saved
[2026-07-30T09:56:04+00:00] === end (2.13s) ===
[2026-07-30T09:58:01+00:00] === start ===
[2026-07-30T09:58:01+00:00] Sheet rows: 31, month headers: 3
[2026-07-30T09:58:01+00:00] Columns: {"Тусюк":"B","Муха":"C","Козлянко":"D","Юрченков":"E"}
[2026-07-30T09:58:01+00:00] Tech users: {"57":"Тусюк","65":"Козлянко","67":"Муха","71":"Юрченков"}
[2026-07-30T09:58:01+00:00] Sync window: 2026-07-01 → 2026-09-30
[2026-07-30T09:58:02+00:00] Bookings from calendar: 14
[2026-07-30T09:58:03+00:00] Active deals: 176
[2026-07-30T09:58:03+00:00] Titles not matched to active deals: Бронирование
[2026-07-30T09:58:03+00:00] Assignments: 6
[2026-07-30T09:58:03+00:00] No cell changes
[2026-07-30T09:58:03+00:00] State saved
[2026-07-30T09:58:03+00:00] === end (2.31s) ===
[2026-07-30T10:00:01+00:00] === start ===
[2026-07-30T10:00:02+00:00] Sheet rows: 31, month headers: 3
[2026-07-30T10:00:02+00:00] Columns: {"Тусюк":"B","Муха":"C","Козлянко":"D","Юрченков":"E"}
[2026-07-30T10:00:02+00:00] Tech users: {"57":"Тусюк","65":"Козлянко","67":"Муха","71":"Юрченков"}
[2026-07-30T10:00:02+00:00] Sync window: 2026-07-01 → 2026-09-30
[2026-07-30T10:00:03+00:00] Bookings from calendar: 14
[2026-07-30T10:00:04+00:00] Active deals: 176
[2026-07-30T10:00:04+00:00] Titles not matched to active deals: Бронирование
[2026-07-30T10:00:04+00:00] Assignments: 6
[2026-07-30T10:00:04+00:00] No cell changes
[2026-07-30T10:00:04+00:00] State saved
[2026-07-30T10:00:04+00:00] === end (3.11s) ===
[2026-07-30T10:02:01+00:00] === start ===
[2026-07-30T10:02:02+00:00] Sheet rows: 31, month headers: 3
[2026-07-30T10:02:02+00:00] Columns: {"Тусюк":"B","Муха":"C","Козлянко":"D","Юрченков":"E"}
[2026-07-30T10:02:02+00:00] Tech users: {"57":"Тусюк","65":"Козлянко","67":"Муха","71":"Юрченков"}
[2026-07-30T10:02:02+00:00] Sync window: 2026-07-01 → 2026-09-30
[2026-07-30T10:02:03+00:00] Bookings from calendar: 14
[2026-07-30T10:02:04+00:00] Active deals: 176
[2026-07-30T10:02:04+00:00] Titles not matched to active deals: Бронирование
[2026-07-30T10:02:04+00:00] Assignments: 6
[2026-07-30T10:02:04+00:00] No cell changes
[2026-07-30T10:02:04+00:00] State saved
[2026-07-30T10:02:04+00:00] === end (2.36s) ===
[2026-07-30T10:04:01+00:00] === start ===
[2026-07-30T10:04:02+00:00] Sheet rows: 31, month headers: 3
[2026-07-30T10:04:02+00:00] Columns: {"Тусюк":"B","Муха":"C","Козлянко":"D","Юрченков":"E"}
[2026-07-30T10:04:03+00:00] Tech users: {"57":"Тусюк","65":"Козлянко","67":"Муха","71":"Юрченков"}
[2026-07-30T10:04:03+00:00] Sync window: 2026-07-01 → 2026-09-30
[2026-07-30T10:04:03+00:00] Bookings from calendar: 14
[2026-07-30T10:04:04+00:00] Active deals: 176
[2026-07-30T10:04:04+00:00] Titles not matched to active deals: Бронирование
[2026-07-30T10:04:04+00:00] Assignments: 6
[2026-07-30T10:04:04+00:00] No cell changes
[2026-07-30T10:04:04+00:00] State saved
[2026-07-30T10:04:04+00:00] === end (3.6s) ===
[2026-07-30T10:06:01+00:00] === start ===
[2026-07-30T10:06:02+00:00] Sheet rows: 31, month headers: 3
[2026-07-30T10:06:02+00:00] Columns: {"Тусюк":"B","Муха":"C","Козлянко":"D","Юрченков":"E"}
[2026-07-30T10:06:03+00:00] Tech users: {"57":"Тусюк","65":"Козлянко","67":"Муха","71":"Юрченков"}
[2026-07-30T10:06:03+00:00] Sync window: 2026-07-01 → 2026-09-30
[2026-07-30T10:06:04+00:00] Bookings from calendar: 14
[2026-07-30T10:06:04+00:00] Active deals: 176
[2026-07-30T10:06:04+00:00] Titles not matched to active deals: Бронирование
[2026-07-30T10:06:04+00:00] Assignments: 6
[2026-07-30T10:06:04+00:00] No cell changes
[2026-07-30T10:06:04+00:00] State saved
[2026-07-30T10:06:04+00:00] === end (2.85s) ===
[2026-07-30T10:08:01+00:00] === start ===
[2026-07-30T10:08:03+00:00] Sheet rows: 31, month headers: 3
[2026-07-30T10:08:03+00:00] Columns: {"Тусюк":"B","Муха":"C","Козлянко":"D","Юрченков":"E"}
[2026-07-30T10:08:03+00:00] Tech users: {"57":"Тусюк","65":"Козлянко","67":"Муха","71":"Юрченков"}
[2026-07-30T10:08:03+00:00] Sync window: 2026-07-01 → 2026-09-30
[2026-07-30T10:08:04+00:00] Bookings from calendar: 14
[2026-07-30T10:08:05+00:00] Active deals: 176
[2026-07-30T10:08:05+00:00] Titles not matched to active deals: Бронирование
[2026-07-30T10:08:05+00:00] Assignments: 6
[2026-07-30T10:08:05+00:00] No cell changes
[2026-07-30T10:08:05+00:00] State saved
[2026-07-30T10:08:05+00:00] === end (3.17s) ===
[2026-07-30T10:10:01+00:00] === start ===
[2026-07-30T10:10:01+00:00] Sheet rows: 31, month headers: 3
[2026-07-30T10:10:02+00:00] Columns: {"Тусюк":"B","Муха":"C","Козлянко":"D","Юрченков":"E"}
[2026-07-30T10:10:02+00:00] Tech users: {"57":"Тусюк","65":"Козлянко","67":"Муха","71":"Юрченков"}
[2026-07-30T10:10:02+00:00] Sync window: 2026-07-01 → 2026-09-30
[2026-07-30T10:10:03+00:00] Bookings from calendar: 14
[2026-07-30T10:10:04+00:00] Active deals: 176
[2026-07-30T10:10:04+00:00] Titles not matched to active deals: Бронирование
[2026-07-30T10:10:04+00:00] Assignments: 6
[2026-07-30T10:10:04+00:00] No cell changes
[2026-07-30T10:10:04+00:00] State saved
[2026-07-30T10:10:04+00:00] === end (3s) ===
[2026-07-30T10:12:01+00:00] === start ===
[2026-07-30T10:12:01+00:00] Sheet rows: 31, month headers: 3
[2026-07-30T10:12:02+00:00] Columns: {"Тусюк":"B","Муха":"C","Козлянко":"D","Юрченков":"E"}
[2026-07-30T10:12:02+00:00] Tech users: {"57":"Тусюк","65":"Козлянко","67":"Муха","71":"Юрченков"}
[2026-07-30T10:12:02+00:00] Sync window: 2026-07-01 → 2026-09-30
[2026-07-30T10:12:03+00:00] Bookings from calendar: 14
[2026-07-30T10:12:04+00:00] Active deals: 176
[2026-07-30T10:12:04+00:00] Titles not matched to active deals: Бронирование
[2026-07-30T10:12:04+00:00] Assignments: 6
[2026-07-30T10:12:04+00:00] No cell changes
[2026-07-30T10:12:04+00:00] State saved
[2026-07-30T10:12:04+00:00] === end (2.86s) ===
[2026-07-30T10:14:01+00:00] === start ===
[2026-07-30T10:14:01+00:00] Sheet rows: 31, month headers: 3
[2026-07-30T10:14:01+00:00] Columns: {"Тусюк":"B","Муха":"C","Козлянко":"D","Юрченков":"E"}
[2026-07-30T10:14:02+00:00] Tech users: {"57":"Тусюк","65":"Козлянко","67":"Муха","71":"Юрченков"}
[2026-07-30T10:14:02+00:00] Sync window: 2026-07-01 → 2026-09-30
[2026-07-30T10:14:03+00:00] Bookings from calendar: 14
[2026-07-30T10:14:04+00:00] Active deals: 176
[2026-07-30T10:14:04+00:00] Titles not matched to active deals: Бронирование
[2026-07-30T10:14:04+00:00] Assignments: 6
[2026-07-30T10:14:04+00:00] No cell changes
[2026-07-30T10:14:04+00:00] State saved
[2026-07-30T10:14:04+00:00] === end (2.94s) ===
[2026-07-30T10:16:01+00:00] === start ===
[2026-07-30T10:16:01+00:00] Sheet rows: 31, month headers: 3
[2026-07-30T10:16:01+00:00] Columns: {"Тусюк":"B","Муха":"C","Козлянко":"D","Юрченков":"E"}
[2026-07-30T10:16:02+00:00] Tech users: {"57":"Тусюк","65":"Козлянко","67":"Муха","71":"Юрченков"}
[2026-07-30T10:16:02+00:00] Sync window: 2026-07-01 → 2026-09-30
[2026-07-30T10:16:02+00:00] Bookings from calendar: 14
[2026-07-30T10:16:03+00:00] Active deals: 176
[2026-07-30T10:16:03+00:00] Titles not matched to active deals: Бронирование
[2026-07-30T10:16:03+00:00] Assignments: 6
[2026-07-30T10:16:03+00:00] No cell changes
[2026-07-30T10:16:03+00:00] State saved
[2026-07-30T10:16:03+00:00] === end (2.08s) ===
[2026-07-30T10:18:01+00:00] === start ===
[2026-07-30T10:18:01+00:00] Sheet rows: 31, month headers: 3
[2026-07-30T10:18:02+00:00] Columns: {"Тусюк":"B","Муха":"C","Козлянко":"D","Юрченков":"E"}
[2026-07-30T10:18:02+00:00] Tech users: {"57":"Тусюк","65":"Козлянко","67":"Муха","71":"Юрченков"}
[2026-07-30T10:18:02+00:00] Sync window: 2026-07-01 → 2026-09-30
[2026-07-30T10:18:02+00:00] Bookings from calendar: 14
[2026-07-30T10:18:03+00:00] Active deals: 176
[2026-07-30T10:18:03+00:00] Titles not matched to active deals: Бронирование
[2026-07-30T10:18:03+00:00] Assignments: 6
[2026-07-30T10:18:03+00:00] No cell changes
[2026-07-30T10:18:03+00:00] State saved
[2026-07-30T10:18:03+00:00] === end (2.08s) ===
[2026-07-30T10:20:01+00:00] === start ===
[2026-07-30T10:20:02+00:00] Sheet rows: 31, month headers: 3
[2026-07-30T10:20:03+00:00] Columns: {"Тусюк":"B","Муха":"C","Козлянко":"D","Юрченков":"E"}
[2026-07-30T10:20:03+00:00] Tech users: {"57":"Тусюк","65":"Козлянко","67":"Муха","71":"Юрченков"}
[2026-07-30T10:20:03+00:00] Sync window: 2026-07-01 → 2026-09-30
[2026-07-30T10:20:04+00:00] Bookings from calendar: 14
[2026-07-30T10:20:05+00:00] Active deals: 176
[2026-07-30T10:20:05+00:00] Titles not matched to active deals: Бронирование
[2026-07-30T10:20:05+00:00] Assignments: 6
[2026-07-30T10:20:05+00:00] No cell changes
[2026-07-30T10:20:05+00:00] State saved
[2026-07-30T10:20:05+00:00] === end (3.58s) ===
[2026-07-30T10:22:01+00:00] === start ===
[2026-07-30T10:22:01+00:00] Sheet rows: 31, month headers: 3
[2026-07-30T10:22:01+00:00] Columns: {"Тусюк":"B","Муха":"C","Козлянко":"D","Юрченков":"E"}
[2026-07-30T10:22:02+00:00] Tech users: {"57":"Тусюк","65":"Козлянко","67":"Муха","71":"Юрченков"}
[2026-07-30T10:22:02+00:00] Sync window: 2026-07-01 → 2026-09-30
[2026-07-30T10:22:02+00:00] Bookings from calendar: 14
[2026-07-30T10:22:03+00:00] Active deals: 176
[2026-07-30T10:22:03+00:00] Titles not matched to active deals: Бронирование
[2026-07-30T10:22:03+00:00] Assignments: 6
[2026-07-30T10:22:03+00:00] No cell changes
[2026-07-30T10:22:03+00:00] State saved
[2026-07-30T10:22:03+00:00] === end (2.42s) ===
[2026-07-30T10:24:01+00:00] === start ===
[2026-07-30T10:24:02+00:00] Sheet rows: 31, month headers: 3
[2026-07-30T10:24:02+00:00] Columns: {"Тусюк":"B","Муха":"C","Козлянко":"D","Юрченков":"E"}
[2026-07-30T10:24:03+00:00] Tech users: {"57":"Тусюк","65":"Козлянко","67":"Муха","71":"Юрченков"}
[2026-07-30T10:24:03+00:00] Sync window: 2026-07-01 → 2026-09-30
[2026-07-30T10:24:03+00:00] Bookings from calendar: 14
[2026-07-30T10:24:04+00:00] Active deals: 176
[2026-07-30T10:24:04+00:00] Titles not matched to active deals: Бронирование
[2026-07-30T10:24:04+00:00] Assignments: 6
[2026-07-30T10:24:04+00:00] No cell changes
[2026-07-30T10:24:04+00:00] State saved
[2026-07-30T10:24:04+00:00] === end (2.55s) ===
[2026-07-30T10:26:01+00:00] === start ===
[2026-07-30T10:26:01+00:00] Sheet rows: 31, month headers: 3
[2026-07-30T10:26:02+00:00] Columns: {"Тусюк":"B","Муха":"C","Козлянко":"D","Юрченков":"E"}
[2026-07-30T10:26:02+00:00] Tech users: {"57":"Тусюк","65":"Козлянко","67":"Муха","71":"Юрченков"}
[2026-07-30T10:26:02+00:00] Sync window: 2026-07-01 → 2026-09-30
[2026-07-30T10:26:03+00:00] Bookings from calendar: 14
[2026-07-30T10:26:04+00:00] Active deals: 176
[2026-07-30T10:26:04+00:00] Titles not matched to active deals: Бронирование
[2026-07-30T10:26:04+00:00] Assignments: 6
[2026-07-30T10:26:04+00:00] No cell changes
[2026-07-30T10:26:04+00:00] State saved
[2026-07-30T10:26:04+00:00] === end (2.92s) ===
[2026-07-30T10:28:01+00:00] === start ===
[2026-07-30T10:28:02+00:00] Sheet rows: 31, month headers: 3
[2026-07-30T10:28:02+00:00] Columns: {"Тусюк":"B","Муха":"C","Козлянко":"D","Юрченков":"E"}
[2026-07-30T10:28:02+00:00] Tech users: {"57":"Тусюк","65":"Козлянко","67":"Муха","71":"Юрченков"}
[2026-07-30T10:28:02+00:00] Sync window: 2026-07-01 → 2026-09-30
[2026-07-30T10:28:03+00:00] Bookings from calendar: 14
[2026-07-30T10:28:04+00:00] Active deals: 176
[2026-07-30T10:28:04+00:00] Titles not matched to active deals: Бронирование
[2026-07-30T10:28:04+00:00] Assignments: 6
[2026-07-30T10:28:04+00:00] No cell changes
[2026-07-30T10:28:04+00:00] State saved
[2026-07-30T10:28:04+00:00] === end (2.68s) ===
[2026-07-30T10:30:01+00:00] === start ===
[2026-07-30T10:30:01+00:00] Sheet rows: 31, month headers: 3
[2026-07-30T10:30:01+00:00] Columns: {"Тусюк":"B","Муха":"C","Козлянко":"D","Юрченков":"E"}
[2026-07-30T10:30:01+00:00] Tech users: {"57":"Тусюк","65":"Козлянко","67":"Муха","71":"Юрченков"}
[2026-07-30T10:30:01+00:00] Sync window: 2026-07-01 → 2026-09-30
[2026-07-30T10:30:02+00:00] Bookings from calendar: 14
[2026-07-30T10:30:03+00:00] Active deals: 176
[2026-07-30T10:30:03+00:00] Titles not matched to active deals: Бронирование
[2026-07-30T10:30:03+00:00] Assignments: 6
[2026-07-30T10:30:03+00:00] No cell changes
[2026-07-30T10:30:03+00:00] State saved
[2026-07-30T10:30:03+00:00] === end (2.15s) ===
[2026-07-30T10:32:01+00:00] === start ===
[2026-07-30T10:32:01+00:00] Sheet rows: 31, month headers: 3
[2026-07-30T10:32:02+00:00] Columns: {"Тусюк":"B","Муха":"C","Козлянко":"D","Юрченков":"E"}
[2026-07-30T10:32:02+00:00] Tech users: {"57":"Тусюк","65":"Козлянко","67":"Муха","71":"Юрченков"}
[2026-07-30T10:32:02+00:00] Sync window: 2026-07-01 → 2026-09-30
[2026-07-30T10:32:03+00:00] Bookings from calendar: 14
[2026-07-30T10:32:03+00:00] Active deals: 176
[2026-07-30T10:32:03+00:00] Titles not matched to active deals: Бронирование
[2026-07-30T10:32:03+00:00] Assignments: 6
[2026-07-30T10:32:03+00:00] No cell changes
[2026-07-30T10:32:03+00:00] State saved
[2026-07-30T10:32:03+00:00] === end (2.39s) ===
[2026-07-30T10:34:01+00:00] === start ===
[2026-07-30T10:34:02+00:00] Sheet rows: 31, month headers: 3
[2026-07-30T10:34:02+00:00] Columns: {"Тусюк":"B","Муха":"C","Козлянко":"D","Юрченков":"E"}
[2026-07-30T10:34:03+00:00] Tech users: {"57":"Тусюк","65":"Козлянко","67":"Муха","71":"Юрченков"}
[2026-07-30T10:34:03+00:00] Sync window: 2026-07-01 → 2026-09-30
[2026-07-30T10:34:04+00:00] Bookings from calendar: 14
[2026-07-30T10:34:04+00:00] Active deals: 176
[2026-07-30T10:34:04+00:00] Titles not matched to active deals: Бронирование
[2026-07-30T10:34:04+00:00] Assignments: 6
[2026-07-30T10:34:04+00:00] No cell changes
[2026-07-30T10:34:04+00:00] State saved
[2026-07-30T10:34:04+00:00] === end (3s) ===
[2026-07-30T10:36:01+00:00] === start ===
[2026-07-30T10:36:02+00:00] Sheet rows: 31, month headers: 3
[2026-07-30T10:36:02+00:00] Columns: {"Тусюк":"B","Муха":"C","Козлянко":"D","Юрченков":"E"}
[2026-07-30T10:36:02+00:00] Tech users: {"57":"Тусюк","65":"Козлянко","67":"Муха","71":"Юрченков"}
[2026-07-30T10:36:02+00:00] Sync window: 2026-07-01 → 2026-09-30
[2026-07-30T10:36:03+00:00] Bookings from calendar: 14
[2026-07-30T10:36:04+00:00] Active deals: 176
[2026-07-30T10:36:04+00:00] Titles not matched to active deals: Бронирование
[2026-07-30T10:36:04+00:00] Assignments: 6
[2026-07-30T10:36:04+00:00] No cell changes
[2026-07-30T10:36:04+00:00] State saved
[2026-07-30T10:36:04+00:00] === end (2.21s) ===
[2026-07-30T10:38:01+00:00] === start ===
[2026-07-30T10:38:01+00:00] Sheet rows: 31, month headers: 3
[2026-07-30T10:38:01+00:00] Columns: {"Тусюк":"B","Муха":"C","Козлянко":"D","Юрченков":"E"}
[2026-07-30T10:38:02+00:00] Tech users: {"57":"Тусюк","65":"Козлянко","67":"Муха","71":"Юрченков"}
[2026-07-30T10:38:02+00:00] Sync window: 2026-07-01 → 2026-09-30
[2026-07-30T10:38:02+00:00] Bookings from calendar: 14
[2026-07-30T10:38:03+00:00] Active deals: 176
[2026-07-30T10:38:03+00:00] Titles not matched to active deals: Бронирование
[2026-07-30T10:38:03+00:00] Assignments: 6
[2026-07-30T10:38:03+00:00] No cell changes
[2026-07-30T10:38:03+00:00] State saved
[2026-07-30T10:38:03+00:00] === end (2.36s) ===
[2026-07-30T10:40:01+00:00] === start ===
[2026-07-30T10:40:02+00:00] Sheet rows: 31, month headers: 3
[2026-07-30T10:40:02+00:00] Columns: {"Тусюк":"B","Муха":"C","Козлянко":"D","Юрченков":"E"}
[2026-07-30T10:40:02+00:00] Tech users: {"57":"Тусюк","65":"Козлянко","67":"Муха","71":"Юрченков"}
[2026-07-30T10:40:02+00:00] Sync window: 2026-07-01 → 2026-09-30
[2026-07-30T10:40:03+00:00] Bookings from calendar: 14
[2026-07-30T10:40:04+00:00] Active deals: 176
[2026-07-30T10:40:04+00:00] Titles not matched to active deals: Бронирование
[2026-07-30T10:40:04+00:00] Assignments: 6
[2026-07-30T10:40:04+00:00] No cell changes
[2026-07-30T10:40:04+00:00] State saved
[2026-07-30T10:40:04+00:00] === end (3.17s) ===
[2026-07-30T10:42:01+00:00] === start ===
[2026-07-30T10:42:02+00:00] Sheet rows: 31, month headers: 3
[2026-07-30T10:42:02+00:00] Columns: {"Тусюк":"B","Муха":"C","Козлянко":"D","Юрченков":"E"}
[2026-07-30T10:42:02+00:00] Tech users: {"57":"Тусюк","65":"Козлянко","67":"Муха","71":"Юрченков"}
[2026-07-30T10:42:02+00:00] Sync window: 2026-07-01 → 2026-09-30
[2026-07-30T10:42:03+00:00] Bookings from calendar: 14
[2026-07-30T10:42:04+00:00] Active deals: 176
[2026-07-30T10:42:04+00:00] Titles not matched to active deals: Бронирование
[2026-07-30T10:42:04+00:00] Assignments: 6
[2026-07-30T10:42:04+00:00] No cell changes
[2026-07-30T10:42:04+00:00] State saved
[2026-07-30T10:42:04+00:00] === end (2.16s) ===
[2026-07-30T10:44:01+00:00] === start ===
[2026-07-30T10:44:02+00:00] Sheet rows: 31, month headers: 3
[2026-07-30T10:44:02+00:00] Columns: {"Тусюк":"B","Муха":"C","Козлянко":"D","Юрченков":"E"}
[2026-07-30T10:44:02+00:00] Tech users: {"57":"Тусюк","65":"Козлянко","67":"Муха","71":"Юрченков"}
[2026-07-30T10:44:02+00:00] Sync window: 2026-07-01 → 2026-09-30
[2026-07-30T10:44:03+00:00] Bookings from calendar: 14
[2026-07-30T10:44:03+00:00] Active deals: 176
[2026-07-30T10:44:03+00:00] Titles not matched to active deals: Бронирование
[2026-07-30T10:44:03+00:00] Assignments: 6
[2026-07-30T10:44:03+00:00] No cell changes
[2026-07-30T10:44:03+00:00] State saved
[2026-07-30T10:44:03+00:00] === end (2.8s) ===
[2026-07-30T10:46:01+00:00] === start ===
[2026-07-30T10:46:02+00:00] Sheet rows: 31, month headers: 3
[2026-07-30T10:46:02+00:00] Columns: {"Тусюк":"B","Муха":"C","Козлянко":"D","Юрченков":"E"}
[2026-07-30T10:46:02+00:00] Tech users: {"57":"Тусюк","65":"Козлянко","67":"Муха","71":"Юрченков"}
[2026-07-30T10:46:02+00:00] Sync window: 2026-07-01 → 2026-09-30
[2026-07-30T10:46:03+00:00] Bookings from calendar: 14
[2026-07-30T10:46:04+00:00] Active deals: 176
[2026-07-30T10:46:04+00:00] Titles not matched to active deals: Бронирование
[2026-07-30T10:46:04+00:00] Assignments: 6
[2026-07-30T10:46:04+00:00] No cell changes
[2026-07-30T10:46:04+00:00] State saved
[2026-07-30T10:46:04+00:00] === end (2.41s) ===
[2026-07-30T10:48:01+00:00] === start ===
[2026-07-30T10:48:01+00:00] Sheet rows: 31, month headers: 3
[2026-07-30T10:48:02+00:00] Columns: {"Тусюк":"B","Муха":"C","Козлянко":"D","Юрченков":"E"}
[2026-07-30T10:48:02+00:00] Tech users: {"57":"Тусюк","65":"Козлянко","67":"Муха","71":"Юрченков"}
[2026-07-30T10:48:02+00:00] Sync window: 2026-07-01 → 2026-09-30
[2026-07-30T10:48:03+00:00] Bookings from calendar: 14
[2026-07-30T10:48:03+00:00] Active deals: 176
[2026-07-30T10:48:03+00:00] Titles not matched to active deals: Бронирование
[2026-07-30T10:48:03+00:00] Assignments: 6
[2026-07-30T10:48:03+00:00] No cell changes
[2026-07-30T10:48:03+00:00] State saved
[2026-07-30T10:48:03+00:00] === end (2.53s) ===
[2026-07-30T10:50:01+00:00] === start ===
[2026-07-30T10:50:02+00:00] Sheet rows: 31, month headers: 3
[2026-07-30T10:50:03+00:00] Columns: {"Тусюк":"B","Муха":"C","Козлянко":"D","Юрченков":"E"}
[2026-07-30T10:50:03+00:00] Tech users: {"57":"Тусюк","65":"Козлянко","67":"Муха","71":"Юрченков"}
[2026-07-30T10:50:03+00:00] Sync window: 2026-07-01 → 2026-09-30
[2026-07-30T10:50:03+00:00] Bookings from calendar: 14
[2026-07-30T10:50:04+00:00] Active deals: 176
[2026-07-30T10:50:04+00:00] Titles not matched to active deals: Бронирование
[2026-07-30T10:50:04+00:00] Assignments: 6
[2026-07-30T10:50:04+00:00] No cell changes
[2026-07-30T10:50:04+00:00] State saved
[2026-07-30T10:50:04+00:00] === end (2.6s) ===
[2026-07-30T10:52:01+00:00] === start ===
[2026-07-30T10:52:02+00:00] Sheet rows: 31, month headers: 3
[2026-07-30T10:52:02+00:00] Columns: {"Тусюк":"B","Муха":"C","Козлянко":"D","Юрченков":"E"}
[2026-07-30T10:52:02+00:00] Tech users: {"57":"Тусюк","65":"Козлянко","67":"Муха","71":"Юрченков"}
[2026-07-30T10:52:02+00:00] Sync window: 2026-07-01 → 2026-09-30
[2026-07-30T10:52:03+00:00] Bookings from calendar: 14
[2026-07-30T10:52:03+00:00] Active deals: 176
[2026-07-30T10:52:03+00:00] Titles not matched to active deals: Бронирование
[2026-07-30T10:52:03+00:00] Assignments: 6
[2026-07-30T10:52:03+00:00] No cell changes
[2026-07-30T10:52:03+00:00] State saved
[2026-07-30T10:52:03+00:00] === end (2.42s) ===
[2026-07-30T10:54:02+00:00] === start ===
[2026-07-30T10:54:02+00:00] Sheet rows: 31, month headers: 3
[2026-07-30T10:54:02+00:00] Columns: {"Тусюк":"B","Муха":"C","Козлянко":"D","Юрченков":"E"}
[2026-07-30T10:54:02+00:00] Tech users: {"57":"Тусюк","65":"Козлянко","67":"Муха","71":"Юрченков"}
[2026-07-30T10:54:02+00:00] Sync window: 2026-07-01 → 2026-09-30
[2026-07-30T10:54:03+00:00] Bookings from calendar: 14
[2026-07-30T10:54:04+00:00] Active deals: 176
[2026-07-30T10:54:04+00:00] Titles not matched to active deals: Бронирование
[2026-07-30T10:54:04+00:00] Assignments: 6
[2026-07-30T10:54:04+00:00] No cell changes
[2026-07-30T10:54:04+00:00] State saved
[2026-07-30T10:54:04+00:00] === end (2.13s) ===
[2026-07-30T10:56:01+00:00] === start ===
[2026-07-30T10:56:01+00:00] Sheet rows: 31, month headers: 3
[2026-07-30T10:56:02+00:00] Columns: {"Тусюк":"B","Муха":"C","Козлянко":"D","Юрченков":"E"}
[2026-07-30T10:56:02+00:00] Tech users: {"57":"Тусюк","65":"Козлянко","67":"Муха","71":"Юрченков"}
[2026-07-30T10:56:02+00:00] Sync window: 2026-07-01 → 2026-09-30
[2026-07-30T10:56:03+00:00] Bookings from calendar: 14
[2026-07-30T10:56:04+00:00] Active deals: 176
[2026-07-30T10:56:04+00:00] Titles not matched to active deals: Бронирование
[2026-07-30T10:56:04+00:00] Assignments: 6
[2026-07-30T10:56:04+00:00] No cell changes
[2026-07-30T10:56:04+00:00] State saved
[2026-07-30T10:56:04+00:00] === end (3.23s) ===
[2026-07-30T10:58:01+00:00] === start ===
[2026-07-30T10:58:02+00:00] Sheet rows: 31, month headers: 3
[2026-07-30T10:58:02+00:00] Columns: {"Тусюк":"B","Муха":"C","Козлянко":"D","Юрченков":"E"}
[2026-07-30T10:58:02+00:00] Tech users: {"57":"Тусюк","65":"Козлянко","67":"Муха","71":"Юрченков"}
[2026-07-30T10:58:02+00:00] Sync window: 2026-07-01 → 2026-09-30
[2026-07-30T10:58:03+00:00] Bookings from calendar: 14
[2026-07-30T10:58:04+00:00] Active deals: 176
[2026-07-30T10:58:04+00:00] Titles not matched to active deals: Бронирование
[2026-07-30T10:58:04+00:00] Assignments: 6
[2026-07-30T10:58:04+00:00] No cell changes
[2026-07-30T10:58:04+00:00] State saved
[2026-07-30T10:58:04+00:00] === end (2.67s) ===
[2026-07-30T11:00:01+00:00] === start ===
[2026-07-30T11:00:01+00:00] Sheet rows: 31, month headers: 3
[2026-07-30T11:00:01+00:00] Columns: {"Тусюк":"B","Муха":"C","Козлянко":"D","Юрченков":"E"}
[2026-07-30T11:00:02+00:00] Tech users: {"57":"Тусюк","65":"Козлянко","67":"Муха","71":"Юрченков"}
[2026-07-30T11:00:02+00:00] Sync window: 2026-07-01 → 2026-09-30
[2026-07-30T11:00:03+00:00] Bookings from calendar: 14
[2026-07-30T11:00:04+00:00] Active deals: 176
[2026-07-30T11:00:04+00:00] Titles not matched to active deals: Бронирование
[2026-07-30T11:00:04+00:00] Assignments: 6
[2026-07-30T11:00:04+00:00] No cell changes
[2026-07-30T11:00:04+00:00] State saved
[2026-07-30T11:00:04+00:00] === end (3.16s) ===
[2026-07-30T11:02:01+00:00] === start ===
[2026-07-30T11:02:02+00:00] Sheet rows: 31, month headers: 3
[2026-07-30T11:02:02+00:00] Columns: {"Тусюк":"B","Муха":"C","Козлянко":"D","Юрченков":"E"}
[2026-07-30T11:02:02+00:00] Tech users: {"57":"Тусюк","65":"Козлянко","67":"Муха","71":"Юрченков"}
[2026-07-30T11:02:02+00:00] Sync window: 2026-07-01 → 2026-09-30
[2026-07-30T11:02:03+00:00] Bookings from calendar: 14
[2026-07-30T11:02:04+00:00] Active deals: 176
[2026-07-30T11:02:04+00:00] Titles not matched to active deals: Бронирование
[2026-07-30T11:02:04+00:00] Assignments: 6
[2026-07-30T11:02:04+00:00] No cell changes
[2026-07-30T11:02:04+00:00] State saved
[2026-07-30T11:02:04+00:00] === end (2.57s) ===
[2026-07-30T11:04:01+00:00] === start ===
[2026-07-30T11:04:01+00:00] Sheet rows: 31, month headers: 3
[2026-07-30T11:04:01+00:00] Columns: {"Тусюк":"B","Муха":"C","Козлянко":"D","Юрченков":"E"}
[2026-07-30T11:04:02+00:00] Tech users: {"57":"Тусюк","65":"Козлянко","67":"Муха","71":"Юрченков"}
[2026-07-30T11:04:02+00:00] Sync window: 2026-07-01 → 2026-09-30
[2026-07-30T11:04:02+00:00] Bookings from calendar: 14
[2026-07-30T11:04:03+00:00] Active deals: 176
[2026-07-30T11:04:03+00:00] Titles not matched to active deals: Бронирование
[2026-07-30T11:04:03+00:00] Assignments: 6
[2026-07-30T11:04:03+00:00] No cell changes
[2026-07-30T11:04:03+00:00] State saved
[2026-07-30T11:04:03+00:00] === end (2.46s) ===
[2026-07-30T11:06:01+00:00] === start ===
[2026-07-30T11:06:02+00:00] Sheet rows: 31, month headers: 3
[2026-07-30T11:06:03+00:00] Columns: {"Тусюк":"B","Муха":"C","Козлянко":"D","Юрченков":"E"}
[2026-07-30T11:06:03+00:00] Tech users: {"57":"Тусюк","65":"Козлянко","67":"Муха","71":"Юрченков"}
[2026-07-30T11:06:03+00:00] Sync window: 2026-07-01 → 2026-09-30
[2026-07-30T11:06:04+00:00] Bookings from calendar: 14
[2026-07-30T11:06:04+00:00] Active deals: 176
[2026-07-30T11:06:04+00:00] Titles not matched to active deals: Бронирование
[2026-07-30T11:06:04+00:00] Assignments: 6
[2026-07-30T11:06:04+00:00] No cell changes
[2026-07-30T11:06:04+00:00] State saved
[2026-07-30T11:06:04+00:00] === end (3.06s) ===
[2026-07-30T11:08:01+00:00] === start ===
[2026-07-30T11:08:02+00:00] Sheet rows: 31, month headers: 3
[2026-07-30T11:08:02+00:00] Columns: {"Тусюк":"B","Муха":"C","Козлянко":"D","Юрченков":"E"}
[2026-07-30T11:08:02+00:00] Tech users: {"57":"Тусюк","65":"Козлянко","67":"Муха","71":"Юрченков"}
[2026-07-30T11:08:02+00:00] Sync window: 2026-07-01 → 2026-09-30
[2026-07-30T11:08:03+00:00] Bookings from calendar: 14
[2026-07-30T11:08:06+00:00] Active deals: 176
[2026-07-30T11:08:06+00:00] Titles not matched to active deals: Бронирование
[2026-07-30T11:08:06+00:00] Assignments: 6
[2026-07-30T11:08:06+00:00] No cell changes
[2026-07-30T11:08:06+00:00] State saved
[2026-07-30T11:08:06+00:00] === end (4.07s) ===
[2026-07-30T11:10:01+00:00] === start ===
[2026-07-30T11:10:01+00:00] Sheet rows: 31, month headers: 3
[2026-07-30T11:10:02+00:00] Columns: {"Тусюк":"B","Муха":"C","Козлянко":"D","Юрченков":"E"}
[2026-07-30T11:10:03+00:00] Tech users: {"57":"Тусюк","65":"Козлянко","67":"Муха","71":"Юрченков"}
[2026-07-30T11:10:03+00:00] Sync window: 2026-07-01 → 2026-09-30
[2026-07-30T11:10:04+00:00] Bookings from calendar: 14
[2026-07-30T11:10:05+00:00] Active deals: 176
[2026-07-30T11:10:05+00:00] Titles not matched to active deals: Бронирование
[2026-07-30T11:10:05+00:00] Assignments: 6
[2026-07-30T11:10:05+00:00] No cell changes
[2026-07-30T11:10:05+00:00] State saved
[2026-07-30T11:10:05+00:00] === end (4.41s) ===
[2026-07-30T11:12:01+00:00] === start ===
[2026-07-30T11:12:01+00:00] Sheet rows: 31, month headers: 3
[2026-07-30T11:12:02+00:00] Columns: {"Тусюк":"B","Муха":"C","Козлянко":"D","Юрченков":"E"}
[2026-07-30T11:12:02+00:00] Tech users: {"57":"Тусюк","65":"Козлянко","67":"Муха","71":"Юрченков"}
[2026-07-30T11:12:02+00:00] Sync window: 2026-07-01 → 2026-09-30
[2026-07-30T11:12:03+00:00] Bookings from calendar: 14
[2026-07-30T11:12:04+00:00] Active deals: 176
[2026-07-30T11:12:04+00:00] Titles not matched to active deals: Бронирование
[2026-07-30T11:12:04+00:00] Assignments: 6
[2026-07-30T11:12:04+00:00] No cell changes
[2026-07-30T11:12:04+00:00] State saved
[2026-07-30T11:12:04+00:00] === end (2.73s) ===
[2026-07-30T11:14:01+00:00] === start ===
[2026-07-30T11:14:01+00:00] Sheet rows: 31, month headers: 3
[2026-07-30T11:14:02+00:00] Columns: {"Тусюк":"B","Муха":"C","Козлянко":"D","Юрченков":"E"}
[2026-07-30T11:14:02+00:00] Tech users: {"57":"Тусюк","65":"Козлянко","67":"Муха","71":"Юрченков"}
[2026-07-30T11:14:02+00:00] Sync window: 2026-07-01 → 2026-09-30
[2026-07-30T11:14:03+00:00] Bookings from calendar: 14
[2026-07-30T11:14:04+00:00] Active deals: 176
[2026-07-30T11:14:04+00:00] Titles not matched to active deals: Бронирование
[2026-07-30T11:14:04+00:00] Assignments: 6
[2026-07-30T11:14:04+00:00] No cell changes
[2026-07-30T11:14:04+00:00] State saved
[2026-07-30T11:14:04+00:00] === end (2.73s) ===
[2026-07-30T11:16:01+00:00] === start ===
[2026-07-30T11:16:01+00:00] Sheet rows: 31, month headers: 3
[2026-07-30T11:16:02+00:00] Columns: {"Тусюк":"B","Муха":"C","Козлянко":"D","Юрченков":"E"}
[2026-07-30T11:16:02+00:00] Tech users: {"57":"Тусюк","65":"Козлянко","67":"Муха","71":"Юрченков"}
[2026-07-30T11:16:02+00:00] Sync window: 2026-07-01 → 2026-09-30
[2026-07-30T11:16:03+00:00] Bookings from calendar: 14
[2026-07-30T11:16:04+00:00] Active deals: 176
[2026-07-30T11:16:04+00:00] Titles not matched to active deals: Бронирование
[2026-07-30T11:16:04+00:00] Assignments: 6
[2026-07-30T11:16:04+00:00] No cell changes
[2026-07-30T11:16:04+00:00] State saved
[2026-07-30T11:16:04+00:00] === end (3.24s) ===
[2026-07-30T11:18:01+00:00] === start ===
[2026-07-30T11:18:01+00:00] Sheet rows: 31, month headers: 3
[2026-07-30T11:18:02+00:00] Columns: {"Тусюк":"B","Муха":"C","Козлянко":"D","Юрченков":"E"}
[2026-07-30T11:18:02+00:00] Tech users: {"57":"Тусюк","65":"Козлянко","67":"Муха","71":"Юрченков"}
[2026-07-30T11:18:02+00:00] Sync window: 2026-07-01 → 2026-09-30
[2026-07-30T11:18:03+00:00] Bookings from calendar: 14
[2026-07-30T11:18:04+00:00] Active deals: 176
[2026-07-30T11:18:04+00:00] Titles not matched to active deals: Бронирование
[2026-07-30T11:18:04+00:00] Assignments: 6
[2026-07-30T11:18:04+00:00] No cell changes
[2026-07-30T11:18:04+00:00] State saved
[2026-07-30T11:18:04+00:00] === end (3.28s) ===
[2026-07-30T11:20:01+00:00] === start ===
[2026-07-30T11:20:02+00:00] Sheet rows: 31, month headers: 3
[2026-07-30T11:20:02+00:00] Columns: {"Тусюк":"B","Муха":"C","Козлянко":"D","Юрченков":"E"}
[2026-07-30T11:20:03+00:00] Tech users: {"57":"Тусюк","65":"Козлянко","67":"Муха","71":"Юрченков"}
[2026-07-30T11:20:03+00:00] Sync window: 2026-07-01 → 2026-09-30
[2026-07-30T11:20:04+00:00] Bookings from calendar: 14
[2026-07-30T11:20:06+00:00] Active deals: 176
[2026-07-30T11:20:06+00:00] Titles not matched to active deals: Бронирование
[2026-07-30T11:20:06+00:00] Assignments: 6
[2026-07-30T11:20:06+00:00] No cell changes
[2026-07-30T11:20:06+00:00] State saved
[2026-07-30T11:20:06+00:00] === end (4.85s) ===
[2026-07-30T11:22:01+00:00] === start ===
[2026-07-30T11:22:02+00:00] Sheet rows: 31, month headers: 3
[2026-07-30T11:22:02+00:00] Columns: {"Тусюк":"B","Муха":"C","Козлянко":"D","Юрченков":"E"}
[2026-07-30T11:22:02+00:00] Tech users: {"57":"Тусюк","65":"Козлянко","67":"Муха","71":"Юрченков"}
[2026-07-30T11:22:02+00:00] Sync window: 2026-07-01 → 2026-09-30
[2026-07-30T11:22:03+00:00] Bookings from calendar: 14
[2026-07-30T11:22:04+00:00] Active deals: 176
[2026-07-30T11:22:04+00:00] Titles not matched to active deals: Бронирование
[2026-07-30T11:22:04+00:00] Assignments: 6
[2026-07-30T11:22:04+00:00] No cell changes
[2026-07-30T11:22:04+00:00] State saved
[2026-07-30T11:22:04+00:00] === end (2.36s) ===
[2026-07-30T11:24:01+00:00] === start ===
[2026-07-30T11:24:01+00:00] Sheet rows: 31, month headers: 3
[2026-07-30T11:24:01+00:00] Columns: {"Тусюк":"B","Муха":"C","Козлянко":"D","Юрченков":"E"}
[2026-07-30T11:24:01+00:00] Tech users: {"57":"Тусюк","65":"Козлянко","67":"Муха","71":"Юрченков"}
[2026-07-30T11:24:01+00:00] Sync window: 2026-07-01 → 2026-09-30
[2026-07-30T11:24:02+00:00] Bookings from calendar: 14
[2026-07-30T11:24:03+00:00] Active deals: 176
[2026-07-30T11:24:03+00:00] Titles not matched to active deals: Бронирование
[2026-07-30T11:24:03+00:00] Assignments: 6
[2026-07-30T11:24:03+00:00] No cell changes
[2026-07-30T11:24:03+00:00] State saved
[2026-07-30T11:24:03+00:00] === end (2.52s) ===
[2026-07-30T11:26:01+00:00] === start ===
[2026-07-30T11:26:02+00:00] Sheet rows: 31, month headers: 3
[2026-07-30T11:26:02+00:00] Columns: {"Тусюк":"B","Муха":"C","Козлянко":"D","Юрченков":"E"}
[2026-07-30T11:26:02+00:00] Tech users: {"57":"Тусюк","65":"Козлянко","67":"Муха","71":"Юрченков"}
[2026-07-30T11:26:02+00:00] Sync window: 2026-07-01 → 2026-09-30
[2026-07-30T11:26:03+00:00] Bookings from calendar: 14
[2026-07-30T11:26:04+00:00] Active deals: 176
[2026-07-30T11:26:04+00:00] Titles not matched to active deals: Бронирование
[2026-07-30T11:26:04+00:00] Assignments: 6
[2026-07-30T11:26:04+00:00] No cell changes
[2026-07-30T11:26:04+00:00] State saved
[2026-07-30T11:26:04+00:00] === end (2.36s) ===
[2026-07-30T11:28:01+00:00] === start ===
[2026-07-30T11:28:01+00:00] Sheet rows: 31, month headers: 3
[2026-07-30T11:28:01+00:00] Columns: {"Тусюк":"B","Муха":"C","Козлянко":"D","Юрченков":"E"}
[2026-07-30T11:28:01+00:00] Tech users: {"57":"Тусюк","65":"Козлянко","67":"Муха","71":"Юрченков"}
[2026-07-30T11:28:01+00:00] Sync window: 2026-07-01 → 2026-09-30
[2026-07-30T11:28:02+00:00] Bookings from calendar: 14
[2026-07-30T11:28:03+00:00] Active deals: 176
[2026-07-30T11:28:03+00:00] Titles not matched to active deals: Бронирование
[2026-07-30T11:28:03+00:00] Assignments: 6
[2026-07-30T11:28:03+00:00] No cell changes
[2026-07-30T11:28:03+00:00] State saved
[2026-07-30T11:28:03+00:00] === end (2.06s) ===
[2026-07-30T11:30:01+00:00] === start ===
[2026-07-30T11:30:01+00:00] Sheet rows: 31, month headers: 3
[2026-07-30T11:30:01+00:00] Columns: {"Тусюк":"B","Муха":"C","Козлянко":"D","Юрченков":"E"}
[2026-07-30T11:30:02+00:00] Tech users: {"57":"Тусюк","65":"Козлянко","67":"Муха","71":"Юрченков"}
[2026-07-30T11:30:02+00:00] Sync window: 2026-07-01 → 2026-09-30
[2026-07-30T11:30:02+00:00] Bookings from calendar: 14
[2026-07-30T11:30:03+00:00] Active deals: 176
[2026-07-30T11:30:03+00:00] Titles not matched to active deals: Бронирование
[2026-07-30T11:30:03+00:00] Assignments: 6
[2026-07-30T11:30:03+00:00] No cell changes
[2026-07-30T11:30:03+00:00] State saved
[2026-07-30T11:30:03+00:00] === end (2.3s) ===
[2026-07-30T11:32:01+00:00] === start ===
[2026-07-30T11:32:02+00:00] Sheet rows: 31, month headers: 3
[2026-07-30T11:32:02+00:00] Columns: {"Тусюк":"B","Муха":"C","Козлянко":"D","Юрченков":"E"}
[2026-07-30T11:32:02+00:00] Tech users: {"57":"Тусюк","65":"Козлянко","67":"Муха","71":"Юрченков"}
[2026-07-30T11:32:02+00:00] Sync window: 2026-07-01 → 2026-09-30
[2026-07-30T11:32:03+00:00] Bookings from calendar: 14
[2026-07-30T11:32:04+00:00] Active deals: 176
[2026-07-30T11:32:04+00:00] Titles not matched to active deals: Бронирование
[2026-07-30T11:32:04+00:00] Assignments: 6
[2026-07-30T11:32:04+00:00] No cell changes
[2026-07-30T11:32:04+00:00] State saved
[2026-07-30T11:32:04+00:00] === end (2.46s) ===
[2026-07-30T11:34:01+00:00] === start ===
[2026-07-30T11:34:01+00:00] Sheet rows: 31, month headers: 3
[2026-07-30T11:34:01+00:00] Columns: {"Тусюк":"B","Муха":"C","Козлянко":"D","Юрченков":"E"}
[2026-07-30T11:34:02+00:00] Tech users: {"57":"Тусюк","65":"Козлянко","67":"Муха","71":"Юрченков"}
[2026-07-30T11:34:02+00:00] Sync window: 2026-07-01 → 2026-09-30
[2026-07-30T11:34:02+00:00] Bookings from calendar: 14
[2026-07-30T11:34:04+00:00] Active deals: 176
[2026-07-30T11:34:04+00:00] Titles not matched to active deals: Бронирование
[2026-07-30T11:34:04+00:00] Assignments: 6
[2026-07-30T11:34:04+00:00] No cell changes
[2026-07-30T11:34:04+00:00] State saved
[2026-07-30T11:34:04+00:00] === end (3.42s) ===
[2026-07-30T11:36:01+00:00] === start ===
[2026-07-30T11:36:02+00:00] Sheet rows: 31, month headers: 3
[2026-07-30T11:36:02+00:00] Columns: {"Тусюк":"B","Муха":"C","Козлянко":"D","Юрченков":"E"}
[2026-07-30T11:36:03+00:00] Tech users: {"57":"Тусюк","65":"Козлянко","67":"Муха","71":"Юрченков"}
[2026-07-30T11:36:03+00:00] Sync window: 2026-07-01 → 2026-09-30
[2026-07-30T11:36:03+00:00] Bookings from calendar: 14
[2026-07-30T11:36:04+00:00] Active deals: 176
[2026-07-30T11:36:04+00:00] Titles not matched to active deals: Бронирование
[2026-07-30T11:36:04+00:00] Assignments: 6
[2026-07-30T11:36:04+00:00] No cell changes
[2026-07-30T11:36:04+00:00] State saved
[2026-07-30T11:36:04+00:00] === end (3.15s) ===
[2026-07-30T11:38:01+00:00] === start ===
[2026-07-30T11:38:02+00:00] Sheet rows: 31, month headers: 3
[2026-07-30T11:38:02+00:00] Columns: {"Тусюк":"B","Муха":"C","Козлянко":"D","Юрченков":"E"}
[2026-07-30T11:38:02+00:00] Tech users: {"57":"Тусюк","65":"Козлянко","67":"Муха","71":"Юрченков"}
[2026-07-30T11:38:02+00:00] Sync window: 2026-07-01 → 2026-09-30
[2026-07-30T11:38:03+00:00] Bookings from calendar: 14
[2026-07-30T11:38:03+00:00] Active deals: 176
[2026-07-30T11:38:03+00:00] Titles not matched to active deals: Бронирование
[2026-07-30T11:38:03+00:00] Assignments: 6
[2026-07-30T11:38:03+00:00] No cell changes
[2026-07-30T11:38:03+00:00] State saved
[2026-07-30T11:38:03+00:00] === end (2.07s) ===
[2026-07-30T11:40:02+00:00] === start ===
[2026-07-30T11:40:02+00:00] Sheet rows: 31, month headers: 3
[2026-07-30T11:40:02+00:00] Columns: {"Тусюк":"B","Муха":"C","Козлянко":"D","Юрченков":"E"}
[2026-07-30T11:40:02+00:00] Tech users: {"57":"Тусюк","65":"Козлянко","67":"Муха","71":"Юрченков"}
[2026-07-30T11:40:02+00:00] Sync window: 2026-07-01 → 2026-09-30
[2026-07-30T11:40:03+00:00] Bookings from calendar: 14
[2026-07-30T11:40:04+00:00] Active deals: 176
[2026-07-30T11:40:04+00:00] Titles not matched to active deals: Бронирование
[2026-07-30T11:40:04+00:00] Assignments: 6
[2026-07-30T11:40:04+00:00] No cell changes
[2026-07-30T11:40:04+00:00] State saved
[2026-07-30T11:40:04+00:00] === end (2.07s) ===
[2026-07-30T11:42:01+00:00] === start ===
[2026-07-30T11:42:01+00:00] Sheet rows: 31, month headers: 3
[2026-07-30T11:42:01+00:00] Columns: {"Тусюк":"B","Муха":"C","Козлянко":"D","Юрченков":"E"}
[2026-07-30T11:42:01+00:00] Tech users: {"57":"Тусюк","65":"Козлянко","67":"Муха","71":"Юрченков"}
[2026-07-30T11:42:01+00:00] Sync window: 2026-07-01 → 2026-09-30
[2026-07-30T11:42:02+00:00] Bookings from calendar: 14
[2026-07-30T11:42:03+00:00] Active deals: 176
[2026-07-30T11:42:03+00:00] Titles not matched to active deals: Бронирование
[2026-07-30T11:42:03+00:00] Assignments: 6
[2026-07-30T11:42:03+00:00] No cell changes
[2026-07-30T11:42:03+00:00] State saved
[2026-07-30T11:42:03+00:00] === end (2.55s) ===
[2026-07-30T11:44:01+00:00] === start ===
[2026-07-30T11:44:02+00:00] Sheet rows: 31, month headers: 3
[2026-07-30T11:44:02+00:00] Columns: {"Тусюк":"B","Муха":"C","Козлянко":"D","Юрченков":"E"}
[2026-07-30T11:44:02+00:00] Tech users: {"57":"Тусюк","65":"Козлянко","67":"Муха","71":"Юрченков"}
[2026-07-30T11:44:02+00:00] Sync window: 2026-07-01 → 2026-09-30
[2026-07-30T11:44:03+00:00] Bookings from calendar: 14
[2026-07-30T11:44:04+00:00] Active deals: 176
[2026-07-30T11:44:04+00:00] Titles not matched to active deals: Бронирование
[2026-07-30T11:44:04+00:00] Assignments: 6
[2026-07-30T11:44:04+00:00] No cell changes
[2026-07-30T11:44:04+00:00] State saved
[2026-07-30T11:44:04+00:00] === end (2.38s) ===
[2026-07-30T11:46:01+00:00] === start ===
[2026-07-30T11:46:02+00:00] Sheet rows: 31, month headers: 3
[2026-07-30T11:46:02+00:00] Columns: {"Тусюк":"B","Муха":"C","Козлянко":"D","Юрченков":"E"}
[2026-07-30T11:46:03+00:00] Tech users: {"57":"Тусюк","65":"Козлянко","67":"Муха","71":"Юрченков"}
[2026-07-30T11:46:03+00:00] Sync window: 2026-07-01 → 2026-09-30
[2026-07-30T11:46:03+00:00] Bookings from calendar: 14
[2026-07-30T11:46:04+00:00] Active deals: 176
[2026-07-30T11:46:04+00:00] Titles not matched to active deals: Бронирование
[2026-07-30T11:46:04+00:00] Assignments: 6
[2026-07-30T11:46:04+00:00] No cell changes
[2026-07-30T11:46:04+00:00] State saved
[2026-07-30T11:46:04+00:00] === end (2.95s) ===
[2026-07-30T11:48:01+00:00] === start ===
[2026-07-30T11:48:01+00:00] Sheet rows: 31, month headers: 3
[2026-07-30T11:48:02+00:00] Columns: {"Тусюк":"B","Муха":"C","Козлянко":"D","Юрченков":"E"}
[2026-07-30T11:48:02+00:00] Tech users: {"57":"Тусюк","65":"Козлянко","67":"Муха","71":"Юрченков"}
[2026-07-30T11:48:02+00:00] Sync window: 2026-07-01 → 2026-09-30
[2026-07-30T11:48:03+00:00] Bookings from calendar: 14
[2026-07-30T11:48:03+00:00] Active deals: 176
[2026-07-30T11:48:03+00:00] Titles not matched to active deals: Бронирование
[2026-07-30T11:48:03+00:00] Assignments: 6
[2026-07-30T11:48:03+00:00] No cell changes
[2026-07-30T11:48:03+00:00] State saved
[2026-07-30T11:48:03+00:00] === end (2.36s) ===
[2026-07-30T11:50:01+00:00] === start ===
[2026-07-30T11:50:02+00:00] Sheet rows: 31, month headers: 3
[2026-07-30T11:50:03+00:00] Columns: {"Тусюк":"B","Муха":"C","Козлянко":"D","Юрченков":"E"}
[2026-07-30T11:50:03+00:00] Tech users: {"57":"Тусюк","65":"Козлянко","67":"Муха","71":"Юрченков"}
[2026-07-30T11:50:03+00:00] Sync window: 2026-07-01 → 2026-09-30
[2026-07-30T11:50:03+00:00] Bookings from calendar: 14
[2026-07-30T11:50:04+00:00] Active deals: 176
[2026-07-30T11:50:04+00:00] Titles not matched to active deals: Бронирование
[2026-07-30T11:50:04+00:00] Assignments: 6
[2026-07-30T11:50:04+00:00] No cell changes
[2026-07-30T11:50:04+00:00] State saved
[2026-07-30T11:50:04+00:00] === end (2.65s) ===
[2026-07-30T11:52:01+00:00] === start ===
[2026-07-30T11:52:02+00:00] Sheet rows: 31, month headers: 3
[2026-07-30T11:52:02+00:00] Columns: {"Тусюк":"B","Муха":"C","Козлянко":"D","Юрченков":"E"}
[2026-07-30T11:52:02+00:00] Tech users: {"57":"Тусюк","65":"Козлянко","67":"Муха","71":"Юрченков"}
[2026-07-30T11:52:02+00:00] Sync window: 2026-07-01 → 2026-09-30
[2026-07-30T11:52:03+00:00] Bookings from calendar: 14
[2026-07-30T11:52:04+00:00] Active deals: 176
[2026-07-30T11:52:04+00:00] Titles not matched to active deals: Бронирование
[2026-07-30T11:52:04+00:00] Assignments: 6
[2026-07-30T11:52:04+00:00] No cell changes
[2026-07-30T11:52:04+00:00] State saved
[2026-07-30T11:52:04+00:00] === end (2.67s) ===
[2026-07-30T11:54:01+00:00] === start ===
[2026-07-30T11:54:01+00:00] Sheet rows: 31, month headers: 3
[2026-07-30T11:54:02+00:00] Columns: {"Тусюк":"B","Муха":"C","Козлянко":"D","Юрченков":"E"}
[2026-07-30T11:54:02+00:00] Tech users: {"57":"Тусюк","65":"Козлянко","67":"Муха","71":"Юрченков"}
[2026-07-30T11:54:02+00:00] Sync window: 2026-07-01 → 2026-09-30
[2026-07-30T11:54:03+00:00] Bookings from calendar: 14
[2026-07-30T11:54:04+00:00] Active deals: 176
[2026-07-30T11:54:04+00:00] Titles not matched to active deals: Бронирование
[2026-07-30T11:54:04+00:00] Assignments: 6
[2026-07-30T11:54:04+00:00] No cell changes
[2026-07-30T11:54:04+00:00] State saved
[2026-07-30T11:54:04+00:00] === end (2.7s) ===
[2026-07-30T11:56:01+00:00] === start ===
[2026-07-30T11:56:01+00:00] Sheet rows: 31, month headers: 3
[2026-07-30T11:56:02+00:00] Columns: {"Тусюк":"B","Муха":"C","Козлянко":"D","Юрченков":"E"}
[2026-07-30T11:56:02+00:00] Tech users: {"57":"Тусюк","65":"Козлянко","67":"Муха","71":"Юрченков"}
[2026-07-30T11:56:02+00:00] Sync window: 2026-07-01 → 2026-09-30
[2026-07-30T11:56:03+00:00] Bookings from calendar: 14
[2026-07-30T11:56:03+00:00] Active deals: 176
[2026-07-30T11:56:03+00:00] Titles not matched to active deals: Бронирование
[2026-07-30T11:56:03+00:00] Assignments: 6
[2026-07-30T11:56:03+00:00] No cell changes
[2026-07-30T11:56:03+00:00] State saved
[2026-07-30T11:56:03+00:00] === end (2.68s) ===
[2026-07-30T11:58:01+00:00] === start ===
[2026-07-30T11:58:02+00:00] Sheet rows: 31, month headers: 3
[2026-07-30T11:58:03+00:00] Columns: {"Тусюк":"B","Муха":"C","Козлянко":"D","Юрченков":"E"}
[2026-07-30T11:58:03+00:00] Tech users: {"57":"Тусюк","65":"Козлянко","67":"Муха","71":"Юрченков"}
[2026-07-30T11:58:03+00:00] Sync window: 2026-07-01 → 2026-09-30
[2026-07-30T11:58:04+00:00] Bookings from calendar: 14
[2026-07-30T11:58:05+00:00] Active deals: 176
[2026-07-30T11:58:05+00:00] Titles not matched to active deals: Бронирование
[2026-07-30T11:58:05+00:00] Assignments: 6
[2026-07-30T11:58:05+00:00] No cell changes
[2026-07-30T11:58:05+00:00] State saved
[2026-07-30T11:58:05+00:00] === end (3.31s) ===
[2026-07-30T12:00:01+00:00] === start ===
[2026-07-30T12:00:01+00:00] Sheet rows: 31, month headers: 3
[2026-07-30T12:00:02+00:00] Columns: {"Тусюк":"B","Муха":"C","Козлянко":"D","Юрченков":"E"}
[2026-07-30T12:00:02+00:00] Tech users: {"57":"Тусюк","65":"Козлянко","67":"Муха","71":"Юрченков"}
[2026-07-30T12:00:02+00:00] Sync window: 2026-07-01 → 2026-09-30
[2026-07-30T12:00:03+00:00] Bookings from calendar: 14
[2026-07-30T12:00:04+00:00] Active deals: 176
[2026-07-30T12:00:04+00:00] Titles not matched to active deals: Бронирование
[2026-07-30T12:00:04+00:00] Assignments: 6
[2026-07-30T12:00:04+00:00] No cell changes
[2026-07-30T12:00:04+00:00] State saved
[2026-07-30T12:00:04+00:00] === end (3.32s) ===
[2026-07-30T12:02:01+00:00] === start ===
[2026-07-30T12:02:02+00:00] Sheet rows: 31, month headers: 3
[2026-07-30T12:02:03+00:00] Columns: {"Тусюк":"B","Муха":"C","Козлянко":"D","Юрченков":"E"}
[2026-07-30T12:02:03+00:00] Tech users: {"57":"Тусюк","65":"Козлянко","67":"Муха","71":"Юрченков"}
[2026-07-30T12:02:03+00:00] Sync window: 2026-07-01 → 2026-09-30
[2026-07-30T12:02:04+00:00] Bookings from calendar: 14
[2026-07-30T12:02:05+00:00] Active deals: 176
[2026-07-30T12:02:05+00:00] Titles not matched to active deals: Бронирование
[2026-07-30T12:02:05+00:00] Assignments: 6
[2026-07-30T12:02:05+00:00] No cell changes
[2026-07-30T12:02:05+00:00] State saved
[2026-07-30T12:02:05+00:00] === end (3.71s) ===
[2026-07-30T12:04:01+00:00] === start ===
[2026-07-30T12:04:01+00:00] Sheet rows: 31, month headers: 3
[2026-07-30T12:04:02+00:00] Columns: {"Тусюк":"B","Муха":"C","Козлянко":"D","Юрченков":"E"}
[2026-07-30T12:04:02+00:00] Tech users: {"57":"Тусюк","65":"Козлянко","67":"Муха","71":"Юрченков"}
[2026-07-30T12:04:02+00:00] Sync window: 2026-07-01 → 2026-09-30
[2026-07-30T12:04:04+00:00] Bookings from calendar: 14
[2026-07-30T12:04:04+00:00] Active deals: 176
[2026-07-30T12:04:04+00:00] Titles not matched to active deals: Бронирование
[2026-07-30T12:04:04+00:00] Assignments: 6
[2026-07-30T12:04:04+00:00] No cell changes
[2026-07-30T12:04:04+00:00] State saved
[2026-07-30T12:04:04+00:00] === end (3.5s) ===
[2026-07-30T12:06:02+00:00] === start ===
[2026-07-30T12:06:02+00:00] Sheet rows: 31, month headers: 3
[2026-07-30T12:06:03+00:00] Columns: {"Тусюк":"B","Муха":"C","Козлянко":"D","Юрченков":"E"}
[2026-07-30T12:06:03+00:00] Tech users: {"57":"Тусюк","65":"Козлянко","67":"Муха","71":"Юрченков"}
[2026-07-30T12:06:03+00:00] Sync window: 2026-07-01 → 2026-09-30
[2026-07-30T12:06:04+00:00] Bookings from calendar: 14
[2026-07-30T12:06:04+00:00] Active deals: 176
[2026-07-30T12:06:04+00:00] Titles not matched to active deals: Бронирование
[2026-07-30T12:06:04+00:00] Assignments: 6
[2026-07-30T12:06:04+00:00] No cell changes
[2026-07-30T12:06:04+00:00] State saved
[2026-07-30T12:06:04+00:00] === end (2.63s) ===
[2026-07-30T12:08:01+00:00] === start ===
[2026-07-30T12:08:02+00:00] Sheet rows: 31, month headers: 3
[2026-07-30T12:08:02+00:00] Columns: {"Тусюк":"B","Муха":"C","Козлянко":"D","Юрченков":"E"}
[2026-07-30T12:08:02+00:00] Tech users: {"57":"Тусюк","65":"Козлянко","67":"Муха","71":"Юрченков"}
[2026-07-30T12:08:02+00:00] Sync window: 2026-07-01 → 2026-09-30
[2026-07-30T12:08:03+00:00] Bookings from calendar: 14
[2026-07-30T12:08:04+00:00] Active deals: 176
[2026-07-30T12:08:04+00:00] Titles not matched to active deals: Бронирование
[2026-07-30T12:08:04+00:00] Assignments: 6
[2026-07-30T12:08:04+00:00] No cell changes
[2026-07-30T12:08:04+00:00] State saved
[2026-07-30T12:08:04+00:00] === end (2.73s) ===
[2026-07-30T12:10:01+00:00] === start ===
[2026-07-30T12:10:01+00:00] Sheet rows: 31, month headers: 3
[2026-07-30T12:10:02+00:00] Columns: {"Тусюк":"B","Муха":"C","Козлянко":"D","Юрченков":"E"}
[2026-07-30T12:10:02+00:00] Tech users: {"57":"Тусюк","65":"Козлянко","67":"Муха","71":"Юрченков"}
[2026-07-30T12:10:02+00:00] Sync window: 2026-07-01 → 2026-09-30
[2026-07-30T12:10:03+00:00] Bookings from calendar: 14
[2026-07-30T12:10:04+00:00] Active deals: 176
[2026-07-30T12:10:04+00:00] Titles not matched to active deals: Бронирование
[2026-07-30T12:10:04+00:00] Assignments: 6
[2026-07-30T12:10:04+00:00] No cell changes
[2026-07-30T12:10:04+00:00] State saved
[2026-07-30T12:10:04+00:00] === end (2.78s) ===
[2026-07-30T12:12:01+00:00] === start ===
[2026-07-30T12:12:02+00:00] Sheet rows: 31, month headers: 3
[2026-07-30T12:12:02+00:00] Columns: {"Тусюк":"B","Муха":"C","Козлянко":"D","Юрченков":"E"}
[2026-07-30T12:12:02+00:00] Tech users: {"57":"Тусюк","65":"Козлянко","67":"Муха","71":"Юрченков"}
[2026-07-30T12:12:02+00:00] Sync window: 2026-07-01 → 2026-09-30
[2026-07-30T12:12:03+00:00] Bookings from calendar: 14
[2026-07-30T12:12:04+00:00] Active deals: 176
[2026-07-30T12:12:04+00:00] Titles not matched to active deals: Бронирование
[2026-07-30T12:12:04+00:00] Assignments: 6
[2026-07-30T12:12:04+00:00] No cell changes
[2026-07-30T12:12:04+00:00] State saved
[2026-07-30T12:12:04+00:00] === end (2.79s) ===
[2026-07-30T12:14:01+00:00] === start ===
[2026-07-30T12:14:01+00:00] Sheet rows: 31, month headers: 3
[2026-07-30T12:14:01+00:00] Columns: {"Тусюк":"B","Муха":"C","Козлянко":"D","Юрченков":"E"}
[2026-07-30T12:14:02+00:00] Tech users: {"57":"Тусюк","65":"Козлянко","67":"Муха","71":"Юрченков"}
[2026-07-30T12:14:02+00:00] Sync window: 2026-07-01 → 2026-09-30
[2026-07-30T12:14:02+00:00] Bookings from calendar: 14
[2026-07-30T12:14:03+00:00] Active deals: 176
[2026-07-30T12:14:03+00:00] Titles not matched to active deals: Бронирование
[2026-07-30T12:14:03+00:00] Assignments: 6
[2026-07-30T12:14:03+00:00] No cell changes
[2026-07-30T12:14:03+00:00] State saved
[2026-07-30T12:14:03+00:00] === end (2.13s) ===
[2026-07-30T12:16:01+00:00] === start ===
[2026-07-30T12:16:01+00:00] Sheet rows: 31, month headers: 3
[2026-07-30T12:16:02+00:00] Columns: {"Тусюк":"B","Муха":"C","Козлянко":"D","Юрченков":"E"}
[2026-07-30T12:16:02+00:00] Tech users: {"57":"Тусюк","65":"Козлянко","67":"Муха","71":"Юрченков"}
[2026-07-30T12:16:02+00:00] Sync window: 2026-07-01 → 2026-09-30
[2026-07-30T12:16:03+00:00] Bookings from calendar: 14
[2026-07-30T12:16:04+00:00] Active deals: 176
[2026-07-30T12:16:04+00:00] Titles not matched to active deals: Бронирование
[2026-07-30T12:16:04+00:00] Assignments: 6
[2026-07-30T12:16:04+00:00] No cell changes
[2026-07-30T12:16:04+00:00] State saved
[2026-07-30T12:16:04+00:00] === end (2.97s) ===
[2026-07-30T12:18:01+00:00] === start ===
[2026-07-30T12:18:01+00:00] Sheet rows: 31, month headers: 3
[2026-07-30T12:18:02+00:00] Columns: {"Тусюк":"B","Муха":"C","Козлянко":"D","Юрченков":"E"}
[2026-07-30T12:18:02+00:00] Tech users: {"57":"Тусюк","65":"Козлянко","67":"Муха","71":"Юрченков"}
[2026-07-30T12:18:02+00:00] Sync window: 2026-07-01 → 2026-09-30
[2026-07-30T12:18:03+00:00] Bookings from calendar: 14
[2026-07-30T12:18:04+00:00] Active deals: 176
[2026-07-30T12:18:04+00:00] Titles not matched to active deals: Бронирование
[2026-07-30T12:18:04+00:00] Assignments: 6
[2026-07-30T12:18:04+00:00] No cell changes
[2026-07-30T12:18:04+00:00] State saved
[2026-07-30T12:18:04+00:00] === end (2.53s) ===
[2026-07-30T12:20:01+00:00] === start ===
[2026-07-30T12:20:01+00:00] Sheet rows: 31, month headers: 3
[2026-07-30T12:20:01+00:00] Columns: {"Тусюк":"B","Муха":"C","Козлянко":"D","Юрченков":"E"}
[2026-07-30T12:20:01+00:00] Tech users: {"57":"Тусюк","65":"Козлянко","67":"Муха","71":"Юрченков"}
[2026-07-30T12:20:01+00:00] Sync window: 2026-07-01 → 2026-09-30
[2026-07-30T12:20:03+00:00] Bookings from calendar: 14
[2026-07-30T12:20:03+00:00] Active deals: 176
[2026-07-30T12:20:03+00:00] Titles not matched to active deals: Бронирование
[2026-07-30T12:20:03+00:00] Assignments: 6
[2026-07-30T12:20:03+00:00] No cell changes
[2026-07-30T12:20:03+00:00] State saved
[2026-07-30T12:20:03+00:00] === end (2.71s) ===
[2026-07-30T12:22:01+00:00] === start ===
[2026-07-30T12:22:02+00:00] Sheet rows: 31, month headers: 3
[2026-07-30T12:22:02+00:00] Columns: {"Тусюк":"B","Муха":"C","Козлянко":"D","Юрченков":"E"}
[2026-07-30T12:22:03+00:00] Tech users: {"57":"Тусюк","65":"Козлянко","67":"Муха","71":"Юрченков"}
[2026-07-30T12:22:03+00:00] Sync window: 2026-07-01 → 2026-09-30
[2026-07-30T12:22:03+00:00] Bookings from calendar: 14
[2026-07-30T12:22:04+00:00] Active deals: 176
[2026-07-30T12:22:04+00:00] Titles not matched to active deals: Бронирование
[2026-07-30T12:22:04+00:00] Assignments: 6
[2026-07-30T12:22:04+00:00] No cell changes
[2026-07-30T12:22:04+00:00] State saved
[2026-07-30T12:22:04+00:00] === end (2.81s) ===
[2026-07-30T12:24:01+00:00] === start ===
[2026-07-30T12:24:02+00:00] Sheet rows: 31, month headers: 3
[2026-07-30T12:24:02+00:00] Columns: {"Тусюк":"B","Муха":"C","Козлянко":"D","Юрченков":"E"}
[2026-07-30T12:24:02+00:00] Tech users: {"57":"Тусюк","65":"Козлянко","67":"Муха","71":"Юрченков"}
[2026-07-30T12:24:02+00:00] Sync window: 2026-07-01 → 2026-09-30
[2026-07-30T12:24:03+00:00] Bookings from calendar: 14
[2026-07-30T12:24:03+00:00] Active deals: 176
[2026-07-30T12:24:03+00:00] Titles not matched to active deals: Бронирование
[2026-07-30T12:24:03+00:00] Assignments: 6
[2026-07-30T12:24:03+00:00] No cell changes
[2026-07-30T12:24:03+00:00] State saved
[2026-07-30T12:24:03+00:00] === end (2.04s) ===
[2026-07-30T12:26:01+00:00] === start ===
[2026-07-30T12:26:02+00:00] Sheet rows: 31, month headers: 3
[2026-07-30T12:26:02+00:00] Columns: {"Тусюк":"B","Муха":"C","Козлянко":"D","Юрченков":"E"}
[2026-07-30T12:26:02+00:00] Tech users: {"57":"Тусюк","65":"Козлянко","67":"Муха","71":"Юрченков"}
[2026-07-30T12:26:02+00:00] Sync window: 2026-07-01 → 2026-09-30
[2026-07-30T12:26:03+00:00] Bookings from calendar: 14
[2026-07-30T12:26:04+00:00] Active deals: 176
[2026-07-30T12:26:04+00:00] Titles not matched to active deals: Бронирование
[2026-07-30T12:26:04+00:00] Assignments: 6
[2026-07-30T12:26:04+00:00] No cell changes
[2026-07-30T12:26:04+00:00] State saved
[2026-07-30T12:26:04+00:00] === end (2.42s) ===
[2026-07-30T12:28:01+00:00] === start ===
[2026-07-30T12:28:01+00:00] Sheet rows: 31, month headers: 3
[2026-07-30T12:28:01+00:00] Columns: {"Тусюк":"B","Муха":"C","Козлянко":"D","Юрченков":"E"}
[2026-07-30T12:28:02+00:00] Tech users: {"57":"Тусюк","65":"Козлянко","67":"Муха","71":"Юрченков"}
[2026-07-30T12:28:02+00:00] Sync window: 2026-07-01 → 2026-09-30
[2026-07-30T12:28:02+00:00] Bookings from calendar: 14
[2026-07-30T12:28:03+00:00] Active deals: 176
[2026-07-30T12:28:03+00:00] Titles not matched to active deals: Бронирование
[2026-07-30T12:28:03+00:00] Assignments: 6
[2026-07-30T12:28:03+00:00] No cell changes
[2026-07-30T12:28:03+00:00] State saved
[2026-07-30T12:28:03+00:00] === end (2.05s) ===
[2026-07-30T12:30:01+00:00] === start ===
[2026-07-30T12:30:02+00:00] Sheet rows: 31, month headers: 3
[2026-07-30T12:30:02+00:00] Columns: {"Тусюк":"B","Муха":"C","Козлянко":"D","Юрченков":"E"}
[2026-07-30T12:30:03+00:00] Tech users: {"57":"Тусюк","65":"Козлянко","67":"Муха","71":"Юрченков"}
[2026-07-30T12:30:03+00:00] Sync window: 2026-07-01 → 2026-09-30
[2026-07-30T12:30:03+00:00] Bookings from calendar: 14
[2026-07-30T12:30:04+00:00] Active deals: 176
[2026-07-30T12:30:04+00:00] Titles not matched to active deals: Бронирование
[2026-07-30T12:30:04+00:00] Assignments: 6
[2026-07-30T12:30:04+00:00] No cell changes
[2026-07-30T12:30:04+00:00] State saved
[2026-07-30T12:30:04+00:00] === end (2.98s) ===
[2026-07-30T12:32:01+00:00] === start ===
[2026-07-30T12:32:01+00:00] Sheet rows: 31, month headers: 3
[2026-07-30T12:32:02+00:00] Columns: {"Тусюк":"B","Муха":"C","Козлянко":"D","Юрченков":"E"}
[2026-07-30T12:32:02+00:00] Tech users: {"57":"Тусюк","65":"Козлянко","67":"Муха","71":"Юрченков"}
[2026-07-30T12:32:02+00:00] Sync window: 2026-07-01 → 2026-09-30
[2026-07-30T12:32:03+00:00] Bookings from calendar: 14
[2026-07-30T12:32:03+00:00] Active deals: 176
[2026-07-30T12:32:03+00:00] Titles not matched to active deals: Бронирование
[2026-07-30T12:32:03+00:00] Assignments: 6
[2026-07-30T12:32:03+00:00] No cell changes
[2026-07-30T12:32:03+00:00] State saved
[2026-07-30T12:32:03+00:00] === end (2.19s) ===
[2026-07-30T12:34:01+00:00] === start ===
[2026-07-30T12:34:02+00:00] Sheet rows: 31, month headers: 3
[2026-07-30T12:34:02+00:00] Columns: {"Тусюк":"B","Муха":"C","Козлянко":"D","Юрченков":"E"}
[2026-07-30T12:34:03+00:00] Tech users: {"57":"Тусюк","65":"Козлянко","67":"Муха","71":"Юрченков"}
[2026-07-30T12:34:03+00:00] Sync window: 2026-07-01 → 2026-09-30
[2026-07-30T12:34:04+00:00] Bookings from calendar: 14
[2026-07-30T12:34:04+00:00] Active deals: 176
[2026-07-30T12:34:04+00:00] Titles not matched to active deals: Бронирование
[2026-07-30T12:34:04+00:00] Assignments: 6
[2026-07-30T12:34:04+00:00] No cell changes
[2026-07-30T12:34:04+00:00] State saved
[2026-07-30T12:34:04+00:00] === end (3.1s) ===
[2026-07-30T12:36:01+00:00] === start ===
[2026-07-30T12:36:02+00:00] Sheet rows: 31, month headers: 3
[2026-07-30T12:36:03+00:00] Columns: {"Тусюк":"B","Муха":"C","Козлянко":"D","Юрченков":"E"}
[2026-07-30T12:36:03+00:00] Tech users: {"57":"Тусюк","65":"Козлянко","67":"Муха","71":"Юрченков"}
[2026-07-30T12:36:03+00:00] Sync window: 2026-07-01 → 2026-09-30
[2026-07-30T12:36:03+00:00] Bookings from calendar: 14
[2026-07-30T12:36:04+00:00] Active deals: 176
[2026-07-30T12:36:04+00:00] Titles not matched to active deals: Бронирование
[2026-07-30T12:36:04+00:00] Assignments: 6
[2026-07-30T12:36:04+00:00] No cell changes
[2026-07-30T12:36:04+00:00] State saved
[2026-07-30T12:36:04+00:00] === end (2.5s) ===
[2026-07-30T12:38:01+00:00] === start ===
[2026-07-30T12:38:01+00:00] Sheet rows: 31, month headers: 3
[2026-07-30T12:38:02+00:00] Columns: {"Тусюк":"B","Муха":"C","Козлянко":"D","Юрченков":"E"}
[2026-07-30T12:38:02+00:00] Tech users: {"57":"Тусюк","65":"Козлянко","67":"Муха","71":"Юрченков"}
[2026-07-30T12:38:02+00:00] Sync window: 2026-07-01 → 2026-09-30
[2026-07-30T12:38:03+00:00] Bookings from calendar: 14
[2026-07-30T12:38:03+00:00] Active deals: 176
[2026-07-30T12:38:03+00:00] Titles not matched to active deals: Бронирование
[2026-07-30T12:38:03+00:00] Assignments: 6
[2026-07-30T12:38:03+00:00] No cell changes
[2026-07-30T12:38:03+00:00] State saved
[2026-07-30T12:38:03+00:00] === end (2.08s) ===
[2026-07-30T12:40:01+00:00] === start ===
[2026-07-30T12:40:02+00:00] Sheet rows: 31, month headers: 3
[2026-07-30T12:40:02+00:00] Columns: {"Тусюк":"B","Муха":"C","Козлянко":"D","Юрченков":"E"}
[2026-07-30T12:40:04+00:00] Tech users: {"57":"Тусюк","65":"Козлянко","67":"Муха","71":"Юрченков"}
[2026-07-30T12:40:04+00:00] Sync window: 2026-07-01 → 2026-09-30
[2026-07-30T12:40:12+00:00] Bookings from calendar: 14
[2026-07-30T12:40:21+00:00] Active deals: 176
[2026-07-30T12:40:21+00:00] Titles not matched to active deals: Бронирование
[2026-07-30T12:40:21+00:00] Assignments: 6
[2026-07-30T12:40:21+00:00] No cell changes
[2026-07-30T12:40:21+00:00] State saved
[2026-07-30T12:40:21+00:00] === end (20.25s) ===
[2026-07-30T12:42:02+00:00] === start ===
[2026-07-30T12:42:02+00:00] Sheet rows: 31, month headers: 3
[2026-07-30T12:42:03+00:00] Columns: {"Тусюк":"B","Муха":"C","Козлянко":"D","Юрченков":"E"}
[2026-07-30T12:42:07+00:00] Tech users: {"57":"Тусюк","65":"Козлянко","67":"Муха","71":"Юрченков"}
[2026-07-30T12:42:07+00:00] Sync window: 2026-07-01 → 2026-09-30
[2026-07-30T12:42:17+00:00] Bookings from calendar: 14
[2026-07-30T12:42:20+00:00] Active deals: 176
[2026-07-30T12:42:20+00:00] Titles not matched to active deals: Бронирование
[2026-07-30T12:42:20+00:00] Assignments: 6
[2026-07-30T12:42:20+00:00] No cell changes
[2026-07-30T12:42:20+00:00] State saved
[2026-07-30T12:42:20+00:00] === end (18.26s) ===
[2026-07-30T12:44:01+00:00] === start ===
[2026-07-30T12:44:01+00:00] Sheet rows: 31, month headers: 3
[2026-07-30T12:44:01+00:00] Columns: {"Тусюк":"B","Муха":"C","Козлянко":"D","Юрченков":"E"}
[2026-07-30T12:44:02+00:00] Tech users: {"57":"Тусюк","65":"Козлянко","67":"Муха","71":"Юрченков"}
[2026-07-30T12:44:02+00:00] Sync window: 2026-07-01 → 2026-09-30
[2026-07-30T12:44:02+00:00] Bookings from calendar: 14
[2026-07-30T12:44:03+00:00] Active deals: 176
[2026-07-30T12:44:03+00:00] Titles not matched to active deals: Бронирование
[2026-07-30T12:44:03+00:00] Assignments: 6
[2026-07-30T12:44:03+00:00] No cell changes
[2026-07-30T12:44:03+00:00] State saved
[2026-07-30T12:44:03+00:00] === end (2.37s) ===
[2026-07-30T12:46:01+00:00] === start ===
[2026-07-30T12:46:01+00:00] Sheet rows: 31, month headers: 3
[2026-07-30T12:46:01+00:00] Columns: {"Тусюк":"B","Муха":"C","Козлянко":"D","Юрченков":"E"}
[2026-07-30T12:46:02+00:00] Tech users: {"57":"Тусюк","65":"Козлянко","67":"Муха","71":"Юрченков"}
[2026-07-30T12:46:02+00:00] Sync window: 2026-07-01 → 2026-09-30
[2026-07-30T12:46:02+00:00] Bookings from calendar: 14
[2026-07-30T12:46:03+00:00] Active deals: 176
[2026-07-30T12:46:03+00:00] Titles not matched to active deals: Бронирование
[2026-07-30T12:46:03+00:00] Assignments: 6
[2026-07-30T12:46:03+00:00] No cell changes
[2026-07-30T12:46:03+00:00] State saved
[2026-07-30T12:46:03+00:00] === end (2.23s) ===
[2026-07-30T12:48:01+00:00] === start ===
[2026-07-30T12:48:02+00:00] Sheet rows: 31, month headers: 3
[2026-07-30T12:48:02+00:00] Columns: {"Тусюк":"B","Муха":"C","Козлянко":"D","Юрченков":"E"}
[2026-07-30T12:48:02+00:00] Tech users: {"57":"Тусюк","65":"Козлянко","67":"Муха","71":"Юрченков"}
[2026-07-30T12:48:02+00:00] Sync window: 2026-07-01 → 2026-09-30
[2026-07-30T12:48:03+00:00] Bookings from calendar: 14
[2026-07-30T12:48:04+00:00] Active deals: 176
[2026-07-30T12:48:04+00:00] Titles not matched to active deals: Бронирование
[2026-07-30T12:48:04+00:00] Assignments: 6
[2026-07-30T12:48:04+00:00] No cell changes
[2026-07-30T12:48:04+00:00] State saved
[2026-07-30T12:48:04+00:00] === end (2.61s) ===
[2026-07-30T12:50:01+00:00] === start ===
[2026-07-30T12:50:02+00:00] Sheet rows: 31, month headers: 3
[2026-07-30T12:50:03+00:00] Columns: {"Тусюк":"B","Муха":"C","Козлянко":"D","Юрченков":"E"}
[2026-07-30T12:50:03+00:00] Tech users: {"57":"Тусюк","65":"Козлянко","67":"Муха","71":"Юрченков"}
[2026-07-30T12:50:03+00:00] Sync window: 2026-07-01 → 2026-09-30
[2026-07-30T12:50:05+00:00] Bookings from calendar: 14
[2026-07-30T12:50:06+00:00] Active deals: 176
[2026-07-30T12:50:06+00:00] Titles not matched to active deals: Бронирование
[2026-07-30T12:50:06+00:00] Assignments: 6
[2026-07-30T12:50:06+00:00] No cell changes
[2026-07-30T12:50:06+00:00] State saved
[2026-07-30T12:50:06+00:00] === end (5.59s) ===
[2026-07-30T12:52:02+00:00] === start ===
[2026-07-30T12:52:02+00:00] Sheet rows: 31, month headers: 3
[2026-07-30T12:52:02+00:00] Columns: {"Тусюк":"B","Муха":"C","Козлянко":"D","Юрченков":"E"}
[2026-07-30T12:52:02+00:00] Tech users: {"57":"Тусюк","65":"Козлянко","67":"Муха","71":"Юрченков"}
[2026-07-30T12:52:02+00:00] Sync window: 2026-07-01 → 2026-09-30
[2026-07-30T12:52:03+00:00] Bookings from calendar: 14
[2026-07-30T12:52:04+00:00] Active deals: 176
[2026-07-30T12:52:04+00:00] Titles not matched to active deals: Бронирование
[2026-07-30T12:52:04+00:00] Assignments: 6
[2026-07-30T12:52:04+00:00] No cell changes
[2026-07-30T12:52:04+00:00] State saved
[2026-07-30T12:52:04+00:00] === end (2.22s) ===
[2026-07-30T12:54:01+00:00] === start ===
[2026-07-30T12:54:02+00:00] Sheet rows: 31, month headers: 3
[2026-07-30T12:54:02+00:00] Columns: {"Тусюк":"B","Муха":"C","Козлянко":"D","Юрченков":"E"}
[2026-07-30T12:54:02+00:00] Tech users: {"57":"Тусюк","65":"Козлянко","67":"Муха","71":"Юрченков"}
[2026-07-30T12:54:02+00:00] Sync window: 2026-07-01 → 2026-09-30
[2026-07-30T12:54:03+00:00] Bookings from calendar: 14
[2026-07-30T12:54:04+00:00] Active deals: 176
[2026-07-30T12:54:04+00:00] Titles not matched to active deals: Бронирование
[2026-07-30T12:54:04+00:00] Assignments: 6
[2026-07-30T12:54:04+00:00] No cell changes
[2026-07-30T12:54:04+00:00] State saved
[2026-07-30T12:54:04+00:00] === end (3.18s) ===
[2026-07-30T12:56:01+00:00] === start ===
[2026-07-30T12:56:01+00:00] Sheet rows: 31, month headers: 3
[2026-07-30T12:56:02+00:00] Columns: {"Тусюк":"B","Муха":"C","Козлянко":"D","Юрченков":"E"}
[2026-07-30T12:56:02+00:00] Tech users: {"57":"Тусюк","65":"Козлянко","67":"Муха","71":"Юрченков"}
[2026-07-30T12:56:02+00:00] Sync window: 2026-07-01 → 2026-09-30
[2026-07-30T12:56:03+00:00] Bookings from calendar: 14
[2026-07-30T12:56:04+00:00] Active deals: 176
[2026-07-30T12:56:04+00:00] Titles not matched to active deals: Бронирование
[2026-07-30T12:56:04+00:00] Assignments: 6
[2026-07-30T12:56:04+00:00] No cell changes
[2026-07-30T12:56:04+00:00] State saved
[2026-07-30T12:56:04+00:00] === end (2.64s) ===
[2026-07-30T12:58:01+00:00] === start ===
[2026-07-30T12:58:02+00:00] Sheet rows: 31, month headers: 3
[2026-07-30T12:58:02+00:00] Columns: {"Тусюк":"B","Муха":"C","Козлянко":"D","Юрченков":"E"}
[2026-07-30T12:58:02+00:00] Tech users: {"57":"Тусюк","65":"Козлянко","67":"Муха","71":"Юрченков"}
[2026-07-30T12:58:02+00:00] Sync window: 2026-07-01 → 2026-09-30
[2026-07-30T12:58:03+00:00] Bookings from calendar: 14
[2026-07-30T12:58:04+00:00] Active deals: 176
[2026-07-30T12:58:04+00:00] Titles not matched to active deals: Бронирование
[2026-07-30T12:58:04+00:00] Assignments: 6
[2026-07-30T12:58:04+00:00] No cell changes
[2026-07-30T12:58:04+00:00] State saved
[2026-07-30T12:58:04+00:00] === end (2.91s) ===
[2026-07-30T13:00:01+00:00] === start ===
[2026-07-30T13:00:02+00:00] Sheet rows: 31, month headers: 3
[2026-07-30T13:00:02+00:00] Columns: {"Тусюк":"B","Муха":"C","Козлянко":"D","Юрченков":"E"}
[2026-07-30T13:00:02+00:00] Tech users: {"57":"Тусюк","65":"Козлянко","67":"Муха","71":"Юрченков"}
[2026-07-30T13:00:02+00:00] Sync window: 2026-07-01 → 2026-09-30
[2026-07-30T13:00:03+00:00] Bookings from calendar: 14
[2026-07-30T13:00:04+00:00] Active deals: 176
[2026-07-30T13:00:04+00:00] Titles not matched to active deals: Бронирование
[2026-07-30T13:00:04+00:00] Assignments: 6
[2026-07-30T13:00:04+00:00] No cell changes
[2026-07-30T13:00:04+00:00] State saved
[2026-07-30T13:00:04+00:00] === end (2.91s) ===
[2026-07-30T13:02:01+00:00] === start ===
[2026-07-30T13:02:01+00:00] Sheet rows: 31, month headers: 3
[2026-07-30T13:02:02+00:00] Columns: {"Тусюк":"B","Муха":"C","Козлянко":"D","Юрченков":"E"}
[2026-07-30T13:02:02+00:00] Tech users: {"57":"Тусюк","65":"Козлянко","67":"Муха","71":"Юрченков"}
[2026-07-30T13:02:02+00:00] Sync window: 2026-07-01 → 2026-09-30
[2026-07-30T13:02:03+00:00] Bookings from calendar: 14
[2026-07-30T13:02:04+00:00] Active deals: 176
[2026-07-30T13:02:04+00:00] Titles not matched to active deals: Бронирование
[2026-07-30T13:02:04+00:00] Assignments: 6
[2026-07-30T13:02:04+00:00] No cell changes
[2026-07-30T13:02:04+00:00] State saved
[2026-07-30T13:02:04+00:00] === end (2.75s) ===
[2026-07-30T13:04:01+00:00] === start ===
[2026-07-30T13:04:01+00:00] Sheet rows: 31, month headers: 3
[2026-07-30T13:04:02+00:00] Columns: {"Тусюк":"B","Муха":"C","Козлянко":"D","Юрченков":"E"}
[2026-07-30T13:04:02+00:00] Tech users: {"57":"Тусюк","65":"Козлянко","67":"Муха","71":"Юрченков"}
[2026-07-30T13:04:02+00:00] Sync window: 2026-07-01 → 2026-09-30
[2026-07-30T13:04:03+00:00] Bookings from calendar: 14
[2026-07-30T13:04:04+00:00] Active deals: 176
[2026-07-30T13:04:04+00:00] Titles not matched to active deals: Бронирование
[2026-07-30T13:04:04+00:00] Assignments: 6
[2026-07-30T13:04:04+00:00] No cell changes
[2026-07-30T13:04:04+00:00] State saved
[2026-07-30T13:04:04+00:00] === end (3.11s) ===
[2026-07-30T13:06:01+00:00] === start ===
[2026-07-30T13:06:01+00:00] Sheet rows: 31, month headers: 3
[2026-07-30T13:06:01+00:00] Columns: {"Тусюк":"B","Муха":"C","Козлянко":"D","Юрченков":"E"}
[2026-07-30T13:06:02+00:00] Tech users: {"57":"Тусюк","65":"Козлянко","67":"Муха","71":"Юрченков"}
[2026-07-30T13:06:02+00:00] Sync window: 2026-07-01 → 2026-09-30
[2026-07-30T13:06:03+00:00] Bookings from calendar: 14
[2026-07-30T13:06:04+00:00] Active deals: 176
[2026-07-30T13:06:04+00:00] Titles not matched to active deals: Бронирование
[2026-07-30T13:06:04+00:00] Assignments: 6
[2026-07-30T13:06:04+00:00] No cell changes
[2026-07-30T13:06:04+00:00] State saved
[2026-07-30T13:06:04+00:00] === end (2.59s) ===
[2026-07-30T13:08:01+00:00] === start ===
[2026-07-30T13:08:01+00:00] Sheet rows: 31, month headers: 3
[2026-07-30T13:08:02+00:00] Columns: {"Тусюк":"B","Муха":"C","Козлянко":"D","Юрченков":"E"}
[2026-07-30T13:08:02+00:00] Tech users: {"57":"Тусюк","65":"Козлянко","67":"Муха","71":"Юрченков"}
[2026-07-30T13:08:02+00:00] Sync window: 2026-07-01 → 2026-09-30
[2026-07-30T13:08:03+00:00] Bookings from calendar: 14
[2026-07-30T13:08:03+00:00] Active deals: 176
[2026-07-30T13:08:03+00:00] Titles not matched to active deals: Бронирование
[2026-07-30T13:08:03+00:00] Assignments: 6
[2026-07-30T13:08:03+00:00] No cell changes
[2026-07-30T13:08:03+00:00] State saved
[2026-07-30T13:08:03+00:00] === end (2.73s) ===
[2026-07-30T13:10:01+00:00] === start ===
[2026-07-30T13:10:02+00:00] Sheet rows: 31, month headers: 3
[2026-07-30T13:10:02+00:00] Columns: {"Тусюк":"B","Муха":"C","Козлянко":"D","Юрченков":"E"}
[2026-07-30T13:10:02+00:00] Tech users: {"57":"Тусюк","65":"Козлянко","67":"Муха","71":"Юрченков"}
[2026-07-30T13:10:02+00:00] Sync window: 2026-07-01 → 2026-09-30
[2026-07-30T13:10:03+00:00] Bookings from calendar: 14
[2026-07-30T13:10:04+00:00] Active deals: 176
[2026-07-30T13:10:04+00:00] Titles not matched to active deals: Бронирование
[2026-07-30T13:10:04+00:00] Assignments: 6
[2026-07-30T13:10:04+00:00] No cell changes
[2026-07-30T13:10:04+00:00] State saved
[2026-07-30T13:10:04+00:00] === end (2.38s) ===
[2026-07-30T13:12:01+00:00] === start ===
[2026-07-30T13:12:01+00:00] Sheet rows: 31, month headers: 3
[2026-07-30T13:12:01+00:00] Columns: {"Тусюк":"B","Муха":"C","Козлянко":"D","Юрченков":"E"}
[2026-07-30T13:12:02+00:00] Tech users: {"57":"Тусюк","65":"Козлянко","67":"Муха","71":"Юрченков"}
[2026-07-30T13:12:02+00:00] Sync window: 2026-07-01 → 2026-09-30
[2026-07-30T13:12:02+00:00] Bookings from calendar: 14
[2026-07-30T13:12:03+00:00] Active deals: 176
[2026-07-30T13:12:03+00:00] Titles not matched to active deals: Бронирование
[2026-07-30T13:12:03+00:00] Assignments: 6
[2026-07-30T13:12:03+00:00] No cell changes
[2026-07-30T13:12:03+00:00] State saved
[2026-07-30T13:12:03+00:00] === end (2.18s) ===
[2026-07-30T13:14:01+00:00] === start ===
[2026-07-30T13:14:01+00:00] Sheet rows: 31, month headers: 3
[2026-07-30T13:14:02+00:00] Columns: {"Тусюк":"B","Муха":"C","Козлянко":"D","Юрченков":"E"}
[2026-07-30T13:14:02+00:00] Tech users: {"57":"Тусюк","65":"Козлянко","67":"Муха","71":"Юрченков"}
[2026-07-30T13:14:02+00:00] Sync window: 2026-07-01 → 2026-09-30
[2026-07-30T13:14:03+00:00] Bookings from calendar: 14
[2026-07-30T13:14:03+00:00] Active deals: 176
[2026-07-30T13:14:03+00:00] Titles not matched to active deals: Бронирование
[2026-07-30T13:14:03+00:00] Assignments: 6
[2026-07-30T13:14:03+00:00] No cell changes
[2026-07-30T13:14:03+00:00] State saved
[2026-07-30T13:14:03+00:00] === end (2.28s) ===
[2026-07-30T13:16:01+00:00] === start ===
[2026-07-30T13:16:02+00:00] Sheet rows: 31, month headers: 3
[2026-07-30T13:16:02+00:00] Columns: {"Тусюк":"B","Муха":"C","Козлянко":"D","Юрченков":"E"}
[2026-07-30T13:16:03+00:00] Tech users: {"57":"Тусюк","65":"Козлянко","67":"Муха","71":"Юрченков"}
[2026-07-30T13:16:03+00:00] Sync window: 2026-07-01 → 2026-09-30
[2026-07-30T13:16:03+00:00] Bookings from calendar: 14
[2026-07-30T13:16:04+00:00] Active deals: 176
[2026-07-30T13:16:04+00:00] Titles not matched to active deals: Бронирование
[2026-07-30T13:16:04+00:00] Assignments: 6
[2026-07-30T13:16:04+00:00] No cell changes
[2026-07-30T13:16:04+00:00] State saved
[2026-07-30T13:16:04+00:00] === end (2.72s) ===
[2026-07-30T13:18:01+00:00] === start ===
[2026-07-30T13:18:01+00:00] Sheet rows: 31, month headers: 3
[2026-07-30T13:18:02+00:00] Columns: {"Тусюк":"B","Муха":"C","Козлянко":"D","Юрченков":"E"}
[2026-07-30T13:18:02+00:00] Tech users: {"57":"Тусюк","65":"Козлянко","67":"Муха","71":"Юрченков"}
[2026-07-30T13:18:02+00:00] Sync window: 2026-07-01 → 2026-09-30
[2026-07-30T13:18:03+00:00] Bookings from calendar: 14
[2026-07-30T13:18:05+00:00] Active deals: 176
[2026-07-30T13:18:05+00:00] Titles not matched to active deals: Бронирование
[2026-07-30T13:18:05+00:00] Assignments: 6
[2026-07-30T13:18:05+00:00] No cell changes
[2026-07-30T13:18:05+00:00] State saved
[2026-07-30T13:18:05+00:00] === end (3.58s) ===
[2026-07-30T13:20:01+00:00] === start ===
[2026-07-30T13:20:01+00:00] Sheet rows: 31, month headers: 3
[2026-07-30T13:20:01+00:00] Columns: {"Тусюк":"B","Муха":"C","Козлянко":"D","Юрченков":"E"}
[2026-07-30T13:20:01+00:00] Tech users: {"57":"Тусюк","65":"Козлянко","67":"Муха","71":"Юрченков"}
[2026-07-30T13:20:01+00:00] Sync window: 2026-07-01 → 2026-09-30
[2026-07-30T13:20:02+00:00] Bookings from calendar: 14
[2026-07-30T13:20:03+00:00] Active deals: 176
[2026-07-30T13:20:03+00:00] Titles not matched to active deals: Бронирование
[2026-07-30T13:20:03+00:00] Assignments: 6
[2026-07-30T13:20:03+00:00] No cell changes
[2026-07-30T13:20:03+00:00] State saved
[2026-07-30T13:20:03+00:00] === end (2.32s) ===
[2026-07-30T13:22:01+00:00] === start ===
[2026-07-30T13:22:01+00:00] Sheet rows: 31, month headers: 3
[2026-07-30T13:22:02+00:00] Columns: {"Тусюк":"B","Муха":"C","Козлянко":"D","Юрченков":"E"}
[2026-07-30T13:22:02+00:00] Tech users: {"57":"Тусюк","65":"Козлянко","67":"Муха","71":"Юрченков"}
[2026-07-30T13:22:02+00:00] Sync window: 2026-07-01 → 2026-09-30
[2026-07-30T13:22:02+00:00] Bookings from calendar: 14
[2026-07-30T13:22:03+00:00] Active deals: 176
[2026-07-30T13:22:03+00:00] Titles not matched to active deals: Бронирование
[2026-07-30T13:22:03+00:00] Assignments: 6
[2026-07-30T13:22:03+00:00] No cell changes
[2026-07-30T13:22:03+00:00] State saved
[2026-07-30T13:22:03+00:00] === end (2.1s) ===
[2026-07-30T13:24:01+00:00] === start ===
[2026-07-30T13:24:02+00:00] Sheet rows: 31, month headers: 3
[2026-07-30T13:24:02+00:00] Columns: {"Тусюк":"B","Муха":"C","Козлянко":"D","Юрченков":"E"}
[2026-07-30T13:24:02+00:00] Tech users: {"57":"Тусюк","65":"Козлянко","67":"Муха","71":"Юрченков"}
[2026-07-30T13:24:02+00:00] Sync window: 2026-07-01 → 2026-09-30
[2026-07-30T13:24:03+00:00] Bookings from calendar: 14
[2026-07-30T13:24:03+00:00] Active deals: 176
[2026-07-30T13:24:03+00:00] Titles not matched to active deals: Бронирование
[2026-07-30T13:24:03+00:00] Assignments: 6
[2026-07-30T13:24:03+00:00] No cell changes
[2026-07-30T13:24:03+00:00] State saved
[2026-07-30T13:24:03+00:00] === end (2.29s) ===
[2026-07-30T13:26:02+00:00] === start ===
[2026-07-30T13:26:02+00:00] Sheet rows: 31, month headers: 3
[2026-07-30T13:26:02+00:00] Columns: {"Тусюк":"B","Муха":"C","Козлянко":"D","Юрченков":"E"}
[2026-07-30T13:26:02+00:00] Tech users: {"57":"Тусюк","65":"Козлянко","67":"Муха","71":"Юрченков"}
[2026-07-30T13:26:02+00:00] Sync window: 2026-07-01 → 2026-09-30
[2026-07-30T13:26:03+00:00] Bookings from calendar: 14
[2026-07-30T13:26:04+00:00] Active deals: 176
[2026-07-30T13:26:04+00:00] Titles not matched to active deals: Бронирование
[2026-07-30T13:26:04+00:00] Assignments: 6
[2026-07-30T13:26:04+00:00] No cell changes
[2026-07-30T13:26:04+00:00] State saved
[2026-07-30T13:26:04+00:00] === end (2.43s) ===
[2026-07-30T13:28:01+00:00] === start ===
[2026-07-30T13:28:02+00:00] Sheet rows: 31, month headers: 3
[2026-07-30T13:28:02+00:00] Columns: {"Тусюк":"B","Муха":"C","Козлянко":"D","Юрченков":"E"}
[2026-07-30T13:28:02+00:00] Tech users: {"57":"Тусюк","65":"Козлянко","67":"Муха","71":"Юрченков"}
[2026-07-30T13:28:02+00:00] Sync window: 2026-07-01 → 2026-09-30
[2026-07-30T13:28:03+00:00] Bookings from calendar: 14
[2026-07-30T13:28:04+00:00] Active deals: 176
[2026-07-30T13:28:04+00:00] Titles not matched to active deals: Бронирование
[2026-07-30T13:28:04+00:00] Assignments: 6
[2026-07-30T13:28:04+00:00] No cell changes
[2026-07-30T13:28:04+00:00] State saved
[2026-07-30T13:28:04+00:00] === end (2.92s) ===
[2026-07-30T13:30:01+00:00] === start ===
[2026-07-30T13:30:01+00:00] Sheet rows: 31, month headers: 3
[2026-07-30T13:30:02+00:00] Columns: {"Тусюк":"B","Муха":"C","Козлянко":"D","Юрченков":"E"}
[2026-07-30T13:30:02+00:00] Tech users: {"57":"Тусюк","65":"Козлянко","67":"Муха","71":"Юрченков"}
[2026-07-30T13:30:02+00:00] Sync window: 2026-07-01 → 2026-09-30
[2026-07-30T13:30:03+00:00] Bookings from calendar: 14
[2026-07-30T13:30:04+00:00] Active deals: 176
[2026-07-30T13:30:04+00:00] Titles not matched to active deals: Бронирование
[2026-07-30T13:30:04+00:00] Assignments: 6
[2026-07-30T13:30:04+00:00] No cell changes
[2026-07-30T13:30:04+00:00] State saved
[2026-07-30T13:30:04+00:00] === end (2.81s) ===
[2026-07-30T13:32:01+00:00] === start ===
[2026-07-30T13:32:02+00:00] Sheet rows: 31, month headers: 3
[2026-07-30T13:32:02+00:00] Columns: {"Тусюк":"B","Муха":"C","Козлянко":"D","Юрченков":"E"}
[2026-07-30T13:32:02+00:00] Tech users: {"57":"Тусюк","65":"Козлянко","67":"Муха","71":"Юрченков"}
[2026-07-30T13:32:02+00:00] Sync window: 2026-07-01 → 2026-09-30
[2026-07-30T13:32:03+00:00] Bookings from calendar: 14
[2026-07-30T13:32:05+00:00] Active deals: 176
[2026-07-30T13:32:05+00:00] Titles not matched to active deals: Бронирование
[2026-07-30T13:32:05+00:00] Assignments: 6
[2026-07-30T13:32:05+00:00] No cell changes
[2026-07-30T13:32:05+00:00] State saved
[2026-07-30T13:32:05+00:00] === end (3.35s) ===
[2026-07-30T13:34:01+00:00] === start ===
[2026-07-30T13:34:01+00:00] Sheet rows: 31, month headers: 3
[2026-07-30T13:34:01+00:00] Columns: {"Тусюк":"B","Муха":"C","Козлянко":"D","Юрченков":"E"}
[2026-07-30T13:34:01+00:00] Tech users: {"57":"Тусюк","65":"Козлянко","67":"Муха","71":"Юрченков"}
[2026-07-30T13:34:01+00:00] Sync window: 2026-07-01 → 2026-09-30
[2026-07-30T13:34:02+00:00] Bookings from calendar: 14
[2026-07-30T13:34:03+00:00] Active deals: 176
[2026-07-30T13:34:03+00:00] Titles not matched to active deals: Бронирование
[2026-07-30T13:34:03+00:00] Assignments: 6
[2026-07-30T13:34:03+00:00] No cell changes
[2026-07-30T13:34:03+00:00] State saved
[2026-07-30T13:34:03+00:00] === end (2.62s) ===
[2026-07-30T13:36:01+00:00] === start ===
[2026-07-30T13:36:02+00:00] Sheet rows: 31, month headers: 3
[2026-07-30T13:36:02+00:00] Columns: {"Тусюк":"B","Муха":"C","Козлянко":"D","Юрченков":"E"}
[2026-07-30T13:36:02+00:00] Tech users: {"57":"Тусюк","65":"Козлянко","67":"Муха","71":"Юрченков"}
[2026-07-30T13:36:02+00:00] Sync window: 2026-07-01 → 2026-09-30
[2026-07-30T13:36:03+00:00] Bookings from calendar: 14
[2026-07-30T13:36:04+00:00] Active deals: 176
[2026-07-30T13:36:04+00:00] Titles not matched to active deals: Бронирование
[2026-07-30T13:36:04+00:00] Assignments: 6
[2026-07-30T13:36:04+00:00] No cell changes
[2026-07-30T13:36:04+00:00] State saved
[2026-07-30T13:36:04+00:00] === end (2.27s) ===
[2026-07-30T13:38:01+00:00] === start ===
[2026-07-30T13:38:01+00:00] Sheet rows: 31, month headers: 3
[2026-07-30T13:38:01+00:00] Columns: {"Тусюк":"B","Муха":"C","Козлянко":"D","Юрченков":"E"}
[2026-07-30T13:38:01+00:00] Tech users: {"57":"Тусюк","65":"Козлянко","67":"Муха","71":"Юрченков"}
[2026-07-30T13:38:01+00:00] Sync window: 2026-07-01 → 2026-09-30
[2026-07-30T13:38:02+00:00] Bookings from calendar: 14
[2026-07-30T13:38:03+00:00] Active deals: 176
[2026-07-30T13:38:03+00:00] Titles not matched to active deals: Бронирование
[2026-07-30T13:38:03+00:00] Assignments: 6
[2026-07-30T13:38:03+00:00] No cell changes
[2026-07-30T13:38:03+00:00] State saved
[2026-07-30T13:38:03+00:00] === end (2.08s) ===
[2026-07-30T13:40:01+00:00] === start ===
[2026-07-30T13:40:01+00:00] Sheet rows: 31, month headers: 3
[2026-07-30T13:40:01+00:00] Columns: {"Тусюк":"B","Муха":"C","Козлянко":"D","Юрченков":"E"}
[2026-07-30T13:40:02+00:00] Tech users: {"57":"Тусюк","65":"Козлянко","67":"Муха","71":"Юрченков"}
[2026-07-30T13:40:02+00:00] Sync window: 2026-07-01 → 2026-09-30
[2026-07-30T13:40:02+00:00] Bookings from calendar: 14
[2026-07-30T13:40:04+00:00] Active deals: 176
[2026-07-30T13:40:04+00:00] Titles not matched to active deals: Бронирование
[2026-07-30T13:40:04+00:00] Assignments: 6
[2026-07-30T13:40:04+00:00] No cell changes
[2026-07-30T13:40:04+00:00] State saved
[2026-07-30T13:40:04+00:00] === end (3.42s) ===
[2026-07-30T13:42:01+00:00] === start ===
[2026-07-30T13:42:02+00:00] Sheet rows: 31, month headers: 3
[2026-07-30T13:42:03+00:00] Columns: {"Тусюк":"B","Муха":"C","Козлянко":"D","Юрченков":"E"}
[2026-07-30T13:42:03+00:00] Tech users: {"57":"Тусюк","65":"Козлянко","67":"Муха","71":"Юрченков"}
[2026-07-30T13:42:03+00:00] Sync window: 2026-07-01 → 2026-09-30
[2026-07-30T13:42:04+00:00] Bookings from calendar: 14
[2026-07-30T13:42:05+00:00] Active deals: 176
[2026-07-30T13:42:05+00:00] Titles not matched to active deals: Бронирование
[2026-07-30T13:42:05+00:00] Assignments: 6
[2026-07-30T13:42:05+00:00] No cell changes
[2026-07-30T13:42:05+00:00] State saved
[2026-07-30T13:42:05+00:00] === end (3.73s) ===
[2026-07-30T13:44:01+00:00] === start ===
[2026-07-30T13:44:02+00:00] Sheet rows: 31, month headers: 3
[2026-07-30T13:44:02+00:00] Columns: {"Тусюк":"B","Муха":"C","Козлянко":"D","Юрченков":"E"}
[2026-07-30T13:44:02+00:00] Tech users: {"57":"Тусюк","65":"Козлянко","67":"Муха","71":"Юрченков"}
[2026-07-30T13:44:02+00:00] Sync window: 2026-07-01 → 2026-09-30
[2026-07-30T13:44:04+00:00] Bookings from calendar: 14
[2026-07-30T13:44:05+00:00] Active deals: 176
[2026-07-30T13:44:05+00:00] Titles not matched to active deals: Бронирование
[2026-07-30T13:44:05+00:00] Assignments: 6
[2026-07-30T13:44:05+00:00] No cell changes
[2026-07-30T13:44:05+00:00] State saved
[2026-07-30T13:44:05+00:00] === end (3.49s) ===
[2026-07-30T13:46:01+00:00] === start ===
[2026-07-30T13:46:02+00:00] Sheet rows: 31, month headers: 3
[2026-07-30T13:46:02+00:00] Columns: {"Тусюк":"B","Муха":"C","Козлянко":"D","Юрченков":"E"}
[2026-07-30T13:46:02+00:00] Tech users: {"57":"Тусюк","65":"Козлянко","67":"Муха","71":"Юрченков"}
[2026-07-30T13:46:02+00:00] Sync window: 2026-07-01 → 2026-09-30
[2026-07-30T13:46:03+00:00] Bookings from calendar: 14
[2026-07-30T13:46:04+00:00] Active deals: 176
[2026-07-30T13:46:04+00:00] Titles not matched to active deals: Бронирование
[2026-07-30T13:46:04+00:00] Assignments: 6
[2026-07-30T13:46:04+00:00] No cell changes
[2026-07-30T13:46:04+00:00] State saved
[2026-07-30T13:46:04+00:00] === end (2.2s) ===
[2026-07-30T13:48:01+00:00] === start ===
[2026-07-30T13:48:01+00:00] Sheet rows: 31, month headers: 3
[2026-07-30T13:48:01+00:00] Columns: {"Тусюк":"B","Муха":"C","Козлянко":"D","Юрченков":"E"}
[2026-07-30T13:48:02+00:00] Tech users: {"57":"Тусюк","65":"Козлянко","67":"Муха","71":"Юрченков"}
[2026-07-30T13:48:02+00:00] Sync window: 2026-07-01 → 2026-09-30
[2026-07-30T13:48:02+00:00] Bookings from calendar: 14
[2026-07-30T13:48:03+00:00] Active deals: 176
[2026-07-30T13:48:03+00:00] Titles not matched to active deals: Бронирование
[2026-07-30T13:48:03+00:00] Assignments: 6
[2026-07-30T13:48:03+00:00] No cell changes
[2026-07-30T13:48:03+00:00] State saved
[2026-07-30T13:48:03+00:00] === end (2.56s) ===
[2026-07-30T13:50:01+00:00] === start ===
[2026-07-30T13:50:02+00:00] Sheet rows: 31, month headers: 3
[2026-07-30T13:50:02+00:00] Columns: {"Тусюк":"B","Муха":"C","Козлянко":"D","Юрченков":"E"}
[2026-07-30T13:50:02+00:00] Tech users: {"57":"Тусюк","65":"Козлянко","67":"Муха","71":"Юрченков"}
[2026-07-30T13:50:02+00:00] Sync window: 2026-07-01 → 2026-09-30
[2026-07-30T13:50:03+00:00] Bookings from calendar: 14
[2026-07-30T13:50:04+00:00] Active deals: 176
[2026-07-30T13:50:04+00:00] Titles not matched to active deals: Бронирование
[2026-07-30T13:50:04+00:00] Assignments: 6
[2026-07-30T13:50:04+00:00] No cell changes
[2026-07-30T13:50:04+00:00] State saved
[2026-07-30T13:50:04+00:00] === end (2.72s) ===
[2026-07-30T13:52:01+00:00] === start ===
[2026-07-30T13:52:01+00:00] Sheet rows: 31, month headers: 3
[2026-07-30T13:52:02+00:00] Columns: {"Тусюк":"B","Муха":"C","Козлянко":"D","Юрченков":"E"}
[2026-07-30T13:52:02+00:00] Tech users: {"57":"Тусюк","65":"Козлянко","67":"Муха","71":"Юрченков"}
[2026-07-30T13:52:02+00:00] Sync window: 2026-07-01 → 2026-09-30
[2026-07-30T13:52:03+00:00] Bookings from calendar: 14
[2026-07-30T13:52:03+00:00] Active deals: 176
[2026-07-30T13:52:03+00:00] Titles not matched to active deals: Бронирование
[2026-07-30T13:52:03+00:00] Assignments: 6
[2026-07-30T13:52:03+00:00] No cell changes
[2026-07-30T13:52:03+00:00] State saved
[2026-07-30T13:52:03+00:00] === end (2.41s) ===
[2026-07-30T13:54:02+00:00] === start ===
[2026-07-30T13:54:02+00:00] Sheet rows: 31, month headers: 3
[2026-07-30T13:54:02+00:00] Columns: {"Тусюк":"B","Муха":"C","Козлянко":"D","Юрченков":"E"}
[2026-07-30T13:54:02+00:00] Tech users: {"57":"Тусюк","65":"Козлянко","67":"Муха","71":"Юрченков"}
[2026-07-30T13:54:02+00:00] Sync window: 2026-07-01 → 2026-09-30
[2026-07-30T13:54:03+00:00] Bookings from calendar: 14
[2026-07-30T13:54:04+00:00] Active deals: 176
[2026-07-30T13:54:04+00:00] Titles not matched to active deals: Бронирование
[2026-07-30T13:54:04+00:00] Assignments: 6
[2026-07-30T13:54:04+00:00] No cell changes
[2026-07-30T13:54:04+00:00] State saved
[2026-07-30T13:54:04+00:00] === end (2.6s) ===
[2026-07-30T13:56:01+00:00] === start ===
[2026-07-30T13:56:02+00:00] Sheet rows: 31, month headers: 3
[2026-07-30T13:56:02+00:00] Columns: {"Тусюк":"B","Муха":"C","Козлянко":"D","Юрченков":"E"}
[2026-07-30T13:56:03+00:00] Tech users: {"57":"Тусюк","65":"Козлянко","67":"Муха","71":"Юрченков"}
[2026-07-30T13:56:03+00:00] Sync window: 2026-07-01 → 2026-09-30
[2026-07-30T13:56:04+00:00] Bookings from calendar: 14
[2026-07-30T13:56:05+00:00] Active deals: 176
[2026-07-30T13:56:05+00:00] Titles not matched to active deals: Бронирование
[2026-07-30T13:56:05+00:00] Assignments: 6
[2026-07-30T13:56:05+00:00] No cell changes
[2026-07-30T13:56:05+00:00] State saved
[2026-07-30T13:56:05+00:00] === end (3.33s) ===
[2026-07-30T13:58:01+00:00] === start ===
[2026-07-30T13:58:01+00:00] Sheet rows: 31, month headers: 3
[2026-07-30T13:58:02+00:00] Columns: {"Тусюк":"B","Муха":"C","Козлянко":"D","Юрченков":"E"}
[2026-07-30T13:58:02+00:00] Tech users: {"57":"Тусюк","65":"Козлянко","67":"Муха","71":"Юрченков"}
[2026-07-30T13:58:02+00:00] Sync window: 2026-07-01 → 2026-09-30
[2026-07-30T13:58:02+00:00] Bookings from calendar: 14
[2026-07-30T13:58:03+00:00] Active deals: 176
[2026-07-30T13:58:03+00:00] Titles not matched to active deals: Бронирование
[2026-07-30T13:58:03+00:00] Assignments: 6
[2026-07-30T13:58:03+00:00] No cell changes
[2026-07-30T13:58:03+00:00] State saved
[2026-07-30T13:58:03+00:00] === end (2.59s) ===
[2026-07-30T14:00:01+00:00] === start ===
[2026-07-30T14:00:02+00:00] Sheet rows: 31, month headers: 3
[2026-07-30T14:00:03+00:00] Columns: {"Тусюк":"B","Муха":"C","Козлянко":"D","Юрченков":"E"}
[2026-07-30T14:00:03+00:00] Tech users: {"57":"Тусюк","65":"Козлянко","67":"Муха","71":"Юрченков"}
[2026-07-30T14:00:03+00:00] Sync window: 2026-07-01 → 2026-09-30
[2026-07-30T14:00:04+00:00] Bookings from calendar: 14
[2026-07-30T14:00:04+00:00] Active deals: 176
[2026-07-30T14:00:04+00:00] Titles not matched to active deals: Бронирование
[2026-07-30T14:00:04+00:00] Assignments: 6
[2026-07-30T14:00:04+00:00] No cell changes
[2026-07-30T14:00:04+00:00] State saved
[2026-07-30T14:00:04+00:00] === end (3.16s) ===
[2026-07-30T14:02:01+00:00] === start ===
[2026-07-30T14:02:02+00:00] Sheet rows: 31, month headers: 3
[2026-07-30T14:02:03+00:00] Columns: {"Тусюк":"B","Муха":"C","Козлянко":"D","Юрченков":"E"}
[2026-07-30T14:02:03+00:00] Tech users: {"57":"Тусюк","65":"Козлянко","67":"Муха","71":"Юрченков"}
[2026-07-30T14:02:03+00:00] Sync window: 2026-07-01 → 2026-09-30
[2026-07-30T14:02:05+00:00] Bookings from calendar: 14
[2026-07-30T14:02:05+00:00] Active deals: 176
[2026-07-30T14:02:05+00:00] Titles not matched to active deals: Бронирование
[2026-07-30T14:02:05+00:00] Assignments: 6
[2026-07-30T14:02:05+00:00] No cell changes
[2026-07-30T14:02:05+00:00] State saved
[2026-07-30T14:02:05+00:00] === end (3.95s) ===
[2026-07-30T14:04:01+00:00] === start ===
[2026-07-30T14:04:02+00:00] Sheet rows: 31, month headers: 3
[2026-07-30T14:04:02+00:00] Columns: {"Тусюк":"B","Муха":"C","Козлянко":"D","Юрченков":"E"}
[2026-07-30T14:04:02+00:00] Tech users: {"57":"Тусюк","65":"Козлянко","67":"Муха","71":"Юрченков"}
[2026-07-30T14:04:02+00:00] Sync window: 2026-07-01 → 2026-09-30
[2026-07-30T14:04:04+00:00] Bookings from calendar: 14
[2026-07-30T14:04:05+00:00] Active deals: 176
[2026-07-30T14:04:05+00:00] Titles not matched to active deals: Бронирование
[2026-07-30T14:04:05+00:00] Assignments: 6
[2026-07-30T14:04:05+00:00] No cell changes
[2026-07-30T14:04:05+00:00] State saved
[2026-07-30T14:04:05+00:00] === end (3.64s) ===
[2026-07-30T14:06:01+00:00] === start ===
[2026-07-30T14:06:02+00:00] Sheet rows: 31, month headers: 3
[2026-07-30T14:06:02+00:00] Columns: {"Тусюк":"B","Муха":"C","Козлянко":"D","Юрченков":"E"}
[2026-07-30T14:06:02+00:00] Tech users: {"57":"Тусюк","65":"Козлянко","67":"Муха","71":"Юрченков"}
[2026-07-30T14:06:02+00:00] Sync window: 2026-07-01 → 2026-09-30
[2026-07-30T14:06:03+00:00] Bookings from calendar: 14
[2026-07-30T14:06:04+00:00] Active deals: 176
[2026-07-30T14:06:04+00:00] Titles not matched to active deals: Бронирование
[2026-07-30T14:06:04+00:00] Assignments: 6
[2026-07-30T14:06:04+00:00] No cell changes
[2026-07-30T14:06:04+00:00] State saved
[2026-07-30T14:06:04+00:00] === end (2.3s) ===
[2026-07-30T14:08:01+00:00] === start ===
[2026-07-30T14:08:01+00:00] Sheet rows: 31, month headers: 3
[2026-07-30T14:08:02+00:00] Columns: {"Тусюк":"B","Муха":"C","Козлянко":"D","Юрченков":"E"}
[2026-07-30T14:08:02+00:00] Tech users: {"57":"Тусюк","65":"Козлянко","67":"Муха","71":"Юрченков"}
[2026-07-30T14:08:02+00:00] Sync window: 2026-07-01 → 2026-09-30
[2026-07-30T14:08:02+00:00] Bookings from calendar: 14
[2026-07-30T14:08:03+00:00] Active deals: 176
[2026-07-30T14:08:03+00:00] Titles not matched to active deals: Бронирование
[2026-07-30T14:08:03+00:00] Assignments: 6
[2026-07-30T14:08:03+00:00] No cell changes
[2026-07-30T14:08:03+00:00] State saved
[2026-07-30T14:08:03+00:00] === end (2.46s) ===
[2026-07-30T14:10:01+00:00] === start ===
[2026-07-30T14:10:01+00:00] Sheet rows: 31, month headers: 3
[2026-07-30T14:10:02+00:00] Columns: {"Тусюк":"B","Муха":"C","Козлянко":"D","Юрченков":"E"}
[2026-07-30T14:10:02+00:00] Tech users: {"57":"Тусюк","65":"Козлянко","67":"Муха","71":"Юрченков"}
[2026-07-30T14:10:02+00:00] Sync window: 2026-07-01 → 2026-09-30
[2026-07-30T14:10:03+00:00] Bookings from calendar: 14
[2026-07-30T14:10:04+00:00] Active deals: 176
[2026-07-30T14:10:04+00:00] Titles not matched to active deals: Бронирование
[2026-07-30T14:10:04+00:00] Assignments: 6
[2026-07-30T14:10:04+00:00] No cell changes
[2026-07-30T14:10:04+00:00] State saved
[2026-07-30T14:10:04+00:00] === end (2.76s) ===
[2026-07-30T14:12:01+00:00] === start ===
[2026-07-30T14:12:01+00:00] Sheet rows: 31, month headers: 3
[2026-07-30T14:12:02+00:00] Columns: {"Тусюк":"B","Муха":"C","Козлянко":"D","Юрченков":"E"}
[2026-07-30T14:12:02+00:00] Tech users: {"57":"Тусюк","65":"Козлянко","67":"Муха","71":"Юрченков"}
[2026-07-30T14:12:02+00:00] Sync window: 2026-07-01 → 2026-09-30
[2026-07-30T14:12:03+00:00] Bookings from calendar: 14
[2026-07-30T14:12:04+00:00] Active deals: 176
[2026-07-30T14:12:04+00:00] Titles not matched to active deals: Бронирование
[2026-07-30T14:12:04+00:00] Assignments: 6
[2026-07-30T14:12:04+00:00] No cell changes
[2026-07-30T14:12:04+00:00] State saved
[2026-07-30T14:12:04+00:00] === end (2.67s) ===
[2026-07-30T14:14:01+00:00] === start ===
[2026-07-30T14:14:01+00:00] Sheet rows: 31, month headers: 3
[2026-07-30T14:14:02+00:00] Columns: {"Тусюк":"B","Муха":"C","Козлянко":"D","Юрченков":"E"}
[2026-07-30T14:14:02+00:00] Tech users: {"57":"Тусюк","65":"Козлянко","67":"Муха","71":"Юрченков"}
[2026-07-30T14:14:02+00:00] Sync window: 2026-07-01 → 2026-09-30
[2026-07-30T14:14:03+00:00] Bookings from calendar: 14
[2026-07-30T14:14:03+00:00] Active deals: 176
[2026-07-30T14:14:03+00:00] Titles not matched to active deals: Бронирование
[2026-07-30T14:14:03+00:00] Assignments: 6
[2026-07-30T14:14:03+00:00] No cell changes
[2026-07-30T14:14:03+00:00] State saved
[2026-07-30T14:14:03+00:00] === end (2.8s) ===
[2026-07-30T14:16:01+00:00] === start ===
[2026-07-30T14:16:02+00:00] Sheet rows: 31, month headers: 3
[2026-07-30T14:16:02+00:00] Columns: {"Тусюк":"B","Муха":"C","Козлянко":"D","Юрченков":"E"}
[2026-07-30T14:16:03+00:00] Tech users: {"57":"Тусюк","65":"Козлянко","67":"Муха","71":"Юрченков"}
[2026-07-30T14:16:03+00:00] Sync window: 2026-07-01 → 2026-09-30
[2026-07-30T14:16:04+00:00] Bookings from calendar: 14
[2026-07-30T14:16:04+00:00] Active deals: 176
[2026-07-30T14:16:04+00:00] Titles not matched to active deals: Бронирование
[2026-07-30T14:16:04+00:00] Assignments: 6
[2026-07-30T14:16:04+00:00] No cell changes
[2026-07-30T14:16:04+00:00] State saved
[2026-07-30T14:16:04+00:00] === end (3.41s) ===
[2026-07-30T14:18:01+00:00] === start ===
[2026-07-30T14:18:02+00:00] Sheet rows: 31, month headers: 3
[2026-07-30T14:18:03+00:00] Columns: {"Тусюк":"B","Муха":"C","Козлянко":"D","Юрченков":"E"}
[2026-07-30T14:18:03+00:00] Tech users: {"57":"Тусюк","65":"Козлянко","67":"Муха","71":"Юрченков"}
[2026-07-30T14:18:03+00:00] Sync window: 2026-07-01 → 2026-09-30
[2026-07-30T14:18:04+00:00] Bookings from calendar: 14
[2026-07-30T14:18:04+00:00] Active deals: 176
[2026-07-30T14:18:04+00:00] Titles not matched to active deals: Бронирование
[2026-07-30T14:18:04+00:00] Assignments: 6
[2026-07-30T14:18:04+00:00] No cell changes
[2026-07-30T14:18:04+00:00] State saved
[2026-07-30T14:18:04+00:00] === end (2.85s) ===
[2026-07-30T14:20:01+00:00] === start ===
[2026-07-30T14:20:02+00:00] Sheet rows: 31, month headers: 3
[2026-07-30T14:20:02+00:00] Columns: {"Тусюк":"B","Муха":"C","Козлянко":"D","Юрченков":"E"}
[2026-07-30T14:20:03+00:00] Tech users: {"57":"Тусюк","65":"Козлянко","67":"Муха","71":"Юрченков"}
[2026-07-30T14:20:03+00:00] Sync window: 2026-07-01 → 2026-09-30
[2026-07-30T14:20:04+00:00] Bookings from calendar: 14
[2026-07-30T14:20:04+00:00] Active deals: 176
[2026-07-30T14:20:04+00:00] Titles not matched to active deals: Бронирование
[2026-07-30T14:20:04+00:00] Assignments: 6
[2026-07-30T14:20:04+00:00] No cell changes
[2026-07-30T14:20:04+00:00] State saved
[2026-07-30T14:20:04+00:00] === end (2.84s) ===
[2026-07-30T14:22:01+00:00] === start ===
[2026-07-30T14:22:02+00:00] Sheet rows: 31, month headers: 3
[2026-07-30T14:22:03+00:00] Columns: {"Тусюк":"B","Муха":"C","Козлянко":"D","Юрченков":"E"}
[2026-07-30T14:22:03+00:00] Tech users: {"57":"Тусюк","65":"Козлянко","67":"Муха","71":"Юрченков"}
[2026-07-30T14:22:03+00:00] Sync window: 2026-07-01 → 2026-09-30
[2026-07-30T14:22:04+00:00] Bookings from calendar: 14
[2026-07-30T14:22:04+00:00] Active deals: 176
[2026-07-30T14:22:04+00:00] Titles not matched to active deals: Бронирование
[2026-07-30T14:22:04+00:00] Assignments: 6
[2026-07-30T14:22:04+00:00] No cell changes
[2026-07-30T14:22:04+00:00] State saved
[2026-07-30T14:22:04+00:00] === end (3.08s) ===
[2026-07-30T14:24:01+00:00] === start ===
[2026-07-30T14:24:02+00:00] Sheet rows: 31, month headers: 3
[2026-07-30T14:24:02+00:00] Columns: {"Тусюк":"B","Муха":"C","Козлянко":"D","Юрченков":"E"}
[2026-07-30T14:24:02+00:00] Tech users: {"57":"Тусюк","65":"Козлянко","67":"Муха","71":"Юрченков"}
[2026-07-30T14:24:02+00:00] Sync window: 2026-07-01 → 2026-09-30
[2026-07-30T14:24:03+00:00] Bookings from calendar: 14
[2026-07-30T14:24:04+00:00] Active deals: 176
[2026-07-30T14:24:04+00:00] Titles not matched to active deals: Бронирование
[2026-07-30T14:24:04+00:00] Assignments: 6
[2026-07-30T14:24:04+00:00] No cell changes
[2026-07-30T14:24:04+00:00] State saved
[2026-07-30T14:24:04+00:00] === end (2.44s) ===
[2026-07-30T14:26:01+00:00] === start ===
[2026-07-30T14:26:01+00:00] Sheet rows: 31, month headers: 3
[2026-07-30T14:26:02+00:00] Columns: {"Тусюк":"B","Муха":"C","Козлянко":"D","Юрченков":"E"}
[2026-07-30T14:26:02+00:00] Tech users: {"57":"Тусюк","65":"Козлянко","67":"Муха","71":"Юрченков"}
[2026-07-30T14:26:02+00:00] Sync window: 2026-07-01 → 2026-09-30
[2026-07-30T14:26:03+00:00] Bookings from calendar: 14
[2026-07-30T14:26:04+00:00] Active deals: 176
[2026-07-30T14:26:04+00:00] Titles not matched to active deals: Бронирование
[2026-07-30T14:26:04+00:00] Assignments: 6
[2026-07-30T14:26:04+00:00] No cell changes
[2026-07-30T14:26:04+00:00] State saved
[2026-07-30T14:26:04+00:00] === end (3.05s) ===
[2026-07-30T14:28:01+00:00] === start ===
[2026-07-30T14:28:01+00:00] Sheet rows: 31, month headers: 3
[2026-07-30T14:28:02+00:00] Columns: {"Тусюк":"B","Муха":"C","Козлянко":"D","Юрченков":"E"}
[2026-07-30T14:28:02+00:00] Tech users: {"57":"Тусюк","65":"Козлянко","67":"Муха","71":"Юрченков"}
[2026-07-30T14:28:02+00:00] Sync window: 2026-07-01 → 2026-09-30
[2026-07-30T14:28:03+00:00] Bookings from calendar: 14
[2026-07-30T14:28:03+00:00] Active deals: 176
[2026-07-30T14:28:03+00:00] Titles not matched to active deals: Бронирование
[2026-07-30T14:28:03+00:00] Assignments: 6
[2026-07-30T14:28:03+00:00] No cell changes
[2026-07-30T14:28:03+00:00] State saved
[2026-07-30T14:28:03+00:00] === end (2.29s) ===
[2026-07-30T14:30:01+00:00] === start ===
[2026-07-30T14:30:02+00:00] Sheet rows: 31, month headers: 3
[2026-07-30T14:30:02+00:00] Columns: {"Тусюк":"B","Муха":"C","Козлянко":"D","Юрченков":"E"}
[2026-07-30T14:30:02+00:00] Tech users: {"57":"Тусюк","65":"Козлянко","67":"Муха","71":"Юрченков"}
[2026-07-30T14:30:02+00:00] Sync window: 2026-07-01 → 2026-09-30
[2026-07-30T14:30:03+00:00] Bookings from calendar: 14
[2026-07-30T14:30:04+00:00] Active deals: 176
[2026-07-30T14:30:04+00:00] Titles not matched to active deals: Бронирование
[2026-07-30T14:30:04+00:00] Assignments: 6
[2026-07-30T14:30:04+00:00] No cell changes
[2026-07-30T14:30:04+00:00] State saved
[2026-07-30T14:30:04+00:00] === end (2.22s) ===
[2026-07-30T14:32:01+00:00] === start ===
[2026-07-30T14:32:01+00:00] Sheet rows: 31, month headers: 3
[2026-07-30T14:32:02+00:00] Columns: {"Тусюк":"B","Муха":"C","Козлянко":"D","Юрченков":"E"}
[2026-07-30T14:32:02+00:00] Tech users: {"57":"Тусюк","65":"Козлянко","67":"Муха","71":"Юрченков"}
[2026-07-30T14:32:02+00:00] Sync window: 2026-07-01 → 2026-09-30
[2026-07-30T14:32:03+00:00] Bookings from calendar: 14
[2026-07-30T14:32:04+00:00] Active deals: 176
[2026-07-30T14:32:04+00:00] Titles not matched to active deals: Бронирование
[2026-07-30T14:32:04+00:00] Assignments: 6
[2026-07-30T14:32:04+00:00] No cell changes
[2026-07-30T14:32:04+00:00] State saved
[2026-07-30T14:32:04+00:00] === end (2.59s) ===
[2026-07-30T14:34:01+00:00] === start ===
[2026-07-30T14:34:01+00:00] Sheet rows: 31, month headers: 3
[2026-07-30T14:34:01+00:00] Columns: {"Тусюк":"B","Муха":"C","Козлянко":"D","Юрченков":"E"}
[2026-07-30T14:34:02+00:00] Tech users: {"57":"Тусюк","65":"Козлянко","67":"Муха","71":"Юрченков"}
[2026-07-30T14:34:02+00:00] Sync window: 2026-07-01 → 2026-09-30
[2026-07-30T14:34:02+00:00] Bookings from calendar: 14
[2026-07-30T14:34:03+00:00] Active deals: 176
[2026-07-30T14:34:03+00:00] Titles not matched to active deals: Бронирование
[2026-07-30T14:34:03+00:00] Assignments: 6
[2026-07-30T14:34:03+00:00] No cell changes
[2026-07-30T14:34:03+00:00] State saved
[2026-07-30T14:34:03+00:00] === end (2.12s) ===
[2026-07-30T14:36:01+00:00] === start ===
[2026-07-30T14:36:02+00:00] Sheet rows: 31, month headers: 3
[2026-07-30T14:36:02+00:00] Columns: {"Тусюк":"B","Муха":"C","Козлянко":"D","Юрченков":"E"}
[2026-07-30T14:36:02+00:00] Tech users: {"57":"Тусюк","65":"Козлянко","67":"Муха","71":"Юрченков"}
[2026-07-30T14:36:02+00:00] Sync window: 2026-07-01 → 2026-09-30
[2026-07-30T14:36:03+00:00] Bookings from calendar: 14
[2026-07-30T14:36:04+00:00] Active deals: 176
[2026-07-30T14:36:04+00:00] Titles not matched to active deals: Бронирование
[2026-07-30T14:36:04+00:00] Assignments: 6
[2026-07-30T14:36:04+00:00] No cell changes
[2026-07-30T14:36:04+00:00] State saved
[2026-07-30T14:36:04+00:00] === end (2.81s) ===
[2026-07-30T14:38:01+00:00] === start ===
[2026-07-30T14:38:02+00:00] Sheet rows: 31, month headers: 3
[2026-07-30T14:38:02+00:00] Columns: {"Тусюк":"B","Муха":"C","Козлянко":"D","Юрченков":"E"}
[2026-07-30T14:38:02+00:00] Tech users: {"57":"Тусюк","65":"Козлянко","67":"Муха","71":"Юрченков"}
[2026-07-30T14:38:02+00:00] Sync window: 2026-07-01 → 2026-09-30
[2026-07-30T14:38:03+00:00] Bookings from calendar: 14
[2026-07-30T14:38:03+00:00] Active deals: 176
[2026-07-30T14:38:03+00:00] Titles not matched to active deals: Бронирование
[2026-07-30T14:38:03+00:00] Assignments: 6
[2026-07-30T14:38:03+00:00] No cell changes
[2026-07-30T14:38:03+00:00] State saved
[2026-07-30T14:38:03+00:00] === end (2.54s) ===
[2026-07-30T14:40:01+00:00] === start ===
[2026-07-30T14:40:02+00:00] Sheet rows: 31, month headers: 3
[2026-07-30T14:40:02+00:00] Columns: {"Тусюк":"B","Муха":"C","Козлянко":"D","Юрченков":"E"}
[2026-07-30T14:40:02+00:00] Tech users: {"57":"Тусюк","65":"Козлянко","67":"Муха","71":"Юрченков"}
[2026-07-30T14:40:02+00:00] Sync window: 2026-07-01 → 2026-09-30
[2026-07-30T14:40:03+00:00] Bookings from calendar: 14
[2026-07-30T14:40:03+00:00] Active deals: 176
[2026-07-30T14:40:03+00:00] Titles not matched to active deals: Бронирование
[2026-07-30T14:40:03+00:00] Assignments: 6
[2026-07-30T14:40:03+00:00] No cell changes
[2026-07-30T14:40:03+00:00] State saved
[2026-07-30T14:40:03+00:00] === end (2.06s) ===
[2026-07-30T14:42:02+00:00] === start ===
[2026-07-30T14:42:02+00:00] Sheet rows: 31, month headers: 3
[2026-07-30T14:42:02+00:00] Columns: {"Тусюк":"B","Муха":"C","Козлянко":"D","Юрченков":"E"}
[2026-07-30T14:42:02+00:00] Tech users: {"57":"Тусюк","65":"Козлянко","67":"Муха","71":"Юрченков"}
[2026-07-30T14:42:02+00:00] Sync window: 2026-07-01 → 2026-09-30
[2026-07-30T14:42:03+00:00] Bookings from calendar: 14
[2026-07-30T14:42:04+00:00] Active deals: 176
[2026-07-30T14:42:04+00:00] Titles not matched to active deals: Бронирование
[2026-07-30T14:42:04+00:00] Assignments: 6
[2026-07-30T14:42:04+00:00] No cell changes
[2026-07-30T14:42:04+00:00] State saved
[2026-07-30T14:42:04+00:00] === end (2.25s) ===
[2026-07-30T14:44:01+00:00] === start ===
[2026-07-30T14:44:01+00:00] Sheet rows: 31, month headers: 3
[2026-07-30T14:44:02+00:00] Columns: {"Тусюк":"B","Муха":"C","Козлянко":"D","Юрченков":"E"}
[2026-07-30T14:44:02+00:00] Tech users: {"57":"Тусюк","65":"Козлянко","67":"Муха","71":"Юрченков"}
[2026-07-30T14:44:02+00:00] Sync window: 2026-07-01 → 2026-09-30
[2026-07-30T14:44:03+00:00] Bookings from calendar: 14
[2026-07-30T14:44:03+00:00] Active deals: 176
[2026-07-30T14:44:03+00:00] Titles not matched to active deals: Бронирование
[2026-07-30T14:44:03+00:00] Assignments: 6
[2026-07-30T14:44:03+00:00] No cell changes
[2026-07-30T14:44:03+00:00] State saved
[2026-07-30T14:44:03+00:00] === end (2.57s) ===
[2026-07-30T14:46:01+00:00] === start ===
[2026-07-30T14:46:02+00:00] Sheet rows: 31, month headers: 3
[2026-07-30T14:46:02+00:00] Columns: {"Тусюк":"B","Муха":"C","Козлянко":"D","Юрченков":"E"}
[2026-07-30T14:46:02+00:00] Tech users: {"57":"Тусюк","65":"Козлянко","67":"Муха","71":"Юрченков"}
[2026-07-30T14:46:02+00:00] Sync window: 2026-07-01 → 2026-09-30
[2026-07-30T14:46:03+00:00] Bookings from calendar: 14
[2026-07-30T14:46:05+00:00] Active deals: 176
[2026-07-30T14:46:05+00:00] Titles not matched to active deals: Бронирование
[2026-07-30T14:46:05+00:00] Assignments: 6
[2026-07-30T14:46:05+00:00] No cell changes
[2026-07-30T14:46:05+00:00] State saved
[2026-07-30T14:46:05+00:00] === end (3.68s) ===
[2026-07-30T14:48:01+00:00] === start ===
[2026-07-30T14:48:01+00:00] Sheet rows: 31, month headers: 3
[2026-07-30T14:48:02+00:00] Columns: {"Тусюк":"B","Муха":"C","Козлянко":"D","Юрченков":"E"}
[2026-07-30T14:48:02+00:00] Tech users: {"57":"Тусюк","65":"Козлянко","67":"Муха","71":"Юрченков"}
[2026-07-30T14:48:02+00:00] Sync window: 2026-07-01 → 2026-09-30
[2026-07-30T14:48:03+00:00] Bookings from calendar: 14
[2026-07-30T14:48:03+00:00] Active deals: 176
[2026-07-30T14:48:03+00:00] Titles not matched to active deals: Бронирование
[2026-07-30T14:48:03+00:00] Assignments: 6
[2026-07-30T14:48:03+00:00] No cell changes
[2026-07-30T14:48:03+00:00] State saved
[2026-07-30T14:48:03+00:00] === end (2.67s) ===
[2026-07-30T14:50:01+00:00] === start ===
[2026-07-30T14:50:02+00:00] Sheet rows: 31, month headers: 3
[2026-07-30T14:50:03+00:00] Columns: {"Тусюк":"B","Муха":"C","Козлянко":"D","Юрченков":"E"}
[2026-07-30T14:50:03+00:00] Tech users: {"57":"Тусюк","65":"Козлянко","67":"Муха","71":"Юрченков"}
[2026-07-30T14:50:03+00:00] Sync window: 2026-07-01 → 2026-09-30
[2026-07-30T14:50:04+00:00] Bookings from calendar: 14
[2026-07-30T14:50:05+00:00] Active deals: 176
[2026-07-30T14:50:05+00:00] Titles not matched to active deals: Бронирование
[2026-07-30T14:50:05+00:00] Assignments: 6
[2026-07-30T14:50:05+00:00] No cell changes
[2026-07-30T14:50:05+00:00] State saved
[2026-07-30T14:50:05+00:00] === end (3.38s) ===
[2026-07-30T14:52:01+00:00] === start ===
[2026-07-30T14:52:01+00:00] Sheet rows: 31, month headers: 3
[2026-07-30T14:52:02+00:00] Columns: {"Тусюк":"B","Муха":"C","Козлянко":"D","Юрченков":"E"}
[2026-07-30T14:52:02+00:00] Tech users: {"57":"Тусюк","65":"Козлянко","67":"Муха","71":"Юрченков"}
[2026-07-30T14:52:02+00:00] Sync window: 2026-07-01 → 2026-09-30
[2026-07-30T14:52:03+00:00] Bookings from calendar: 14
[2026-07-30T14:52:03+00:00] Active deals: 176
[2026-07-30T14:52:03+00:00] Titles not matched to active deals: Бронирование
[2026-07-30T14:52:03+00:00] Assignments: 6
[2026-07-30T14:52:03+00:00] No cell changes
[2026-07-30T14:52:03+00:00] State saved
[2026-07-30T14:52:03+00:00] === end (2.62s) ===
[2026-07-30T14:54:01+00:00] === start ===
[2026-07-30T14:54:02+00:00] Sheet rows: 31, month headers: 3
[2026-07-30T14:54:02+00:00] Columns: {"Тусюк":"B","Муха":"C","Козлянко":"D","Юрченков":"E"}
[2026-07-30T14:54:02+00:00] Tech users: {"57":"Тусюк","65":"Козлянко","67":"Муха","71":"Юрченков"}
[2026-07-30T14:54:02+00:00] Sync window: 2026-07-01 → 2026-09-30
[2026-07-30T14:54:03+00:00] Bookings from calendar: 14
[2026-07-30T14:54:04+00:00] Active deals: 176
[2026-07-30T14:54:04+00:00] Titles not matched to active deals: Бронирование
[2026-07-30T14:54:04+00:00] Assignments: 6
[2026-07-30T14:54:04+00:00] No cell changes
[2026-07-30T14:54:04+00:00] State saved
[2026-07-30T14:54:04+00:00] === end (2.22s) ===
[2026-07-30T14:56:01+00:00] === start ===
[2026-07-30T14:56:01+00:00] Sheet rows: 31, month headers: 3
[2026-07-30T14:56:01+00:00] Columns: {"Тусюк":"B","Муха":"C","Козлянко":"D","Юрченков":"E"}
[2026-07-30T14:56:02+00:00] Tech users: {"57":"Тусюк","65":"Козлянко","67":"Муха","71":"Юрченков"}
[2026-07-30T14:56:02+00:00] Sync window: 2026-07-01 → 2026-09-30
[2026-07-30T14:56:02+00:00] Bookings from calendar: 14
[2026-07-30T14:56:03+00:00] Active deals: 176
[2026-07-30T14:56:03+00:00] Titles not matched to active deals: Бронирование
[2026-07-30T14:56:03+00:00] Assignments: 6
[2026-07-30T14:56:03+00:00] No cell changes
[2026-07-30T14:56:03+00:00] State saved
[2026-07-30T14:56:03+00:00] === end (2.13s) ===
[2026-07-30T14:58:01+00:00] === start ===
[2026-07-30T14:58:01+00:00] Sheet rows: 31, month headers: 3
[2026-07-30T14:58:02+00:00] Columns: {"Тусюк":"B","Муха":"C","Козлянко":"D","Юрченков":"E"}
[2026-07-30T14:58:02+00:00] Tech users: {"57":"Тусюк","65":"Козлянко","67":"Муха","71":"Юрченков"}
[2026-07-30T14:58:02+00:00] Sync window: 2026-07-01 → 2026-09-30
[2026-07-30T14:58:02+00:00] Bookings from calendar: 14
[2026-07-30T14:58:03+00:00] Active deals: 176
[2026-07-30T14:58:03+00:00] Titles not matched to active deals: Бронирование
[2026-07-30T14:58:03+00:00] Assignments: 6
[2026-07-30T14:58:03+00:00] No cell changes
[2026-07-30T14:58:03+00:00] State saved
[2026-07-30T14:58:03+00:00] === end (1.94s) ===
[2026-07-30T15:00:01+00:00] === start ===
[2026-07-30T15:00:02+00:00] Sheet rows: 31, month headers: 3
[2026-07-30T15:00:03+00:00] Columns: {"Тусюк":"B","Муха":"C","Козлянко":"D","Юрченков":"E"}
[2026-07-30T15:00:03+00:00] Tech users: {"57":"Тусюк","65":"Козлянко","67":"Муха","71":"Юрченков"}
[2026-07-30T15:00:03+00:00] Sync window: 2026-07-01 → 2026-09-30
[2026-07-30T15:00:04+00:00] Bookings from calendar: 14
[2026-07-30T15:00:05+00:00] Active deals: 176
[2026-07-30T15:00:05+00:00] Titles not matched to active deals: Бронирование
[2026-07-30T15:00:05+00:00] Assignments: 6
[2026-07-30T15:00:05+00:00] No cell changes
[2026-07-30T15:00:05+00:00] State saved
[2026-07-30T15:00:05+00:00] === end (3.67s) ===
[2026-07-30T15:02:01+00:00] === start ===
[2026-07-30T15:02:02+00:00] Sheet rows: 31, month headers: 3
[2026-07-30T15:02:02+00:00] Columns: {"Тусюк":"B","Муха":"C","Козлянко":"D","Юрченков":"E"}
[2026-07-30T15:02:02+00:00] Tech users: {"57":"Тусюк","65":"Козлянко","67":"Муха","71":"Юрченков"}
[2026-07-30T15:02:02+00:00] Sync window: 2026-07-01 → 2026-09-30
[2026-07-30T15:02:03+00:00] Bookings from calendar: 14
[2026-07-30T15:02:04+00:00] Active deals: 176
[2026-07-30T15:02:04+00:00] Titles not matched to active deals: Бронирование
[2026-07-30T15:02:04+00:00] Assignments: 6
[2026-07-30T15:02:04+00:00] No cell changes
[2026-07-30T15:02:04+00:00] State saved
[2026-07-30T15:02:04+00:00] === end (2.99s) ===
[2026-07-30T15:04:01+00:00] === start ===
[2026-07-30T15:04:01+00:00] Sheet rows: 31, month headers: 3
[2026-07-30T15:04:01+00:00] Columns: {"Тусюк":"B","Муха":"C","Козлянко":"D","Юрченков":"E"}
[2026-07-30T15:04:02+00:00] Tech users: {"57":"Тусюк","65":"Козлянко","67":"Муха","71":"Юрченков"}
[2026-07-30T15:04:02+00:00] Sync window: 2026-07-01 → 2026-09-30
[2026-07-30T15:04:02+00:00] Bookings from calendar: 14
[2026-07-30T15:04:03+00:00] Active deals: 176
[2026-07-30T15:04:03+00:00] Titles not matched to active deals: Бронирование
[2026-07-30T15:04:03+00:00] Assignments: 6
[2026-07-30T15:04:03+00:00] No cell changes
[2026-07-30T15:04:03+00:00] State saved
[2026-07-30T15:04:03+00:00] === end (2s) ===
[2026-07-30T15:06:01+00:00] === start ===
[2026-07-30T15:06:01+00:00] Sheet rows: 31, month headers: 3
[2026-07-30T15:06:01+00:00] Columns: {"Тусюк":"B","Муха":"C","Козлянко":"D","Юрченков":"E"}
[2026-07-30T15:06:02+00:00] Tech users: {"57":"Тусюк","65":"Козлянко","67":"Муха","71":"Юрченков"}
[2026-07-30T15:06:02+00:00] Sync window: 2026-07-01 → 2026-09-30
[2026-07-30T15:06:02+00:00] Bookings from calendar: 14
[2026-07-30T15:06:03+00:00] Active deals: 176
[2026-07-30T15:06:03+00:00] Titles not matched to active deals: Бронирование
[2026-07-30T15:06:03+00:00] Assignments: 6
[2026-07-30T15:06:03+00:00] No cell changes
[2026-07-30T15:06:03+00:00] State saved
[2026-07-30T15:06:03+00:00] === end (1.9s) ===
[2026-07-30T15:08:01+00:00] === start ===
[2026-07-30T15:08:01+00:00] Sheet rows: 31, month headers: 3
[2026-07-30T15:08:01+00:00] Columns: {"Тусюк":"B","Муха":"C","Козлянко":"D","Юрченков":"E"}
[2026-07-30T15:08:02+00:00] Tech users: {"57":"Тусюк","65":"Козлянко","67":"Муха","71":"Юрченков"}
[2026-07-30T15:08:02+00:00] Sync window: 2026-07-01 → 2026-09-30
[2026-07-30T15:08:02+00:00] Bookings from calendar: 14
[2026-07-30T15:08:03+00:00] Active deals: 176
[2026-07-30T15:08:03+00:00] Titles not matched to active deals: Бронирование
[2026-07-30T15:08:03+00:00] Assignments: 6
[2026-07-30T15:08:03+00:00] No cell changes
[2026-07-30T15:08:03+00:00] State saved
[2026-07-30T15:08:03+00:00] === end (2.03s) ===
[2026-07-30T15:10:01+00:00] === start ===
[2026-07-30T15:10:01+00:00] Sheet rows: 31, month headers: 3
[2026-07-30T15:10:02+00:00] Columns: {"Тусюк":"B","Муха":"C","Козлянко":"D","Юрченков":"E"}
[2026-07-30T15:10:02+00:00] Tech users: {"57":"Тусюк","65":"Козлянко","67":"Муха","71":"Юрченков"}
[2026-07-30T15:10:02+00:00] Sync window: 2026-07-01 → 2026-09-30
[2026-07-30T15:10:03+00:00] Bookings from calendar: 14
[2026-07-30T15:10:03+00:00] Active deals: 176
[2026-07-30T15:10:03+00:00] Titles not matched to active deals: Бронирование
[2026-07-30T15:10:03+00:00] Assignments: 6
[2026-07-30T15:10:03+00:00] No cell changes
[2026-07-30T15:10:03+00:00] State saved
[2026-07-30T15:10:03+00:00] === end (2.5s) ===
[2026-07-30T15:12:01+00:00] === start ===
[2026-07-30T15:12:02+00:00] Sheet rows: 31, month headers: 3
[2026-07-30T15:12:03+00:00] Columns: {"Тусюк":"B","Муха":"C","Козлянко":"D","Юрченков":"E"}
[2026-07-30T15:12:03+00:00] Tech users: {"57":"Тусюк","65":"Козлянко","67":"Муха","71":"Юрченков"}
[2026-07-30T15:12:03+00:00] Sync window: 2026-07-01 → 2026-09-30
[2026-07-30T15:12:04+00:00] Bookings from calendar: 14
[2026-07-30T15:12:05+00:00] Active deals: 176
[2026-07-30T15:12:05+00:00] Titles not matched to active deals: Бронирование
[2026-07-30T15:12:05+00:00] Assignments: 6
[2026-07-30T15:12:05+00:00] No cell changes
[2026-07-30T15:12:05+00:00] State saved
[2026-07-30T15:12:05+00:00] === end (3.32s) ===
[2026-07-30T15:14:01+00:00] === start ===
[2026-07-30T15:14:01+00:00] Sheet rows: 31, month headers: 3
[2026-07-30T15:14:01+00:00] Columns: {"Тусюк":"B","Муха":"C","Козлянко":"D","Юрченков":"E"}
[2026-07-30T15:14:02+00:00] Tech users: {"57":"Тусюк","65":"Козлянко","67":"Муха","71":"Юрченков"}
[2026-07-30T15:14:02+00:00] Sync window: 2026-07-01 → 2026-09-30
[2026-07-30T15:14:02+00:00] Bookings from calendar: 14
[2026-07-30T15:14:03+00:00] Active deals: 176
[2026-07-30T15:14:03+00:00] Titles not matched to active deals: Бронирование
[2026-07-30T15:14:03+00:00] Assignments: 6
[2026-07-30T15:14:03+00:00] No cell changes
[2026-07-30T15:14:03+00:00] State saved
[2026-07-30T15:14:03+00:00] === end (2.12s) ===
[2026-07-30T15:16:01+00:00] === start ===
[2026-07-30T15:16:02+00:00] Sheet rows: 31, month headers: 3
[2026-07-30T15:16:02+00:00] Columns: {"Тусюк":"B","Муха":"C","Козлянко":"D","Юрченков":"E"}
[2026-07-30T15:16:02+00:00] Tech users: {"57":"Тусюк","65":"Козлянко","67":"Муха","71":"Юрченков"}
[2026-07-30T15:16:02+00:00] Sync window: 2026-07-01 → 2026-09-30
[2026-07-30T15:16:03+00:00] Bookings from calendar: 14
[2026-07-30T15:16:03+00:00] Active deals: 176
[2026-07-30T15:16:03+00:00] Titles not matched to active deals: Бронирование
[2026-07-30T15:16:03+00:00] Assignments: 6
[2026-07-30T15:16:03+00:00] No cell changes
[2026-07-30T15:16:03+00:00] State saved
[2026-07-30T15:16:03+00:00] === end (1.92s) ===
[2026-07-30T15:18:01+00:00] === start ===
[2026-07-30T15:18:02+00:00] Sheet rows: 31, month headers: 3
[2026-07-30T15:18:02+00:00] Columns: {"Тусюк":"B","Муха":"C","Козлянко":"D","Юрченков":"E"}
[2026-07-30T15:18:02+00:00] Tech users: {"57":"Тусюк","65":"Козлянко","67":"Муха","71":"Юрченков"}
[2026-07-30T15:18:02+00:00] Sync window: 2026-07-01 → 2026-09-30
[2026-07-30T15:18:03+00:00] Bookings from calendar: 14
[2026-07-30T15:18:03+00:00] Active deals: 176
[2026-07-30T15:18:03+00:00] Titles not matched to active deals: Бронирование
[2026-07-30T15:18:03+00:00] Assignments: 6
[2026-07-30T15:18:03+00:00] No cell changes
[2026-07-30T15:18:03+00:00] State saved
[2026-07-30T15:18:03+00:00] === end (2.17s) ===
[2026-07-30T15:20:01+00:00] === start ===
[2026-07-30T15:20:02+00:00] Sheet rows: 31, month headers: 3
[2026-07-30T15:20:02+00:00] Columns: {"Тусюк":"B","Муха":"C","Козлянко":"D","Юрченков":"E"}
[2026-07-30T15:20:02+00:00] Tech users: {"57":"Тусюк","65":"Козлянко","67":"Муха","71":"Юрченков"}
[2026-07-30T15:20:02+00:00] Sync window: 2026-07-01 → 2026-09-30
[2026-07-30T15:20:03+00:00] Bookings from calendar: 14
[2026-07-30T15:20:03+00:00] Active deals: 176
[2026-07-30T15:20:03+00:00] Titles not matched to active deals: Бронирование
[2026-07-30T15:20:03+00:00] Assignments: 6
[2026-07-30T15:20:03+00:00] No cell changes
[2026-07-30T15:20:03+00:00] State saved
[2026-07-30T15:20:03+00:00] === end (2.03s) ===
[2026-07-30T15:22:02+00:00] === start ===
[2026-07-30T15:22:02+00:00] Sheet rows: 31, month headers: 3
[2026-07-30T15:22:03+00:00] Columns: {"Тусюк":"B","Муха":"C","Козлянко":"D","Юрченков":"E"}
[2026-07-30T15:22:03+00:00] Tech users: {"57":"Тусюк","65":"Козлянко","67":"Муха","71":"Юрченков"}
[2026-07-30T15:22:03+00:00] Sync window: 2026-07-01 → 2026-09-30
[2026-07-30T15:22:03+00:00] Bookings from calendar: 14
[2026-07-30T15:22:04+00:00] Active deals: 176
[2026-07-30T15:22:04+00:00] Titles not matched to active deals: Бронирование
[2026-07-30T15:22:04+00:00] Assignments: 6
[2026-07-30T15:22:04+00:00] No cell changes
[2026-07-30T15:22:04+00:00] State saved
[2026-07-30T15:22:04+00:00] === end (2.56s) ===
[2026-07-30T15:24:01+00:00] === start ===
[2026-07-30T15:24:02+00:00] Sheet rows: 31, month headers: 3
[2026-07-30T15:24:02+00:00] Columns: {"Тусюк":"B","Муха":"C","Козлянко":"D","Юрченков":"E"}
[2026-07-30T15:24:02+00:00] Tech users: {"57":"Тусюк","65":"Козлянко","67":"Муха","71":"Юрченков"}
[2026-07-30T15:24:02+00:00] Sync window: 2026-07-01 → 2026-09-30
[2026-07-30T15:24:03+00:00] Bookings from calendar: 14
[2026-07-30T15:24:03+00:00] Active deals: 176
[2026-07-30T15:24:03+00:00] Titles not matched to active deals: Бронирование
[2026-07-30T15:24:03+00:00] Assignments: 6
[2026-07-30T15:24:03+00:00] No cell changes
[2026-07-30T15:24:03+00:00] State saved
[2026-07-30T15:24:03+00:00] === end (2.03s) ===
[2026-07-30T15:26:01+00:00] === start ===
[2026-07-30T15:26:02+00:00] Sheet rows: 31, month headers: 3
[2026-07-30T15:26:02+00:00] Columns: {"Тусюк":"B","Муха":"C","Козлянко":"D","Юрченков":"E"}
[2026-07-30T15:26:02+00:00] Tech users: {"57":"Тусюк","65":"Козлянко","67":"Муха","71":"Юрченков"}
[2026-07-30T15:26:02+00:00] Sync window: 2026-07-01 → 2026-09-30
[2026-07-30T15:26:03+00:00] Bookings from calendar: 14
[2026-07-30T15:26:03+00:00] Active deals: 176
[2026-07-30T15:26:03+00:00] Titles not matched to active deals: Бронирование
[2026-07-30T15:26:03+00:00] Assignments: 6
[2026-07-30T15:26:03+00:00] No cell changes
[2026-07-30T15:26:03+00:00] State saved
[2026-07-30T15:26:03+00:00] === end (2.01s) ===
[2026-07-30T15:28:01+00:00] === start ===
[2026-07-30T15:28:02+00:00] Sheet rows: 31, month headers: 3
[2026-07-30T15:28:02+00:00] Columns: {"Тусюк":"B","Муха":"C","Козлянко":"D","Юрченков":"E"}
[2026-07-30T15:28:03+00:00] Tech users: {"57":"Тусюк","65":"Козлянко","67":"Муха","71":"Юрченков"}
[2026-07-30T15:28:03+00:00] Sync window: 2026-07-01 → 2026-09-30
[2026-07-30T15:28:03+00:00] Bookings from calendar: 14
[2026-07-30T15:28:04+00:00] Active deals: 176
[2026-07-30T15:28:04+00:00] Titles not matched to active deals: Бронирование
[2026-07-30T15:28:04+00:00] Assignments: 6
[2026-07-30T15:28:04+00:00] No cell changes
[2026-07-30T15:28:04+00:00] State saved
[2026-07-30T15:28:04+00:00] === end (2.34s) ===
[2026-07-30T15:30:01+00:00] === start ===
[2026-07-30T15:30:02+00:00] Sheet rows: 31, month headers: 3
[2026-07-30T15:30:02+00:00] Columns: {"Тусюк":"B","Муха":"C","Козлянко":"D","Юрченков":"E"}
[2026-07-30T15:30:02+00:00] Tech users: {"57":"Тусюк","65":"Козлянко","67":"Муха","71":"Юрченков"}
[2026-07-30T15:30:02+00:00] Sync window: 2026-07-01 → 2026-09-30
[2026-07-30T15:30:03+00:00] Bookings from calendar: 14
[2026-07-30T15:30:04+00:00] Active deals: 176
[2026-07-30T15:30:04+00:00] Titles not matched to active deals: Бронирование
[2026-07-30T15:30:04+00:00] Assignments: 6
[2026-07-30T15:30:04+00:00] No cell changes
[2026-07-30T15:30:04+00:00] State saved
[2026-07-30T15:30:04+00:00] === end (3.03s) ===
[2026-07-30T15:32:01+00:00] === start ===
[2026-07-30T15:32:01+00:00] Sheet rows: 31, month headers: 3
[2026-07-30T15:32:02+00:00] Columns: {"Тусюк":"B","Муха":"C","Козлянко":"D","Юрченков":"E"}
[2026-07-30T15:32:02+00:00] Tech users: {"57":"Тусюк","65":"Козлянко","67":"Муха","71":"Юрченков"}
[2026-07-30T15:32:02+00:00] Sync window: 2026-07-01 → 2026-09-30
[2026-07-30T15:32:03+00:00] Bookings from calendar: 14
[2026-07-30T15:32:04+00:00] Active deals: 176
[2026-07-30T15:32:04+00:00] Titles not matched to active deals: Бронирование
[2026-07-30T15:32:04+00:00] Assignments: 6
[2026-07-30T15:32:04+00:00] No cell changes
[2026-07-30T15:32:04+00:00] State saved
[2026-07-30T15:32:04+00:00] === end (2.7s) ===
[2026-07-30T15:34:01+00:00] === start ===
[2026-07-30T15:34:02+00:00] Sheet rows: 31, month headers: 3
[2026-07-30T15:34:02+00:00] Columns: {"Тусюк":"B","Муха":"C","Козлянко":"D","Юрченков":"E"}
[2026-07-30T15:34:02+00:00] Tech users: {"57":"Тусюк","65":"Козлянко","67":"Муха","71":"Юрченков"}
[2026-07-30T15:34:02+00:00] Sync window: 2026-07-01 → 2026-09-30
[2026-07-30T15:34:03+00:00] Bookings from calendar: 14
[2026-07-30T15:34:03+00:00] Active deals: 176
[2026-07-30T15:34:03+00:00] Titles not matched to active deals: Бронирование
[2026-07-30T15:34:03+00:00] Assignments: 6
[2026-07-30T15:34:03+00:00] No cell changes
[2026-07-30T15:34:03+00:00] State saved
[2026-07-30T15:34:03+00:00] === end (2.68s) ===
[2026-07-30T15:36:01+00:00] === start ===
[2026-07-30T15:36:02+00:00] Sheet rows: 31, month headers: 3
[2026-07-30T15:36:03+00:00] Columns: {"Тусюк":"B","Муха":"C","Козлянко":"D","Юрченков":"E"}
[2026-07-30T15:36:03+00:00] Tech users: {"57":"Тусюк","65":"Козлянко","67":"Муха","71":"Юрченков"}
[2026-07-30T15:36:03+00:00] Sync window: 2026-07-01 → 2026-09-30
[2026-07-30T15:36:03+00:00] Bookings from calendar: 14
[2026-07-30T15:36:04+00:00] Active deals: 176
[2026-07-30T15:36:04+00:00] Titles not matched to active deals: Бронирование
[2026-07-30T15:36:04+00:00] Assignments: 6
[2026-07-30T15:36:04+00:00] No cell changes
[2026-07-30T15:36:04+00:00] State saved
[2026-07-30T15:36:04+00:00] === end (2.57s) ===
[2026-07-30T15:38:01+00:00] === start ===
[2026-07-30T15:38:01+00:00] Sheet rows: 31, month headers: 3
[2026-07-30T15:38:02+00:00] Columns: {"Тусюк":"B","Муха":"C","Козлянко":"D","Юрченков":"E"}
[2026-07-30T15:38:02+00:00] Tech users: {"57":"Тусюк","65":"Козлянко","67":"Муха","71":"Юрченков"}
[2026-07-30T15:38:02+00:00] Sync window: 2026-07-01 → 2026-09-30
[2026-07-30T15:38:02+00:00] Bookings from calendar: 14
[2026-07-30T15:38:03+00:00] Active deals: 176
[2026-07-30T15:38:03+00:00] Titles not matched to active deals: Бронирование
[2026-07-30T15:38:03+00:00] Assignments: 6
[2026-07-30T15:38:03+00:00] No cell changes
[2026-07-30T15:38:03+00:00] State saved
[2026-07-30T15:38:03+00:00] === end (2.23s) ===
[2026-07-30T15:40:01+00:00] === start ===
[2026-07-30T15:40:02+00:00] Sheet rows: 31, month headers: 3
[2026-07-30T15:40:03+00:00] Columns: {"Тусюк":"B","Муха":"C","Козлянко":"D","Юрченков":"E"}
[2026-07-30T15:40:03+00:00] Tech users: {"57":"Тусюк","65":"Козлянко","67":"Муха","71":"Юрченков"}
[2026-07-30T15:40:03+00:00] Sync window: 2026-07-01 → 2026-09-30
[2026-07-30T15:40:03+00:00] Bookings from calendar: 14
[2026-07-30T15:40:04+00:00] Active deals: 176
[2026-07-30T15:40:04+00:00] Titles not matched to active deals: Бронирование
[2026-07-30T15:40:04+00:00] Assignments: 6
[2026-07-30T15:40:04+00:00] No cell changes
[2026-07-30T15:40:04+00:00] State saved
[2026-07-30T15:40:04+00:00] === end (2.52s) ===
[2026-07-30T15:42:01+00:00] === start ===
[2026-07-30T15:42:01+00:00] Sheet rows: 31, month headers: 3
[2026-07-30T15:42:02+00:00] Columns: {"Тусюк":"B","Муха":"C","Козлянко":"D","Юрченков":"E"}
[2026-07-30T15:42:02+00:00] Tech users: {"57":"Тусюк","65":"Козлянко","67":"Муха","71":"Юрченков"}
[2026-07-30T15:42:02+00:00] Sync window: 2026-07-01 → 2026-09-30
[2026-07-30T15:42:02+00:00] Bookings from calendar: 14
[2026-07-30T15:42:03+00:00] Active deals: 176
[2026-07-30T15:42:03+00:00] Titles not matched to active deals: Бронирование
[2026-07-30T15:42:03+00:00] Assignments: 6
[2026-07-30T15:42:03+00:00] No cell changes
[2026-07-30T15:42:03+00:00] State saved
[2026-07-30T15:42:03+00:00] === end (2.12s) ===
[2026-07-30T15:44:01+00:00] === start ===
[2026-07-30T15:44:02+00:00] Sheet rows: 31, month headers: 3
[2026-07-30T15:44:02+00:00] Columns: {"Тусюк":"B","Муха":"C","Козлянко":"D","Юрченков":"E"}
[2026-07-30T15:44:02+00:00] Tech users: {"57":"Тусюк","65":"Козлянко","67":"Муха","71":"Юрченков"}
[2026-07-30T15:44:02+00:00] Sync window: 2026-07-01 → 2026-09-30
[2026-07-30T15:44:03+00:00] Bookings from calendar: 14
[2026-07-30T15:44:03+00:00] Active deals: 176
[2026-07-30T15:44:03+00:00] Titles not matched to active deals: Бронирование
[2026-07-30T15:44:03+00:00] Assignments: 6
[2026-07-30T15:44:03+00:00] No cell changes
[2026-07-30T15:44:03+00:00] State saved
[2026-07-30T15:44:03+00:00] === end (2.28s) ===
[2026-07-30T15:46:01+00:00] === start ===
[2026-07-30T15:46:02+00:00] Sheet rows: 31, month headers: 3
[2026-07-30T15:46:02+00:00] Columns: {"Тусюк":"B","Муха":"C","Козлянко":"D","Юрченков":"E"}
[2026-07-30T15:46:02+00:00] Tech users: {"57":"Тусюк","65":"Козлянко","67":"Муха","71":"Юрченков"}
[2026-07-30T15:46:02+00:00] Sync window: 2026-07-01 → 2026-09-30
[2026-07-30T15:46:03+00:00] Bookings from calendar: 14
[2026-07-30T15:46:03+00:00] Active deals: 176
[2026-07-30T15:46:03+00:00] Titles not matched to active deals: Бронирование
[2026-07-30T15:46:03+00:00] Assignments: 6
[2026-07-30T15:46:03+00:00] No cell changes
[2026-07-30T15:46:03+00:00] State saved
[2026-07-30T15:46:03+00:00] === end (2.53s) ===
[2026-07-30T15:48:01+00:00] === start ===
[2026-07-30T15:48:02+00:00] Sheet rows: 31, month headers: 3
[2026-07-30T15:48:03+00:00] Columns: {"Тусюк":"B","Муха":"C","Козлянко":"D","Юрченков":"E"}
[2026-07-30T15:48:03+00:00] Tech users: {"57":"Тусюк","65":"Козлянко","67":"Муха","71":"Юрченков"}
[2026-07-30T15:48:03+00:00] Sync window: 2026-07-01 → 2026-09-30
[2026-07-30T15:48:03+00:00] Bookings from calendar: 14
[2026-07-30T15:48:04+00:00] Active deals: 176
[2026-07-30T15:48:04+00:00] Titles not matched to active deals: Бронирование
[2026-07-30T15:48:04+00:00] Assignments: 6
[2026-07-30T15:48:04+00:00] No cell changes
[2026-07-30T15:48:04+00:00] State saved
[2026-07-30T15:48:04+00:00] === end (2.64s) ===
[2026-07-30T15:50:01+00:00] === start ===
[2026-07-30T15:50:02+00:00] Sheet rows: 31, month headers: 3
[2026-07-30T15:50:02+00:00] Columns: {"Тусюк":"B","Муха":"C","Козлянко":"D","Юрченков":"E"}
[2026-07-30T15:50:03+00:00] Tech users: {"57":"Тусюк","65":"Козлянко","67":"Муха","71":"Юрченков"}
[2026-07-30T15:50:03+00:00] Sync window: 2026-07-01 → 2026-09-30
[2026-07-30T15:50:03+00:00] Bookings from calendar: 14
[2026-07-30T15:50:04+00:00] Active deals: 176
[2026-07-30T15:50:04+00:00] Titles not matched to active deals: Бронирование
[2026-07-30T15:50:04+00:00] Assignments: 6
[2026-07-30T15:50:04+00:00] No cell changes
[2026-07-30T15:50:04+00:00] State saved
[2026-07-30T15:50:04+00:00] === end (2.72s) ===
[2026-07-30T15:52:01+00:00] === start ===
[2026-07-30T15:52:02+00:00] Sheet rows: 31, month headers: 3
[2026-07-30T15:52:03+00:00] Columns: {"Тусюк":"B","Муха":"C","Козлянко":"D","Юрченков":"E"}
[2026-07-30T15:52:03+00:00] Tech users: {"57":"Тусюк","65":"Козлянко","67":"Муха","71":"Юрченков"}
[2026-07-30T15:52:03+00:00] Sync window: 2026-07-01 → 2026-09-30
[2026-07-30T15:52:04+00:00] Bookings from calendar: 14
[2026-07-30T15:52:04+00:00] Active deals: 176
[2026-07-30T15:52:04+00:00] Titles not matched to active deals: Бронирование
[2026-07-30T15:52:04+00:00] Assignments: 6
[2026-07-30T15:52:04+00:00] No cell changes
[2026-07-30T15:52:04+00:00] State saved
[2026-07-30T15:52:04+00:00] === end (3.18s) ===
[2026-07-30T15:54:01+00:00] === start ===
[2026-07-30T15:54:02+00:00] Sheet rows: 31, month headers: 3
[2026-07-30T15:54:03+00:00] Columns: {"Тусюк":"B","Муха":"C","Козлянко":"D","Юрченков":"E"}
[2026-07-30T15:54:03+00:00] Tech users: {"57":"Тусюк","65":"Козлянко","67":"Муха","71":"Юрченков"}
[2026-07-30T15:54:03+00:00] Sync window: 2026-07-01 → 2026-09-30
[2026-07-30T15:54:04+00:00] Bookings from calendar: 14
[2026-07-30T15:54:04+00:00] Active deals: 176
[2026-07-30T15:54:04+00:00] Titles not matched to active deals: Бронирование
[2026-07-30T15:54:04+00:00] Assignments: 6
[2026-07-30T15:54:04+00:00] No cell changes
[2026-07-30T15:54:04+00:00] State saved
[2026-07-30T15:54:04+00:00] === end (3.05s) ===
[2026-07-30T15:56:01+00:00] === start ===
[2026-07-30T15:56:02+00:00] Sheet rows: 31, month headers: 3
[2026-07-30T15:56:03+00:00] Columns: {"Тусюк":"B","Муха":"C","Козлянко":"D","Юрченков":"E"}
[2026-07-30T15:56:03+00:00] Tech users: {"57":"Тусюк","65":"Козлянко","67":"Муха","71":"Юрченков"}
[2026-07-30T15:56:03+00:00] Sync window: 2026-07-01 → 2026-09-30
[2026-07-30T15:56:03+00:00] Bookings from calendar: 14
[2026-07-30T15:56:04+00:00] Active deals: 176
[2026-07-30T15:56:04+00:00] Titles not matched to active deals: Бронирование
[2026-07-30T15:56:04+00:00] Assignments: 6
[2026-07-30T15:56:04+00:00] No cell changes
[2026-07-30T15:56:04+00:00] State saved
[2026-07-30T15:56:04+00:00] === end (2.73s) ===
[2026-07-30T15:58:01+00:00] === start ===
[2026-07-30T15:58:02+00:00] Sheet rows: 31, month headers: 3
[2026-07-30T15:58:02+00:00] Columns: {"Тусюк":"B","Муха":"C","Козлянко":"D","Юрченков":"E"}
[2026-07-30T15:58:02+00:00] Tech users: {"57":"Тусюк","65":"Козлянко","67":"Муха","71":"Юрченков"}
[2026-07-30T15:58:02+00:00] Sync window: 2026-07-01 → 2026-09-30
[2026-07-30T15:58:03+00:00] Bookings from calendar: 14
[2026-07-30T15:58:04+00:00] Active deals: 176
[2026-07-30T15:58:04+00:00] Titles not matched to active deals: Бронирование
[2026-07-30T15:58:04+00:00] Assignments: 6
[2026-07-30T15:58:04+00:00] No cell changes
[2026-07-30T15:58:04+00:00] State saved
[2026-07-30T15:58:04+00:00] === end (2.51s) ===
[2026-07-30T16:00:01+00:00] === start ===
[2026-07-30T16:00:01+00:00] Sheet rows: 31, month headers: 3
[2026-07-30T16:00:02+00:00] Columns: {"Тусюк":"B","Муха":"C","Козлянко":"D","Юрченков":"E"}
[2026-07-30T16:00:02+00:00] Tech users: {"57":"Тусюк","65":"Козлянко","67":"Муха","71":"Юрченков"}
[2026-07-30T16:00:02+00:00] Sync window: 2026-07-01 → 2026-09-30
[2026-07-30T16:00:03+00:00] Bookings from calendar: 14
[2026-07-30T16:00:03+00:00] Active deals: 176
[2026-07-30T16:00:03+00:00] Titles not matched to active deals: Бронирование
[2026-07-30T16:00:03+00:00] Assignments: 6
[2026-07-30T16:00:03+00:00] No cell changes
[2026-07-30T16:00:03+00:00] State saved
[2026-07-30T16:00:03+00:00] === end (2.69s) ===
[2026-07-30T16:02:02+00:00] === start ===
[2026-07-30T16:02:02+00:00] Sheet rows: 31, month headers: 3
[2026-07-30T16:02:03+00:00] Columns: {"Тусюк":"B","Муха":"C","Козлянко":"D","Юрченков":"E"}
[2026-07-30T16:02:03+00:00] Tech users: {"57":"Тусюк","65":"Козлянко","67":"Муха","71":"Юрченков"}
[2026-07-30T16:02:03+00:00] Sync window: 2026-07-01 → 2026-09-30
[2026-07-30T16:02:03+00:00] Bookings from calendar: 14
[2026-07-30T16:02:04+00:00] Active deals: 176
[2026-07-30T16:02:04+00:00] Titles not matched to active deals: Бронирование
[2026-07-30T16:02:04+00:00] Assignments: 6
[2026-07-30T16:02:04+00:00] No cell changes
[2026-07-30T16:02:04+00:00] State saved
[2026-07-30T16:02:04+00:00] === end (2.64s) ===
[2026-07-30T16:04:01+00:00] === start ===
[2026-07-30T16:04:02+00:00] Sheet rows: 31, month headers: 3
[2026-07-30T16:04:02+00:00] Columns: {"Тусюк":"B","Муха":"C","Козлянко":"D","Юрченков":"E"}
[2026-07-30T16:04:02+00:00] Tech users: {"57":"Тусюк","65":"Козлянко","67":"Муха","71":"Юрченков"}
[2026-07-30T16:04:02+00:00] Sync window: 2026-07-01 → 2026-09-30
[2026-07-30T16:04:03+00:00] Bookings from calendar: 14
[2026-07-30T16:04:04+00:00] Active deals: 176
[2026-07-30T16:04:04+00:00] Titles not matched to active deals: Бронирование
[2026-07-30T16:04:04+00:00] Assignments: 6
[2026-07-30T16:04:04+00:00] No cell changes
[2026-07-30T16:04:04+00:00] State saved
[2026-07-30T16:04:04+00:00] === end (2.46s) ===
[2026-07-30T16:06:01+00:00] === start ===
[2026-07-30T16:06:01+00:00] Sheet rows: 31, month headers: 3
[2026-07-30T16:06:01+00:00] Columns: {"Тусюк":"B","Муха":"C","Козлянко":"D","Юрченков":"E"}
[2026-07-30T16:06:01+00:00] Tech users: {"57":"Тусюк","65":"Козлянко","67":"Муха","71":"Юрченков"}
[2026-07-30T16:06:01+00:00] Sync window: 2026-07-01 → 2026-09-30
[2026-07-30T16:06:02+00:00] Bookings from calendar: 14
[2026-07-30T16:06:03+00:00] Active deals: 176
[2026-07-30T16:06:03+00:00] Titles not matched to active deals: Бронирование
[2026-07-30T16:06:03+00:00] Assignments: 6
[2026-07-30T16:06:03+00:00] No cell changes
[2026-07-30T16:06:03+00:00] State saved
[2026-07-30T16:06:03+00:00] === end (1.85s) ===
[2026-07-30T16:08:01+00:00] === start ===
[2026-07-30T16:08:02+00:00] Sheet rows: 31, month headers: 3
[2026-07-30T16:08:02+00:00] Columns: {"Тусюк":"B","Муха":"C","Козлянко":"D","Юрченков":"E"}
[2026-07-30T16:08:02+00:00] Tech users: {"57":"Тусюк","65":"Козлянко","67":"Муха","71":"Юрченков"}
[2026-07-30T16:08:02+00:00] Sync window: 2026-07-01 → 2026-09-30
[2026-07-30T16:08:03+00:00] Bookings from calendar: 14
[2026-07-30T16:08:03+00:00] Active deals: 176
[2026-07-30T16:08:03+00:00] Titles not matched to active deals: Бронирование
[2026-07-30T16:08:03+00:00] Assignments: 6
[2026-07-30T16:08:03+00:00] No cell changes
[2026-07-30T16:08:03+00:00] State saved
[2026-07-30T16:08:03+00:00] === end (2.43s) ===
[2026-07-30T16:10:01+00:00] === start ===
[2026-07-30T16:10:02+00:00] Sheet rows: 31, month headers: 3
[2026-07-30T16:10:02+00:00] Columns: {"Тусюк":"B","Муха":"C","Козлянко":"D","Юрченков":"E"}
[2026-07-30T16:10:02+00:00] Tech users: {"57":"Тусюк","65":"Козлянко","67":"Муха","71":"Юрченков"}
[2026-07-30T16:10:02+00:00] Sync window: 2026-07-01 → 2026-09-30
[2026-07-30T16:10:03+00:00] Bookings from calendar: 14
[2026-07-30T16:10:03+00:00] Active deals: 176
[2026-07-30T16:10:03+00:00] Titles not matched to active deals: Бронирование
[2026-07-30T16:10:03+00:00] Assignments: 6
[2026-07-30T16:10:03+00:00] No cell changes
[2026-07-30T16:10:03+00:00] State saved
[2026-07-30T16:10:03+00:00] === end (2.24s) ===
[2026-07-30T16:12:02+00:00] === start ===
[2026-07-30T16:12:02+00:00] Sheet rows: 31, month headers: 3
[2026-07-30T16:12:03+00:00] Columns: {"Тусюк":"B","Муха":"C","Козлянко":"D","Юрченков":"E"}
[2026-07-30T16:12:03+00:00] Tech users: {"57":"Тусюк","65":"Козлянко","67":"Муха","71":"Юрченков"}
[2026-07-30T16:12:03+00:00] Sync window: 2026-07-01 → 2026-09-30
[2026-07-30T16:12:03+00:00] Bookings from calendar: 14
[2026-07-30T16:12:04+00:00] Active deals: 176
[2026-07-30T16:12:04+00:00] Titles not matched to active deals: Бронирование
[2026-07-30T16:12:04+00:00] Assignments: 6
[2026-07-30T16:12:04+00:00] No cell changes
[2026-07-30T16:12:04+00:00] State saved
[2026-07-30T16:12:04+00:00] === end (2.53s) ===
[2026-07-30T16:14:01+00:00] === start ===
[2026-07-30T16:14:01+00:00] Sheet rows: 31, month headers: 3
[2026-07-30T16:14:02+00:00] Columns: {"Тусюк":"B","Муха":"C","Козлянко":"D","Юрченков":"E"}
[2026-07-30T16:14:02+00:00] Tech users: {"57":"Тусюк","65":"Козлянко","67":"Муха","71":"Юрченков"}
[2026-07-30T16:14:02+00:00] Sync window: 2026-07-01 → 2026-09-30
[2026-07-30T16:14:03+00:00] Bookings from calendar: 14
[2026-07-30T16:14:03+00:00] Active deals: 176
[2026-07-30T16:14:03+00:00] Titles not matched to active deals: Бронирование
[2026-07-30T16:14:03+00:00] Assignments: 6
[2026-07-30T16:14:03+00:00] No cell changes
[2026-07-30T16:14:03+00:00] State saved
[2026-07-30T16:14:03+00:00] === end (2.19s) ===
[2026-07-30T16:16:01+00:00] === start ===
[2026-07-30T16:16:01+00:00] Sheet rows: 31, month headers: 3
[2026-07-30T16:16:02+00:00] Columns: {"Тусюк":"B","Муха":"C","Козлянко":"D","Юрченков":"E"}
[2026-07-30T16:16:02+00:00] Tech users: {"57":"Тусюк","65":"Козлянко","67":"Муха","71":"Юрченков"}
[2026-07-30T16:16:02+00:00] Sync window: 2026-07-01 → 2026-09-30
[2026-07-30T16:16:02+00:00] Bookings from calendar: 14
[2026-07-30T16:16:03+00:00] Active deals: 176
[2026-07-30T16:16:03+00:00] Titles not matched to active deals: Бронирование
[2026-07-30T16:16:03+00:00] Assignments: 6
[2026-07-30T16:16:03+00:00] No cell changes
[2026-07-30T16:16:03+00:00] State saved
[2026-07-30T16:16:03+00:00] === end (2.11s) ===
[2026-07-30T16:18:01+00:00] === start ===
[2026-07-30T16:18:02+00:00] Sheet rows: 31, month headers: 3
[2026-07-30T16:18:02+00:00] Columns: {"Тусюк":"B","Муха":"C","Козлянко":"D","Юрченков":"E"}
[2026-07-30T16:18:02+00:00] Tech users: {"57":"Тусюк","65":"Козлянко","67":"Муха","71":"Юрченков"}
[2026-07-30T16:18:02+00:00] Sync window: 2026-07-01 → 2026-09-30
[2026-07-30T16:18:03+00:00] Bookings from calendar: 14
[2026-07-30T16:18:03+00:00] Active deals: 176
[2026-07-30T16:18:03+00:00] Titles not matched to active deals: Бронирование
[2026-07-30T16:18:03+00:00] Assignments: 6
[2026-07-30T16:18:03+00:00] No cell changes
[2026-07-30T16:18:03+00:00] State saved
[2026-07-30T16:18:03+00:00] === end (2.06s) ===
[2026-07-30T16:20:01+00:00] === start ===
[2026-07-30T16:20:02+00:00] Sheet rows: 31, month headers: 3
[2026-07-30T16:20:02+00:00] Columns: {"Тусюк":"B","Муха":"C","Козлянко":"D","Юрченков":"E"}
[2026-07-30T16:20:03+00:00] Tech users: {"57":"Тусюк","65":"Козлянко","67":"Муха","71":"Юрченков"}
[2026-07-30T16:20:03+00:00] Sync window: 2026-07-01 → 2026-09-30
[2026-07-30T16:20:03+00:00] Bookings from calendar: 14
[2026-07-30T16:20:04+00:00] Active deals: 176
[2026-07-30T16:20:04+00:00] Titles not matched to active deals: Бронирование
[2026-07-30T16:20:04+00:00] Assignments: 6
[2026-07-30T16:20:04+00:00] No cell changes
[2026-07-30T16:20:04+00:00] State saved
[2026-07-30T16:20:04+00:00] === end (2.55s) ===
[2026-07-30T16:22:01+00:00] === start ===
[2026-07-30T16:22:01+00:00] Sheet rows: 31, month headers: 3
[2026-07-30T16:22:02+00:00] Columns: {"Тусюк":"B","Муха":"C","Козлянко":"D","Юрченков":"E"}
[2026-07-30T16:22:02+00:00] Tech users: {"57":"Тусюк","65":"Козлянко","67":"Муха","71":"Юрченков"}
[2026-07-30T16:22:02+00:00] Sync window: 2026-07-01 → 2026-09-30
[2026-07-30T16:22:03+00:00] Bookings from calendar: 14
[2026-07-30T16:22:04+00:00] Active deals: 176
[2026-07-30T16:22:04+00:00] Titles not matched to active deals: Бронирование
[2026-07-30T16:22:04+00:00] Assignments: 6
[2026-07-30T16:22:04+00:00] No cell changes
[2026-07-30T16:22:04+00:00] State saved
[2026-07-30T16:22:04+00:00] === end (2.75s) ===
[2026-07-30T16:24:01+00:00] === start ===
[2026-07-30T16:24:01+00:00] Sheet rows: 31, month headers: 3
[2026-07-30T16:24:02+00:00] Columns: {"Тусюк":"B","Муха":"C","Козлянко":"D","Юрченков":"E"}
[2026-07-30T16:24:02+00:00] Tech users: {"57":"Тусюк","65":"Козлянко","67":"Муха","71":"Юрченков"}
[2026-07-30T16:24:02+00:00] Sync window: 2026-07-01 → 2026-09-30
[2026-07-30T16:24:03+00:00] Bookings from calendar: 14
[2026-07-30T16:24:04+00:00] Active deals: 176
[2026-07-30T16:24:04+00:00] Titles not matched to active deals: Бронирование
[2026-07-30T16:24:04+00:00] Assignments: 6
[2026-07-30T16:24:04+00:00] No cell changes
[2026-07-30T16:24:04+00:00] State saved
[2026-07-30T16:24:04+00:00] === end (3.12s) ===
[2026-07-30T16:26:01+00:00] === start ===
[2026-07-30T16:26:01+00:00] Sheet rows: 31, month headers: 3
[2026-07-30T16:26:02+00:00] Columns: {"Тусюк":"B","Муха":"C","Козлянко":"D","Юрченков":"E"}
[2026-07-30T16:26:02+00:00] Tech users: {"57":"Тусюк","65":"Козлянко","67":"Муха","71":"Юрченков"}
[2026-07-30T16:26:02+00:00] Sync window: 2026-07-01 → 2026-09-30
[2026-07-30T16:26:02+00:00] Bookings from calendar: 14
[2026-07-30T16:26:03+00:00] Active deals: 176
[2026-07-30T16:26:03+00:00] Titles not matched to active deals: Бронирование
[2026-07-30T16:26:03+00:00] Assignments: 6
[2026-07-30T16:26:03+00:00] No cell changes
[2026-07-30T16:26:03+00:00] State saved
[2026-07-30T16:26:03+00:00] === end (2.02s) ===
[2026-07-30T16:28:01+00:00] === start ===
[2026-07-30T16:28:01+00:00] Sheet rows: 31, month headers: 3
[2026-07-30T16:28:02+00:00] Columns: {"Тусюк":"B","Муха":"C","Козлянко":"D","Юрченков":"E"}
[2026-07-30T16:28:02+00:00] Tech users: {"57":"Тусюк","65":"Козлянко","67":"Муха","71":"Юрченков"}
[2026-07-30T16:28:02+00:00] Sync window: 2026-07-01 → 2026-09-30
[2026-07-30T16:28:03+00:00] Bookings from calendar: 14
[2026-07-30T16:28:03+00:00] Active deals: 176
[2026-07-30T16:28:03+00:00] Titles not matched to active deals: Бронирование
[2026-07-30T16:28:03+00:00] Assignments: 6
[2026-07-30T16:28:03+00:00] No cell changes
[2026-07-30T16:28:03+00:00] State saved
[2026-07-30T16:28:03+00:00] === end (2.38s) ===
[2026-07-30T16:30:02+00:00] === start ===
[2026-07-30T16:30:02+00:00] Sheet rows: 31, month headers: 3
[2026-07-30T16:30:03+00:00] Columns: {"Тусюк":"B","Муха":"C","Козлянко":"D","Юрченков":"E"}
[2026-07-30T16:30:03+00:00] Tech users: {"57":"Тусюк","65":"Козлянко","67":"Муха","71":"Юрченков"}
[2026-07-30T16:30:03+00:00] Sync window: 2026-07-01 → 2026-09-30
[2026-07-30T16:30:03+00:00] Bookings from calendar: 14
[2026-07-30T16:30:04+00:00] Active deals: 176
[2026-07-30T16:30:04+00:00] Titles not matched to active deals: Бронирование
[2026-07-30T16:30:04+00:00] Assignments: 6
[2026-07-30T16:30:04+00:00] No cell changes
[2026-07-30T16:30:04+00:00] State saved
[2026-07-30T16:30:04+00:00] === end (2.54s) ===
[2026-07-30T16:32:01+00:00] === start ===
[2026-07-30T16:32:02+00:00] Sheet rows: 31, month headers: 3
[2026-07-30T16:32:02+00:00] Columns: {"Тусюк":"B","Муха":"C","Козлянко":"D","Юрченков":"E"}
[2026-07-30T16:32:02+00:00] Tech users: {"57":"Тусюк","65":"Козлянко","67":"Муха","71":"Юрченков"}
[2026-07-30T16:32:02+00:00] Sync window: 2026-07-01 → 2026-09-30
[2026-07-30T16:32:03+00:00] Bookings from calendar: 14
[2026-07-30T16:32:04+00:00] Active deals: 176
[2026-07-30T16:32:04+00:00] Titles not matched to active deals: Бронирование
[2026-07-30T16:32:04+00:00] Assignments: 6
[2026-07-30T16:32:04+00:00] No cell changes
[2026-07-30T16:32:04+00:00] State saved
[2026-07-30T16:32:04+00:00] === end (2.36s) ===
[2026-07-30T16:34:01+00:00] === start ===
[2026-07-30T16:34:01+00:00] Sheet rows: 31, month headers: 3
[2026-07-30T16:34:02+00:00] Columns: {"Тусюк":"B","Муха":"C","Козлянко":"D","Юрченков":"E"}
[2026-07-30T16:34:02+00:00] Tech users: {"57":"Тусюк","65":"Козлянко","67":"Муха","71":"Юрченков"}
[2026-07-30T16:34:02+00:00] Sync window: 2026-07-01 → 2026-09-30
[2026-07-30T16:34:03+00:00] Bookings from calendar: 14
[2026-07-30T16:34:04+00:00] Active deals: 176
[2026-07-30T16:34:04+00:00] Titles not matched to active deals: Бронирование
[2026-07-30T16:34:04+00:00] Assignments: 6
[2026-07-30T16:34:04+00:00] No cell changes
[2026-07-30T16:34:04+00:00] State saved
[2026-07-30T16:34:04+00:00] === end (3.07s) ===
[2026-07-30T16:36:01+00:00] === start ===
[2026-07-30T16:36:02+00:00] Sheet rows: 31, month headers: 3
[2026-07-30T16:36:02+00:00] Columns: {"Тусюк":"B","Муха":"C","Козлянко":"D","Юрченков":"E"}
[2026-07-30T16:36:02+00:00] Tech users: {"57":"Тусюк","65":"Козлянко","67":"Муха","71":"Юрченков"}
[2026-07-30T16:36:02+00:00] Sync window: 2026-07-01 → 2026-09-30
[2026-07-30T16:36:03+00:00] Bookings from calendar: 14
[2026-07-30T16:36:04+00:00] Active deals: 176
[2026-07-30T16:36:04+00:00] Titles not matched to active deals: Бронирование
[2026-07-30T16:36:04+00:00] Assignments: 6
[2026-07-30T16:36:04+00:00] No cell changes
[2026-07-30T16:36:04+00:00] State saved
[2026-07-30T16:36:04+00:00] === end (2.79s) ===
[2026-07-30T16:38:01+00:00] === start ===
[2026-07-30T16:38:01+00:00] Sheet rows: 31, month headers: 3
[2026-07-30T16:38:02+00:00] Columns: {"Тусюк":"B","Муха":"C","Козлянко":"D","Юрченков":"E"}
[2026-07-30T16:38:02+00:00] Tech users: {"57":"Тусюк","65":"Козлянко","67":"Муха","71":"Юрченков"}
[2026-07-30T16:38:02+00:00] Sync window: 2026-07-01 → 2026-09-30
[2026-07-30T16:38:03+00:00] Bookings from calendar: 14
[2026-07-30T16:38:03+00:00] Active deals: 176
[2026-07-30T16:38:03+00:00] Titles not matched to active deals: Бронирование
[2026-07-30T16:38:03+00:00] Assignments: 6
[2026-07-30T16:38:03+00:00] No cell changes
[2026-07-30T16:38:03+00:00] State saved
[2026-07-30T16:38:03+00:00] === end (2.8s) ===
[2026-07-30T16:40:01+00:00] === start ===
[2026-07-30T16:40:02+00:00] Sheet rows: 31, month headers: 3
[2026-07-30T16:40:03+00:00] Columns: {"Тусюк":"B","Муха":"C","Козлянко":"D","Юрченков":"E"}
[2026-07-30T16:40:03+00:00] Tech users: {"57":"Тусюк","65":"Козлянко","67":"Муха","71":"Юрченков"}
[2026-07-30T16:40:03+00:00] Sync window: 2026-07-01 → 2026-09-30
[2026-07-30T16:40:03+00:00] Bookings from calendar: 14
[2026-07-30T16:40:04+00:00] Active deals: 176
[2026-07-30T16:40:04+00:00] Titles not matched to active deals: Бронирование
[2026-07-30T16:40:04+00:00] Assignments: 6
[2026-07-30T16:40:04+00:00] No cell changes
[2026-07-30T16:40:04+00:00] State saved
[2026-07-30T16:40:04+00:00] === end (2.47s) ===
[2026-07-30T16:42:01+00:00] === start ===
[2026-07-30T16:42:01+00:00] Sheet rows: 31, month headers: 3
[2026-07-30T16:42:02+00:00] Columns: {"Тусюк":"B","Муха":"C","Козлянко":"D","Юрченков":"E"}
[2026-07-30T16:42:02+00:00] Tech users: {"57":"Тусюк","65":"Козлянко","67":"Муха","71":"Юрченков"}
[2026-07-30T16:42:02+00:00] Sync window: 2026-07-01 → 2026-09-30
[2026-07-30T16:42:03+00:00] Bookings from calendar: 14
[2026-07-30T16:42:04+00:00] Active deals: 176
[2026-07-30T16:42:04+00:00] Titles not matched to active deals: Бронирование
[2026-07-30T16:42:04+00:00] Assignments: 6
[2026-07-30T16:42:04+00:00] No cell changes
[2026-07-30T16:42:04+00:00] State saved
[2026-07-30T16:42:04+00:00] === end (2.59s) ===
[2026-07-30T16:44:01+00:00] === start ===
[2026-07-30T16:44:01+00:00] Sheet rows: 31, month headers: 3
[2026-07-30T16:44:02+00:00] Columns: {"Тусюк":"B","Муха":"C","Козлянко":"D","Юрченков":"E"}
[2026-07-30T16:44:02+00:00] Tech users: {"57":"Тусюк","65":"Козлянко","67":"Муха","71":"Юрченков"}
[2026-07-30T16:44:02+00:00] Sync window: 2026-07-01 → 2026-09-30
[2026-07-30T16:44:03+00:00] Bookings from calendar: 14
[2026-07-30T16:44:03+00:00] Active deals: 176
[2026-07-30T16:44:03+00:00] Titles not matched to active deals: Бронирование
[2026-07-30T16:44:03+00:00] Assignments: 6
[2026-07-30T16:44:03+00:00] No cell changes
[2026-07-30T16:44:03+00:00] State saved
[2026-07-30T16:44:03+00:00] === end (2.63s) ===
[2026-07-30T16:46:01+00:00] === start ===
[2026-07-30T16:46:01+00:00] Sheet rows: 31, month headers: 3
[2026-07-30T16:46:01+00:00] Columns: {"Тусюк":"B","Муха":"C","Козлянко":"D","Юрченков":"E"}
[2026-07-30T16:46:01+00:00] Tech users: {"57":"Тусюк","65":"Козлянко","67":"Муха","71":"Юрченков"}
[2026-07-30T16:46:01+00:00] Sync window: 2026-07-01 → 2026-09-30
[2026-07-30T16:46:02+00:00] Bookings from calendar: 14
[2026-07-30T16:46:03+00:00] Active deals: 176
[2026-07-30T16:46:03+00:00] Titles not matched to active deals: Бронирование
[2026-07-30T16:46:03+00:00] Assignments: 6
[2026-07-30T16:46:03+00:00] No cell changes
[2026-07-30T16:46:03+00:00] State saved
[2026-07-30T16:46:03+00:00] === end (2.13s) ===
[2026-07-30T16:48:01+00:00] === start ===
[2026-07-30T16:48:01+00:00] Sheet rows: 31, month headers: 3
[2026-07-30T16:48:01+00:00] Columns: {"Тусюк":"B","Муха":"C","Козлянко":"D","Юрченков":"E"}
[2026-07-30T16:48:02+00:00] Tech users: {"57":"Тусюк","65":"Козлянко","67":"Муха","71":"Юрченков"}
[2026-07-30T16:48:02+00:00] Sync window: 2026-07-01 → 2026-09-30
[2026-07-30T16:48:02+00:00] Bookings from calendar: 14
[2026-07-30T16:48:03+00:00] Active deals: 176
[2026-07-30T16:48:03+00:00] Titles not matched to active deals: Бронирование
[2026-07-30T16:48:03+00:00] Assignments: 6
[2026-07-30T16:48:03+00:00] No cell changes
[2026-07-30T16:48:03+00:00] State saved
[2026-07-30T16:48:03+00:00] === end (2.38s) ===
[2026-07-30T16:50:01+00:00] === start ===
[2026-07-30T16:50:02+00:00] Sheet rows: 31, month headers: 3
[2026-07-30T16:50:02+00:00] Columns: {"Тусюк":"B","Муха":"C","Козлянко":"D","Юрченков":"E"}
[2026-07-30T16:50:02+00:00] Tech users: {"57":"Тусюк","65":"Козлянко","67":"Муха","71":"Юрченков"}
[2026-07-30T16:50:02+00:00] Sync window: 2026-07-01 → 2026-09-30
[2026-07-30T16:50:03+00:00] Bookings from calendar: 14
[2026-07-30T16:50:03+00:00] Active deals: 176
[2026-07-30T16:50:03+00:00] Titles not matched to active deals: Бронирование
[2026-07-30T16:50:03+00:00] Assignments: 6
[2026-07-30T16:50:03+00:00] No cell changes
[2026-07-30T16:50:03+00:00] State saved
[2026-07-30T16:50:03+00:00] === end (2.09s) ===
[2026-07-30T16:52:01+00:00] === start ===
[2026-07-30T16:52:02+00:00] Sheet rows: 31, month headers: 3
[2026-07-30T16:52:02+00:00] Columns: {"Тусюк":"B","Муха":"C","Козлянко":"D","Юрченков":"E"}
[2026-07-30T16:52:03+00:00] Tech users: {"57":"Тусюк","65":"Козлянко","67":"Муха","71":"Юрченков"}
[2026-07-30T16:52:03+00:00] Sync window: 2026-07-01 → 2026-09-30
[2026-07-30T16:52:04+00:00] Bookings from calendar: 14
[2026-07-30T16:52:04+00:00] Active deals: 176
[2026-07-30T16:52:04+00:00] Titles not matched to active deals: Бронирование
[2026-07-30T16:52:04+00:00] Assignments: 6
[2026-07-30T16:52:04+00:00] No cell changes
[2026-07-30T16:52:04+00:00] State saved
[2026-07-30T16:52:04+00:00] === end (2.9s) ===
[2026-07-30T16:54:01+00:00] === start ===
[2026-07-30T16:54:02+00:00] Sheet rows: 31, month headers: 3
[2026-07-30T16:54:02+00:00] Columns: {"Тусюк":"B","Муха":"C","Козлянко":"D","Юрченков":"E"}
[2026-07-30T16:54:02+00:00] Tech users: {"57":"Тусюк","65":"Козлянко","67":"Муха","71":"Юрченков"}
[2026-07-30T16:54:02+00:00] Sync window: 2026-07-01 → 2026-09-30
[2026-07-30T16:54:03+00:00] Bookings from calendar: 14
[2026-07-30T16:54:03+00:00] Active deals: 176
[2026-07-30T16:54:03+00:00] Titles not matched to active deals: Бронирование
[2026-07-30T16:54:03+00:00] Assignments: 6
[2026-07-30T16:54:03+00:00] No cell changes
[2026-07-30T16:54:03+00:00] State saved
[2026-07-30T16:54:03+00:00] === end (1.98s) ===
[2026-07-30T16:56:01+00:00] === start ===
[2026-07-30T16:56:02+00:00] Sheet rows: 31, month headers: 3
[2026-07-30T16:56:02+00:00] Columns: {"Тусюк":"B","Муха":"C","Козлянко":"D","Юрченков":"E"}
[2026-07-30T16:56:02+00:00] Tech users: {"57":"Тусюк","65":"Козлянко","67":"Муха","71":"Юрченков"}
[2026-07-30T16:56:02+00:00] Sync window: 2026-07-01 → 2026-09-30
[2026-07-30T16:56:03+00:00] Bookings from calendar: 14
[2026-07-30T16:56:04+00:00] Active deals: 176
[2026-07-30T16:56:04+00:00] Titles not matched to active deals: Бронирование
[2026-07-30T16:56:04+00:00] Assignments: 6
[2026-07-30T16:56:04+00:00] No cell changes
[2026-07-30T16:56:04+00:00] State saved
[2026-07-30T16:56:04+00:00] === end (2.17s) ===
[2026-07-30T16:58:01+00:00] === start ===
[2026-07-30T16:58:01+00:00] Sheet rows: 31, month headers: 3
[2026-07-30T16:58:01+00:00] Columns: {"Тусюк":"B","Муха":"C","Козлянко":"D","Юрченков":"E"}
[2026-07-30T16:58:01+00:00] Tech users: {"57":"Тусюк","65":"Козлянко","67":"Муха","71":"Юрченков"}
[2026-07-30T16:58:01+00:00] Sync window: 2026-07-01 → 2026-09-30
[2026-07-30T16:58:02+00:00] Bookings from calendar: 14
[2026-07-30T16:58:03+00:00] Active deals: 176
[2026-07-30T16:58:03+00:00] Titles not matched to active deals: Бронирование
[2026-07-30T16:58:03+00:00] Assignments: 6
[2026-07-30T16:58:03+00:00] No cell changes
[2026-07-30T16:58:03+00:00] State saved
[2026-07-30T16:58:03+00:00] === end (2.59s) ===
[2026-07-30T17:00:01+00:00] === start ===
[2026-07-30T17:00:02+00:00] Sheet rows: 31, month headers: 3
[2026-07-30T17:00:02+00:00] Columns: {"Тусюк":"B","Муха":"C","Козлянко":"D","Юрченков":"E"}
[2026-07-30T17:00:02+00:00] Tech users: {"57":"Тусюк","65":"Козлянко","67":"Муха","71":"Юрченков"}
[2026-07-30T17:00:02+00:00] Sync window: 2026-07-01 → 2026-09-30
[2026-07-30T17:00:03+00:00] Bookings from calendar: 14
[2026-07-30T17:00:04+00:00] Active deals: 176
[2026-07-30T17:00:04+00:00] Titles not matched to active deals: Бронирование
[2026-07-30T17:00:04+00:00] Assignments: 6
[2026-07-30T17:00:04+00:00] No cell changes
[2026-07-30T17:00:04+00:00] State saved
[2026-07-30T17:00:04+00:00] === end (2.22s) ===
[2026-07-30T17:02:01+00:00] === start ===
[2026-07-30T17:02:02+00:00] Sheet rows: 31, month headers: 3
[2026-07-30T17:02:02+00:00] Columns: {"Тусюк":"B","Муха":"C","Козлянко":"D","Юрченков":"E"}
[2026-07-30T17:02:02+00:00] Tech users: {"57":"Тусюк","65":"Козлянко","67":"Муха","71":"Юрченков"}
[2026-07-30T17:02:02+00:00] Sync window: 2026-07-01 → 2026-09-30
[2026-07-30T17:02:03+00:00] Bookings from calendar: 14
[2026-07-30T17:02:04+00:00] Active deals: 176
[2026-07-30T17:02:04+00:00] Titles not matched to active deals: Бронирование
[2026-07-30T17:02:04+00:00] Assignments: 6
[2026-07-30T17:02:04+00:00] No cell changes
[2026-07-30T17:02:04+00:00] State saved
[2026-07-30T17:02:04+00:00] === end (2.88s) ===
[2026-07-30T17:04:01+00:00] === start ===
[2026-07-30T17:04:01+00:00] Sheet rows: 31, month headers: 3
[2026-07-30T17:04:02+00:00] Columns: {"Тусюк":"B","Муха":"C","Козлянко":"D","Юрченков":"E"}
[2026-07-30T17:04:02+00:00] Tech users: {"57":"Тусюк","65":"Козлянко","67":"Муха","71":"Юрченков"}
[2026-07-30T17:04:02+00:00] Sync window: 2026-07-01 → 2026-09-30
[2026-07-30T17:04:03+00:00] Bookings from calendar: 14
[2026-07-30T17:04:04+00:00] Active deals: 176
[2026-07-30T17:04:04+00:00] Titles not matched to active deals: Бронирование
[2026-07-30T17:04:04+00:00] Assignments: 6
[2026-07-30T17:04:04+00:00] No cell changes
[2026-07-30T17:04:04+00:00] State saved
[2026-07-30T17:04:04+00:00] === end (2.99s) ===
[2026-07-30T17:06:01+00:00] === start ===
[2026-07-30T17:06:01+00:00] Sheet rows: 31, month headers: 3
[2026-07-30T17:06:01+00:00] Columns: {"Тусюк":"B","Муха":"C","Козлянко":"D","Юрченков":"E"}
[2026-07-30T17:06:01+00:00] Tech users: {"57":"Тусюк","65":"Козлянко","67":"Муха","71":"Юрченков"}
[2026-07-30T17:06:01+00:00] Sync window: 2026-07-01 → 2026-09-30
[2026-07-30T17:06:02+00:00] Bookings from calendar: 14
[2026-07-30T17:06:03+00:00] Active deals: 176
[2026-07-30T17:06:03+00:00] Titles not matched to active deals: Бронирование
[2026-07-30T17:06:03+00:00] Assignments: 6
[2026-07-30T17:06:03+00:00] No cell changes
[2026-07-30T17:06:03+00:00] State saved
[2026-07-30T17:06:03+00:00] === end (2.28s) ===
[2026-07-30T17:08:01+00:00] === start ===
[2026-07-30T17:08:01+00:00] Sheet rows: 31, month headers: 3
[2026-07-30T17:08:02+00:00] Columns: {"Тусюк":"B","Муха":"C","Козлянко":"D","Юрченков":"E"}
[2026-07-30T17:08:02+00:00] Tech users: {"57":"Тусюк","65":"Козлянко","67":"Муха","71":"Юрченков"}
[2026-07-30T17:08:02+00:00] Sync window: 2026-07-01 → 2026-09-30
[2026-07-30T17:08:03+00:00] Bookings from calendar: 14
[2026-07-30T17:08:03+00:00] Active deals: 176
[2026-07-30T17:08:03+00:00] Titles not matched to active deals: Бронирование
[2026-07-30T17:08:03+00:00] Assignments: 6
[2026-07-30T17:08:03+00:00] No cell changes
[2026-07-30T17:08:03+00:00] State saved
[2026-07-30T17:08:03+00:00] === end (2.21s) ===
[2026-07-30T17:10:01+00:00] === start ===
[2026-07-30T17:10:02+00:00] Sheet rows: 31, month headers: 3
[2026-07-30T17:10:02+00:00] Columns: {"Тусюк":"B","Муха":"C","Козлянко":"D","Юрченков":"E"}
[2026-07-30T17:10:02+00:00] Tech users: {"57":"Тусюк","65":"Козлянко","67":"Муха","71":"Юрченков"}
[2026-07-30T17:10:02+00:00] Sync window: 2026-07-01 → 2026-09-30
[2026-07-30T17:10:03+00:00] Bookings from calendar: 14
[2026-07-30T17:10:04+00:00] Active deals: 176
[2026-07-30T17:10:04+00:00] Titles not matched to active deals: Бронирование
[2026-07-30T17:10:04+00:00] Assignments: 6
[2026-07-30T17:10:04+00:00] No cell changes
[2026-07-30T17:10:04+00:00] State saved
[2026-07-30T17:10:04+00:00] === end (2.25s) ===
[2026-07-30T17:12:01+00:00] === start ===
[2026-07-30T17:12:01+00:00] Sheet rows: 31, month headers: 3
[2026-07-30T17:12:02+00:00] Columns: {"Тусюк":"B","Муха":"C","Козлянко":"D","Юрченков":"E"}
[2026-07-30T17:12:02+00:00] Tech users: {"57":"Тусюк","65":"Козлянко","67":"Муха","71":"Юрченков"}
[2026-07-30T17:12:02+00:00] Sync window: 2026-07-01 → 2026-09-30
[2026-07-30T17:12:03+00:00] Bookings from calendar: 14
[2026-07-30T17:12:03+00:00] Active deals: 176
[2026-07-30T17:12:03+00:00] Titles not matched to active deals: Бронирование
[2026-07-30T17:12:03+00:00] Assignments: 6
[2026-07-30T17:12:03+00:00] No cell changes
[2026-07-30T17:12:03+00:00] State saved
[2026-07-30T17:12:03+00:00] === end (2.75s) ===
[2026-07-30T17:14:01+00:00] === start ===
[2026-07-30T17:14:02+00:00] Sheet rows: 31, month headers: 3
[2026-07-30T17:14:02+00:00] Columns: {"Тусюк":"B","Муха":"C","Козлянко":"D","Юрченков":"E"}
[2026-07-30T17:14:02+00:00] Tech users: {"57":"Тусюк","65":"Козлянко","67":"Муха","71":"Юрченков"}
[2026-07-30T17:14:02+00:00] Sync window: 2026-07-01 → 2026-09-30
[2026-07-30T17:14:03+00:00] Bookings from calendar: 14
[2026-07-30T17:14:04+00:00] Active deals: 176
[2026-07-30T17:14:04+00:00] Titles not matched to active deals: Бронирование
[2026-07-30T17:14:04+00:00] Assignments: 6
[2026-07-30T17:14:04+00:00] No cell changes
[2026-07-30T17:14:04+00:00] State saved
[2026-07-30T17:14:04+00:00] === end (2.16s) ===
[2026-07-30T17:16:01+00:00] === start ===
[2026-07-30T17:16:02+00:00] Sheet rows: 31, month headers: 3
[2026-07-30T17:16:02+00:00] Columns: {"Тусюк":"B","Муха":"C","Козлянко":"D","Юрченков":"E"}
[2026-07-30T17:16:02+00:00] Tech users: {"57":"Тусюк","65":"Козлянко","67":"Муха","71":"Юрченков"}
[2026-07-30T17:16:02+00:00] Sync window: 2026-07-01 → 2026-09-30
[2026-07-30T17:16:03+00:00] Bookings from calendar: 14
[2026-07-30T17:16:04+00:00] Active deals: 176
[2026-07-30T17:16:04+00:00] Titles not matched to active deals: Бронирование
[2026-07-30T17:16:04+00:00] Assignments: 6
[2026-07-30T17:16:04+00:00] No cell changes
[2026-07-30T17:16:04+00:00] State saved
[2026-07-30T17:16:04+00:00] === end (2.12s) ===
[2026-07-30T17:18:01+00:00] === start ===
[2026-07-30T17:18:01+00:00] Sheet rows: 31, month headers: 3
[2026-07-30T17:18:02+00:00] Columns: {"Тусюк":"B","Муха":"C","Козлянко":"D","Юрченков":"E"}
[2026-07-30T17:18:02+00:00] Tech users: {"57":"Тусюк","65":"Козлянко","67":"Муха","71":"Юрченков"}
[2026-07-30T17:18:02+00:00] Sync window: 2026-07-01 → 2026-09-30
[2026-07-30T17:18:02+00:00] Bookings from calendar: 14
[2026-07-30T17:18:03+00:00] Active deals: 176
[2026-07-30T17:18:03+00:00] Titles not matched to active deals: Бронирование
[2026-07-30T17:18:03+00:00] Assignments: 6
[2026-07-30T17:18:03+00:00] No cell changes
[2026-07-30T17:18:03+00:00] State saved
[2026-07-30T17:18:03+00:00] === end (2.4s) ===
[2026-07-30T17:20:01+00:00] === start ===
[2026-07-30T17:20:01+00:00] Sheet rows: 31, month headers: 3
[2026-07-30T17:20:02+00:00] Columns: {"Тусюк":"B","Муха":"C","Козлянко":"D","Юрченков":"E"}
[2026-07-30T17:20:02+00:00] Tech users: {"57":"Тусюк","65":"Козлянко","67":"Муха","71":"Юрченков"}
[2026-07-30T17:20:02+00:00] Sync window: 2026-07-01 → 2026-09-30
[2026-07-30T17:20:02+00:00] Bookings from calendar: 14
[2026-07-30T17:20:03+00:00] Active deals: 176
[2026-07-30T17:20:03+00:00] Titles not matched to active deals: Бронирование
[2026-07-30T17:20:03+00:00] Assignments: 6
[2026-07-30T17:20:03+00:00] No cell changes
[2026-07-30T17:20:03+00:00] State saved
[2026-07-30T17:20:03+00:00] === end (2.04s) ===
[2026-07-30T17:22:01+00:00] === start ===
[2026-07-30T17:22:01+00:00] Sheet rows: 31, month headers: 3
[2026-07-30T17:22:02+00:00] Columns: {"Тусюк":"B","Муха":"C","Козлянко":"D","Юрченков":"E"}
[2026-07-30T17:22:02+00:00] Tech users: {"57":"Тусюк","65":"Козлянко","67":"Муха","71":"Юрченков"}
[2026-07-30T17:22:02+00:00] Sync window: 2026-07-01 → 2026-09-30
[2026-07-30T17:22:03+00:00] Bookings from calendar: 14
[2026-07-30T17:22:03+00:00] Active deals: 176
[2026-07-30T17:22:03+00:00] Titles not matched to active deals: Бронирование
[2026-07-30T17:22:03+00:00] Assignments: 6
[2026-07-30T17:22:03+00:00] No cell changes
[2026-07-30T17:22:03+00:00] State saved
[2026-07-30T17:22:03+00:00] === end (2.02s) ===
[2026-07-30T17:24:01+00:00] === start ===
[2026-07-30T17:24:02+00:00] Sheet rows: 31, month headers: 3
[2026-07-30T17:24:02+00:00] Columns: {"Тусюк":"B","Муха":"C","Козлянко":"D","Юрченков":"E"}
[2026-07-30T17:24:03+00:00] Tech users: {"57":"Тусюк","65":"Козлянко","67":"Муха","71":"Юрченков"}
[2026-07-30T17:24:03+00:00] Sync window: 2026-07-01 → 2026-09-30
[2026-07-30T17:24:03+00:00] Bookings from calendar: 14
[2026-07-30T17:24:04+00:00] Active deals: 176
[2026-07-30T17:24:04+00:00] Titles not matched to active deals: Бронирование
[2026-07-30T17:24:04+00:00] Assignments: 6
[2026-07-30T17:24:04+00:00] No cell changes
[2026-07-30T17:24:04+00:00] State saved
[2026-07-30T17:24:04+00:00] === end (2.4s) ===
[2026-07-30T17:26:01+00:00] === start ===
[2026-07-30T17:26:01+00:00] Sheet rows: 31, month headers: 3
[2026-07-30T17:26:01+00:00] Columns: {"Тусюк":"B","Муха":"C","Козлянко":"D","Юрченков":"E"}
[2026-07-30T17:26:02+00:00] Tech users: {"57":"Тусюк","65":"Козлянко","67":"Муха","71":"Юрченков"}
[2026-07-30T17:26:02+00:00] Sync window: 2026-07-01 → 2026-09-30
[2026-07-30T17:26:02+00:00] Bookings from calendar: 14
[2026-07-30T17:26:03+00:00] Active deals: 176
[2026-07-30T17:26:03+00:00] Titles not matched to active deals: Бронирование
[2026-07-30T17:26:03+00:00] Assignments: 6
[2026-07-30T17:26:03+00:00] No cell changes
[2026-07-30T17:26:03+00:00] State saved
[2026-07-30T17:26:03+00:00] === end (2.04s) ===
[2026-07-30T17:28:01+00:00] === start ===
[2026-07-30T17:28:01+00:00] Sheet rows: 31, month headers: 3
[2026-07-30T17:28:01+00:00] Columns: {"Тусюк":"B","Муха":"C","Козлянко":"D","Юрченков":"E"}
[2026-07-30T17:28:02+00:00] Tech users: {"57":"Тусюк","65":"Козлянко","67":"Муха","71":"Юрченков"}
[2026-07-30T17:28:02+00:00] Sync window: 2026-07-01 → 2026-09-30
[2026-07-30T17:28:02+00:00] Bookings from calendar: 14
[2026-07-30T17:28:03+00:00] Active deals: 176
[2026-07-30T17:28:03+00:00] Titles not matched to active deals: Бронирование
[2026-07-30T17:28:03+00:00] Assignments: 6
[2026-07-30T17:28:03+00:00] No cell changes
[2026-07-30T17:28:03+00:00] State saved
[2026-07-30T17:28:03+00:00] === end (2.22s) ===
[2026-07-30T17:30:01+00:00] === start ===
[2026-07-30T17:30:01+00:00] Sheet rows: 31, month headers: 3
[2026-07-30T17:30:02+00:00] Columns: {"Тусюк":"B","Муха":"C","Козлянко":"D","Юрченков":"E"}
[2026-07-30T17:30:02+00:00] Tech users: {"57":"Тусюк","65":"Козлянко","67":"Муха","71":"Юрченков"}
[2026-07-30T17:30:02+00:00] Sync window: 2026-07-01 → 2026-09-30
[2026-07-30T17:30:03+00:00] Bookings from calendar: 14
[2026-07-30T17:30:03+00:00] Active deals: 176
[2026-07-30T17:30:03+00:00] Titles not matched to active deals: Бронирование
[2026-07-30T17:30:03+00:00] Assignments: 6
[2026-07-30T17:30:03+00:00] No cell changes
[2026-07-30T17:30:03+00:00] State saved
[2026-07-30T17:30:03+00:00] === end (2.13s) ===
[2026-07-30T17:32:01+00:00] === start ===
[2026-07-30T17:32:02+00:00] Sheet rows: 31, month headers: 3
[2026-07-30T17:32:02+00:00] Columns: {"Тусюк":"B","Муха":"C","Козлянко":"D","Юрченков":"E"}
[2026-07-30T17:32:02+00:00] Tech users: {"57":"Тусюк","65":"Козлянко","67":"Муха","71":"Юрченков"}
[2026-07-30T17:32:02+00:00] Sync window: 2026-07-01 → 2026-09-30
[2026-07-30T17:32:03+00:00] Bookings from calendar: 14
[2026-07-30T17:32:04+00:00] Active deals: 176
[2026-07-30T17:32:04+00:00] Titles not matched to active deals: Бронирование
[2026-07-30T17:32:04+00:00] Assignments: 6
[2026-07-30T17:32:04+00:00] No cell changes
[2026-07-30T17:32:04+00:00] State saved
[2026-07-30T17:32:04+00:00] === end (2.46s) ===
[2026-07-30T17:34:01+00:00] === start ===
[2026-07-30T17:34:01+00:00] Sheet rows: 31, month headers: 3
[2026-07-30T17:34:02+00:00] Columns: {"Тусюк":"B","Муха":"C","Козлянко":"D","Юрченков":"E"}
[2026-07-30T17:34:02+00:00] Tech users: {"57":"Тусюк","65":"Козлянко","67":"Муха","71":"Юрченков"}
[2026-07-30T17:34:02+00:00] Sync window: 2026-07-01 → 2026-09-30
[2026-07-30T17:34:03+00:00] Bookings from calendar: 14
[2026-07-30T17:34:03+00:00] Active deals: 176
[2026-07-30T17:34:03+00:00] Titles not matched to active deals: Бронирование
[2026-07-30T17:34:03+00:00] Assignments: 6
[2026-07-30T17:34:03+00:00] No cell changes
[2026-07-30T17:34:03+00:00] State saved
[2026-07-30T17:34:03+00:00] === end (2.45s) ===
[2026-07-30T17:36:01+00:00] === start ===
[2026-07-30T17:36:02+00:00] Sheet rows: 31, month headers: 3
[2026-07-30T17:36:02+00:00] Columns: {"Тусюк":"B","Муха":"C","Козлянко":"D","Юрченков":"E"}
[2026-07-30T17:36:03+00:00] Tech users: {"57":"Тусюк","65":"Козлянко","67":"Муха","71":"Юрченков"}
[2026-07-30T17:36:03+00:00] Sync window: 2026-07-01 → 2026-09-30
[2026-07-30T17:36:03+00:00] Bookings from calendar: 14
[2026-07-30T17:36:04+00:00] Active deals: 176
[2026-07-30T17:36:04+00:00] Titles not matched to active deals: Бронирование
[2026-07-30T17:36:04+00:00] Assignments: 6
[2026-07-30T17:36:04+00:00] No cell changes
[2026-07-30T17:36:04+00:00] State saved
[2026-07-30T17:36:04+00:00] === end (2.61s) ===
[2026-07-30T17:38:01+00:00] === start ===
[2026-07-30T17:38:01+00:00] Sheet rows: 31, month headers: 3
[2026-07-30T17:38:02+00:00] Columns: {"Тусюк":"B","Муха":"C","Козлянко":"D","Юрченков":"E"}
[2026-07-30T17:38:02+00:00] Tech users: {"57":"Тусюк","65":"Козлянко","67":"Муха","71":"Юрченков"}
[2026-07-30T17:38:02+00:00] Sync window: 2026-07-01 → 2026-09-30
[2026-07-30T17:38:03+00:00] Bookings from calendar: 14
[2026-07-30T17:38:03+00:00] Active deals: 176
[2026-07-30T17:38:03+00:00] Titles not matched to active deals: Бронирование
[2026-07-30T17:38:03+00:00] Assignments: 6
[2026-07-30T17:38:03+00:00] No cell changes
[2026-07-30T17:38:03+00:00] State saved
[2026-07-30T17:38:03+00:00] === end (2.37s) ===
[2026-07-30T17:40:01+00:00] === start ===
[2026-07-30T17:40:02+00:00] Sheet rows: 31, month headers: 3
[2026-07-30T17:40:03+00:00] Columns: {"Тусюк":"B","Муха":"C","Козлянко":"D","Юрченков":"E"}
[2026-07-30T17:40:03+00:00] Tech users: {"57":"Тусюк","65":"Козлянко","67":"Муха","71":"Юрченков"}
[2026-07-30T17:40:03+00:00] Sync window: 2026-07-01 → 2026-09-30
[2026-07-30T17:40:04+00:00] Bookings from calendar: 14
[2026-07-30T17:40:04+00:00] Active deals: 176
[2026-07-30T17:40:04+00:00] Titles not matched to active deals: Бронирование
[2026-07-30T17:40:04+00:00] Assignments: 6
[2026-07-30T17:40:04+00:00] No cell changes
[2026-07-30T17:40:04+00:00] State saved
[2026-07-30T17:40:04+00:00] === end (2.97s) ===
[2026-07-30T17:42:02+00:00] === start ===
[2026-07-30T17:42:02+00:00] Sheet rows: 31, month headers: 3
[2026-07-30T17:42:02+00:00] Columns: {"Тусюк":"B","Муха":"C","Козлянко":"D","Юрченков":"E"}
[2026-07-30T17:42:02+00:00] Tech users: {"57":"Тусюк","65":"Козлянко","67":"Муха","71":"Юрченков"}
[2026-07-30T17:42:02+00:00] Sync window: 2026-07-01 → 2026-09-30
[2026-07-30T17:42:03+00:00] Bookings from calendar: 14
[2026-07-30T17:42:03+00:00] Active deals: 176
[2026-07-30T17:42:03+00:00] Titles not matched to active deals: Бронирование
[2026-07-30T17:42:03+00:00] Assignments: 6
[2026-07-30T17:42:03+00:00] No cell changes
[2026-07-30T17:42:03+00:00] State saved
[2026-07-30T17:42:03+00:00] === end (1.85s) ===
[2026-07-30T17:44:01+00:00] === start ===
[2026-07-30T17:44:02+00:00] Sheet rows: 31, month headers: 3
[2026-07-30T17:44:02+00:00] Columns: {"Тусюк":"B","Муха":"C","Козлянко":"D","Юрченков":"E"}
[2026-07-30T17:44:02+00:00] Tech users: {"57":"Тусюк","65":"Козлянко","67":"Муха","71":"Юрченков"}
[2026-07-30T17:44:02+00:00] Sync window: 2026-07-01 → 2026-09-30
[2026-07-30T17:44:03+00:00] Bookings from calendar: 14
[2026-07-30T17:44:03+00:00] Active deals: 176
[2026-07-30T17:44:03+00:00] Titles not matched to active deals: Бронирование
[2026-07-30T17:44:03+00:00] Assignments: 6
[2026-07-30T17:44:03+00:00] No cell changes
[2026-07-30T17:44:03+00:00] State saved
[2026-07-30T17:44:03+00:00] === end (1.93s) ===
[2026-07-30T17:46:01+00:00] === start ===
[2026-07-30T17:46:01+00:00] Sheet rows: 31, month headers: 3
[2026-07-30T17:46:02+00:00] Columns: {"Тусюк":"B","Муха":"C","Козлянко":"D","Юрченков":"E"}
[2026-07-30T17:46:02+00:00] Tech users: {"57":"Тусюк","65":"Козлянко","67":"Муха","71":"Юрченков"}
[2026-07-30T17:46:02+00:00] Sync window: 2026-07-01 → 2026-09-30
[2026-07-30T17:46:02+00:00] Bookings from calendar: 14
[2026-07-30T17:46:03+00:00] Active deals: 176
[2026-07-30T17:46:03+00:00] Titles not matched to active deals: Бронирование
[2026-07-30T17:46:03+00:00] Assignments: 6
[2026-07-30T17:46:03+00:00] No cell changes
[2026-07-30T17:46:03+00:00] State saved
[2026-07-30T17:46:03+00:00] === end (2.41s) ===
[2026-07-30T17:48:01+00:00] === start ===
[2026-07-30T17:48:01+00:00] Sheet rows: 31, month headers: 3
[2026-07-30T17:48:02+00:00] Columns: {"Тусюк":"B","Муха":"C","Козлянко":"D","Юрченков":"E"}
[2026-07-30T17:48:02+00:00] Tech users: {"57":"Тусюк","65":"Козлянко","67":"Муха","71":"Юрченков"}
[2026-07-30T17:48:02+00:00] Sync window: 2026-07-01 → 2026-09-30
[2026-07-30T17:48:03+00:00] Bookings from calendar: 14
[2026-07-30T17:48:03+00:00] Active deals: 176
[2026-07-30T17:48:03+00:00] Titles not matched to active deals: Бронирование
[2026-07-30T17:48:03+00:00] Assignments: 6
[2026-07-30T17:48:03+00:00] No cell changes
[2026-07-30T17:48:03+00:00] State saved
[2026-07-30T17:48:03+00:00] === end (2.25s) ===
[2026-07-30T17:50:01+00:00] === start ===
[2026-07-30T17:50:02+00:00] Sheet rows: 31, month headers: 3
[2026-07-30T17:50:02+00:00] Columns: {"Тусюк":"B","Муха":"C","Козлянко":"D","Юрченков":"E"}
[2026-07-30T17:50:02+00:00] Tech users: {"57":"Тусюк","65":"Козлянко","67":"Муха","71":"Юрченков"}
[2026-07-30T17:50:02+00:00] Sync window: 2026-07-01 → 2026-09-30
[2026-07-30T17:50:03+00:00] Bookings from calendar: 14
[2026-07-30T17:50:04+00:00] Active deals: 176
[2026-07-30T17:50:04+00:00] Titles not matched to active deals: Бронирование
[2026-07-30T17:50:04+00:00] Assignments: 6
[2026-07-30T17:50:04+00:00] No cell changes
[2026-07-30T17:50:04+00:00] State saved
[2026-07-30T17:50:04+00:00] === end (2.24s) ===
[2026-07-30T17:52:01+00:00] === start ===
[2026-07-30T17:52:02+00:00] Sheet rows: 31, month headers: 3
[2026-07-30T17:52:02+00:00] Columns: {"Тусюк":"B","Муха":"C","Козлянко":"D","Юрченков":"E"}
[2026-07-30T17:52:02+00:00] Tech users: {"57":"Тусюк","65":"Козлянко","67":"Муха","71":"Юрченков"}
[2026-07-30T17:52:02+00:00] Sync window: 2026-07-01 → 2026-09-30
[2026-07-30T17:52:03+00:00] Bookings from calendar: 14
[2026-07-30T17:52:03+00:00] Active deals: 176
[2026-07-30T17:52:03+00:00] Titles not matched to active deals: Бронирование
[2026-07-30T17:52:03+00:00] Assignments: 6
[2026-07-30T17:52:03+00:00] No cell changes
[2026-07-30T17:52:03+00:00] State saved
[2026-07-30T17:52:03+00:00] === end (2.56s) ===
[2026-07-30T17:54:01+00:00] === start ===
[2026-07-30T17:54:02+00:00] Sheet rows: 31, month headers: 3
[2026-07-30T17:54:02+00:00] Columns: {"Тусюк":"B","Муха":"C","Козлянко":"D","Юрченков":"E"}
[2026-07-30T17:54:02+00:00] Tech users: {"57":"Тусюк","65":"Козлянко","67":"Муха","71":"Юрченков"}
[2026-07-30T17:54:02+00:00] Sync window: 2026-07-01 → 2026-09-30
[2026-07-30T17:54:03+00:00] Bookings from calendar: 14
[2026-07-30T17:54:03+00:00] Active deals: 176
[2026-07-30T17:54:03+00:00] Titles not matched to active deals: Бронирование
[2026-07-30T17:54:03+00:00] Assignments: 6
[2026-07-30T17:54:03+00:00] No cell changes
[2026-07-30T17:54:03+00:00] State saved
[2026-07-30T17:54:03+00:00] === end (2.11s) ===
[2026-07-30T17:56:02+00:00] === start ===
[2026-07-30T17:56:03+00:00] Sheet rows: 31, month headers: 3
[2026-07-30T17:56:03+00:00] Columns: {"Тусюк":"B","Муха":"C","Козлянко":"D","Юрченков":"E"}
[2026-07-30T17:56:03+00:00] Tech users: {"57":"Тусюк","65":"Козлянко","67":"Муха","71":"Юрченков"}
[2026-07-30T17:56:03+00:00] Sync window: 2026-07-01 → 2026-09-30
[2026-07-30T17:56:04+00:00] Bookings from calendar: 14
[2026-07-30T17:56:04+00:00] Active deals: 176
[2026-07-30T17:56:04+00:00] Titles not matched to active deals: Бронирование
[2026-07-30T17:56:04+00:00] Assignments: 6
[2026-07-30T17:56:04+00:00] No cell changes
[2026-07-30T17:56:04+00:00] State saved
[2026-07-30T17:56:04+00:00] === end (2.85s) ===
[2026-07-30T17:58:01+00:00] === start ===
[2026-07-30T17:58:02+00:00] Sheet rows: 31, month headers: 3
[2026-07-30T17:58:02+00:00] Columns: {"Тусюк":"B","Муха":"C","Козлянко":"D","Юрченков":"E"}
[2026-07-30T17:58:02+00:00] Tech users: {"57":"Тусюк","65":"Козлянко","67":"Муха","71":"Юрченков"}
[2026-07-30T17:58:02+00:00] Sync window: 2026-07-01 → 2026-09-30
[2026-07-30T17:58:03+00:00] Bookings from calendar: 14
[2026-07-30T17:58:04+00:00] Active deals: 176
[2026-07-30T17:58:04+00:00] Titles not matched to active deals: Бронирование
[2026-07-30T17:58:04+00:00] Assignments: 6
[2026-07-30T17:58:04+00:00] No cell changes
[2026-07-30T17:58:04+00:00] State saved
[2026-07-30T17:58:04+00:00] === end (2.23s) ===
[2026-07-30T18:00:01+00:00] === start ===
[2026-07-30T18:00:01+00:00] Sheet rows: 31, month headers: 3
[2026-07-30T18:00:02+00:00] Columns: {"Тусюк":"B","Муха":"C","Козлянко":"D","Юрченков":"E"}
[2026-07-30T18:00:02+00:00] Tech users: {"57":"Тусюк","65":"Козлянко","67":"Муха","71":"Юрченков"}
[2026-07-30T18:00:02+00:00] Sync window: 2026-07-01 → 2026-09-30
[2026-07-30T18:00:03+00:00] Bookings from calendar: 14
[2026-07-30T18:00:03+00:00] Active deals: 176
[2026-07-30T18:00:03+00:00] Titles not matched to active deals: Бронирование
[2026-07-30T18:00:03+00:00] Assignments: 6
[2026-07-30T18:00:03+00:00] No cell changes
[2026-07-30T18:00:03+00:00] State saved
[2026-07-30T18:00:03+00:00] === end (2.6s) ===
[2026-07-30T18:02:01+00:00] === start ===
[2026-07-30T18:02:03+00:00] Sheet rows: 31, month headers: 3
[2026-07-30T18:02:08+00:00] Columns: {"Тусюк":"B","Муха":"C","Козлянко":"D","Юрченков":"E"}
[2026-07-30T18:02:08+00:00] Tech users: {"57":"Тусюк","65":"Козлянко","67":"Муха","71":"Юрченков"}
[2026-07-30T18:02:08+00:00] Sync window: 2026-07-01 → 2026-09-30
[2026-07-30T18:02:08+00:00] Bookings from calendar: 14
[2026-07-30T18:02:09+00:00] Active deals: 176
[2026-07-30T18:02:09+00:00] Titles not matched to active deals: Бронирование
[2026-07-30T18:02:09+00:00] Assignments: 6
[2026-07-30T18:02:09+00:00] No cell changes
[2026-07-30T18:02:09+00:00] State saved
[2026-07-30T18:02:09+00:00] === end (7.57s) ===
[2026-07-30T18:04:01+00:00] === start ===
[2026-07-30T18:04:01+00:00] Sheet rows: 31, month headers: 3
[2026-07-30T18:04:02+00:00] Columns: {"Тусюк":"B","Муха":"C","Козлянко":"D","Юрченков":"E"}
[2026-07-30T18:04:02+00:00] Tech users: {"57":"Тусюк","65":"Козлянко","67":"Муха","71":"Юрченков"}
[2026-07-30T18:04:02+00:00] Sync window: 2026-07-01 → 2026-09-30
[2026-07-30T18:04:02+00:00] Bookings from calendar: 14
[2026-07-30T18:04:03+00:00] Active deals: 176
[2026-07-30T18:04:03+00:00] Titles not matched to active deals: Бронирование
[2026-07-30T18:04:03+00:00] Assignments: 6
[2026-07-30T18:04:03+00:00] No cell changes
[2026-07-30T18:04:03+00:00] State saved
[2026-07-30T18:04:03+00:00] === end (2.09s) ===
[2026-07-30T18:06:01+00:00] === start ===
[2026-07-30T18:06:02+00:00] Sheet rows: 31, month headers: 3
[2026-07-30T18:06:02+00:00] Columns: {"Тусюк":"B","Муха":"C","Козлянко":"D","Юрченков":"E"}
[2026-07-30T18:06:02+00:00] Tech users: {"57":"Тусюк","65":"Козлянко","67":"Муха","71":"Юрченков"}
[2026-07-30T18:06:02+00:00] Sync window: 2026-07-01 → 2026-09-30
[2026-07-30T18:06:03+00:00] Bookings from calendar: 14
[2026-07-30T18:06:04+00:00] Active deals: 176
[2026-07-30T18:06:04+00:00] Titles not matched to active deals: Бронирование
[2026-07-30T18:06:04+00:00] Assignments: 6
[2026-07-30T18:06:04+00:00] No cell changes
[2026-07-30T18:06:04+00:00] State saved
[2026-07-30T18:06:04+00:00] === end (2.49s) ===
[2026-07-30T18:08:01+00:00] === start ===
[2026-07-30T18:08:01+00:00] Sheet rows: 31, month headers: 3
[2026-07-30T18:08:01+00:00] Columns: {"Тусюк":"B","Муха":"C","Козлянко":"D","Юрченков":"E"}
[2026-07-30T18:08:02+00:00] Tech users: {"57":"Тусюк","65":"Козлянко","67":"Муха","71":"Юрченков"}
[2026-07-30T18:08:02+00:00] Sync window: 2026-07-01 → 2026-09-30
[2026-07-30T18:08:03+00:00] Bookings from calendar: 14
[2026-07-30T18:08:03+00:00] Active deals: 176
[2026-07-30T18:08:03+00:00] Titles not matched to active deals: Бронирование
[2026-07-30T18:08:03+00:00] Assignments: 6
[2026-07-30T18:08:03+00:00] No cell changes
[2026-07-30T18:08:03+00:00] State saved
[2026-07-30T18:08:03+00:00] === end (2.54s) ===
[2026-07-30T18:10:01+00:00] === start ===
[2026-07-30T18:10:02+00:00] Sheet rows: 31, month headers: 3
[2026-07-30T18:10:02+00:00] Columns: {"Тусюк":"B","Муха":"C","Козлянко":"D","Юрченков":"E"}
[2026-07-30T18:10:02+00:00] Tech users: {"57":"Тусюк","65":"Козлянко","67":"Муха","71":"Юрченков"}
[2026-07-30T18:10:02+00:00] Sync window: 2026-07-01 → 2026-09-30
[2026-07-30T18:10:03+00:00] Bookings from calendar: 14
[2026-07-30T18:10:03+00:00] Active deals: 176
[2026-07-30T18:10:03+00:00] Titles not matched to active deals: Бронирование
[2026-07-30T18:10:03+00:00] Assignments: 6
[2026-07-30T18:10:03+00:00] No cell changes
[2026-07-30T18:10:03+00:00] State saved
[2026-07-30T18:10:03+00:00] === end (1.92s) ===
[2026-07-30T18:12:01+00:00] === start ===
[2026-07-30T18:12:02+00:00] Sheet rows: 31, month headers: 3
[2026-07-30T18:12:03+00:00] Columns: {"Тусюк":"B","Муха":"C","Козлянко":"D","Юрченков":"E"}
[2026-07-30T18:12:03+00:00] Tech users: {"57":"Тусюк","65":"Козлянко","67":"Муха","71":"Юрченков"}
[2026-07-30T18:12:03+00:00] Sync window: 2026-07-01 → 2026-09-30
[2026-07-30T18:12:04+00:00] Bookings from calendar: 14
[2026-07-30T18:12:04+00:00] Active deals: 176
[2026-07-30T18:12:04+00:00] Titles not matched to active deals: Бронирование
[2026-07-30T18:12:04+00:00] Assignments: 6
[2026-07-30T18:12:04+00:00] No cell changes
[2026-07-30T18:12:04+00:00] State saved
[2026-07-30T18:12:04+00:00] === end (3.1s) ===
[2026-07-30T18:14:02+00:00] === start ===
[2026-07-30T18:14:02+00:00] Sheet rows: 31, month headers: 3
[2026-07-30T18:14:02+00:00] Columns: {"Тусюк":"B","Муха":"C","Козлянко":"D","Юрченков":"E"}
[2026-07-30T18:14:02+00:00] Tech users: {"57":"Тусюк","65":"Козлянко","67":"Муха","71":"Юрченков"}
[2026-07-30T18:14:02+00:00] Sync window: 2026-07-01 → 2026-09-30
[2026-07-30T18:14:03+00:00] Bookings from calendar: 14
[2026-07-30T18:14:04+00:00] Active deals: 176
[2026-07-30T18:14:04+00:00] Titles not matched to active deals: Бронирование
[2026-07-30T18:14:04+00:00] Assignments: 6
[2026-07-30T18:14:04+00:00] No cell changes
[2026-07-30T18:14:04+00:00] State saved
[2026-07-30T18:14:04+00:00] === end (2.29s) ===
[2026-07-30T18:16:01+00:00] === start ===
[2026-07-30T18:16:01+00:00] Sheet rows: 31, month headers: 3
[2026-07-30T18:16:02+00:00] Columns: {"Тусюк":"B","Муха":"C","Козлянко":"D","Юрченков":"E"}
[2026-07-30T18:16:02+00:00] Tech users: {"57":"Тусюк","65":"Козлянко","67":"Муха","71":"Юрченков"}
[2026-07-30T18:16:02+00:00] Sync window: 2026-07-01 → 2026-09-30
[2026-07-30T18:16:03+00:00] Bookings from calendar: 14
[2026-07-30T18:16:03+00:00] Active deals: 176
[2026-07-30T18:16:03+00:00] Titles not matched to active deals: Бронирование
[2026-07-30T18:16:03+00:00] Assignments: 6
[2026-07-30T18:16:03+00:00] No cell changes
[2026-07-30T18:16:03+00:00] State saved
[2026-07-30T18:16:03+00:00] === end (2.1s) ===
[2026-07-30T18:18:01+00:00] === start ===
[2026-07-30T18:18:02+00:00] Sheet rows: 31, month headers: 3
[2026-07-30T18:18:02+00:00] Columns: {"Тусюк":"B","Муха":"C","Козлянко":"D","Юрченков":"E"}
[2026-07-30T18:18:02+00:00] Tech users: {"57":"Тусюк","65":"Козлянко","67":"Муха","71":"Юрченков"}
[2026-07-30T18:18:02+00:00] Sync window: 2026-07-01 → 2026-09-30
[2026-07-30T18:18:03+00:00] Bookings from calendar: 14
[2026-07-30T18:18:04+00:00] Active deals: 176
[2026-07-30T18:18:04+00:00] Titles not matched to active deals: Бронирование
[2026-07-30T18:18:04+00:00] Assignments: 6
[2026-07-30T18:18:04+00:00] No cell changes
[2026-07-30T18:18:04+00:00] State saved
[2026-07-30T18:18:04+00:00] === end (2.46s) ===
[2026-07-30T18:20:01+00:00] === start ===
[2026-07-30T18:20:01+00:00] Sheet rows: 31, month headers: 3
[2026-07-30T18:20:01+00:00] Columns: {"Тусюк":"B","Муха":"C","Козлянко":"D","Юрченков":"E"}
[2026-07-30T18:20:02+00:00] Tech users: {"57":"Тусюк","65":"Козлянко","67":"Муха","71":"Юрченков"}
[2026-07-30T18:20:02+00:00] Sync window: 2026-07-01 → 2026-09-30
[2026-07-30T18:20:03+00:00] Bookings from calendar: 14
[2026-07-30T18:20:04+00:00] Active deals: 176
[2026-07-30T18:20:04+00:00] Titles not matched to active deals: Бронирование
[2026-07-30T18:20:04+00:00] Assignments: 6
[2026-07-30T18:20:04+00:00] No cell changes
[2026-07-30T18:20:04+00:00] State saved
[2026-07-30T18:20:04+00:00] === end (2.91s) ===
[2026-07-30T18:22:01+00:00] === start ===
[2026-07-30T18:22:02+00:00] Sheet rows: 31, month headers: 3
[2026-07-30T18:22:02+00:00] Columns: {"Тусюк":"B","Муха":"C","Козлянко":"D","Юрченков":"E"}
[2026-07-30T18:22:02+00:00] Tech users: {"57":"Тусюк","65":"Козлянко","67":"Муха","71":"Юрченков"}
[2026-07-30T18:22:02+00:00] Sync window: 2026-07-01 → 2026-09-30
[2026-07-30T18:22:03+00:00] Bookings from calendar: 14
[2026-07-30T18:22:03+00:00] Active deals: 176
[2026-07-30T18:22:03+00:00] Titles not matched to active deals: Бронирование
[2026-07-30T18:22:03+00:00] Assignments: 6
[2026-07-30T18:22:03+00:00] No cell changes
[2026-07-30T18:22:03+00:00] State saved
[2026-07-30T18:22:03+00:00] === end (2.66s) ===
[2026-07-30T18:24:01+00:00] === start ===
[2026-07-30T18:24:02+00:00] Sheet rows: 31, month headers: 3
[2026-07-30T18:24:03+00:00] Columns: {"Тусюк":"B","Муха":"C","Козлянко":"D","Юрченков":"E"}
[2026-07-30T18:24:03+00:00] Tech users: {"57":"Тусюк","65":"Козлянко","67":"Муха","71":"Юрченков"}
[2026-07-30T18:24:03+00:00] Sync window: 2026-07-01 → 2026-09-30
[2026-07-30T18:24:03+00:00] Bookings from calendar: 14
[2026-07-30T18:24:04+00:00] Active deals: 176
[2026-07-30T18:24:04+00:00] Titles not matched to active deals: Бронирование
[2026-07-30T18:24:04+00:00] Assignments: 6
[2026-07-30T18:24:04+00:00] No cell changes
[2026-07-30T18:24:04+00:00] State saved
[2026-07-30T18:24:04+00:00] === end (2.45s) ===
[2026-07-30T18:26:01+00:00] === start ===
[2026-07-30T18:26:01+00:00] Sheet rows: 31, month headers: 3
[2026-07-30T18:26:02+00:00] Columns: {"Тусюк":"B","Муха":"C","Козлянко":"D","Юрченков":"E"}
[2026-07-30T18:26:02+00:00] Tech users: {"57":"Тусюк","65":"Козлянко","67":"Муха","71":"Юрченков"}
[2026-07-30T18:26:02+00:00] Sync window: 2026-07-01 → 2026-09-30
[2026-07-30T18:26:02+00:00] Bookings from calendar: 14
[2026-07-30T18:26:03+00:00] Active deals: 176
[2026-07-30T18:26:03+00:00] Titles not matched to active deals: Бронирование
[2026-07-30T18:26:03+00:00] Assignments: 6
[2026-07-30T18:26:03+00:00] No cell changes
[2026-07-30T18:26:03+00:00] State saved
[2026-07-30T18:26:03+00:00] === end (2.01s) ===
[2026-07-30T18:28:01+00:00] === start ===
[2026-07-30T18:28:02+00:00] Sheet rows: 31, month headers: 3
[2026-07-30T18:28:02+00:00] Columns: {"Тусюк":"B","Муха":"C","Козлянко":"D","Юрченков":"E"}
[2026-07-30T18:28:02+00:00] Tech users: {"57":"Тусюк","65":"Козлянко","67":"Муха","71":"Юрченков"}
[2026-07-30T18:28:02+00:00] Sync window: 2026-07-01 → 2026-09-30
[2026-07-30T18:28:03+00:00] Bookings from calendar: 14
[2026-07-30T18:28:03+00:00] Active deals: 176
[2026-07-30T18:28:03+00:00] Titles not matched to active deals: Бронирование
[2026-07-30T18:28:03+00:00] Assignments: 6
[2026-07-30T18:28:03+00:00] No cell changes
[2026-07-30T18:28:03+00:00] State saved
[2026-07-30T18:28:03+00:00] === end (2.46s) ===
[2026-07-30T18:30:01+00:00] === start ===
[2026-07-30T18:30:01+00:00] Sheet rows: 31, month headers: 3
[2026-07-30T18:30:01+00:00] Columns: {"Тусюк":"B","Муха":"C","Козлянко":"D","Юрченков":"E"}
[2026-07-30T18:30:01+00:00] Tech users: {"57":"Тусюк","65":"Козлянко","67":"Муха","71":"Юрченков"}
[2026-07-30T18:30:01+00:00] Sync window: 2026-07-01 → 2026-09-30
[2026-07-30T18:30:02+00:00] Bookings from calendar: 14
[2026-07-30T18:30:03+00:00] Active deals: 176
[2026-07-30T18:30:03+00:00] Titles not matched to active deals: Бронирование
[2026-07-30T18:30:03+00:00] Assignments: 6
[2026-07-30T18:30:03+00:00] No cell changes
[2026-07-30T18:30:03+00:00] State saved
[2026-07-30T18:30:03+00:00] === end (2.09s) ===
[2026-07-30T18:32:01+00:00] === start ===
[2026-07-30T18:32:01+00:00] Sheet rows: 31, month headers: 3
[2026-07-30T18:32:02+00:00] Columns: {"Тусюк":"B","Муха":"C","Козлянко":"D","Юрченков":"E"}
[2026-07-30T18:32:02+00:00] Tech users: {"57":"Тусюк","65":"Козлянко","67":"Муха","71":"Юрченков"}
[2026-07-30T18:32:02+00:00] Sync window: 2026-07-01 → 2026-09-30
[2026-07-30T18:32:03+00:00] Bookings from calendar: 14
[2026-07-30T18:32:03+00:00] Active deals: 176
[2026-07-30T18:32:03+00:00] Titles not matched to active deals: Бронирование
[2026-07-30T18:32:03+00:00] Assignments: 6
[2026-07-30T18:32:03+00:00] No cell changes
[2026-07-30T18:32:03+00:00] State saved
[2026-07-30T18:32:03+00:00] === end (2.74s) ===
[2026-07-30T18:34:02+00:00] === start ===
[2026-07-30T18:34:02+00:00] Sheet rows: 31, month headers: 3
[2026-07-30T18:34:03+00:00] Columns: {"Тусюк":"B","Муха":"C","Козлянко":"D","Юрченков":"E"}
[2026-07-30T18:34:03+00:00] Tech users: {"57":"Тусюк","65":"Козлянко","67":"Муха","71":"Юрченков"}
[2026-07-30T18:34:03+00:00] Sync window: 2026-07-01 → 2026-09-30
[2026-07-30T18:34:04+00:00] Bookings from calendar: 14
[2026-07-30T18:34:04+00:00] Active deals: 176
[2026-07-30T18:34:04+00:00] Titles not matched to active deals: Бронирование
[2026-07-30T18:34:04+00:00] Assignments: 6
[2026-07-30T18:34:04+00:00] No cell changes
[2026-07-30T18:34:04+00:00] State saved
[2026-07-30T18:34:04+00:00] === end (2.68s) ===
[2026-07-30T18:36:01+00:00] === start ===
[2026-07-30T18:36:02+00:00] Sheet rows: 31, month headers: 3
[2026-07-30T18:36:02+00:00] Columns: {"Тусюк":"B","Муха":"C","Козлянко":"D","Юрченков":"E"}
[2026-07-30T18:36:03+00:00] Tech users: {"57":"Тусюк","65":"Козлянко","67":"Муха","71":"Юрченков"}
[2026-07-30T18:36:03+00:00] Sync window: 2026-07-01 → 2026-09-30
[2026-07-30T18:36:03+00:00] Bookings from calendar: 14
[2026-07-30T18:36:04+00:00] Active deals: 176
[2026-07-30T18:36:04+00:00] Titles not matched to active deals: Бронирование
[2026-07-30T18:36:04+00:00] Assignments: 6
[2026-07-30T18:36:04+00:00] No cell changes
[2026-07-30T18:36:04+00:00] State saved
[2026-07-30T18:36:04+00:00] === end (2.41s) ===
[2026-07-30T18:38:01+00:00] === start ===
[2026-07-30T18:38:01+00:00] Sheet rows: 31, month headers: 3
[2026-07-30T18:38:01+00:00] Columns: {"Тусюк":"B","Муха":"C","Козлянко":"D","Юрченков":"E"}
[2026-07-30T18:38:02+00:00] Tech users: {"57":"Тусюк","65":"Козлянко","67":"Муха","71":"Юрченков"}
[2026-07-30T18:38:02+00:00] Sync window: 2026-07-01 → 2026-09-30
[2026-07-30T18:38:02+00:00] Bookings from calendar: 14
[2026-07-30T18:38:03+00:00] Active deals: 176
[2026-07-30T18:38:03+00:00] Titles not matched to active deals: Бронирование
[2026-07-30T18:38:03+00:00] Assignments: 6
[2026-07-30T18:38:03+00:00] No cell changes
[2026-07-30T18:38:03+00:00] State saved
[2026-07-30T18:38:03+00:00] === end (2.02s) ===
[2026-07-30T18:40:01+00:00] === start ===
[2026-07-30T18:40:01+00:00] Sheet rows: 31, month headers: 3
[2026-07-30T18:40:01+00:00] Columns: {"Тусюк":"B","Муха":"C","Козлянко":"D","Юрченков":"E"}
[2026-07-30T18:40:02+00:00] Tech users: {"57":"Тусюк","65":"Козлянко","67":"Муха","71":"Юрченков"}
[2026-07-30T18:40:02+00:00] Sync window: 2026-07-01 → 2026-09-30
[2026-07-30T18:40:02+00:00] Bookings from calendar: 14
[2026-07-30T18:40:03+00:00] Active deals: 176
[2026-07-30T18:40:03+00:00] Titles not matched to active deals: Бронирование
[2026-07-30T18:40:03+00:00] Assignments: 6
[2026-07-30T18:40:03+00:00] No cell changes
[2026-07-30T18:40:03+00:00] State saved
[2026-07-30T18:40:03+00:00] === end (2.12s) ===
[2026-07-30T18:42:01+00:00] === start ===
[2026-07-30T18:42:01+00:00] Sheet rows: 31, month headers: 3
[2026-07-30T18:42:02+00:00] Columns: {"Тусюк":"B","Муха":"C","Козлянко":"D","Юрченков":"E"}
[2026-07-30T18:42:02+00:00] Tech users: {"57":"Тусюк","65":"Козлянко","67":"Муха","71":"Юрченков"}
[2026-07-30T18:42:02+00:00] Sync window: 2026-07-01 → 2026-09-30
[2026-07-30T18:42:02+00:00] Bookings from calendar: 14
[2026-07-30T18:42:03+00:00] Active deals: 176
[2026-07-30T18:42:03+00:00] Titles not matched to active deals: Бронирование
[2026-07-30T18:42:03+00:00] Assignments: 6
[2026-07-30T18:42:03+00:00] No cell changes
[2026-07-30T18:42:03+00:00] State saved
[2026-07-30T18:42:03+00:00] === end (2.04s) ===
[2026-07-30T18:44:01+00:00] === start ===
[2026-07-30T18:44:02+00:00] Sheet rows: 31, month headers: 3
[2026-07-30T18:44:02+00:00] Columns: {"Тусюк":"B","Муха":"C","Козлянко":"D","Юрченков":"E"}
[2026-07-30T18:44:02+00:00] Tech users: {"57":"Тусюк","65":"Козлянко","67":"Муха","71":"Юрченков"}
[2026-07-30T18:44:02+00:00] Sync window: 2026-07-01 → 2026-09-30
[2026-07-30T18:44:03+00:00] Bookings from calendar: 14
[2026-07-30T18:44:03+00:00] Active deals: 176
[2026-07-30T18:44:03+00:00] Titles not matched to active deals: Бронирование
[2026-07-30T18:44:03+00:00] Assignments: 6
[2026-07-30T18:44:03+00:00] No cell changes
[2026-07-30T18:44:03+00:00] State saved
[2026-07-30T18:44:03+00:00] === end (2.18s) ===
[2026-07-30T18:46:01+00:00] === start ===
[2026-07-30T18:46:01+00:00] Sheet rows: 31, month headers: 3
[2026-07-30T18:46:02+00:00] Columns: {"Тусюк":"B","Муха":"C","Козлянко":"D","Юрченков":"E"}
[2026-07-30T18:46:02+00:00] Tech users: {"57":"Тусюк","65":"Козлянко","67":"Муха","71":"Юрченков"}
[2026-07-30T18:46:02+00:00] Sync window: 2026-07-01 → 2026-09-30
[2026-07-30T18:46:02+00:00] Bookings from calendar: 14
[2026-07-30T18:46:03+00:00] Active deals: 176
[2026-07-30T18:46:03+00:00] Titles not matched to active deals: Бронирование
[2026-07-30T18:46:03+00:00] Assignments: 6
[2026-07-30T18:46:03+00:00] No cell changes
[2026-07-30T18:46:03+00:00] State saved
[2026-07-30T18:46:03+00:00] === end (1.94s) ===
[2026-07-30T18:48:01+00:00] === start ===
[2026-07-30T18:48:02+00:00] Sheet rows: 31, month headers: 3
[2026-07-30T18:48:02+00:00] Columns: {"Тусюк":"B","Муха":"C","Козлянко":"D","Юрченков":"E"}
[2026-07-30T18:48:02+00:00] Tech users: {"57":"Тусюк","65":"Козлянко","67":"Муха","71":"Юрченков"}
[2026-07-30T18:48:02+00:00] Sync window: 2026-07-01 → 2026-09-30
[2026-07-30T18:48:03+00:00] Bookings from calendar: 14
[2026-07-30T18:48:03+00:00] Active deals: 176
[2026-07-30T18:48:03+00:00] Titles not matched to active deals: Бронирование
[2026-07-30T18:48:03+00:00] Assignments: 6
[2026-07-30T18:48:03+00:00] No cell changes
[2026-07-30T18:48:03+00:00] State saved
[2026-07-30T18:48:03+00:00] === end (2.37s) ===
[2026-07-30T18:50:01+00:00] === start ===
[2026-07-30T18:50:02+00:00] Sheet rows: 31, month headers: 3
[2026-07-30T18:50:03+00:00] Columns: {"Тусюк":"B","Муха":"C","Козлянко":"D","Юрченков":"E"}
[2026-07-30T18:50:03+00:00] Tech users: {"57":"Тусюк","65":"Козлянко","67":"Муха","71":"Юрченков"}
[2026-07-30T18:50:03+00:00] Sync window: 2026-07-01 → 2026-09-30
[2026-07-30T18:50:03+00:00] Bookings from calendar: 14
[2026-07-30T18:50:04+00:00] Active deals: 176
[2026-07-30T18:50:04+00:00] Titles not matched to active deals: Бронирование
[2026-07-30T18:50:04+00:00] Assignments: 6
[2026-07-30T18:50:04+00:00] No cell changes
[2026-07-30T18:50:04+00:00] State saved
[2026-07-30T18:50:04+00:00] === end (2.52s) ===
[2026-07-30T18:52:01+00:00] === start ===
[2026-07-30T18:52:01+00:00] Sheet rows: 31, month headers: 3
[2026-07-30T18:52:02+00:00] Columns: {"Тусюк":"B","Муха":"C","Козлянко":"D","Юрченков":"E"}
[2026-07-30T18:52:02+00:00] Tech users: {"57":"Тусюк","65":"Козлянко","67":"Муха","71":"Юрченков"}
[2026-07-30T18:52:02+00:00] Sync window: 2026-07-01 → 2026-09-30
[2026-07-30T18:52:02+00:00] Bookings from calendar: 14
[2026-07-30T18:52:03+00:00] Active deals: 176
[2026-07-30T18:52:03+00:00] Titles not matched to active deals: Бронирование
[2026-07-30T18:52:03+00:00] Assignments: 6
[2026-07-30T18:52:03+00:00] No cell changes
[2026-07-30T18:52:03+00:00] State saved
[2026-07-30T18:52:03+00:00] === end (2.12s) ===
[2026-07-30T18:54:01+00:00] === start ===
[2026-07-30T18:54:02+00:00] Sheet rows: 31, month headers: 3
[2026-07-30T18:54:02+00:00] Columns: {"Тусюк":"B","Муха":"C","Козлянко":"D","Юрченков":"E"}
[2026-07-30T18:54:02+00:00] Tech users: {"57":"Тусюк","65":"Козлянко","67":"Муха","71":"Юрченков"}
[2026-07-30T18:54:02+00:00] Sync window: 2026-07-01 → 2026-09-30
[2026-07-30T18:54:03+00:00] Bookings from calendar: 14
[2026-07-30T18:54:03+00:00] Active deals: 176
[2026-07-30T18:54:03+00:00] Titles not matched to active deals: Бронирование
[2026-07-30T18:54:03+00:00] Assignments: 6
[2026-07-30T18:54:03+00:00] No cell changes
[2026-07-30T18:54:03+00:00] State saved
[2026-07-30T18:54:03+00:00] === end (2.09s) ===
[2026-07-30T18:56:01+00:00] === start ===
[2026-07-30T18:56:02+00:00] Sheet rows: 31, month headers: 3
[2026-07-30T18:56:03+00:00] Columns: {"Тусюк":"B","Муха":"C","Козлянко":"D","Юрченков":"E"}
[2026-07-30T18:56:03+00:00] Tech users: {"57":"Тусюк","65":"Козлянко","67":"Муха","71":"Юрченков"}
[2026-07-30T18:56:03+00:00] Sync window: 2026-07-01 → 2026-09-30
[2026-07-30T18:56:03+00:00] Bookings from calendar: 14
[2026-07-30T18:56:04+00:00] Active deals: 176
[2026-07-30T18:56:04+00:00] Titles not matched to active deals: Бронирование
[2026-07-30T18:56:04+00:00] Assignments: 6
[2026-07-30T18:56:04+00:00] No cell changes
[2026-07-30T18:56:04+00:00] State saved
[2026-07-30T18:56:04+00:00] === end (2.46s) ===
[2026-07-30T18:58:01+00:00] === start ===
[2026-07-30T18:58:01+00:00] Sheet rows: 31, month headers: 3
[2026-07-30T18:58:01+00:00] Columns: {"Тусюк":"B","Муха":"C","Козлянко":"D","Юрченков":"E"}
[2026-07-30T18:58:02+00:00] Tech users: {"57":"Тусюк","65":"Козлянко","67":"Муха","71":"Юрченков"}
[2026-07-30T18:58:02+00:00] Sync window: 2026-07-01 → 2026-09-30
[2026-07-30T18:58:02+00:00] Bookings from calendar: 14
[2026-07-30T18:58:03+00:00] Active deals: 176
[2026-07-30T18:58:03+00:00] Titles not matched to active deals: Бронирование
[2026-07-30T18:58:03+00:00] Assignments: 6
[2026-07-30T18:58:03+00:00] No cell changes
[2026-07-30T18:58:03+00:00] State saved
[2026-07-30T18:58:03+00:00] === end (1.92s) ===
[2026-07-30T19:00:01+00:00] === start ===
[2026-07-30T19:00:01+00:00] Sheet rows: 31, month headers: 3
[2026-07-30T19:00:02+00:00] Columns: {"Тусюк":"B","Муха":"C","Козлянко":"D","Юрченков":"E"}
[2026-07-30T19:00:02+00:00] Tech users: []
[2026-07-30T19:00:02+00:00] WARNING: no tech users matched column headers
[2026-07-30T19:00:02+00:00] === end (0.72s) ===
[2026-07-30T19:02:01+00:00] === start ===
[2026-07-30T19:02:02+00:00] Sheet rows: 31, month headers: 3
[2026-07-30T19:02:02+00:00] Columns: {"Тусюк":"B","Муха":"C","Козлянко":"D","Юрченков":"E"}
[2026-07-30T19:02:02+00:00] Tech users: {"57":"Тусюк","65":"Козлянко","67":"Муха","71":"Юрченков"}
[2026-07-30T19:02:02+00:00] Sync window: 2026-07-01 → 2026-09-30
[2026-07-30T19:02:03+00:00] Bookings from calendar: 14
[2026-07-30T19:02:04+00:00] Active deals: 176
[2026-07-30T19:02:04+00:00] Titles not matched to active deals: Бронирование
[2026-07-30T19:02:04+00:00] Assignments: 6
[2026-07-30T19:02:04+00:00] No cell changes
[2026-07-30T19:02:04+00:00] State saved
[2026-07-30T19:02:04+00:00] === end (2.53s) ===
[2026-07-30T19:04:01+00:00] === start ===
[2026-07-30T19:04:01+00:00] Sheet rows: 31, month headers: 3
[2026-07-30T19:04:01+00:00] Columns: {"Тусюк":"B","Муха":"C","Козлянко":"D","Юрченков":"E"}
[2026-07-30T19:04:02+00:00] Tech users: {"57":"Тусюк","65":"Козлянко","67":"Муха","71":"Юрченков"}
[2026-07-30T19:04:02+00:00] Sync window: 2026-07-01 → 2026-09-30
[2026-07-30T19:04:02+00:00] Bookings from calendar: 14
[2026-07-30T19:04:03+00:00] Active deals: 176
[2026-07-30T19:04:03+00:00] Titles not matched to active deals: Бронирование
[2026-07-30T19:04:03+00:00] Assignments: 6
[2026-07-30T19:04:03+00:00] No cell changes
[2026-07-30T19:04:03+00:00] State saved
[2026-07-30T19:04:03+00:00] === end (2.19s) ===
[2026-07-30T19:06:01+00:00] === start ===
[2026-07-30T19:06:02+00:00] Sheet rows: 31, month headers: 3
[2026-07-30T19:06:02+00:00] Columns: {"Тусюк":"B","Муха":"C","Козлянко":"D","Юрченков":"E"}
[2026-07-30T19:06:02+00:00] Tech users: {"57":"Тусюк","65":"Козлянко","67":"Муха","71":"Юрченков"}
[2026-07-30T19:06:02+00:00] Sync window: 2026-07-01 → 2026-09-30
[2026-07-30T19:06:03+00:00] Bookings from calendar: 14
[2026-07-30T19:06:04+00:00] Active deals: 176
[2026-07-30T19:06:04+00:00] Titles not matched to active deals: Бронирование
[2026-07-30T19:06:04+00:00] Assignments: 6
[2026-07-30T19:06:04+00:00] No cell changes
[2026-07-30T19:06:04+00:00] State saved
[2026-07-30T19:06:04+00:00] === end (2.59s) ===
[2026-07-30T19:08:01+00:00] === start ===
[2026-07-30T19:08:01+00:00] Sheet rows: 31, month headers: 3
[2026-07-30T19:08:01+00:00] Columns: {"Тусюк":"B","Муха":"C","Козлянко":"D","Юрченков":"E"}
[2026-07-30T19:08:02+00:00] Tech users: {"57":"Тусюк","65":"Козлянко","67":"Муха","71":"Юрченков"}
[2026-07-30T19:08:02+00:00] Sync window: 2026-07-01 → 2026-09-30
[2026-07-30T19:08:02+00:00] Bookings from calendar: 14
[2026-07-30T19:08:03+00:00] Active deals: 176
[2026-07-30T19:08:03+00:00] Titles not matched to active deals: Бронирование
[2026-07-30T19:08:03+00:00] Assignments: 6
[2026-07-30T19:08:03+00:00] No cell changes
[2026-07-30T19:08:03+00:00] State saved
[2026-07-30T19:08:03+00:00] === end (2.18s) ===
[2026-07-30T19:10:01+00:00] === start ===
[2026-07-30T19:10:01+00:00] Sheet rows: 31, month headers: 3
[2026-07-30T19:10:02+00:00] Columns: {"Тусюк":"B","Муха":"C","Козлянко":"D","Юрченков":"E"}
[2026-07-30T19:10:02+00:00] Tech users: {"57":"Тусюк","65":"Козлянко","67":"Муха","71":"Юрченков"}
[2026-07-30T19:10:02+00:00] Sync window: 2026-07-01 → 2026-09-30
[2026-07-30T19:10:03+00:00] Bookings from calendar: 14
[2026-07-30T19:10:03+00:00] Active deals: 176
[2026-07-30T19:10:03+00:00] Titles not matched to active deals: Бронирование
[2026-07-30T19:10:03+00:00] Assignments: 6
[2026-07-30T19:10:03+00:00] No cell changes
[2026-07-30T19:10:03+00:00] State saved
[2026-07-30T19:10:03+00:00] === end (2.15s) ===
[2026-07-30T19:12:01+00:00] === start ===
[2026-07-30T19:12:02+00:00] Sheet rows: 31, month headers: 3
[2026-07-30T19:12:02+00:00] Columns: {"Тусюк":"B","Муха":"C","Козлянко":"D","Юрченков":"E"}
[2026-07-30T19:12:02+00:00] Tech users: {"57":"Тусюк","65":"Козлянко","67":"Муха","71":"Юрченков"}
[2026-07-30T19:12:02+00:00] Sync window: 2026-07-01 → 2026-09-30
[2026-07-30T19:12:03+00:00] Bookings from calendar: 14
[2026-07-30T19:12:04+00:00] Active deals: 176
[2026-07-30T19:12:04+00:00] Titles not matched to active deals: Бронирование
[2026-07-30T19:12:04+00:00] Assignments: 6
[2026-07-30T19:12:04+00:00] No cell changes
[2026-07-30T19:12:04+00:00] State saved
[2026-07-30T19:12:04+00:00] === end (2.43s) ===
[2026-07-30T19:14:01+00:00] === start ===
[2026-07-30T19:14:02+00:00] Sheet rows: 31, month headers: 3
[2026-07-30T19:14:02+00:00] Columns: {"Тусюк":"B","Муха":"C","Козлянко":"D","Юрченков":"E"}
[2026-07-30T19:14:02+00:00] Tech users: {"57":"Тусюк","65":"Козлянко","67":"Муха","71":"Юрченков"}
[2026-07-30T19:14:02+00:00] Sync window: 2026-07-01 → 2026-09-30
[2026-07-30T19:14:03+00:00] Bookings from calendar: 14
[2026-07-30T19:14:04+00:00] Active deals: 176
[2026-07-30T19:14:04+00:00] Titles not matched to active deals: Бронирование
[2026-07-30T19:14:04+00:00] Assignments: 6
[2026-07-30T19:14:04+00:00] No cell changes
[2026-07-30T19:14:04+00:00] State saved
[2026-07-30T19:14:04+00:00] === end (3.33s) ===
[2026-07-30T19:16:01+00:00] === start ===
[2026-07-30T19:16:01+00:00] Sheet rows: 31, month headers: 3
[2026-07-30T19:16:01+00:00] Columns: {"Тусюк":"B","Муха":"C","Козлянко":"D","Юрченков":"E"}
[2026-07-30T19:16:02+00:00] Tech users: {"57":"Тусюк","65":"Козлянко","67":"Муха","71":"Юрченков"}
[2026-07-30T19:16:02+00:00] Sync window: 2026-07-01 → 2026-09-30
[2026-07-30T19:16:03+00:00] Bookings from calendar: 14
[2026-07-30T19:16:04+00:00] Active deals: 176
[2026-07-30T19:16:04+00:00] Titles not matched to active deals: Бронирование
[2026-07-30T19:16:04+00:00] Assignments: 6
[2026-07-30T19:16:04+00:00] No cell changes
[2026-07-30T19:16:04+00:00] State saved
[2026-07-30T19:16:04+00:00] === end (2.92s) ===
[2026-07-30T19:18:01+00:00] === start ===
[2026-07-30T19:18:01+00:00] Sheet rows: 31, month headers: 3
[2026-07-30T19:18:01+00:00] Columns: {"Тусюк":"B","Муха":"C","Козлянко":"D","Юрченков":"E"}
[2026-07-30T19:18:02+00:00] Tech users: {"57":"Тусюк","65":"Козлянко","67":"Муха","71":"Юрченков"}
[2026-07-30T19:18:02+00:00] Sync window: 2026-07-01 → 2026-09-30
[2026-07-30T19:18:03+00:00] Bookings from calendar: 14
[2026-07-30T19:18:04+00:00] Active deals: 176
[2026-07-30T19:18:04+00:00] Titles not matched to active deals: Бронирование
[2026-07-30T19:18:04+00:00] Assignments: 6
[2026-07-30T19:18:04+00:00] No cell changes
[2026-07-30T19:18:04+00:00] State saved
[2026-07-30T19:18:04+00:00] === end (3.09s) ===
[2026-07-30T19:20:01+00:00] === start ===
[2026-07-30T19:20:01+00:00] Sheet rows: 31, month headers: 3
[2026-07-30T19:20:02+00:00] Columns: {"Тусюк":"B","Муха":"C","Козлянко":"D","Юрченков":"E"}
[2026-07-30T19:20:02+00:00] Tech users: {"57":"Тусюк","65":"Козлянко","67":"Муха","71":"Юрченков"}
[2026-07-30T19:20:02+00:00] Sync window: 2026-07-01 → 2026-09-30
[2026-07-30T19:20:03+00:00] Bookings from calendar: 14
[2026-07-30T19:20:04+00:00] Active deals: 176
[2026-07-30T19:20:04+00:00] Titles not matched to active deals: Бронирование
[2026-07-30T19:20:04+00:00] Assignments: 6
[2026-07-30T19:20:04+00:00] No cell changes
[2026-07-30T19:20:04+00:00] State saved
[2026-07-30T19:20:04+00:00] === end (2.5s) ===
[2026-07-30T19:22:01+00:00] === start ===
[2026-07-30T19:22:01+00:00] Sheet rows: 31, month headers: 3
[2026-07-30T19:22:01+00:00] Columns: {"Тусюк":"B","Муха":"C","Козлянко":"D","Юрченков":"E"}
[2026-07-30T19:22:02+00:00] Tech users: {"57":"Тусюк","65":"Козлянко","67":"Муха","71":"Юрченков"}
[2026-07-30T19:22:02+00:00] Sync window: 2026-07-01 → 2026-09-30
[2026-07-30T19:22:02+00:00] Bookings from calendar: 14
[2026-07-30T19:22:03+00:00] Active deals: 176
[2026-07-30T19:22:03+00:00] Titles not matched to active deals: Бронирование
[2026-07-30T19:22:03+00:00] Assignments: 6
[2026-07-30T19:22:03+00:00] No cell changes
[2026-07-30T19:22:03+00:00] State saved
[2026-07-30T19:22:03+00:00] === end (2.28s) ===
[2026-07-30T19:24:01+00:00] === start ===
[2026-07-30T19:24:01+00:00] Sheet rows: 31, month headers: 3
[2026-07-30T19:24:02+00:00] Columns: {"Тусюк":"B","Муха":"C","Козлянко":"D","Юрченков":"E"}
[2026-07-30T19:24:02+00:00] Tech users: {"57":"Тусюк","65":"Козлянко","67":"Муха","71":"Юрченков"}
[2026-07-30T19:24:02+00:00] Sync window: 2026-07-01 → 2026-09-30
[2026-07-30T19:24:03+00:00] Bookings from calendar: 14
[2026-07-30T19:24:04+00:00] Active deals: 176
[2026-07-30T19:24:04+00:00] Titles not matched to active deals: Бронирование
[2026-07-30T19:24:04+00:00] Assignments: 6
[2026-07-30T19:24:04+00:00] No cell changes
[2026-07-30T19:24:04+00:00] State saved
[2026-07-30T19:24:04+00:00] === end (2.7s) ===
[2026-07-30T19:26:01+00:00] === start ===
[2026-07-30T19:26:02+00:00] Sheet rows: 31, month headers: 3
[2026-07-30T19:26:02+00:00] Columns: {"Тусюк":"B","Муха":"C","Козлянко":"D","Юрченков":"E"}
[2026-07-30T19:26:02+00:00] Tech users: {"57":"Тусюк","65":"Козлянко","67":"Муха","71":"Юрченков"}
[2026-07-30T19:26:02+00:00] Sync window: 2026-07-01 → 2026-09-30
[2026-07-30T19:26:03+00:00] Bookings from calendar: 14
[2026-07-30T19:26:04+00:00] Active deals: 176
[2026-07-30T19:26:04+00:00] Titles not matched to active deals: Бронирование
[2026-07-30T19:26:04+00:00] Assignments: 6
[2026-07-30T19:26:04+00:00] No cell changes
[2026-07-30T19:26:04+00:00] State saved
[2026-07-30T19:26:04+00:00] === end (3.06s) ===
[2026-07-30T19:28:01+00:00] === start ===
[2026-07-30T19:28:02+00:00] Sheet rows: 31, month headers: 3
[2026-07-30T19:28:02+00:00] Columns: {"Тусюк":"B","Муха":"C","Козлянко":"D","Юрченков":"E"}
[2026-07-30T19:28:02+00:00] Tech users: {"57":"Тусюк","65":"Козлянко","67":"Муха","71":"Юрченков"}
[2026-07-30T19:28:02+00:00] Sync window: 2026-07-01 → 2026-09-30
[2026-07-30T19:28:03+00:00] Bookings from calendar: 14
[2026-07-30T19:28:04+00:00] Active deals: 176
[2026-07-30T19:28:04+00:00] Titles not matched to active deals: Бронирование
[2026-07-30T19:28:04+00:00] Assignments: 6
[2026-07-30T19:28:04+00:00] No cell changes
[2026-07-30T19:28:04+00:00] State saved
[2026-07-30T19:28:04+00:00] === end (2.67s) ===
[2026-07-30T19:30:01+00:00] === start ===
[2026-07-30T19:30:01+00:00] Sheet rows: 31, month headers: 3
[2026-07-30T19:30:01+00:00] Columns: {"Тусюк":"B","Муха":"C","Козлянко":"D","Юрченков":"E"}
[2026-07-30T19:30:01+00:00] Tech users: {"57":"Тусюк","65":"Козлянко","67":"Муха","71":"Юрченков"}
[2026-07-30T19:30:01+00:00] Sync window: 2026-07-01 → 2026-09-30
[2026-07-30T19:30:02+00:00] Bookings from calendar: 14
[2026-07-30T19:30:03+00:00] Active deals: 176
[2026-07-30T19:30:03+00:00] Titles not matched to active deals: Бронирование
[2026-07-30T19:30:03+00:00] Assignments: 6
[2026-07-30T19:30:03+00:00] No cell changes
[2026-07-30T19:30:03+00:00] State saved
[2026-07-30T19:30:03+00:00] === end (2.07s) ===
[2026-07-30T19:32:01+00:00] === start ===
[2026-07-30T19:32:02+00:00] Sheet rows: 31, month headers: 3
[2026-07-30T19:32:02+00:00] Columns: {"Тусюк":"B","Муха":"C","Козлянко":"D","Юрченков":"E"}
[2026-07-30T19:32:02+00:00] Tech users: {"57":"Тусюк","65":"Козлянко","67":"Муха","71":"Юрченков"}
[2026-07-30T19:32:02+00:00] Sync window: 2026-07-01 → 2026-09-30
[2026-07-30T19:32:03+00:00] Bookings from calendar: 14
[2026-07-30T19:32:03+00:00] Active deals: 176
[2026-07-30T19:32:03+00:00] Titles not matched to active deals: Бронирование
[2026-07-30T19:32:03+00:00] Assignments: 6
[2026-07-30T19:32:03+00:00] No cell changes
[2026-07-30T19:32:03+00:00] State saved
[2026-07-30T19:32:03+00:00] === end (2.68s) ===
[2026-07-30T19:34:02+00:00] === start ===
[2026-07-30T19:34:02+00:00] Sheet rows: 31, month headers: 3
[2026-07-30T19:34:02+00:00] Columns: {"Тусюк":"B","Муха":"C","Козлянко":"D","Юрченков":"E"}
[2026-07-30T19:34:02+00:00] Tech users: {"57":"Тусюк","65":"Козлянко","67":"Муха","71":"Юрченков"}
[2026-07-30T19:34:02+00:00] Sync window: 2026-07-01 → 2026-09-30
[2026-07-30T19:34:03+00:00] Bookings from calendar: 14
[2026-07-30T19:34:04+00:00] Active deals: 176
[2026-07-30T19:34:04+00:00] Titles not matched to active deals: Бронирование
[2026-07-30T19:34:04+00:00] Assignments: 6
[2026-07-30T19:34:04+00:00] No cell changes
[2026-07-30T19:34:04+00:00] State saved
[2026-07-30T19:34:04+00:00] === end (2.09s) ===
[2026-07-30T19:36:01+00:00] === start ===
[2026-07-30T19:36:01+00:00] Sheet rows: 31, month headers: 3
[2026-07-30T19:36:02+00:00] Columns: {"Тусюк":"B","Муха":"C","Козлянко":"D","Юрченков":"E"}
[2026-07-30T19:36:02+00:00] Tech users: {"57":"Тусюк","65":"Козлянко","67":"Муха","71":"Юрченков"}
[2026-07-30T19:36:02+00:00] Sync window: 2026-07-01 → 2026-09-30
[2026-07-30T19:36:03+00:00] Bookings from calendar: 14
[2026-07-30T19:36:03+00:00] Active deals: 176
[2026-07-30T19:36:03+00:00] Titles not matched to active deals: Бронирование
[2026-07-30T19:36:03+00:00] Assignments: 6
[2026-07-30T19:36:03+00:00] No cell changes
[2026-07-30T19:36:03+00:00] State saved
[2026-07-30T19:36:03+00:00] === end (2.73s) ===
[2026-07-30T19:38:01+00:00] === start ===
[2026-07-30T19:38:02+00:00] Sheet rows: 31, month headers: 3
[2026-07-30T19:38:03+00:00] Columns: {"Тусюк":"B","Муха":"C","Козлянко":"D","Юрченков":"E"}
[2026-07-30T19:38:03+00:00] Tech users: {"57":"Тусюк","65":"Козлянко","67":"Муха","71":"Юрченков"}
[2026-07-30T19:38:03+00:00] Sync window: 2026-07-01 → 2026-09-30
[2026-07-30T19:38:04+00:00] Bookings from calendar: 14
[2026-07-30T19:38:05+00:00] Active deals: 176
[2026-07-30T19:38:05+00:00] Titles not matched to active deals: Бронирование
[2026-07-30T19:38:05+00:00] Assignments: 6
[2026-07-30T19:38:05+00:00] No cell changes
[2026-07-30T19:38:05+00:00] State saved
[2026-07-30T19:38:05+00:00] === end (3.42s) ===
[2026-07-30T19:40:01+00:00] === start ===
[2026-07-30T19:40:01+00:00] Sheet rows: 31, month headers: 3
[2026-07-30T19:40:02+00:00] Columns: {"Тусюк":"B","Муха":"C","Козлянко":"D","Юрченков":"E"}
[2026-07-30T19:40:02+00:00] Tech users: {"57":"Тусюк","65":"Козлянко","67":"Муха","71":"Юрченков"}
[2026-07-30T19:40:02+00:00] Sync window: 2026-07-01 → 2026-09-30
[2026-07-30T19:40:02+00:00] Bookings from calendar: 14
[2026-07-30T19:40:03+00:00] Active deals: 176
[2026-07-30T19:40:03+00:00] Titles not matched to active deals: Бронирование
[2026-07-30T19:40:03+00:00] Assignments: 6
[2026-07-30T19:40:03+00:00] No cell changes
[2026-07-30T19:40:03+00:00] State saved
[2026-07-30T19:40:03+00:00] === end (2.05s) ===
[2026-07-30T19:42:01+00:00] === start ===
[2026-07-30T19:42:02+00:00] Sheet rows: 31, month headers: 3
[2026-07-30T19:42:03+00:00] Columns: {"Тусюк":"B","Муха":"C","Козлянко":"D","Юрченков":"E"}
[2026-07-30T19:42:03+00:00] Tech users: {"57":"Тусюк","65":"Козлянко","67":"Муха","71":"Юрченков"}
[2026-07-30T19:42:03+00:00] Sync window: 2026-07-01 → 2026-09-30
[2026-07-30T19:42:03+00:00] Bookings from calendar: 14
[2026-07-30T19:42:04+00:00] Active deals: 176
[2026-07-30T19:42:04+00:00] Titles not matched to active deals: Бронирование
[2026-07-30T19:42:04+00:00] Assignments: 6
[2026-07-30T19:42:04+00:00] No cell changes
[2026-07-30T19:42:04+00:00] State saved
[2026-07-30T19:42:04+00:00] === end (2.81s) ===
[2026-07-30T19:44:01+00:00] === start ===
[2026-07-30T19:44:02+00:00] Sheet rows: 31, month headers: 3
[2026-07-30T19:44:03+00:00] Columns: {"Тусюк":"B","Муха":"C","Козлянко":"D","Юрченков":"E"}
[2026-07-30T19:44:03+00:00] Tech users: {"57":"Тусюк","65":"Козлянко","67":"Муха","71":"Юрченков"}
[2026-07-30T19:44:03+00:00] Sync window: 2026-07-01 → 2026-09-30
[2026-07-30T19:44:03+00:00] Bookings from calendar: 14
[2026-07-30T19:44:04+00:00] Active deals: 176
[2026-07-30T19:44:04+00:00] Titles not matched to active deals: Бронирование
[2026-07-30T19:44:04+00:00] Assignments: 6
[2026-07-30T19:44:04+00:00] No cell changes
[2026-07-30T19:44:04+00:00] State saved
[2026-07-30T19:44:04+00:00] === end (2.99s) ===
[2026-07-30T19:46:01+00:00] === start ===
[2026-07-30T19:46:01+00:00] Sheet rows: 31, month headers: 3
[2026-07-30T19:46:01+00:00] Columns: {"Тусюк":"B","Муха":"C","Козлянко":"D","Юрченков":"E"}
[2026-07-30T19:46:01+00:00] Tech users: {"57":"Тусюк","65":"Козлянко","67":"Муха","71":"Юрченков"}
[2026-07-30T19:46:01+00:00] Sync window: 2026-07-01 → 2026-09-30
[2026-07-30T19:46:02+00:00] Bookings from calendar: 14
[2026-07-30T19:46:03+00:00] Active deals: 176
[2026-07-30T19:46:03+00:00] Titles not matched to active deals: Бронирование
[2026-07-30T19:46:03+00:00] Assignments: 6
[2026-07-30T19:46:03+00:00] No cell changes
[2026-07-30T19:46:03+00:00] State saved
[2026-07-30T19:46:03+00:00] === end (1.95s) ===
[2026-07-30T19:48:01+00:00] === start ===
[2026-07-30T19:48:01+00:00] Sheet rows: 31, month headers: 3
[2026-07-30T19:48:01+00:00] Columns: {"Тусюк":"B","Муха":"C","Козлянко":"D","Юрченков":"E"}
[2026-07-30T19:48:02+00:00] Tech users: {"57":"Тусюк","65":"Козлянко","67":"Муха","71":"Юрченков"}
[2026-07-30T19:48:02+00:00] Sync window: 2026-07-01 → 2026-09-30
[2026-07-30T19:48:02+00:00] Bookings from calendar: 14
[2026-07-30T19:48:03+00:00] Active deals: 176
[2026-07-30T19:48:03+00:00] Titles not matched to active deals: Бронирование
[2026-07-30T19:48:03+00:00] Assignments: 6
[2026-07-30T19:48:03+00:00] No cell changes
[2026-07-30T19:48:03+00:00] State saved
[2026-07-30T19:48:03+00:00] === end (2.34s) ===
[2026-07-30T19:50:01+00:00] === start ===
[2026-07-30T19:50:02+00:00] Sheet rows: 31, month headers: 3
[2026-07-30T19:50:02+00:00] Columns: {"Тусюк":"B","Муха":"C","Козлянко":"D","Юрченков":"E"}
[2026-07-30T19:50:02+00:00] Tech users: {"57":"Тусюк","65":"Козлянко","67":"Муха","71":"Юрченков"}
[2026-07-30T19:50:02+00:00] Sync window: 2026-07-01 → 2026-09-30
[2026-07-30T19:50:03+00:00] Bookings from calendar: 14
[2026-07-30T19:50:04+00:00] Active deals: 176
[2026-07-30T19:50:04+00:00] Titles not matched to active deals: Бронирование
[2026-07-30T19:50:04+00:00] Assignments: 6
[2026-07-30T19:50:04+00:00] No cell changes
[2026-07-30T19:50:04+00:00] State saved
[2026-07-30T19:50:04+00:00] === end (2.75s) ===
[2026-07-30T19:52:01+00:00] === start ===
[2026-07-30T19:52:01+00:00] Sheet rows: 31, month headers: 3
[2026-07-30T19:52:02+00:00] Columns: {"Тусюк":"B","Муха":"C","Козлянко":"D","Юрченков":"E"}
[2026-07-30T19:52:02+00:00] Tech users: {"57":"Тусюк","65":"Козлянко","67":"Муха","71":"Юрченков"}
[2026-07-30T19:52:02+00:00] Sync window: 2026-07-01 → 2026-09-30
[2026-07-30T19:52:03+00:00] Bookings from calendar: 14
[2026-07-30T19:52:04+00:00] Active deals: 176
[2026-07-30T19:52:04+00:00] Titles not matched to active deals: Бронирование
[2026-07-30T19:52:04+00:00] Assignments: 6
[2026-07-30T19:52:04+00:00] No cell changes
[2026-07-30T19:52:04+00:00] State saved
[2026-07-30T19:52:04+00:00] === end (2.58s) ===
[2026-07-30T19:54:01+00:00] === start ===
[2026-07-30T19:54:01+00:00] Sheet rows: 31, month headers: 3
[2026-07-30T19:54:01+00:00] Columns: {"Тусюк":"B","Муха":"C","Козлянко":"D","Юрченков":"E"}
[2026-07-30T19:54:02+00:00] Tech users: {"57":"Тусюк","65":"Козлянко","67":"Муха","71":"Юрченков"}
[2026-07-30T19:54:02+00:00] Sync window: 2026-07-01 → 2026-09-30
[2026-07-30T19:54:02+00:00] Bookings from calendar: 14
[2026-07-30T19:54:03+00:00] Active deals: 176
[2026-07-30T19:54:03+00:00] Titles not matched to active deals: Бронирование
[2026-07-30T19:54:03+00:00] Assignments: 6
[2026-07-30T19:54:03+00:00] No cell changes
[2026-07-30T19:54:03+00:00] State saved
[2026-07-30T19:54:03+00:00] === end (2.73s) ===
[2026-07-30T19:56:01+00:00] === start ===
[2026-07-30T19:56:02+00:00] Sheet rows: 31, month headers: 3
[2026-07-30T19:56:02+00:00] Columns: {"Тусюк":"B","Муха":"C","Козлянко":"D","Юрченков":"E"}
[2026-07-30T19:56:02+00:00] Tech users: {"57":"Тусюк","65":"Козлянко","67":"Муха","71":"Юрченков"}
[2026-07-30T19:56:02+00:00] Sync window: 2026-07-01 → 2026-09-30
[2026-07-30T19:56:03+00:00] Bookings from calendar: 14
[2026-07-30T19:56:04+00:00] Active deals: 176
[2026-07-30T19:56:04+00:00] Titles not matched to active deals: Бронирование
[2026-07-30T19:56:04+00:00] Assignments: 6
[2026-07-30T19:56:04+00:00] No cell changes
[2026-07-30T19:56:04+00:00] State saved
[2026-07-30T19:56:04+00:00] === end (2.33s) ===
[2026-07-30T19:58:01+00:00] === start ===
[2026-07-30T19:58:01+00:00] Sheet rows: 31, month headers: 3
[2026-07-30T19:58:01+00:00] Columns: {"Тусюк":"B","Муха":"C","Козлянко":"D","Юрченков":"E"}
[2026-07-30T19:58:02+00:00] Tech users: {"57":"Тусюк","65":"Козлянко","67":"Муха","71":"Юрченков"}
[2026-07-30T19:58:02+00:00] Sync window: 2026-07-01 → 2026-09-30
[2026-07-30T19:58:03+00:00] Bookings from calendar: 14
[2026-07-30T19:58:03+00:00] Active deals: 176
[2026-07-30T19:58:03+00:00] Titles not matched to active deals: Бронирование
[2026-07-30T19:58:03+00:00] Assignments: 6
[2026-07-30T19:58:03+00:00] No cell changes
[2026-07-30T19:58:03+00:00] State saved
[2026-07-30T19:58:03+00:00] === end (2.47s) ===
[2026-07-30T20:00:01+00:00] === start ===
[2026-07-30T20:00:02+00:00] Sheet rows: 31, month headers: 3
[2026-07-30T20:00:02+00:00] Columns: {"Тусюк":"B","Муха":"C","Козлянко":"D","Юрченков":"E"}
[2026-07-30T20:00:02+00:00] Tech users: {"57":"Тусюк","65":"Козлянко","67":"Муха","71":"Юрченков"}
[2026-07-30T20:00:02+00:00] Sync window: 2026-07-01 → 2026-09-30
[2026-07-30T20:00:03+00:00] Bookings from calendar: 14
[2026-07-30T20:00:04+00:00] Active deals: 176
[2026-07-30T20:00:04+00:00] Titles not matched to active deals: Бронирование
[2026-07-30T20:00:04+00:00] Assignments: 6
[2026-07-30T20:00:04+00:00] No cell changes
[2026-07-30T20:00:04+00:00] State saved
[2026-07-30T20:00:04+00:00] === end (2.51s) ===
[2026-07-30T20:02:01+00:00] === start ===
[2026-07-30T20:02:01+00:00] Sheet rows: 31, month headers: 3
[2026-07-30T20:02:02+00:00] Columns: {"Тусюк":"B","Муха":"C","Козлянко":"D","Юрченков":"E"}
[2026-07-30T20:02:02+00:00] Tech users: {"57":"Тусюк","65":"Козлянко","67":"Муха","71":"Юрченков"}
[2026-07-30T20:02:02+00:00] Sync window: 2026-07-01 → 2026-09-30
[2026-07-30T20:02:03+00:00] Bookings from calendar: 14
[2026-07-30T20:02:03+00:00] Active deals: 176
[2026-07-30T20:02:03+00:00] Titles not matched to active deals: Бронирование
[2026-07-30T20:02:03+00:00] Assignments: 6
[2026-07-30T20:02:03+00:00] No cell changes
[2026-07-30T20:02:03+00:00] State saved
[2026-07-30T20:02:03+00:00] === end (2.16s) ===
[2026-07-30T20:04:01+00:00] === start ===
[2026-07-30T20:04:01+00:00] Sheet rows: 31, month headers: 3
[2026-07-30T20:04:02+00:00] Columns: {"Тусюк":"B","Муха":"C","Козлянко":"D","Юрченков":"E"}
[2026-07-30T20:04:02+00:00] Tech users: {"57":"Тусюк","65":"Козлянко","67":"Муха","71":"Юрченков"}
[2026-07-30T20:04:02+00:00] Sync window: 2026-07-01 → 2026-09-30
[2026-07-30T20:04:02+00:00] Bookings from calendar: 14
[2026-07-30T20:04:03+00:00] Active deals: 176
[2026-07-30T20:04:03+00:00] Titles not matched to active deals: Бронирование
[2026-07-30T20:04:03+00:00] Assignments: 6
[2026-07-30T20:04:03+00:00] No cell changes
[2026-07-30T20:04:03+00:00] State saved
[2026-07-30T20:04:03+00:00] === end (1.95s) ===
[2026-07-30T20:06:01+00:00] === start ===
[2026-07-30T20:06:02+00:00] Sheet rows: 31, month headers: 3
[2026-07-30T20:06:02+00:00] Columns: {"Тусюк":"B","Муха":"C","Козлянко":"D","Юрченков":"E"}
[2026-07-30T20:06:02+00:00] Tech users: {"57":"Тусюк","65":"Козлянко","67":"Муха","71":"Юрченков"}
[2026-07-30T20:06:02+00:00] Sync window: 2026-07-01 → 2026-09-30
[2026-07-30T20:06:03+00:00] Bookings from calendar: 14
[2026-07-30T20:06:04+00:00] Active deals: 176
[2026-07-30T20:06:04+00:00] Titles not matched to active deals: Бронирование
[2026-07-30T20:06:04+00:00] Assignments: 6
[2026-07-30T20:06:04+00:00] No cell changes
[2026-07-30T20:06:04+00:00] State saved
[2026-07-30T20:06:04+00:00] === end (2.71s) ===
[2026-07-30T20:08:01+00:00] === start ===
[2026-07-30T20:08:02+00:00] Sheet rows: 31, month headers: 3
[2026-07-30T20:08:02+00:00] Columns: {"Тусюк":"B","Муха":"C","Козлянко":"D","Юрченков":"E"}
[2026-07-30T20:08:02+00:00] Tech users: {"57":"Тусюк","65":"Козлянко","67":"Муха","71":"Юрченков"}
[2026-07-30T20:08:02+00:00] Sync window: 2026-07-01 → 2026-09-30
[2026-07-30T20:08:03+00:00] Bookings from calendar: 14
[2026-07-30T20:08:04+00:00] Active deals: 176
[2026-07-30T20:08:04+00:00] Titles not matched to active deals: Бронирование
[2026-07-30T20:08:04+00:00] Assignments: 6
[2026-07-30T20:08:04+00:00] No cell changes
[2026-07-30T20:08:04+00:00] State saved
[2026-07-30T20:08:04+00:00] === end (2.84s) ===
[2026-07-30T20:10:01+00:00] === start ===
[2026-07-30T20:10:02+00:00] Sheet rows: 31, month headers: 3
[2026-07-30T20:10:02+00:00] Columns: {"Тусюк":"B","Муха":"C","Козлянко":"D","Юрченков":"E"}
[2026-07-30T20:10:02+00:00] Tech users: {"57":"Тусюк","65":"Козлянко","67":"Муха","71":"Юрченков"}
[2026-07-30T20:10:02+00:00] Sync window: 2026-07-01 → 2026-09-30
[2026-07-30T20:10:03+00:00] Bookings from calendar: 14
[2026-07-30T20:10:04+00:00] Active deals: 176
[2026-07-30T20:10:04+00:00] Titles not matched to active deals: Бронирование
[2026-07-30T20:10:04+00:00] Assignments: 6
[2026-07-30T20:10:04+00:00] No cell changes
[2026-07-30T20:10:04+00:00] State saved
[2026-07-30T20:10:04+00:00] === end (2.57s) ===
[2026-07-30T20:12:01+00:00] === start ===
[2026-07-30T20:12:01+00:00] Sheet rows: 31, month headers: 3
[2026-07-30T20:12:01+00:00] Columns: {"Тусюк":"B","Муха":"C","Козлянко":"D","Юрченков":"E"}
[2026-07-30T20:12:02+00:00] Tech users: {"57":"Тусюк","65":"Козлянко","67":"Муха","71":"Юрченков"}
[2026-07-30T20:12:02+00:00] Sync window: 2026-07-01 → 2026-09-30
[2026-07-30T20:12:02+00:00] Bookings from calendar: 14
[2026-07-30T20:12:03+00:00] Active deals: 176
[2026-07-30T20:12:03+00:00] Titles not matched to active deals: Бронирование
[2026-07-30T20:12:03+00:00] Assignments: 6
[2026-07-30T20:12:03+00:00] No cell changes
[2026-07-30T20:12:03+00:00] State saved
[2026-07-30T20:12:03+00:00] === end (2.14s) ===
[2026-07-30T20:14:01+00:00] === start ===
[2026-07-30T20:14:02+00:00] Sheet rows: 31, month headers: 3
[2026-07-30T20:14:02+00:00] Columns: {"Тусюк":"B","Муха":"C","Козлянко":"D","Юрченков":"E"}
[2026-07-30T20:14:02+00:00] Tech users: {"57":"Тусюк","65":"Козлянко","67":"Муха","71":"Юрченков"}
[2026-07-30T20:14:02+00:00] Sync window: 2026-07-01 → 2026-09-30
[2026-07-30T20:14:03+00:00] Bookings from calendar: 14
[2026-07-30T20:14:03+00:00] Active deals: 176
[2026-07-30T20:14:03+00:00] Titles not matched to active deals: Бронирование
[2026-07-30T20:14:03+00:00] Assignments: 6
[2026-07-30T20:14:03+00:00] No cell changes
[2026-07-30T20:14:03+00:00] State saved
[2026-07-30T20:14:03+00:00] === end (2.7s) ===
[2026-07-30T20:16:01+00:00] === start ===
[2026-07-30T20:16:01+00:00] Sheet rows: 31, month headers: 3
[2026-07-30T20:16:02+00:00] Columns: {"Тусюк":"B","Муха":"C","Козлянко":"D","Юрченков":"E"}
[2026-07-30T20:16:02+00:00] Tech users: {"57":"Тусюк","65":"Козлянко","67":"Муха","71":"Юрченков"}
[2026-07-30T20:16:02+00:00] Sync window: 2026-07-01 → 2026-09-30
[2026-07-30T20:16:03+00:00] Bookings from calendar: 14
[2026-07-30T20:16:03+00:00] Active deals: 176
[2026-07-30T20:16:03+00:00] Titles not matched to active deals: Бронирование
[2026-07-30T20:16:03+00:00] Assignments: 6
[2026-07-30T20:16:03+00:00] No cell changes
[2026-07-30T20:16:03+00:00] State saved
[2026-07-30T20:16:03+00:00] === end (2.52s) ===
[2026-07-30T20:18:01+00:00] === start ===
[2026-07-30T20:18:02+00:00] Sheet rows: 31, month headers: 3
[2026-07-30T20:18:02+00:00] Columns: {"Тусюк":"B","Муха":"C","Козлянко":"D","Юрченков":"E"}
[2026-07-30T20:18:02+00:00] Tech users: {"57":"Тусюк","65":"Козлянко","67":"Муха","71":"Юрченков"}
[2026-07-30T20:18:02+00:00] Sync window: 2026-07-01 → 2026-09-30
[2026-07-30T20:18:03+00:00] Bookings from calendar: 14
[2026-07-30T20:18:04+00:00] Active deals: 176
[2026-07-30T20:18:04+00:00] Titles not matched to active deals: Бронирование
[2026-07-30T20:18:04+00:00] Assignments: 6
[2026-07-30T20:18:04+00:00] No cell changes
[2026-07-30T20:18:04+00:00] State saved
[2026-07-30T20:18:04+00:00] === end (2.19s) ===
[2026-07-30T20:20:01+00:00] === start ===
[2026-07-30T20:20:02+00:00] Sheet rows: 31, month headers: 3
[2026-07-30T20:20:02+00:00] Columns: {"Тусюк":"B","Муха":"C","Козлянко":"D","Юрченков":"E"}
[2026-07-30T20:20:02+00:00] Tech users: {"57":"Тусюк","65":"Козлянко","67":"Муха","71":"Юрченков"}
[2026-07-30T20:20:02+00:00] Sync window: 2026-07-01 → 2026-09-30
[2026-07-30T20:20:03+00:00] Bookings from calendar: 14
[2026-07-30T20:20:03+00:00] Active deals: 176
[2026-07-30T20:20:03+00:00] Titles not matched to active deals: Бронирование
[2026-07-30T20:20:03+00:00] Assignments: 6
[2026-07-30T20:20:03+00:00] No cell changes
[2026-07-30T20:20:03+00:00] State saved
[2026-07-30T20:20:03+00:00] === end (2.68s) ===
[2026-07-30T20:22:01+00:00] === start ===
[2026-07-30T20:22:02+00:00] Sheet rows: 31, month headers: 3
[2026-07-30T20:22:02+00:00] Columns: {"Тусюк":"B","Муха":"C","Козлянко":"D","Юрченков":"E"}
[2026-07-30T20:22:02+00:00] Tech users: {"57":"Тусюк","65":"Козлянко","67":"Муха","71":"Юрченков"}
[2026-07-30T20:22:02+00:00] Sync window: 2026-07-01 → 2026-09-30
[2026-07-30T20:22:03+00:00] Bookings from calendar: 14
[2026-07-30T20:22:04+00:00] Active deals: 176
[2026-07-30T20:22:04+00:00] Titles not matched to active deals: Бронирование
[2026-07-30T20:22:04+00:00] Assignments: 6
[2026-07-30T20:22:04+00:00] No cell changes
[2026-07-30T20:22:04+00:00] State saved
[2026-07-30T20:22:04+00:00] === end (2.06s) ===
[2026-07-30T20:24:01+00:00] === start ===
[2026-07-30T20:24:01+00:00] Sheet rows: 31, month headers: 3
[2026-07-30T20:24:01+00:00] Columns: {"Тусюк":"B","Муха":"C","Козлянко":"D","Юрченков":"E"}
[2026-07-30T20:24:01+00:00] Tech users: {"57":"Тусюк","65":"Козлянко","67":"Муха","71":"Юрченков"}
[2026-07-30T20:24:01+00:00] Sync window: 2026-07-01 → 2026-09-30
[2026-07-30T20:24:02+00:00] Bookings from calendar: 14
[2026-07-30T20:24:03+00:00] Active deals: 176
[2026-07-30T20:24:03+00:00] Titles not matched to active deals: Бронирование
[2026-07-30T20:24:03+00:00] Assignments: 6
[2026-07-30T20:24:03+00:00] No cell changes
[2026-07-30T20:24:03+00:00] State saved
[2026-07-30T20:24:03+00:00] === end (2.3s) ===
[2026-07-30T20:26:01+00:00] === start ===
[2026-07-30T20:26:01+00:00] Sheet rows: 31, month headers: 3
[2026-07-30T20:26:02+00:00] Columns: {"Тусюк":"B","Муха":"C","Козлянко":"D","Юрченков":"E"}
[2026-07-30T20:26:03+00:00] Tech users: {"57":"Тусюк","65":"Козлянко","67":"Муха","71":"Юрченков"}
[2026-07-30T20:26:03+00:00] Sync window: 2026-07-01 → 2026-09-30
[2026-07-30T20:26:03+00:00] Bookings from calendar: 14
[2026-07-30T20:26:04+00:00] Active deals: 176
[2026-07-30T20:26:04+00:00] Titles not matched to active deals: Бронирование
[2026-07-30T20:26:04+00:00] Assignments: 6
[2026-07-30T20:26:04+00:00] No cell changes
[2026-07-30T20:26:04+00:00] State saved
[2026-07-30T20:26:04+00:00] === end (3.06s) ===
[2026-07-30T20:28:01+00:00] === start ===
[2026-07-30T20:28:01+00:00] Sheet rows: 31, month headers: 3
[2026-07-30T20:28:02+00:00] Columns: {"Тусюк":"B","Муха":"C","Козлянко":"D","Юрченков":"E"}
[2026-07-30T20:28:02+00:00] Tech users: {"57":"Тусюк","65":"Козлянко","67":"Муха","71":"Юрченков"}
[2026-07-30T20:28:02+00:00] Sync window: 2026-07-01 → 2026-09-30
[2026-07-30T20:28:03+00:00] Bookings from calendar: 14
[2026-07-30T20:28:04+00:00] Active deals: 176
[2026-07-30T20:28:04+00:00] Titles not matched to active deals: Бронирование
[2026-07-30T20:28:04+00:00] Assignments: 6
[2026-07-30T20:28:04+00:00] No cell changes
[2026-07-30T20:28:04+00:00] State saved
[2026-07-30T20:28:04+00:00] === end (3.12s) ===
[2026-07-30T20:30:01+00:00] === start ===
[2026-07-30T20:30:02+00:00] Sheet rows: 31, month headers: 3
[2026-07-30T20:30:02+00:00] Columns: {"Тусюк":"B","Муха":"C","Козлянко":"D","Юрченков":"E"}
[2026-07-30T20:30:03+00:00] Tech users: {"57":"Тусюк","65":"Козлянко","67":"Муха","71":"Юрченков"}
[2026-07-30T20:30:03+00:00] Sync window: 2026-07-01 → 2026-09-30
[2026-07-30T20:30:03+00:00] Bookings from calendar: 14
[2026-07-30T20:30:04+00:00] Active deals: 176
[2026-07-30T20:30:04+00:00] Titles not matched to active deals: Бронирование
[2026-07-30T20:30:04+00:00] Assignments: 6
[2026-07-30T20:30:04+00:00] No cell changes
[2026-07-30T20:30:04+00:00] State saved
[2026-07-30T20:30:04+00:00] === end (2.69s) ===
[2026-07-30T20:32:01+00:00] === start ===
[2026-07-30T20:32:03+00:00] Sheet rows: 31, month headers: 3
[2026-07-30T20:32:05+00:00] Columns: {"Тусюк":"B","Муха":"C","Козлянко":"D","Юрченков":"E"}
[2026-07-30T20:32:05+00:00] Tech users: {"57":"Тусюк","65":"Козлянко","67":"Муха","71":"Юрченков"}
[2026-07-30T20:32:05+00:00] Sync window: 2026-07-01 → 2026-09-30
[2026-07-30T20:32:06+00:00] Bookings from calendar: 14
[2026-07-30T20:32:06+00:00] Active deals: 176
[2026-07-30T20:32:06+00:00] Titles not matched to active deals: Бронирование
[2026-07-30T20:32:06+00:00] Assignments: 6
[2026-07-30T20:32:06+00:00] No cell changes
[2026-07-30T20:32:06+00:00] State saved
[2026-07-30T20:32:06+00:00] === end (4.89s) ===
[2026-07-30T20:34:01+00:00] === start ===
[2026-07-30T20:34:02+00:00] Sheet rows: 31, month headers: 3
[2026-07-30T20:34:03+00:00] Columns: {"Тусюк":"B","Муха":"C","Козлянко":"D","Юрченков":"E"}
[2026-07-30T20:34:03+00:00] Tech users: {"57":"Тусюк","65":"Козлянко","67":"Муха","71":"Юрченков"}
[2026-07-30T20:34:03+00:00] Sync window: 2026-07-01 → 2026-09-30
[2026-07-30T20:34:04+00:00] Bookings from calendar: 14
[2026-07-30T20:34:05+00:00] Active deals: 176
[2026-07-30T20:34:05+00:00] Titles not matched to active deals: Бронирование
[2026-07-30T20:34:05+00:00] Assignments: 6
[2026-07-30T20:34:05+00:00] No cell changes
[2026-07-30T20:34:05+00:00] State saved
[2026-07-30T20:34:05+00:00] === end (3.32s) ===
[2026-07-30T20:36:01+00:00] === start ===
[2026-07-30T20:36:02+00:00] Sheet rows: 31, month headers: 3
[2026-07-30T20:36:03+00:00] Columns: {"Тусюк":"B","Муха":"C","Козлянко":"D","Юрченков":"E"}
[2026-07-30T20:36:03+00:00] Tech users: {"57":"Тусюк","65":"Козлянко","67":"Муха","71":"Юрченков"}
[2026-07-30T20:36:03+00:00] Sync window: 2026-07-01 → 2026-09-30
[2026-07-30T20:36:03+00:00] Bookings from calendar: 14
[2026-07-30T20:36:04+00:00] Active deals: 176
[2026-07-30T20:36:04+00:00] Titles not matched to active deals: Бронирование
[2026-07-30T20:36:04+00:00] Assignments: 6
[2026-07-30T20:36:04+00:00] No cell changes
[2026-07-30T20:36:04+00:00] State saved
[2026-07-30T20:36:04+00:00] === end (3.1s) ===
[2026-07-30T20:38:01+00:00] === start ===
[2026-07-30T20:38:01+00:00] Sheet rows: 31, month headers: 3
[2026-07-30T20:38:02+00:00] Columns: {"Тусюк":"B","Муха":"C","Козлянко":"D","Юрченков":"E"}
[2026-07-30T20:38:03+00:00] Tech users: {"57":"Тусюк","65":"Козлянко","67":"Муха","71":"Юрченков"}
[2026-07-30T20:38:03+00:00] Sync window: 2026-07-01 → 2026-09-30
[2026-07-30T20:38:03+00:00] Bookings from calendar: 14
[2026-07-30T20:38:04+00:00] Active deals: 176
[2026-07-30T20:38:04+00:00] Titles not matched to active deals: Бронирование
[2026-07-30T20:38:04+00:00] Assignments: 6
[2026-07-30T20:38:04+00:00] No cell changes
[2026-07-30T20:38:04+00:00] State saved
[2026-07-30T20:38:04+00:00] === end (3.25s) ===
[2026-07-30T20:40:01+00:00] === start ===
[2026-07-30T20:40:02+00:00] Sheet rows: 31, month headers: 3
[2026-07-30T20:40:03+00:00] Columns: {"Тусюк":"B","Муха":"C","Козлянко":"D","Юрченков":"E"}
[2026-07-30T20:40:03+00:00] Tech users: {"57":"Тусюк","65":"Козлянко","67":"Муха","71":"Юрченков"}
[2026-07-30T20:40:03+00:00] Sync window: 2026-07-01 → 2026-09-30
[2026-07-30T20:40:04+00:00] Bookings from calendar: 14
[2026-07-30T20:40:05+00:00] Active deals: 176
[2026-07-30T20:40:05+00:00] Titles not matched to active deals: Бронирование
[2026-07-30T20:40:05+00:00] Assignments: 6
[2026-07-30T20:40:05+00:00] No cell changes
[2026-07-30T20:40:05+00:00] State saved
[2026-07-30T20:40:05+00:00] === end (3.21s) ===
[2026-07-30T20:42:01+00:00] === start ===
[2026-07-30T20:42:01+00:00] Sheet rows: 31, month headers: 3
[2026-07-30T20:42:02+00:00] Columns: {"Тусюк":"B","Муха":"C","Козлянко":"D","Юрченков":"E"}
[2026-07-30T20:42:03+00:00] Tech users: {"57":"Тусюк","65":"Козлянко","67":"Муха","71":"Юрченков"}
[2026-07-30T20:42:03+00:00] Sync window: 2026-07-01 → 2026-09-30
[2026-07-30T20:42:03+00:00] Bookings from calendar: 14
[2026-07-30T20:42:04+00:00] Active deals: 176
[2026-07-30T20:42:04+00:00] Titles not matched to active deals: Бронирование
[2026-07-30T20:42:04+00:00] Assignments: 6
[2026-07-30T20:42:04+00:00] No cell changes
[2026-07-30T20:42:04+00:00] State saved
[2026-07-30T20:42:04+00:00] === end (3.21s) ===
[2026-07-30T20:44:01+00:00] === start ===
[2026-07-30T20:44:02+00:00] Sheet rows: 31, month headers: 3
[2026-07-30T20:44:03+00:00] Columns: {"Тусюк":"B","Муха":"C","Козлянко":"D","Юрченков":"E"}
[2026-07-30T20:44:03+00:00] Tech users: {"57":"Тусюк","65":"Козлянко","67":"Муха","71":"Юрченков"}
[2026-07-30T20:44:03+00:00] Sync window: 2026-07-01 → 2026-09-30
[2026-07-30T20:44:03+00:00] Bookings from calendar: 14
[2026-07-30T20:44:04+00:00] Active deals: 176
[2026-07-30T20:44:04+00:00] Titles not matched to active deals: Бронирование
[2026-07-30T20:44:04+00:00] Assignments: 6
[2026-07-30T20:44:04+00:00] No cell changes
[2026-07-30T20:44:04+00:00] State saved
[2026-07-30T20:44:04+00:00] === end (3.28s) ===
[2026-07-30T20:46:01+00:00] === start ===
[2026-07-30T20:46:01+00:00] Sheet rows: 31, month headers: 3
[2026-07-30T20:46:02+00:00] Columns: {"Тусюк":"B","Муха":"C","Козлянко":"D","Юрченков":"E"}
[2026-07-30T20:46:03+00:00] Tech users: {"57":"Тусюк","65":"Козлянко","67":"Муха","71":"Юрченков"}
[2026-07-30T20:46:03+00:00] Sync window: 2026-07-01 → 2026-09-30
[2026-07-30T20:46:03+00:00] Bookings from calendar: 14
[2026-07-30T20:46:04+00:00] Active deals: 176
[2026-07-30T20:46:04+00:00] Titles not matched to active deals: Бронирование
[2026-07-30T20:46:04+00:00] Assignments: 6
[2026-07-30T20:46:04+00:00] No cell changes
[2026-07-30T20:46:04+00:00] State saved
[2026-07-30T20:46:04+00:00] === end (3.37s) ===
[2026-07-30T20:48:01+00:00] === start ===
[2026-07-30T20:48:02+00:00] Sheet rows: 31, month headers: 3
[2026-07-30T20:48:03+00:00] Columns: {"Тусюк":"B","Муха":"C","Козлянко":"D","Юрченков":"E"}
[2026-07-30T20:48:03+00:00] Tech users: {"57":"Тусюк","65":"Козлянко","67":"Муха","71":"Юрченков"}
[2026-07-30T20:48:03+00:00] Sync window: 2026-07-01 → 2026-09-30
[2026-07-30T20:48:03+00:00] Bookings from calendar: 14
[2026-07-30T20:48:04+00:00] Active deals: 176
[2026-07-30T20:48:04+00:00] Titles not matched to active deals: Бронирование
[2026-07-30T20:48:04+00:00] Assignments: 6
[2026-07-30T20:48:04+00:00] No cell changes
[2026-07-30T20:48:04+00:00] State saved
[2026-07-30T20:48:04+00:00] === end (3.24s) ===
[2026-07-30T20:50:01+00:00] === start ===
[2026-07-30T20:50:02+00:00] Sheet rows: 31, month headers: 3
[2026-07-30T20:50:03+00:00] Columns: {"Тусюк":"B","Муха":"C","Козлянко":"D","Юрченков":"E"}
[2026-07-30T20:50:03+00:00] Tech users: {"57":"Тусюк","65":"Козлянко","67":"Муха","71":"Юрченков"}
[2026-07-30T20:50:03+00:00] Sync window: 2026-07-01 → 2026-09-30
[2026-07-30T20:50:04+00:00] Bookings from calendar: 14
[2026-07-30T20:50:04+00:00] Active deals: 176
[2026-07-30T20:50:04+00:00] Titles not matched to active deals: Бронирование
[2026-07-30T20:50:04+00:00] Assignments: 6
[2026-07-30T20:50:04+00:00] No cell changes
[2026-07-30T20:50:04+00:00] State saved
[2026-07-30T20:50:04+00:00] === end (3.1s) ===
[2026-07-30T20:52:02+00:00] === start ===
[2026-07-30T20:52:02+00:00] Sheet rows: 31, month headers: 3
[2026-07-30T20:52:03+00:00] Columns: {"Тусюк":"B","Муха":"C","Козлянко":"D","Юрченков":"E"}
[2026-07-30T20:52:03+00:00] Tech users: {"57":"Тусюк","65":"Козлянко","67":"Муха","71":"Юрченков"}
[2026-07-30T20:52:03+00:00] Sync window: 2026-07-01 → 2026-09-30
[2026-07-30T20:52:03+00:00] Bookings from calendar: 14
[2026-07-30T20:52:04+00:00] Active deals: 176
[2026-07-30T20:52:04+00:00] Titles not matched to active deals: Бронирование
[2026-07-30T20:52:04+00:00] Assignments: 6
[2026-07-30T20:52:04+00:00] No cell changes
[2026-07-30T20:52:04+00:00] State saved
[2026-07-30T20:52:04+00:00] === end (2.52s) ===
[2026-07-30T20:54:01+00:00] === start ===
[2026-07-30T20:54:01+00:00] Sheet rows: 31, month headers: 3
[2026-07-30T20:54:02+00:00] Columns: {"Тусюк":"B","Муха":"C","Козлянко":"D","Юрченков":"E"}
[2026-07-30T20:54:02+00:00] Tech users: {"57":"Тусюк","65":"Козлянко","67":"Муха","71":"Юрченков"}
[2026-07-30T20:54:02+00:00] Sync window: 2026-07-01 → 2026-09-30
[2026-07-30T20:54:03+00:00] Bookings from calendar: 14
[2026-07-30T20:54:04+00:00] Active deals: 176
[2026-07-30T20:54:04+00:00] Titles not matched to active deals: Бронирование
[2026-07-30T20:54:04+00:00] Assignments: 6
[2026-07-30T20:54:04+00:00] No cell changes
[2026-07-30T20:54:04+00:00] State saved
[2026-07-30T20:54:04+00:00] === end (2.57s) ===
[2026-07-30T20:56:01+00:00] === start ===
[2026-07-30T20:56:01+00:00] Sheet rows: 31, month headers: 3
[2026-07-30T20:56:02+00:00] Columns: {"Тусюк":"B","Муха":"C","Козлянко":"D","Юрченков":"E"}
[2026-07-30T20:56:02+00:00] Tech users: {"57":"Тусюк","65":"Козлянко","67":"Муха","71":"Юрченков"}
[2026-07-30T20:56:02+00:00] Sync window: 2026-07-01 → 2026-09-30
[2026-07-30T20:56:03+00:00] Bookings from calendar: 14
[2026-07-30T20:56:03+00:00] Active deals: 176
[2026-07-30T20:56:03+00:00] Titles not matched to active deals: Бронирование
[2026-07-30T20:56:03+00:00] Assignments: 6
[2026-07-30T20:56:03+00:00] No cell changes
[2026-07-30T20:56:03+00:00] State saved
[2026-07-30T20:56:03+00:00] === end (2.57s) ===
[2026-07-30T20:58:01+00:00] === start ===
[2026-07-30T20:58:02+00:00] Sheet rows: 31, month headers: 3
[2026-07-30T20:58:03+00:00] Columns: {"Тусюк":"B","Муха":"C","Козлянко":"D","Юрченков":"E"}
[2026-07-30T20:58:03+00:00] Tech users: {"57":"Тусюк","65":"Козлянко","67":"Муха","71":"Юрченков"}
[2026-07-30T20:58:03+00:00] Sync window: 2026-07-01 → 2026-09-30
[2026-07-30T20:58:04+00:00] Bookings from calendar: 14
[2026-07-30T20:58:05+00:00] Active deals: 176
[2026-07-30T20:58:05+00:00] Titles not matched to active deals: Бронирование
[2026-07-30T20:58:05+00:00] Assignments: 6
[2026-07-30T20:58:05+00:00] No cell changes
[2026-07-30T20:58:05+00:00] State saved
[2026-07-30T20:58:05+00:00] === end (3.38s) ===
[2026-07-30T21:00:01+00:00] === start ===
[2026-07-30T21:00:02+00:00] Sheet rows: 31, month headers: 3
[2026-07-30T21:00:03+00:00] Columns: {"Тусюк":"B","Муха":"C","Козлянко":"D","Юрченков":"E"}
[2026-07-30T21:00:09+00:00] Tech users: {"57":"Тусюк","65":"Козлянко","67":"Муха","71":"Юрченков"}
[2026-07-30T21:00:09+00:00] Sync window: 2026-07-01 → 2026-09-30
[2026-07-30T21:00:17+00:00] Bookings from calendar: 14
[2026-07-30T21:00:18+00:00] Active deals: 176
[2026-07-30T21:00:18+00:00] Titles not matched to active deals: Бронирование
[2026-07-30T21:00:18+00:00] Assignments: 6
[2026-07-30T21:00:18+00:00] No cell changes
[2026-07-30T21:00:18+00:00] State saved
[2026-07-30T21:00:18+00:00] === end (17s) ===
[2026-07-30T21:02:01+00:00] === start ===
[2026-07-30T21:02:02+00:00] Sheet rows: 32, month headers: 3
[2026-07-30T21:02:03+00:00] Columns: {"Тусюк":"B","Муха":"C","Козлянко":"D","Юрченков":"E"}
[2026-07-30T21:02:03+00:00] Tech users: {"57":"Тусюк","65":"Козлянко","67":"Муха","71":"Юрченков"}
[2026-07-30T21:02:03+00:00] Sync window: 2026-07-01 → 2026-09-30
[2026-07-30T21:02:03+00:00] Bookings from calendar: 14
[2026-07-30T21:02:04+00:00] Active deals: 176
[2026-07-30T21:02:04+00:00] Titles not matched to active deals: Бронирование
[2026-07-30T21:02:04+00:00] Assignments: 6
[2026-07-30T21:02:04+00:00] No cell changes
[2026-07-30T21:02:04+00:00] State saved
[2026-07-30T21:02:04+00:00] === end (3.13s) ===
[2026-07-30T21:04:01+00:00] === start ===
[2026-07-30T21:04:02+00:00] Sheet rows: 32, month headers: 3
[2026-07-30T21:04:02+00:00] Columns: {"Тусюк":"B","Муха":"C","Козлянко":"D","Юрченков":"E"}
[2026-07-30T21:04:02+00:00] Tech users: {"57":"Тусюк","65":"Козлянко","67":"Муха","71":"Юрченков"}
[2026-07-30T21:04:02+00:00] Sync window: 2026-07-01 → 2026-09-30
[2026-07-30T21:04:03+00:00] Bookings from calendar: 14
[2026-07-30T21:04:03+00:00] Active deals: 176
[2026-07-30T21:04:03+00:00] Titles not matched to active deals: Бронирование
[2026-07-30T21:04:03+00:00] Assignments: 6
[2026-07-30T21:04:03+00:00] No cell changes
[2026-07-30T21:04:03+00:00] State saved
[2026-07-30T21:04:03+00:00] === end (2.31s) ===
[2026-07-30T21:06:02+00:00] === start ===
[2026-07-30T21:06:02+00:00] Sheet rows: 32, month headers: 3
[2026-07-30T21:06:03+00:00] Columns: {"Тусюк":"B","Муха":"C","Козлянко":"D","Юрченков":"E"}
[2026-07-30T21:06:03+00:00] Tech users: {"57":"Тусюк","65":"Козлянко","67":"Муха","71":"Юрченков"}
[2026-07-30T21:06:03+00:00] Sync window: 2026-07-01 → 2026-09-30
[2026-07-30T21:06:04+00:00] Bookings from calendar: 14
[2026-07-30T21:06:04+00:00] Active deals: 176
[2026-07-30T21:06:04+00:00] Titles not matched to active deals: Бронирование
[2026-07-30T21:06:04+00:00] Assignments: 6
[2026-07-30T21:06:04+00:00] No cell changes
[2026-07-30T21:06:04+00:00] State saved
[2026-07-30T21:06:04+00:00] === end (2.66s) ===
[2026-07-30T21:08:01+00:00] === start ===
[2026-07-30T21:08:02+00:00] Sheet rows: 32, month headers: 3
[2026-07-30T21:08:02+00:00] Columns: {"Тусюк":"B","Муха":"C","Козлянко":"D","Юрченков":"E"}
[2026-07-30T21:08:03+00:00] Tech users: {"57":"Тусюк","65":"Козлянко","67":"Муха","71":"Юрченков"}
[2026-07-30T21:08:03+00:00] Sync window: 2026-07-01 → 2026-09-30
[2026-07-30T21:08:03+00:00] Bookings from calendar: 14
[2026-07-30T21:08:04+00:00] Active deals: 176
[2026-07-30T21:08:04+00:00] Titles not matched to active deals: Бронирование
[2026-07-30T21:08:04+00:00] Assignments: 6
[2026-07-30T21:08:04+00:00] No cell changes
[2026-07-30T21:08:04+00:00] State saved
[2026-07-30T21:08:04+00:00] === end (2.78s) ===
[2026-07-30T21:10:01+00:00] === start ===
[2026-07-30T21:10:02+00:00] Sheet rows: 32, month headers: 3
[2026-07-30T21:10:03+00:00] Columns: {"Тусюк":"B","Муха":"C","Козлянко":"D","Юрченков":"E"}
[2026-07-30T21:10:03+00:00] Tech users: {"57":"Тусюк","65":"Козлянко","67":"Муха","71":"Юрченков"}
[2026-07-30T21:10:03+00:00] Sync window: 2026-07-01 → 2026-09-30
[2026-07-30T21:10:04+00:00] Bookings from calendar: 14
[2026-07-30T21:10:04+00:00] Active deals: 176
[2026-07-30T21:10:04+00:00] Titles not matched to active deals: Бронирование
[2026-07-30T21:10:04+00:00] Assignments: 6
[2026-07-30T21:10:04+00:00] No cell changes
[2026-07-30T21:10:04+00:00] State saved
[2026-07-30T21:10:04+00:00] === end (3.29s) ===
[2026-07-30T21:12:01+00:00] === start ===
[2026-07-30T21:12:02+00:00] Sheet rows: 32, month headers: 3
[2026-07-30T21:12:03+00:00] Columns: {"Тусюк":"B","Муха":"C","Козлянко":"D","Юрченков":"E"}
[2026-07-30T21:12:03+00:00] Tech users: {"57":"Тусюк","65":"Козлянко","67":"Муха","71":"Юрченков"}
[2026-07-30T21:12:03+00:00] Sync window: 2026-07-01 → 2026-09-30
[2026-07-30T21:12:03+00:00] Bookings from calendar: 14
[2026-07-30T21:12:04+00:00] Active deals: 176
[2026-07-30T21:12:04+00:00] Titles not matched to active deals: Бронирование
[2026-07-30T21:12:04+00:00] Assignments: 6
[2026-07-30T21:12:04+00:00] No cell changes
[2026-07-30T21:12:04+00:00] State saved
[2026-07-30T21:12:04+00:00] === end (2.46s) ===
[2026-07-30T21:14:01+00:00] === start ===
[2026-07-30T21:14:01+00:00] Sheet rows: 32, month headers: 3
[2026-07-30T21:14:02+00:00] Columns: {"Тусюк":"B","Муха":"C","Козлянко":"D","Юрченков":"E"}
[2026-07-30T21:14:02+00:00] Tech users: {"57":"Тусюк","65":"Козлянко","67":"Муха","71":"Юрченков"}
[2026-07-30T21:14:02+00:00] Sync window: 2026-07-01 → 2026-09-30
[2026-07-30T21:14:03+00:00] Bookings from calendar: 14
[2026-07-30T21:14:03+00:00] Active deals: 176
[2026-07-30T21:14:03+00:00] Titles not matched to active deals: Бронирование
[2026-07-30T21:14:03+00:00] Assignments: 6
[2026-07-30T21:14:03+00:00] No cell changes
[2026-07-30T21:14:03+00:00] State saved
[2026-07-30T21:14:03+00:00] === end (2.43s) ===
[2026-07-30T21:16:01+00:00] === start ===
[2026-07-30T21:16:01+00:00] Sheet rows: 32, month headers: 3
[2026-07-30T21:16:02+00:00] Columns: {"Тусюк":"B","Муха":"C","Козлянко":"D","Юрченков":"E"}
[2026-07-30T21:16:02+00:00] Tech users: {"57":"Тусюк","65":"Козлянко","67":"Муха","71":"Юрченков"}
[2026-07-30T21:16:02+00:00] Sync window: 2026-07-01 → 2026-09-30
[2026-07-30T21:16:03+00:00] Bookings from calendar: 14
[2026-07-30T21:16:03+00:00] Active deals: 176
[2026-07-30T21:16:03+00:00] Titles not matched to active deals: Бронирование
[2026-07-30T21:16:03+00:00] Assignments: 6
[2026-07-30T21:16:03+00:00] No cell changes
[2026-07-30T21:16:03+00:00] State saved
[2026-07-30T21:16:03+00:00] === end (2.62s) ===
[2026-07-30T21:18:01+00:00] === start ===
[2026-07-30T21:18:01+00:00] Sheet rows: 32, month headers: 3
[2026-07-30T21:18:02+00:00] Columns: {"Тусюк":"B","Муха":"C","Козлянко":"D","Юрченков":"E"}
[2026-07-30T21:18:02+00:00] Tech users: {"57":"Тусюк","65":"Козлянко","67":"Муха","71":"Юрченков"}
[2026-07-30T21:18:02+00:00] Sync window: 2026-07-01 → 2026-09-30
[2026-07-30T21:18:03+00:00] Bookings from calendar: 14
[2026-07-30T21:18:04+00:00] Active deals: 176
[2026-07-30T21:18:04+00:00] Titles not matched to active deals: Бронирование
[2026-07-30T21:18:04+00:00] Assignments: 6
[2026-07-30T21:18:04+00:00] No cell changes
[2026-07-30T21:18:04+00:00] State saved
[2026-07-30T21:18:04+00:00] === end (3.11s) ===
[2026-07-30T21:20:01+00:00] === start ===
[2026-07-30T21:20:01+00:00] Sheet rows: 32, month headers: 3
[2026-07-30T21:20:01+00:00] Columns: {"Тусюк":"B","Муха":"C","Козлянко":"D","Юрченков":"E"}
[2026-07-30T21:20:02+00:00] Tech users: {"57":"Тусюк","65":"Козлянко","67":"Муха","71":"Юрченков"}
[2026-07-30T21:20:02+00:00] Sync window: 2026-07-01 → 2026-09-30
[2026-07-30T21:20:02+00:00] Bookings from calendar: 14
[2026-07-30T21:20:03+00:00] Active deals: 176
[2026-07-30T21:20:03+00:00] Titles not matched to active deals: Бронирование
[2026-07-30T21:20:03+00:00] Assignments: 6
[2026-07-30T21:20:03+00:00] No cell changes
[2026-07-30T21:20:03+00:00] State saved
[2026-07-30T21:20:03+00:00] === end (2.01s) ===
[2026-07-30T21:22:01+00:00] === start ===
[2026-07-30T21:22:02+00:00] Sheet rows: 32, month headers: 3
[2026-07-30T21:22:02+00:00] Columns: {"Тусюк":"B","Муха":"C","Козлянко":"D","Юрченков":"E"}
[2026-07-30T21:22:02+00:00] Tech users: {"57":"Тусюк","65":"Козлянко","67":"Муха","71":"Юрченков"}
[2026-07-30T21:22:02+00:00] Sync window: 2026-07-01 → 2026-09-30
[2026-07-30T21:22:03+00:00] Bookings from calendar: 14
[2026-07-30T21:22:04+00:00] Active deals: 176
[2026-07-30T21:22:04+00:00] Titles not matched to active deals: Бронирование
[2026-07-30T21:22:04+00:00] Assignments: 6
[2026-07-30T21:22:04+00:00] No cell changes
[2026-07-30T21:22:04+00:00] State saved
[2026-07-30T21:22:04+00:00] === end (3.01s) ===
[2026-07-30T21:24:01+00:00] === start ===
[2026-07-30T21:24:02+00:00] Sheet rows: 32, month headers: 3
[2026-07-30T21:24:02+00:00] Columns: {"Тусюк":"B","Муха":"C","Козлянко":"D","Юрченков":"E"}
[2026-07-30T21:24:03+00:00] Tech users: {"57":"Тусюк","65":"Козлянко","67":"Муха","71":"Юрченков"}
[2026-07-30T21:24:03+00:00] Sync window: 2026-07-01 → 2026-09-30
[2026-07-30T21:24:03+00:00] Bookings from calendar: 14
[2026-07-30T21:24:04+00:00] Active deals: 176
[2026-07-30T21:24:04+00:00] Titles not matched to active deals: Бронирование
[2026-07-30T21:24:04+00:00] Assignments: 6
[2026-07-30T21:24:04+00:00] No cell changes
[2026-07-30T21:24:04+00:00] State saved
[2026-07-30T21:24:04+00:00] === end (2.94s) ===
[2026-07-30T21:26:01+00:00] === start ===
[2026-07-30T21:26:02+00:00] Sheet rows: 32, month headers: 3
[2026-07-30T21:26:03+00:00] Columns: {"Тусюк":"B","Муха":"C","Козлянко":"D","Юрченков":"E"}
[2026-07-30T21:26:03+00:00] Tech users: {"57":"Тусюк","65":"Козлянко","67":"Муха","71":"Юрченков"}
[2026-07-30T21:26:03+00:00] Sync window: 2026-07-01 → 2026-09-30
[2026-07-30T21:26:03+00:00] Bookings from calendar: 14
[2026-07-30T21:26:04+00:00] Active deals: 176
[2026-07-30T21:26:04+00:00] Titles not matched to active deals: Бронирование
[2026-07-30T21:26:04+00:00] Assignments: 6
[2026-07-30T21:26:04+00:00] No cell changes
[2026-07-30T21:26:04+00:00] State saved
[2026-07-30T21:26:04+00:00] === end (3.1s) ===
[2026-07-30T21:28:01+00:00] === start ===
[2026-07-30T21:28:02+00:00] Sheet rows: 32, month headers: 3
[2026-07-30T21:28:02+00:00] Columns: {"Тусюк":"B","Муха":"C","Козлянко":"D","Юрченков":"E"}
[2026-07-30T21:28:02+00:00] Tech users: {"57":"Тусюк","65":"Козлянко","67":"Муха","71":"Юрченков"}
[2026-07-30T21:28:02+00:00] Sync window: 2026-07-01 → 2026-09-30
[2026-07-30T21:28:03+00:00] Bookings from calendar: 14
[2026-07-30T21:28:04+00:00] Active deals: 176
[2026-07-30T21:28:04+00:00] Titles not matched to active deals: Бронирование
[2026-07-30T21:28:04+00:00] Assignments: 6
[2026-07-30T21:28:04+00:00] No cell changes
[2026-07-30T21:28:04+00:00] State saved
[2026-07-30T21:28:04+00:00] === end (2.73s) ===
[2026-07-30T21:30:01+00:00] === start ===
[2026-07-30T21:30:02+00:00] Sheet rows: 32, month headers: 3
[2026-07-30T21:30:03+00:00] Columns: {"Тусюк":"B","Муха":"C","Козлянко":"D","Юрченков":"E"}
[2026-07-30T21:30:03+00:00] Tech users: {"57":"Тусюк","65":"Козлянко","67":"Муха","71":"Юрченков"}
[2026-07-30T21:30:03+00:00] Sync window: 2026-07-01 → 2026-09-30
[2026-07-30T21:30:04+00:00] Bookings from calendar: 14
[2026-07-30T21:30:04+00:00] Active deals: 176
[2026-07-30T21:30:04+00:00] Titles not matched to active deals: Бронирование
[2026-07-30T21:30:04+00:00] Assignments: 6
[2026-07-30T21:30:04+00:00] No cell changes
[2026-07-30T21:30:04+00:00] State saved
[2026-07-30T21:30:04+00:00] === end (3.35s) ===
[2026-07-30T21:32:01+00:00] === start ===
[2026-07-30T21:32:02+00:00] Sheet rows: 32, month headers: 3
[2026-07-30T21:32:03+00:00] Columns: {"Тусюк":"B","Муха":"C","Козлянко":"D","Юрченков":"E"}
[2026-07-30T21:32:03+00:00] Tech users: {"57":"Тусюк","65":"Козлянко","67":"Муха","71":"Юрченков"}
[2026-07-30T21:32:03+00:00] Sync window: 2026-07-01 → 2026-09-30
[2026-07-30T21:32:04+00:00] Bookings from calendar: 14
[2026-07-30T21:32:04+00:00] Active deals: 176
[2026-07-30T21:32:04+00:00] Titles not matched to active deals: Бронирование
[2026-07-30T21:32:04+00:00] Assignments: 6
[2026-07-30T21:32:04+00:00] No cell changes
[2026-07-30T21:32:04+00:00] State saved
[2026-07-30T21:32:04+00:00] === end (2.89s) ===
[2026-07-30T21:34:01+00:00] === start ===
[2026-07-30T21:34:02+00:00] Sheet rows: 32, month headers: 3
[2026-07-30T21:34:03+00:00] Columns: {"Тусюк":"B","Муха":"C","Козлянко":"D","Юрченков":"E"}
[2026-07-30T21:34:03+00:00] Tech users: {"57":"Тусюк","65":"Козлянко","67":"Муха","71":"Юрченков"}
[2026-07-30T21:34:03+00:00] Sync window: 2026-07-01 → 2026-09-30
[2026-07-30T21:34:04+00:00] Bookings from calendar: 14
[2026-07-30T21:34:04+00:00] Active deals: 176
[2026-07-30T21:34:04+00:00] Titles not matched to active deals: Бронирование
[2026-07-30T21:34:04+00:00] Assignments: 6
[2026-07-30T21:34:04+00:00] No cell changes
[2026-07-30T21:34:04+00:00] State saved
[2026-07-30T21:34:04+00:00] === end (3.22s) ===
[2026-07-30T21:36:02+00:00] === start ===
[2026-07-30T21:36:02+00:00] Sheet rows: 32, month headers: 3
[2026-07-30T21:36:03+00:00] Columns: {"Тусюк":"B","Муха":"C","Козлянко":"D","Юрченков":"E"}
[2026-07-30T21:36:03+00:00] Tech users: {"57":"Тусюк","65":"Козлянко","67":"Муха","71":"Юрченков"}
[2026-07-30T21:36:03+00:00] Sync window: 2026-07-01 → 2026-09-30
[2026-07-30T21:36:04+00:00] Bookings from calendar: 14
[2026-07-30T21:36:04+00:00] Active deals: 176
[2026-07-30T21:36:04+00:00] Titles not matched to active deals: Бронирование
[2026-07-30T21:36:04+00:00] Assignments: 6
[2026-07-30T21:36:04+00:00] No cell changes
[2026-07-30T21:36:04+00:00] State saved
[2026-07-30T21:36:04+00:00] === end (2.69s) ===
[2026-07-30T21:38:01+00:00] === start ===
[2026-07-30T21:38:02+00:00] Sheet rows: 32, month headers: 3
[2026-07-30T21:38:02+00:00] Columns: {"Тусюк":"B","Муха":"C","Козлянко":"D","Юрченков":"E"}
[2026-07-30T21:38:03+00:00] Tech users: {"57":"Тусюк","65":"Козлянко","67":"Муха","71":"Юрченков"}
[2026-07-30T21:38:03+00:00] Sync window: 2026-07-01 → 2026-09-30
[2026-07-30T21:38:04+00:00] Bookings from calendar: 14
[2026-07-30T21:38:04+00:00] Active deals: 176
[2026-07-30T21:38:04+00:00] Titles not matched to active deals: Бронирование
[2026-07-30T21:38:04+00:00] Assignments: 6
[2026-07-30T21:38:04+00:00] No cell changes
[2026-07-30T21:38:04+00:00] State saved
[2026-07-30T21:38:04+00:00] === end (2.98s) ===
[2026-07-30T21:40:01+00:00] === start ===
[2026-07-30T21:40:02+00:00] Sheet rows: 32, month headers: 3
[2026-07-30T21:40:03+00:00] Columns: {"Тусюк":"B","Муха":"C","Козлянко":"D","Юрченков":"E"}
[2026-07-30T21:40:03+00:00] Tech users: {"57":"Тусюк","65":"Козлянко","67":"Муха","71":"Юрченков"}
[2026-07-30T21:40:03+00:00] Sync window: 2026-07-01 → 2026-09-30
[2026-07-30T21:40:04+00:00] Bookings from calendar: 14
[2026-07-30T21:40:05+00:00] Active deals: 176
[2026-07-30T21:40:05+00:00] Titles not matched to active deals: Бронирование
[2026-07-30T21:40:05+00:00] Assignments: 6
[2026-07-30T21:40:05+00:00] No cell changes
[2026-07-30T21:40:05+00:00] State saved
[2026-07-30T21:40:05+00:00] === end (3.25s) ===
[2026-07-30T21:42:01+00:00] === start ===
[2026-07-30T21:42:02+00:00] Sheet rows: 32, month headers: 3
[2026-07-30T21:42:02+00:00] Columns: {"Тусюк":"B","Муха":"C","Козлянко":"D","Юрченков":"E"}
[2026-07-30T21:42:02+00:00] Tech users: {"57":"Тусюк","65":"Козлянко","67":"Муха","71":"Юрченков"}
[2026-07-30T21:42:02+00:00] Sync window: 2026-07-01 → 2026-09-30
[2026-07-30T21:42:03+00:00] Bookings from calendar: 14
[2026-07-30T21:42:04+00:00] Active deals: 176
[2026-07-30T21:42:04+00:00] Titles not matched to active deals: Бронирование
[2026-07-30T21:42:04+00:00] Assignments: 6
[2026-07-30T21:42:04+00:00] No cell changes
[2026-07-30T21:42:04+00:00] State saved
[2026-07-30T21:42:04+00:00] === end (3.02s) ===
[2026-07-30T21:44:01+00:00] === start ===
[2026-07-30T21:44:01+00:00] Sheet rows: 32, month headers: 3
[2026-07-30T21:44:02+00:00] Columns: {"Тусюк":"B","Муха":"C","Козлянко":"D","Юрченков":"E"}
[2026-07-30T21:44:02+00:00] Tech users: {"57":"Тусюк","65":"Козлянко","67":"Муха","71":"Юрченков"}
[2026-07-30T21:44:02+00:00] Sync window: 2026-07-01 → 2026-09-30
[2026-07-30T21:44:03+00:00] Bookings from calendar: 14
[2026-07-30T21:44:03+00:00] Active deals: 176
[2026-07-30T21:44:03+00:00] Titles not matched to active deals: Бронирование
[2026-07-30T21:44:03+00:00] Assignments: 6
[2026-07-30T21:44:03+00:00] No cell changes
[2026-07-30T21:44:03+00:00] State saved
[2026-07-30T21:44:03+00:00] === end (2.56s) ===
[2026-07-30T21:46:01+00:00] === start ===
[2026-07-30T21:46:01+00:00] Sheet rows: 32, month headers: 3
[2026-07-30T21:46:02+00:00] Columns: {"Тусюк":"B","Муха":"C","Козлянко":"D","Юрченков":"E"}
[2026-07-30T21:46:02+00:00] Tech users: {"57":"Тусюк","65":"Козлянко","67":"Муха","71":"Юрченков"}
[2026-07-30T21:46:02+00:00] Sync window: 2026-07-01 → 2026-09-30
[2026-07-30T21:46:02+00:00] Bookings from calendar: 14
[2026-07-30T21:46:03+00:00] Active deals: 176
[2026-07-30T21:46:03+00:00] Titles not matched to active deals: Бронирование
[2026-07-30T21:46:03+00:00] Assignments: 6
[2026-07-30T21:46:03+00:00] No cell changes
[2026-07-30T21:46:03+00:00] State saved
[2026-07-30T21:46:03+00:00] === end (2.58s) ===
[2026-07-30T21:48:01+00:00] === start ===
[2026-07-30T21:48:02+00:00] Sheet rows: 32, month headers: 3
[2026-07-30T21:48:03+00:00] Columns: {"Тусюк":"B","Муха":"C","Козлянко":"D","Юрченков":"E"}
[2026-07-30T21:48:03+00:00] Tech users: {"57":"Тусюк","65":"Козлянко","67":"Муха","71":"Юрченков"}
[2026-07-30T21:48:03+00:00] Sync window: 2026-07-01 → 2026-09-30
[2026-07-30T21:48:03+00:00] Bookings from calendar: 14
[2026-07-30T21:48:04+00:00] Active deals: 176
[2026-07-30T21:48:04+00:00] Titles not matched to active deals: Бронирование
[2026-07-30T21:48:04+00:00] Assignments: 6
[2026-07-30T21:48:04+00:00] No cell changes
[2026-07-30T21:48:04+00:00] State saved
[2026-07-30T21:48:04+00:00] === end (2.78s) ===
[2026-07-30T21:50:01+00:00] === start ===
[2026-07-30T21:50:02+00:00] Sheet rows: 32, month headers: 3
[2026-07-30T21:50:02+00:00] Columns: {"Тусюк":"B","Муха":"C","Козлянко":"D","Юрченков":"E"}
[2026-07-30T21:50:02+00:00] Tech users: {"57":"Тусюк","65":"Козлянко","67":"Муха","71":"Юрченков"}
[2026-07-30T21:50:02+00:00] Sync window: 2026-07-01 → 2026-09-30
[2026-07-30T21:50:03+00:00] Bookings from calendar: 14
[2026-07-30T21:50:04+00:00] Active deals: 176
[2026-07-30T21:50:04+00:00] Titles not matched to active deals: Бронирование
[2026-07-30T21:50:04+00:00] Assignments: 6
[2026-07-30T21:50:04+00:00] No cell changes
[2026-07-30T21:50:04+00:00] State saved
[2026-07-30T21:50:04+00:00] === end (2.5s) ===
[2026-07-30T21:52:01+00:00] === start ===
[2026-07-30T21:52:01+00:00] Sheet rows: 32, month headers: 3
[2026-07-30T21:52:02+00:00] Columns: {"Тусюк":"B","Муха":"C","Козлянко":"D","Юрченков":"E"}
[2026-07-30T21:52:02+00:00] Tech users: {"57":"Тусюк","65":"Козлянко","67":"Муха","71":"Юрченков"}
[2026-07-30T21:52:02+00:00] Sync window: 2026-07-01 → 2026-09-30
[2026-07-30T21:52:03+00:00] Bookings from calendar: 14
[2026-07-30T21:52:03+00:00] Active deals: 176
[2026-07-30T21:52:03+00:00] Titles not matched to active deals: Бронирование
[2026-07-30T21:52:03+00:00] Assignments: 6
[2026-07-30T21:52:03+00:00] No cell changes
[2026-07-30T21:52:03+00:00] State saved
[2026-07-30T21:52:03+00:00] === end (2.58s) ===
[2026-07-30T21:54:01+00:00] === start ===
[2026-07-30T21:54:02+00:00] Sheet rows: 32, month headers: 3
[2026-07-30T21:54:02+00:00] Columns: {"Тусюк":"B","Муха":"C","Козлянко":"D","Юрченков":"E"}
[2026-07-30T21:54:03+00:00] Tech users: {"57":"Тусюк","65":"Козлянко","67":"Муха","71":"Юрченков"}
[2026-07-30T21:54:03+00:00] Sync window: 2026-07-01 → 2026-09-30
[2026-07-30T21:54:03+00:00] Bookings from calendar: 14
[2026-07-30T21:54:04+00:00] Active deals: 176
[2026-07-30T21:54:04+00:00] Titles not matched to active deals: Бронирование
[2026-07-30T21:54:04+00:00] Assignments: 6
[2026-07-30T21:54:04+00:00] No cell changes
[2026-07-30T21:54:04+00:00] State saved
[2026-07-30T21:54:04+00:00] === end (2.64s) ===
[2026-07-30T21:56:01+00:00] === start ===
[2026-07-30T21:56:02+00:00] Sheet rows: 32, month headers: 3
[2026-07-30T21:56:02+00:00] Columns: {"Тусюк":"B","Муха":"C","Козлянко":"D","Юрченков":"E"}
[2026-07-30T21:56:02+00:00] Tech users: {"57":"Тусюк","65":"Козлянко","67":"Муха","71":"Юрченков"}
[2026-07-30T21:56:02+00:00] Sync window: 2026-07-01 → 2026-09-30
[2026-07-30T21:56:03+00:00] Bookings from calendar: 14
[2026-07-30T21:56:04+00:00] Active deals: 176
[2026-07-30T21:56:04+00:00] Titles not matched to active deals: Бронирование
[2026-07-30T21:56:04+00:00] Assignments: 6
[2026-07-30T21:56:04+00:00] No cell changes
[2026-07-30T21:56:04+00:00] State saved
[2026-07-30T21:56:04+00:00] === end (2.48s) ===
[2026-07-30T21:58:01+00:00] === start ===
[2026-07-30T21:58:01+00:00] Sheet rows: 32, month headers: 3
[2026-07-30T21:58:02+00:00] Columns: {"Тусюк":"B","Муха":"C","Козлянко":"D","Юрченков":"E"}
[2026-07-30T21:58:02+00:00] Tech users: {"57":"Тусюк","65":"Козлянко","67":"Муха","71":"Юрченков"}
[2026-07-30T21:58:02+00:00] Sync window: 2026-07-01 → 2026-09-30
[2026-07-30T21:58:03+00:00] Bookings from calendar: 14
[2026-07-30T21:58:04+00:00] Active deals: 176
[2026-07-30T21:58:04+00:00] Titles not matched to active deals: Бронирование
[2026-07-30T21:58:04+00:00] Assignments: 6
[2026-07-30T21:58:04+00:00] No cell changes
[2026-07-30T21:58:04+00:00] State saved
[2026-07-30T21:58:04+00:00] === end (3.04s) ===
[2026-07-30T22:00:01+00:00] === start ===
[2026-07-30T22:00:02+00:00] Sheet rows: 32, month headers: 3
[2026-07-30T22:00:02+00:00] Columns: {"Тусюк":"B","Муха":"C","Козлянко":"D","Юрченков":"E"}
[2026-07-30T22:00:03+00:00] Tech users: {"57":"Тусюк","65":"Козлянко","67":"Муха","71":"Юрченков"}
[2026-07-30T22:00:03+00:00] Sync window: 2026-07-01 → 2026-09-30
[2026-07-30T22:00:03+00:00] Bookings from calendar: 14
[2026-07-30T22:00:04+00:00] Active deals: 176
[2026-07-30T22:00:04+00:00] Titles not matched to active deals: Бронирование
[2026-07-30T22:00:04+00:00] Assignments: 6
[2026-07-30T22:00:04+00:00] No cell changes
[2026-07-30T22:00:04+00:00] State saved
[2026-07-30T22:00:04+00:00] === end (3.07s) ===
[2026-07-30T22:02:01+00:00] === start ===
[2026-07-30T22:02:01+00:00] Sheet rows: 32, month headers: 3
[2026-07-30T22:02:01+00:00] Columns: {"Тусюк":"B","Муха":"C","Козлянко":"D","Юрченков":"E"}
[2026-07-30T22:02:02+00:00] Tech users: {"57":"Тусюк","65":"Козлянко","67":"Муха","71":"Юрченков"}
[2026-07-30T22:02:02+00:00] Sync window: 2026-07-01 → 2026-09-30
[2026-07-30T22:02:02+00:00] Bookings from calendar: 14
[2026-07-30T22:02:03+00:00] Active deals: 176
[2026-07-30T22:02:03+00:00] Titles not matched to active deals: Бронирование
[2026-07-30T22:02:03+00:00] Assignments: 6
[2026-07-30T22:02:03+00:00] No cell changes
[2026-07-30T22:02:03+00:00] State saved
[2026-07-30T22:02:03+00:00] === end (1.99s) ===
[2026-07-30T22:04:01+00:00] === start ===
[2026-07-30T22:04:01+00:00] Sheet rows: 32, month headers: 3
[2026-07-30T22:04:01+00:00] Columns: {"Тусюк":"B","Муха":"C","Козлянко":"D","Юрченков":"E"}
[2026-07-30T22:04:02+00:00] Tech users: {"57":"Тусюк","65":"Козлянко","67":"Муха","71":"Юрченков"}
[2026-07-30T22:04:02+00:00] Sync window: 2026-07-01 → 2026-09-30
[2026-07-30T22:04:02+00:00] Bookings from calendar: 14
[2026-07-30T22:04:03+00:00] Active deals: 176
[2026-07-30T22:04:03+00:00] Titles not matched to active deals: Бронирование
[2026-07-30T22:04:03+00:00] Assignments: 6
[2026-07-30T22:04:03+00:00] No cell changes
[2026-07-30T22:04:03+00:00] State saved
[2026-07-30T22:04:03+00:00] === end (2.03s) ===
[2026-07-30T22:06:01+00:00] === start ===
[2026-07-30T22:06:01+00:00] Sheet rows: 32, month headers: 3
[2026-07-30T22:06:02+00:00] Columns: {"Тусюк":"B","Муха":"C","Козлянко":"D","Юрченков":"E"}
[2026-07-30T22:06:02+00:00] Tech users: {"57":"Тусюк","65":"Козлянко","67":"Муха","71":"Юрченков"}
[2026-07-30T22:06:02+00:00] Sync window: 2026-07-01 → 2026-09-30
[2026-07-30T22:06:03+00:00] Bookings from calendar: 14
[2026-07-30T22:06:04+00:00] Active deals: 176
[2026-07-30T22:06:04+00:00] Titles not matched to active deals: Бронирование
[2026-07-30T22:06:04+00:00] Assignments: 6
[2026-07-30T22:06:04+00:00] No cell changes
[2026-07-30T22:06:04+00:00] State saved
[2026-07-30T22:06:04+00:00] === end (2.52s) ===
[2026-07-30T22:08:01+00:00] === start ===
[2026-07-30T22:08:01+00:00] Sheet rows: 32, month headers: 3
[2026-07-30T22:08:01+00:00] Columns: {"Тусюк":"B","Муха":"C","Козлянко":"D","Юрченков":"E"}
[2026-07-30T22:08:02+00:00] Tech users: {"57":"Тусюк","65":"Козлянко","67":"Муха","71":"Юрченков"}
[2026-07-30T22:08:02+00:00] Sync window: 2026-07-01 → 2026-09-30
[2026-07-30T22:08:02+00:00] Bookings from calendar: 14
[2026-07-30T22:08:03+00:00] Active deals: 176
[2026-07-30T22:08:03+00:00] Titles not matched to active deals: Бронирование
[2026-07-30T22:08:03+00:00] Assignments: 6
[2026-07-30T22:08:03+00:00] No cell changes
[2026-07-30T22:08:03+00:00] State saved
[2026-07-30T22:08:03+00:00] === end (2.06s) ===
[2026-07-30T22:10:01+00:00] === start ===
[2026-07-30T22:10:01+00:00] Sheet rows: 32, month headers: 3
[2026-07-30T22:10:02+00:00] Columns: {"Тусюк":"B","Муха":"C","Козлянко":"D","Юрченков":"E"}
[2026-07-30T22:10:02+00:00] Tech users: {"57":"Тусюк","65":"Козлянко","67":"Муха","71":"Юрченков"}
[2026-07-30T22:10:02+00:00] Sync window: 2026-07-01 → 2026-09-30
[2026-07-30T22:10:03+00:00] Bookings from calendar: 14
[2026-07-30T22:10:03+00:00] Active deals: 176
[2026-07-30T22:10:03+00:00] Titles not matched to active deals: Бронирование
[2026-07-30T22:10:03+00:00] Assignments: 6
[2026-07-30T22:10:03+00:00] No cell changes
[2026-07-30T22:10:03+00:00] State saved
[2026-07-30T22:10:03+00:00] === end (2.57s) ===
[2026-07-30T22:12:01+00:00] === start ===
[2026-07-30T22:12:02+00:00] Sheet rows: 32, month headers: 3
[2026-07-30T22:12:03+00:00] Columns: {"Тусюк":"B","Муха":"C","Козлянко":"D","Юрченков":"E"}
[2026-07-30T22:12:03+00:00] Tech users: {"57":"Тусюк","65":"Козлянко","67":"Муха","71":"Юрченков"}
[2026-07-30T22:12:03+00:00] Sync window: 2026-07-01 → 2026-09-30
[2026-07-30T22:12:03+00:00] Bookings from calendar: 14
[2026-07-30T22:12:04+00:00] Active deals: 176
[2026-07-30T22:12:04+00:00] Titles not matched to active deals: Бронирование
[2026-07-30T22:12:04+00:00] Assignments: 6
[2026-07-30T22:12:04+00:00] No cell changes
[2026-07-30T22:12:04+00:00] State saved
[2026-07-30T22:12:04+00:00] === end (2.56s) ===
[2026-07-30T22:14:01+00:00] === start ===
[2026-07-30T22:14:01+00:00] Sheet rows: 32, month headers: 3
[2026-07-30T22:14:02+00:00] Columns: {"Тусюк":"B","Муха":"C","Козлянко":"D","Юрченков":"E"}
[2026-07-30T22:14:02+00:00] Tech users: {"57":"Тусюк","65":"Козлянко","67":"Муха","71":"Юрченков"}
[2026-07-30T22:14:02+00:00] Sync window: 2026-07-01 → 2026-09-30
[2026-07-30T22:14:02+00:00] Bookings from calendar: 14
[2026-07-30T22:14:03+00:00] Active deals: 176
[2026-07-30T22:14:03+00:00] Titles not matched to active deals: Бронирование
[2026-07-30T22:14:03+00:00] Assignments: 6
[2026-07-30T22:14:03+00:00] No cell changes
[2026-07-30T22:14:03+00:00] State saved
[2026-07-30T22:14:03+00:00] === end (2.09s) ===
[2026-07-30T22:16:01+00:00] === start ===
[2026-07-30T22:16:01+00:00] Sheet rows: 32, month headers: 3
[2026-07-30T22:16:01+00:00] Columns: {"Тусюк":"B","Муха":"C","Козлянко":"D","Юрченков":"E"}
[2026-07-30T22:16:02+00:00] Tech users: {"57":"Тусюк","65":"Козлянко","67":"Муха","71":"Юрченков"}
[2026-07-30T22:16:02+00:00] Sync window: 2026-07-01 → 2026-09-30
[2026-07-30T22:16:02+00:00] Bookings from calendar: 14
[2026-07-30T22:16:06+00:00] Active deals: 176
[2026-07-30T22:16:06+00:00] Titles not matched to active deals: Бронирование
[2026-07-30T22:16:06+00:00] Assignments: 6
[2026-07-30T22:16:06+00:00] No cell changes
[2026-07-30T22:16:06+00:00] State saved
[2026-07-30T22:16:06+00:00] === end (4.92s) ===
[2026-07-30T22:18:01+00:00] === start ===
[2026-07-30T22:18:02+00:00] Sheet rows: 32, month headers: 3
[2026-07-30T22:18:02+00:00] Columns: {"Тусюк":"B","Муха":"C","Козлянко":"D","Юрченков":"E"}
[2026-07-30T22:18:02+00:00] Tech users: {"57":"Тусюк","65":"Козлянко","67":"Муха","71":"Юрченков"}
[2026-07-30T22:18:02+00:00] Sync window: 2026-07-01 → 2026-09-30
[2026-07-30T22:18:03+00:00] Bookings from calendar: 14
[2026-07-30T22:18:04+00:00] Active deals: 176
[2026-07-30T22:18:04+00:00] Titles not matched to active deals: Бронирование
[2026-07-30T22:18:04+00:00] Assignments: 6
[2026-07-30T22:18:04+00:00] No cell changes
[2026-07-30T22:18:04+00:00] State saved
[2026-07-30T22:18:04+00:00] === end (2.69s) ===
[2026-07-30T22:20:01+00:00] === start ===
[2026-07-30T22:20:01+00:00] Sheet rows: 32, month headers: 3
[2026-07-30T22:20:02+00:00] Columns: {"Тусюк":"B","Муха":"C","Козлянко":"D","Юрченков":"E"}
[2026-07-30T22:20:02+00:00] Tech users: {"57":"Тусюк","65":"Козлянко","67":"Муха","71":"Юрченков"}
[2026-07-30T22:20:02+00:00] Sync window: 2026-07-01 → 2026-09-30
[2026-07-30T22:20:02+00:00] Bookings from calendar: 14
[2026-07-30T22:20:03+00:00] Active deals: 176
[2026-07-30T22:20:03+00:00] Titles not matched to active deals: Бронирование
[2026-07-30T22:20:03+00:00] Assignments: 6
[2026-07-30T22:20:03+00:00] No cell changes
[2026-07-30T22:20:03+00:00] State saved
[2026-07-30T22:20:03+00:00] === end (2.43s) ===
[2026-07-30T22:22:01+00:00] === start ===
[2026-07-30T22:22:01+00:00] Sheet rows: 32, month headers: 3
[2026-07-30T22:22:02+00:00] Columns: {"Тусюк":"B","Муха":"C","Козлянко":"D","Юрченков":"E"}
[2026-07-30T22:22:02+00:00] Tech users: {"57":"Тусюк","65":"Козлянко","67":"Муха","71":"Юрченков"}
[2026-07-30T22:22:02+00:00] Sync window: 2026-07-01 → 2026-09-30
[2026-07-30T22:22:03+00:00] Bookings from calendar: 14
[2026-07-30T22:22:04+00:00] Active deals: 176
[2026-07-30T22:22:04+00:00] Titles not matched to active deals: Бронирование
[2026-07-30T22:22:04+00:00] Assignments: 6
[2026-07-30T22:22:04+00:00] No cell changes
[2026-07-30T22:22:04+00:00] State saved
[2026-07-30T22:22:04+00:00] === end (2.52s) ===
[2026-07-30T22:24:01+00:00] === start ===
[2026-07-30T22:24:01+00:00] Sheet rows: 32, month headers: 3
[2026-07-30T22:24:01+00:00] Columns: {"Тусюк":"B","Муха":"C","Козлянко":"D","Юрченков":"E"}
[2026-07-30T22:24:01+00:00] Tech users: {"57":"Тусюк","65":"Козлянко","67":"Муха","71":"Юрченков"}
[2026-07-30T22:24:01+00:00] Sync window: 2026-07-01 → 2026-09-30
[2026-07-30T22:24:02+00:00] Bookings from calendar: 14
[2026-07-30T22:24:03+00:00] Active deals: 176
[2026-07-30T22:24:03+00:00] Titles not matched to active deals: Бронирование
[2026-07-30T22:24:03+00:00] Assignments: 6
[2026-07-30T22:24:03+00:00] No cell changes
[2026-07-30T22:24:03+00:00] State saved
[2026-07-30T22:24:03+00:00] === end (1.94s) ===
[2026-07-30T22:26:01+00:00] === start ===
[2026-07-30T22:26:01+00:00] Sheet rows: 32, month headers: 3
[2026-07-30T22:26:02+00:00] Columns: {"Тусюк":"B","Муха":"C","Козлянко":"D","Юрченков":"E"}
[2026-07-30T22:26:02+00:00] Tech users: {"57":"Тусюк","65":"Козлянко","67":"Муха","71":"Юрченков"}
[2026-07-30T22:26:02+00:00] Sync window: 2026-07-01 → 2026-09-30
[2026-07-30T22:26:03+00:00] Bookings from calendar: 14
[2026-07-30T22:26:03+00:00] Active deals: 176
[2026-07-30T22:26:03+00:00] Titles not matched to active deals: Бронирование
[2026-07-30T22:26:03+00:00] Assignments: 6
[2026-07-30T22:26:03+00:00] No cell changes
[2026-07-30T22:26:03+00:00] State saved
[2026-07-30T22:26:03+00:00] === end (2.73s) ===
[2026-07-30T22:28:02+00:00] === start ===
[2026-07-30T22:28:02+00:00] Sheet rows: 32, month headers: 3
[2026-07-30T22:28:02+00:00] Columns: {"Тусюк":"B","Муха":"C","Козлянко":"D","Юрченков":"E"}
[2026-07-30T22:28:02+00:00] Tech users: {"57":"Тусюк","65":"Козлянко","67":"Муха","71":"Юрченков"}
[2026-07-30T22:28:02+00:00] Sync window: 2026-07-01 → 2026-09-30
[2026-07-30T22:28:03+00:00] Bookings from calendar: 14
[2026-07-30T22:28:04+00:00] Active deals: 176
[2026-07-30T22:28:04+00:00] Titles not matched to active deals: Бронирование
[2026-07-30T22:28:04+00:00] Assignments: 6
[2026-07-30T22:28:04+00:00] No cell changes
[2026-07-30T22:28:04+00:00] State saved
[2026-07-30T22:28:04+00:00] === end (2.1s) ===
[2026-07-30T22:30:01+00:00] === start ===
[2026-07-30T22:30:01+00:00] Sheet rows: 32, month headers: 3
[2026-07-30T22:30:01+00:00] Columns: {"Тусюк":"B","Муха":"C","Козлянко":"D","Юрченков":"E"}
[2026-07-30T22:30:01+00:00] Tech users: {"57":"Тусюк","65":"Козлянко","67":"Муха","71":"Юрченков"}
[2026-07-30T22:30:01+00:00] Sync window: 2026-07-01 → 2026-09-30
[2026-07-30T22:30:02+00:00] Bookings from calendar: 14
[2026-07-30T22:30:03+00:00] Active deals: 176
[2026-07-30T22:30:03+00:00] Titles not matched to active deals: Бронирование
[2026-07-30T22:30:03+00:00] Assignments: 6
[2026-07-30T22:30:03+00:00] No cell changes
[2026-07-30T22:30:03+00:00] State saved
[2026-07-30T22:30:03+00:00] === end (2.13s) ===
[2026-07-30T22:32:01+00:00] === start ===
[2026-07-30T22:32:01+00:00] Sheet rows: 32, month headers: 3
[2026-07-30T22:32:02+00:00] Columns: {"Тусюк":"B","Муха":"C","Козлянко":"D","Юрченков":"E"}
[2026-07-30T22:32:02+00:00] Tech users: {"57":"Тусюк","65":"Козлянко","67":"Муха","71":"Юрченков"}
[2026-07-30T22:32:02+00:00] Sync window: 2026-07-01 → 2026-09-30
[2026-07-30T22:32:03+00:00] Bookings from calendar: 14
[2026-07-30T22:32:04+00:00] Active deals: 176
[2026-07-30T22:32:04+00:00] Titles not matched to active deals: Бронирование
[2026-07-30T22:32:04+00:00] Assignments: 6
[2026-07-30T22:32:04+00:00] No cell changes
[2026-07-30T22:32:04+00:00] State saved
[2026-07-30T22:32:04+00:00] === end (2.66s) ===
[2026-07-30T22:34:01+00:00] === start ===
[2026-07-30T22:34:01+00:00] Sheet rows: 32, month headers: 3
[2026-07-30T22:34:02+00:00] Columns: {"Тусюк":"B","Муха":"C","Козлянко":"D","Юрченков":"E"}
[2026-07-30T22:34:02+00:00] Tech users: {"57":"Тусюк","65":"Козлянко","67":"Муха","71":"Юрченков"}
[2026-07-30T22:34:02+00:00] Sync window: 2026-07-01 → 2026-09-30
[2026-07-30T22:34:02+00:00] Bookings from calendar: 14
[2026-07-30T22:34:03+00:00] Active deals: 176
[2026-07-30T22:34:03+00:00] Titles not matched to active deals: Бронирование
[2026-07-30T22:34:03+00:00] Assignments: 6
[2026-07-30T22:34:03+00:00] No cell changes
[2026-07-30T22:34:03+00:00] State saved
[2026-07-30T22:34:03+00:00] === end (2.36s) ===
[2026-07-30T22:36:01+00:00] === start ===
[2026-07-30T22:36:01+00:00] Sheet rows: 32, month headers: 3
[2026-07-30T22:36:02+00:00] Columns: {"Тусюк":"B","Муха":"C","Козлянко":"D","Юрченков":"E"}
[2026-07-30T22:36:02+00:00] Tech users: {"57":"Тусюк","65":"Козлянко","67":"Муха","71":"Юрченков"}
[2026-07-30T22:36:02+00:00] Sync window: 2026-07-01 → 2026-09-30
[2026-07-30T22:36:03+00:00] Bookings from calendar: 14
[2026-07-30T22:36:03+00:00] Active deals: 176
[2026-07-30T22:36:03+00:00] Titles not matched to active deals: Бронирование
[2026-07-30T22:36:03+00:00] Assignments: 6
[2026-07-30T22:36:03+00:00] No cell changes
[2026-07-30T22:36:03+00:00] State saved
[2026-07-30T22:36:03+00:00] === end (2.4s) ===
[2026-07-30T22:38:02+00:00] === start ===
[2026-07-30T22:38:02+00:00] Sheet rows: 32, month headers: 3
[2026-07-30T22:38:03+00:00] Columns: {"Тусюк":"B","Муха":"C","Козлянко":"D","Юрченков":"E"}
[2026-07-30T22:38:03+00:00] Tech users: {"57":"Тусюк","65":"Козлянко","67":"Муха","71":"Юрченков"}
[2026-07-30T22:38:03+00:00] Sync window: 2026-07-01 → 2026-09-30
[2026-07-30T22:38:03+00:00] Bookings from calendar: 14
[2026-07-30T22:38:04+00:00] Active deals: 176
[2026-07-30T22:38:04+00:00] Titles not matched to active deals: Бронирование
[2026-07-30T22:38:04+00:00] Assignments: 6
[2026-07-30T22:38:04+00:00] No cell changes
[2026-07-30T22:38:04+00:00] State saved
[2026-07-30T22:38:04+00:00] === end (2.38s) ===
[2026-07-30T22:40:01+00:00] === start ===
[2026-07-30T22:40:01+00:00] Sheet rows: 32, month headers: 3
[2026-07-30T22:40:02+00:00] Columns: {"Тусюк":"B","Муха":"C","Козлянко":"D","Юрченков":"E"}
[2026-07-30T22:40:02+00:00] Tech users: {"57":"Тусюк","65":"Козлянко","67":"Муха","71":"Юрченков"}
[2026-07-30T22:40:02+00:00] Sync window: 2026-07-01 → 2026-09-30
[2026-07-30T22:40:02+00:00] Bookings from calendar: 14
[2026-07-30T22:40:03+00:00] Active deals: 176
[2026-07-30T22:40:03+00:00] Titles not matched to active deals: Бронирование
[2026-07-30T22:40:03+00:00] Assignments: 6
[2026-07-30T22:40:03+00:00] No cell changes
[2026-07-30T22:40:03+00:00] State saved
[2026-07-30T22:40:03+00:00] === end (1.85s) ===
[2026-07-30T22:42:01+00:00] === start ===
[2026-07-30T22:42:01+00:00] Sheet rows: 32, month headers: 3
[2026-07-30T22:42:02+00:00] Columns: {"Тусюк":"B","Муха":"C","Козлянко":"D","Юрченков":"E"}
[2026-07-30T22:42:02+00:00] Tech users: {"57":"Тусюк","65":"Козлянко","67":"Муха","71":"Юрченков"}
[2026-07-30T22:42:02+00:00] Sync window: 2026-07-01 → 2026-09-30
[2026-07-30T22:42:03+00:00] Bookings from calendar: 14
[2026-07-30T22:42:04+00:00] Active deals: 176
[2026-07-30T22:42:04+00:00] Titles not matched to active deals: Бронирование
[2026-07-30T22:42:04+00:00] Assignments: 6
[2026-07-30T22:42:04+00:00] No cell changes
[2026-07-30T22:42:04+00:00] State saved
[2026-07-30T22:42:04+00:00] === end (2.75s) ===
[2026-07-30T22:44:01+00:00] === start ===
[2026-07-30T22:44:01+00:00] Sheet rows: 32, month headers: 3
[2026-07-30T22:44:01+00:00] Columns: {"Тусюк":"B","Муха":"C","Козлянко":"D","Юрченков":"E"}
[2026-07-30T22:44:02+00:00] Tech users: {"57":"Тусюк","65":"Козлянко","67":"Муха","71":"Юрченков"}
[2026-07-30T22:44:02+00:00] Sync window: 2026-07-01 → 2026-09-30
[2026-07-30T22:44:02+00:00] Bookings from calendar: 14
[2026-07-30T22:44:03+00:00] Active deals: 176
[2026-07-30T22:44:03+00:00] Titles not matched to active deals: Бронирование
[2026-07-30T22:44:03+00:00] Assignments: 6
[2026-07-30T22:44:03+00:00] No cell changes
[2026-07-30T22:44:03+00:00] State saved
[2026-07-30T22:44:03+00:00] === end (2.18s) ===
[2026-07-30T22:46:01+00:00] === start ===
[2026-07-30T22:46:01+00:00] Sheet rows: 32, month headers: 3
[2026-07-30T22:46:02+00:00] Columns: {"Тусюк":"B","Муха":"C","Козлянко":"D","Юрченков":"E"}
[2026-07-30T22:46:02+00:00] Tech users: {"57":"Тусюк","65":"Козлянко","67":"Муха","71":"Юрченков"}
[2026-07-30T22:46:02+00:00] Sync window: 2026-07-01 → 2026-09-30
[2026-07-30T22:46:03+00:00] Bookings from calendar: 14
[2026-07-30T22:46:03+00:00] Active deals: 176
[2026-07-30T22:46:03+00:00] Titles not matched to active deals: Бронирование
[2026-07-30T22:46:03+00:00] Assignments: 6
[2026-07-30T22:46:03+00:00] No cell changes
[2026-07-30T22:46:03+00:00] State saved
[2026-07-30T22:46:03+00:00] === end (2.06s) ===
[2026-07-30T22:48:01+00:00] === start ===
[2026-07-30T22:48:02+00:00] Sheet rows: 32, month headers: 3
[2026-07-30T22:48:03+00:00] Columns: {"Тусюк":"B","Муха":"C","Козлянко":"D","Юрченков":"E"}
[2026-07-30T22:48:03+00:00] Tech users: {"57":"Тусюк","65":"Козлянко","67":"Муха","71":"Юрченков"}
[2026-07-30T22:48:03+00:00] Sync window: 2026-07-01 → 2026-09-30
[2026-07-30T22:48:04+00:00] Bookings from calendar: 14
[2026-07-30T22:48:04+00:00] Active deals: 176
[2026-07-30T22:48:04+00:00] Titles not matched to active deals: Бронирование
[2026-07-30T22:48:04+00:00] Assignments: 6
[2026-07-30T22:48:04+00:00] No cell changes
[2026-07-30T22:48:04+00:00] State saved
[2026-07-30T22:48:04+00:00] === end (2.98s) ===
[2026-07-30T22:50:01+00:00] === start ===
[2026-07-30T22:50:02+00:00] Sheet rows: 32, month headers: 3
[2026-07-30T22:50:02+00:00] Columns: {"Тусюк":"B","Муха":"C","Козлянко":"D","Юрченков":"E"}
[2026-07-30T22:50:02+00:00] Tech users: {"57":"Тусюк","65":"Козлянко","67":"Муха","71":"Юрченков"}
[2026-07-30T22:50:02+00:00] Sync window: 2026-07-01 → 2026-09-30
[2026-07-30T22:50:03+00:00] Bookings from calendar: 14
[2026-07-30T22:50:04+00:00] Active deals: 176
[2026-07-30T22:50:04+00:00] Titles not matched to active deals: Бронирование
[2026-07-30T22:50:04+00:00] Assignments: 6
[2026-07-30T22:50:04+00:00] No cell changes
[2026-07-30T22:50:04+00:00] State saved
[2026-07-30T22:50:04+00:00] === end (2.2s) ===
[2026-07-30T22:52:01+00:00] === start ===
[2026-07-30T22:52:01+00:00] Sheet rows: 32, month headers: 3
[2026-07-30T22:52:02+00:00] Columns: {"Тусюк":"B","Муха":"C","Козлянко":"D","Юрченков":"E"}
[2026-07-30T22:52:02+00:00] Tech users: {"57":"Тусюк","65":"Козлянко","67":"Муха","71":"Юрченков"}
[2026-07-30T22:52:02+00:00] Sync window: 2026-07-01 → 2026-09-30
[2026-07-30T22:52:03+00:00] Bookings from calendar: 14
[2026-07-30T22:52:03+00:00] Active deals: 176
[2026-07-30T22:52:03+00:00] Titles not matched to active deals: Бронирование
[2026-07-30T22:52:03+00:00] Assignments: 6
[2026-07-30T22:52:03+00:00] No cell changes
[2026-07-30T22:52:03+00:00] State saved
[2026-07-30T22:52:03+00:00] === end (2.55s) ===
[2026-07-30T22:54:01+00:00] === start ===
[2026-07-30T22:54:02+00:00] Sheet rows: 32, month headers: 3
[2026-07-30T22:54:02+00:00] Columns: {"Тусюк":"B","Муха":"C","Козлянко":"D","Юрченков":"E"}
[2026-07-30T22:54:02+00:00] Tech users: {"57":"Тусюк","65":"Козлянко","67":"Муха","71":"Юрченков"}
[2026-07-30T22:54:02+00:00] Sync window: 2026-07-01 → 2026-09-30
[2026-07-30T22:54:03+00:00] Bookings from calendar: 14
[2026-07-30T22:54:04+00:00] Active deals: 176
[2026-07-30T22:54:04+00:00] Titles not matched to active deals: Бронирование
[2026-07-30T22:54:04+00:00] Assignments: 6
[2026-07-30T22:54:04+00:00] No cell changes
[2026-07-30T22:54:04+00:00] State saved
[2026-07-30T22:54:04+00:00] === end (2.51s) ===
[2026-07-30T22:56:01+00:00] === start ===
[2026-07-30T22:56:01+00:00] Sheet rows: 32, month headers: 3
[2026-07-30T22:56:02+00:00] Columns: {"Тусюк":"B","Муха":"C","Козлянко":"D","Юрченков":"E"}
[2026-07-30T22:56:02+00:00] Tech users: {"57":"Тусюк","65":"Козлянко","67":"Муха","71":"Юрченков"}
[2026-07-30T22:56:02+00:00] Sync window: 2026-07-01 → 2026-09-30
[2026-07-30T22:56:03+00:00] Bookings from calendar: 14
[2026-07-30T22:56:03+00:00] Active deals: 176
[2026-07-30T22:56:03+00:00] Titles not matched to active deals: Бронирование
[2026-07-30T22:56:03+00:00] Assignments: 6
[2026-07-30T22:56:03+00:00] No cell changes
[2026-07-30T22:56:03+00:00] State saved
[2026-07-30T22:56:03+00:00] === end (2.67s) ===
[2026-07-30T22:58:02+00:00] === start ===
[2026-07-30T22:58:02+00:00] Sheet rows: 32, month headers: 3
[2026-07-30T22:58:03+00:00] Columns: {"Тусюк":"B","Муха":"C","Козлянко":"D","Юрченков":"E"}
[2026-07-30T22:58:03+00:00] Tech users: {"57":"Тусюк","65":"Козлянко","67":"Муха","71":"Юрченков"}
[2026-07-30T22:58:03+00:00] Sync window: 2026-07-01 → 2026-09-30
[2026-07-30T22:58:03+00:00] Bookings from calendar: 14
[2026-07-30T22:58:04+00:00] Active deals: 176
[2026-07-30T22:58:04+00:00] Titles not matched to active deals: Бронирование
[2026-07-30T22:58:04+00:00] Assignments: 6
[2026-07-30T22:58:04+00:00] No cell changes
[2026-07-30T22:58:04+00:00] State saved
[2026-07-30T22:58:04+00:00] === end (2.4s) ===
[2026-07-30T23:00:01+00:00] === start ===
[2026-07-30T23:00:02+00:00] Sheet rows: 32, month headers: 3
[2026-07-30T23:00:02+00:00] Columns: {"Тусюк":"B","Муха":"C","Козлянко":"D","Юрченков":"E"}
[2026-07-30T23:00:02+00:00] Tech users: {"57":"Тусюк","65":"Козлянко","67":"Муха","71":"Юрченков"}
[2026-07-30T23:00:02+00:00] Sync window: 2026-07-01 → 2026-09-30
[2026-07-30T23:00:03+00:00] Bookings from calendar: 14
[2026-07-30T23:00:03+00:00] Active deals: 176
[2026-07-30T23:00:03+00:00] Titles not matched to active deals: Бронирование
[2026-07-30T23:00:03+00:00] Assignments: 6
[2026-07-30T23:00:03+00:00] No cell changes
[2026-07-30T23:00:03+00:00] State saved
[2026-07-30T23:00:03+00:00] === end (2.5s) ===
[2026-07-30T23:02:02+00:00] === start ===
[2026-07-30T23:02:02+00:00] Sheet rows: 32, month headers: 3
[2026-07-30T23:02:03+00:00] Columns: {"Тусюк":"B","Муха":"C","Козлянко":"D","Юрченков":"E"}
[2026-07-30T23:02:03+00:00] Tech users: {"57":"Тусюк","65":"Козлянко","67":"Муха","71":"Юрченков"}
[2026-07-30T23:02:03+00:00] Sync window: 2026-07-01 → 2026-09-30
[2026-07-30T23:02:04+00:00] Bookings from calendar: 14
[2026-07-30T23:02:04+00:00] Active deals: 176
[2026-07-30T23:02:04+00:00] Titles not matched to active deals: Бронирование
[2026-07-30T23:02:04+00:00] Assignments: 6
[2026-07-30T23:02:04+00:00] No cell changes
[2026-07-30T23:02:04+00:00] State saved
[2026-07-30T23:02:04+00:00] === end (2.68s) ===
[2026-07-30T23:04:01+00:00] === start ===
[2026-07-30T23:04:02+00:00] Sheet rows: 32, month headers: 3
[2026-07-30T23:04:02+00:00] Columns: {"Тусюк":"B","Муха":"C","Козлянко":"D","Юрченков":"E"}
[2026-07-30T23:04:02+00:00] Tech users: {"57":"Тусюк","65":"Козлянко","67":"Муха","71":"Юрченков"}
[2026-07-30T23:04:02+00:00] Sync window: 2026-07-01 → 2026-09-30
[2026-07-30T23:04:03+00:00] Bookings from calendar: 14
[2026-07-30T23:04:04+00:00] Active deals: 176
[2026-07-30T23:04:04+00:00] Titles not matched to active deals: Бронирование
[2026-07-30T23:04:04+00:00] Assignments: 6
[2026-07-30T23:04:04+00:00] No cell changes
[2026-07-30T23:04:04+00:00] State saved
[2026-07-30T23:04:04+00:00] === end (2.29s) ===
[2026-07-30T23:06:01+00:00] === start ===
[2026-07-30T23:06:02+00:00] Sheet rows: 32, month headers: 3
[2026-07-30T23:06:02+00:00] Columns: {"Тусюк":"B","Муха":"C","Козлянко":"D","Юрченков":"E"}
[2026-07-30T23:06:03+00:00] Tech users: {"57":"Тусюк","65":"Козлянко","67":"Муха","71":"Юрченков"}
[2026-07-30T23:06:03+00:00] Sync window: 2026-07-01 → 2026-09-30
[2026-07-30T23:06:03+00:00] Bookings from calendar: 14
[2026-07-30T23:06:04+00:00] Active deals: 176
[2026-07-30T23:06:04+00:00] Titles not matched to active deals: Бронирование
[2026-07-30T23:06:04+00:00] Assignments: 6
[2026-07-30T23:06:04+00:00] No cell changes
[2026-07-30T23:06:04+00:00] State saved
[2026-07-30T23:06:04+00:00] === end (3.01s) ===
[2026-07-30T23:08:01+00:00] === start ===
[2026-07-30T23:08:01+00:00] Sheet rows: 32, month headers: 3
[2026-07-30T23:08:02+00:00] Columns: {"Тусюк":"B","Муха":"C","Козлянко":"D","Юрченков":"E"}
[2026-07-30T23:08:02+00:00] Tech users: {"57":"Тусюк","65":"Козлянко","67":"Муха","71":"Юрченков"}
[2026-07-30T23:08:02+00:00] Sync window: 2026-07-01 → 2026-09-30
[2026-07-30T23:08:03+00:00] Bookings from calendar: 14
[2026-07-30T23:08:03+00:00] Active deals: 176
[2026-07-30T23:08:03+00:00] Titles not matched to active deals: Бронирование
[2026-07-30T23:08:03+00:00] Assignments: 6
[2026-07-30T23:08:03+00:00] No cell changes
[2026-07-30T23:08:03+00:00] State saved
[2026-07-30T23:08:03+00:00] === end (2.59s) ===
[2026-07-30T23:10:01+00:00] === start ===
[2026-07-30T23:10:02+00:00] Sheet rows: 32, month headers: 3
[2026-07-30T23:10:03+00:00] Columns: {"Тусюк":"B","Муха":"C","Козлянко":"D","Юрченков":"E"}
[2026-07-30T23:10:03+00:00] Tech users: {"57":"Тусюк","65":"Козлянко","67":"Муха","71":"Юрченков"}
[2026-07-30T23:10:03+00:00] Sync window: 2026-07-01 → 2026-09-30
[2026-07-30T23:10:04+00:00] Bookings from calendar: 14
[2026-07-30T23:10:04+00:00] Active deals: 176
[2026-07-30T23:10:04+00:00] Titles not matched to active deals: Бронирование
[2026-07-30T23:10:04+00:00] Assignments: 6
[2026-07-30T23:10:04+00:00] No cell changes
[2026-07-30T23:10:04+00:00] State saved
[2026-07-30T23:10:04+00:00] === end (3.06s) ===
[2026-07-30T23:12:02+00:00] === start ===
[2026-07-30T23:12:02+00:00] Sheet rows: 32, month headers: 3
[2026-07-30T23:12:02+00:00] Columns: {"Тусюк":"B","Муха":"C","Козлянко":"D","Юрченков":"E"}
[2026-07-30T23:12:02+00:00] Tech users: {"57":"Тусюк","65":"Козлянко","67":"Муха","71":"Юрченков"}
[2026-07-30T23:12:02+00:00] Sync window: 2026-07-01 → 2026-09-30
[2026-07-30T23:12:03+00:00] Bookings from calendar: 14
[2026-07-30T23:12:03+00:00] Active deals: 176
[2026-07-30T23:12:03+00:00] Titles not matched to active deals: Бронирование
[2026-07-30T23:12:03+00:00] Assignments: 6
[2026-07-30T23:12:03+00:00] No cell changes
[2026-07-30T23:12:03+00:00] State saved
[2026-07-30T23:12:03+00:00] === end (1.96s) ===
[2026-07-30T23:14:02+00:00] === start ===
[2026-07-30T23:14:02+00:00] Sheet rows: 32, month headers: 3
[2026-07-30T23:14:03+00:00] Columns: {"Тусюк":"B","Муха":"C","Козлянко":"D","Юрченков":"E"}
[2026-07-30T23:14:03+00:00] Tech users: {"57":"Тусюк","65":"Козлянко","67":"Муха","71":"Юрченков"}
[2026-07-30T23:14:03+00:00] Sync window: 2026-07-01 → 2026-09-30
[2026-07-30T23:14:04+00:00] Bookings from calendar: 14
[2026-07-30T23:14:04+00:00] Active deals: 176
[2026-07-30T23:14:04+00:00] Titles not matched to active deals: Бронирование
[2026-07-30T23:14:04+00:00] Assignments: 6
[2026-07-30T23:14:04+00:00] No cell changes
[2026-07-30T23:14:04+00:00] State saved
[2026-07-30T23:14:04+00:00] === end (2.88s) ===
[2026-07-30T23:16:01+00:00] === start ===
[2026-07-30T23:16:01+00:00] Sheet rows: 32, month headers: 3
[2026-07-30T23:16:02+00:00] Columns: {"Тусюк":"B","Муха":"C","Козлянко":"D","Юрченков":"E"}
[2026-07-30T23:16:02+00:00] Tech users: {"57":"Тусюк","65":"Козлянко","67":"Муха","71":"Юрченков"}
[2026-07-30T23:16:02+00:00] Sync window: 2026-07-01 → 2026-09-30
[2026-07-30T23:16:02+00:00] Bookings from calendar: 14
[2026-07-30T23:16:03+00:00] Active deals: 176
[2026-07-30T23:16:03+00:00] Titles not matched to active deals: Бронирование
[2026-07-30T23:16:03+00:00] Assignments: 6
[2026-07-30T23:16:03+00:00] No cell changes
[2026-07-30T23:16:03+00:00] State saved
[2026-07-30T23:16:03+00:00] === end (2.41s) ===
[2026-07-30T23:18:01+00:00] === start ===
[2026-07-30T23:18:01+00:00] Sheet rows: 32, month headers: 3
[2026-07-30T23:18:02+00:00] Columns: {"Тусюк":"B","Муха":"C","Козлянко":"D","Юрченков":"E"}
[2026-07-30T23:18:02+00:00] Tech users: {"57":"Тусюк","65":"Козлянко","67":"Муха","71":"Юрченков"}
[2026-07-30T23:18:02+00:00] Sync window: 2026-07-01 → 2026-09-30
[2026-07-30T23:18:03+00:00] Bookings from calendar: 14
[2026-07-30T23:18:03+00:00] Active deals: 176
[2026-07-30T23:18:03+00:00] Titles not matched to active deals: Бронирование
[2026-07-30T23:18:03+00:00] Assignments: 6
[2026-07-30T23:18:03+00:00] No cell changes
[2026-07-30T23:18:03+00:00] State saved
[2026-07-30T23:18:03+00:00] === end (2.08s) ===
[2026-07-30T23:20:01+00:00] === start ===
[2026-07-30T23:20:02+00:00] Sheet rows: 32, month headers: 3
[2026-07-30T23:20:02+00:00] Columns: {"Тусюк":"B","Муха":"C","Козлянко":"D","Юрченков":"E"}
[2026-07-30T23:20:02+00:00] Tech users: {"57":"Тусюк","65":"Козлянко","67":"Муха","71":"Юрченков"}
[2026-07-30T23:20:02+00:00] Sync window: 2026-07-01 → 2026-09-30
[2026-07-30T23:20:03+00:00] Bookings from calendar: 14
[2026-07-30T23:20:04+00:00] Active deals: 176
[2026-07-30T23:20:04+00:00] Titles not matched to active deals: Бронирование
[2026-07-30T23:20:04+00:00] Assignments: 6
[2026-07-30T23:20:04+00:00] No cell changes
[2026-07-30T23:20:04+00:00] State saved
[2026-07-30T23:20:04+00:00] === end (2.33s) ===
[2026-07-30T23:22:01+00:00] === start ===
[2026-07-30T23:22:01+00:00] Sheet rows: 32, month headers: 3
[2026-07-30T23:22:02+00:00] Columns: {"Тусюк":"B","Муха":"C","Козлянко":"D","Юрченков":"E"}
[2026-07-30T23:22:02+00:00] Tech users: {"57":"Тусюк","65":"Козлянко","67":"Муха","71":"Юрченков"}
[2026-07-30T23:22:02+00:00] Sync window: 2026-07-01 → 2026-09-30
[2026-07-30T23:22:03+00:00] Bookings from calendar: 14
[2026-07-30T23:22:03+00:00] Active deals: 176
[2026-07-30T23:22:03+00:00] Titles not matched to active deals: Бронирование
[2026-07-30T23:22:03+00:00] Assignments: 6
[2026-07-30T23:22:03+00:00] No cell changes
[2026-07-30T23:22:03+00:00] State saved
[2026-07-30T23:22:03+00:00] === end (2.58s) ===
[2026-07-30T23:24:01+00:00] === start ===
[2026-07-30T23:24:02+00:00] Sheet rows: 32, month headers: 3
[2026-07-30T23:24:02+00:00] Columns: {"Тусюк":"B","Муха":"C","Козлянко":"D","Юрченков":"E"}
[2026-07-30T23:24:02+00:00] Tech users: {"57":"Тусюк","65":"Козлянко","67":"Муха","71":"Юрченков"}
[2026-07-30T23:24:02+00:00] Sync window: 2026-07-01 → 2026-09-30
[2026-07-30T23:24:03+00:00] Bookings from calendar: 14
[2026-07-30T23:24:03+00:00] Active deals: 176
[2026-07-30T23:24:03+00:00] Titles not matched to active deals: Бронирование
[2026-07-30T23:24:03+00:00] Assignments: 6
[2026-07-30T23:24:03+00:00] No cell changes
[2026-07-30T23:24:03+00:00] State saved
[2026-07-30T23:24:03+00:00] === end (2.05s) ===
[2026-07-30T23:26:01+00:00] === start ===
[2026-07-30T23:26:02+00:00] Sheet rows: 32, month headers: 3
[2026-07-30T23:26:03+00:00] Columns: {"Тусюк":"B","Муха":"C","Козлянко":"D","Юрченков":"E"}
[2026-07-30T23:26:03+00:00] Tech users: {"57":"Тусюк","65":"Козлянко","67":"Муха","71":"Юрченков"}
[2026-07-30T23:26:03+00:00] Sync window: 2026-07-01 → 2026-09-30
[2026-07-30T23:26:04+00:00] Bookings from calendar: 14
[2026-07-30T23:26:04+00:00] Active deals: 176
[2026-07-30T23:26:04+00:00] Titles not matched to active deals: Бронирование
[2026-07-30T23:26:04+00:00] Assignments: 6
[2026-07-30T23:26:04+00:00] No cell changes
[2026-07-30T23:26:04+00:00] State saved
[2026-07-30T23:26:04+00:00] === end (2.79s) ===
[2026-07-30T23:28:01+00:00] === start ===
[2026-07-30T23:28:02+00:00] Sheet rows: 32, month headers: 3
[2026-07-30T23:28:02+00:00] Columns: {"Тусюк":"B","Муха":"C","Козлянко":"D","Юрченков":"E"}
[2026-07-30T23:28:02+00:00] Tech users: {"57":"Тусюк","65":"Козлянко","67":"Муха","71":"Юрченков"}
[2026-07-30T23:28:02+00:00] Sync window: 2026-07-01 → 2026-09-30
[2026-07-30T23:28:03+00:00] Bookings from calendar: 14
[2026-07-30T23:28:03+00:00] Active deals: 176
[2026-07-30T23:28:03+00:00] Titles not matched to active deals: Бронирование
[2026-07-30T23:28:03+00:00] Assignments: 6
[2026-07-30T23:28:03+00:00] No cell changes
[2026-07-30T23:28:03+00:00] State saved
[2026-07-30T23:28:03+00:00] === end (2.11s) ===
[2026-07-30T23:30:01+00:00] === start ===
[2026-07-30T23:30:02+00:00] Sheet rows: 32, month headers: 3
[2026-07-30T23:30:02+00:00] Columns: {"Тусюк":"B","Муха":"C","Козлянко":"D","Юрченков":"E"}
[2026-07-30T23:30:02+00:00] Tech users: {"57":"Тусюк","65":"Козлянко","67":"Муха","71":"Юрченков"}
[2026-07-30T23:30:02+00:00] Sync window: 2026-07-01 → 2026-09-30
[2026-07-30T23:30:03+00:00] Bookings from calendar: 14
[2026-07-30T23:30:04+00:00] Active deals: 176
[2026-07-30T23:30:04+00:00] Titles not matched to active deals: Бронирование
[2026-07-30T23:30:04+00:00] Assignments: 6
[2026-07-30T23:30:04+00:00] No cell changes
[2026-07-30T23:30:04+00:00] State saved
[2026-07-30T23:30:04+00:00] === end (2.07s) ===
[2026-07-30T23:32:01+00:00] === start ===
[2026-07-30T23:32:02+00:00] Sheet rows: 32, month headers: 3
[2026-07-30T23:32:03+00:00] Columns: {"Тусюк":"B","Муха":"C","Козлянко":"D","Юрченков":"E"}
[2026-07-30T23:32:03+00:00] Tech users: {"57":"Тусюк","65":"Козлянко","67":"Муха","71":"Юрченков"}
[2026-07-30T23:32:03+00:00] Sync window: 2026-07-01 → 2026-09-30
[2026-07-30T23:32:04+00:00] Bookings from calendar: 14
[2026-07-30T23:32:04+00:00] Active deals: 176
[2026-07-30T23:32:04+00:00] Titles not matched to active deals: Бронирование
[2026-07-30T23:32:04+00:00] Assignments: 6
[2026-07-30T23:32:04+00:00] No cell changes
[2026-07-30T23:32:04+00:00] State saved
[2026-07-30T23:32:04+00:00] === end (3.12s) ===
[2026-07-30T23:34:01+00:00] === start ===
[2026-07-30T23:34:02+00:00] Sheet rows: 32, month headers: 3
[2026-07-30T23:34:02+00:00] Columns: {"Тусюк":"B","Муха":"C","Козлянко":"D","Юрченков":"E"}
[2026-07-30T23:34:03+00:00] Tech users: {"57":"Тусюк","65":"Козлянко","67":"Муха","71":"Юрченков"}
[2026-07-30T23:34:03+00:00] Sync window: 2026-07-01 → 2026-09-30
[2026-07-30T23:34:03+00:00] Bookings from calendar: 14
[2026-07-30T23:34:04+00:00] Active deals: 176
[2026-07-30T23:34:04+00:00] Titles not matched to active deals: Бронирование
[2026-07-30T23:34:04+00:00] Assignments: 6
[2026-07-30T23:34:04+00:00] No cell changes
[2026-07-30T23:34:04+00:00] State saved
[2026-07-30T23:34:04+00:00] === end (2.49s) ===
[2026-07-30T23:36:01+00:00] === start ===
[2026-07-30T23:36:02+00:00] Sheet rows: 32, month headers: 3
[2026-07-30T23:36:02+00:00] Columns: {"Тусюк":"B","Муха":"C","Козлянко":"D","Юрченков":"E"}
[2026-07-30T23:36:02+00:00] Tech users: {"57":"Тусюк","65":"Козлянко","67":"Муха","71":"Юрченков"}
[2026-07-30T23:36:02+00:00] Sync window: 2026-07-01 → 2026-09-30
[2026-07-30T23:36:03+00:00] Bookings from calendar: 14
[2026-07-30T23:36:04+00:00] Active deals: 176
[2026-07-30T23:36:04+00:00] Titles not matched to active deals: Бронирование
[2026-07-30T23:36:04+00:00] Assignments: 6
[2026-07-30T23:36:04+00:00] No cell changes
[2026-07-30T23:36:04+00:00] State saved
[2026-07-30T23:36:04+00:00] === end (2.69s) ===
[2026-07-30T23:38:01+00:00] === start ===
[2026-07-30T23:38:02+00:00] Sheet rows: 32, month headers: 3
[2026-07-30T23:38:02+00:00] Columns: {"Тусюк":"B","Муха":"C","Козлянко":"D","Юрченков":"E"}
[2026-07-30T23:38:02+00:00] Tech users: {"57":"Тусюк","65":"Козлянко","67":"Муха","71":"Юрченков"}
[2026-07-30T23:38:02+00:00] Sync window: 2026-07-01 → 2026-09-30
[2026-07-30T23:38:03+00:00] Bookings from calendar: 14
[2026-07-30T23:38:03+00:00] Active deals: 176
[2026-07-30T23:38:03+00:00] Titles not matched to active deals: Бронирование
[2026-07-30T23:38:03+00:00] Assignments: 6
[2026-07-30T23:38:03+00:00] No cell changes
[2026-07-30T23:38:03+00:00] State saved
[2026-07-30T23:38:03+00:00] === end (2.52s) ===
[2026-07-30T23:40:01+00:00] === start ===
[2026-07-30T23:40:02+00:00] Sheet rows: 32, month headers: 3
[2026-07-30T23:40:02+00:00] Columns: {"Тусюк":"B","Муха":"C","Козлянко":"D","Юрченков":"E"}
[2026-07-30T23:40:03+00:00] Tech users: {"57":"Тусюк","65":"Козлянко","67":"Муха","71":"Юрченков"}
[2026-07-30T23:40:03+00:00] Sync window: 2026-07-01 → 2026-09-30
[2026-07-30T23:40:03+00:00] Bookings from calendar: 14
[2026-07-30T23:40:04+00:00] Active deals: 176
[2026-07-30T23:40:04+00:00] Titles not matched to active deals: Бронирование
[2026-07-30T23:40:04+00:00] Assignments: 6
[2026-07-30T23:40:04+00:00] No cell changes
[2026-07-30T23:40:04+00:00] State saved
[2026-07-30T23:40:04+00:00] === end (2.63s) ===
[2026-07-30T23:42:01+00:00] === start ===
[2026-07-30T23:42:02+00:00] Sheet rows: 32, month headers: 3
[2026-07-30T23:42:03+00:00] Columns: {"Тусюк":"B","Муха":"C","Козлянко":"D","Юрченков":"E"}
[2026-07-30T23:42:03+00:00] Tech users: {"57":"Тусюк","65":"Козлянко","67":"Муха","71":"Юрченков"}
[2026-07-30T23:42:03+00:00] Sync window: 2026-07-01 → 2026-09-30
[2026-07-30T23:42:03+00:00] Bookings from calendar: 14
[2026-07-30T23:42:04+00:00] Active deals: 176
[2026-07-30T23:42:04+00:00] Titles not matched to active deals: Бронирование
[2026-07-30T23:42:04+00:00] Assignments: 6
[2026-07-30T23:42:04+00:00] No cell changes
[2026-07-30T23:42:04+00:00] State saved
[2026-07-30T23:42:04+00:00] === end (2.93s) ===
[2026-07-30T23:44:01+00:00] === start ===
[2026-07-30T23:44:02+00:00] Sheet rows: 32, month headers: 3
[2026-07-30T23:44:02+00:00] Columns: {"Тусюк":"B","Муха":"C","Козлянко":"D","Юрченков":"E"}
[2026-07-30T23:44:02+00:00] Tech users: {"57":"Тусюк","65":"Козлянко","67":"Муха","71":"Юрченков"}
[2026-07-30T23:44:02+00:00] Sync window: 2026-07-01 → 2026-09-30
[2026-07-30T23:44:03+00:00] Bookings from calendar: 14
[2026-07-30T23:44:03+00:00] Active deals: 176
[2026-07-30T23:44:03+00:00] Titles not matched to active deals: Бронирование
[2026-07-30T23:44:03+00:00] Assignments: 6
[2026-07-30T23:44:03+00:00] No cell changes
[2026-07-30T23:44:03+00:00] State saved
[2026-07-30T23:44:03+00:00] === end (2.45s) ===
[2026-07-30T23:46:01+00:00] === start ===
[2026-07-30T23:46:01+00:00] Sheet rows: 32, month headers: 3
[2026-07-30T23:46:02+00:00] Columns: {"Тусюк":"B","Муха":"C","Козлянко":"D","Юрченков":"E"}
[2026-07-30T23:46:02+00:00] Tech users: {"57":"Тусюк","65":"Козлянко","67":"Муха","71":"Юрченков"}
[2026-07-30T23:46:02+00:00] Sync window: 2026-07-01 → 2026-09-30
[2026-07-30T23:46:02+00:00] Bookings from calendar: 14
[2026-07-30T23:46:03+00:00] Active deals: 176
[2026-07-30T23:46:03+00:00] Titles not matched to active deals: Бронирование
[2026-07-30T23:46:03+00:00] Assignments: 6
[2026-07-30T23:46:03+00:00] No cell changes
[2026-07-30T23:46:03+00:00] State saved
[2026-07-30T23:46:03+00:00] === end (1.8s) ===
[2026-07-30T23:48:01+00:00] === start ===
[2026-07-30T23:48:01+00:00] Sheet rows: 32, month headers: 3
[2026-07-30T23:48:02+00:00] Columns: {"Тусюк":"B","Муха":"C","Козлянко":"D","Юрченков":"E"}
[2026-07-30T23:48:02+00:00] Tech users: {"57":"Тусюк","65":"Козлянко","67":"Муха","71":"Юрченков"}
[2026-07-30T23:48:02+00:00] Sync window: 2026-07-01 → 2026-09-30
[2026-07-30T23:48:03+00:00] Bookings from calendar: 14
[2026-07-30T23:48:03+00:00] Active deals: 176
[2026-07-30T23:48:03+00:00] Titles not matched to active deals: Бронирование
[2026-07-30T23:48:03+00:00] Assignments: 6
[2026-07-30T23:48:03+00:00] No cell changes
[2026-07-30T23:48:03+00:00] State saved
[2026-07-30T23:48:03+00:00] === end (2.45s) ===
[2026-07-30T23:50:02+00:00] === start ===
[2026-07-30T23:50:02+00:00] Sheet rows: 32, month headers: 3
[2026-07-30T23:50:02+00:00] Columns: {"Тусюк":"B","Муха":"C","Козлянко":"D","Юрченков":"E"}
[2026-07-30T23:50:03+00:00] Tech users: {"57":"Тусюк","65":"Козлянко","67":"Муха","71":"Юрченков"}
[2026-07-30T23:50:03+00:00] Sync window: 2026-07-01 → 2026-09-30
[2026-07-30T23:50:03+00:00] Bookings from calendar: 14
[2026-07-30T23:50:04+00:00] Active deals: 176
[2026-07-30T23:50:04+00:00] Titles not matched to active deals: Бронирование
[2026-07-30T23:50:04+00:00] Assignments: 6
[2026-07-30T23:50:04+00:00] No cell changes
[2026-07-30T23:50:04+00:00] State saved
[2026-07-30T23:50:04+00:00] === end (2.09s) ===
[2026-07-30T23:52:01+00:00] === start ===
[2026-07-30T23:52:01+00:00] Sheet rows: 32, month headers: 3
[2026-07-30T23:52:02+00:00] Columns: {"Тусюк":"B","Муха":"C","Козлянко":"D","Юрченков":"E"}
[2026-07-30T23:52:02+00:00] Tech users: {"57":"Тусюк","65":"Козлянко","67":"Муха","71":"Юрченков"}
[2026-07-30T23:52:02+00:00] Sync window: 2026-07-01 → 2026-09-30
[2026-07-30T23:52:03+00:00] Bookings from calendar: 14
[2026-07-30T23:52:03+00:00] Active deals: 176
[2026-07-30T23:52:03+00:00] Titles not matched to active deals: Бронирование
[2026-07-30T23:52:03+00:00] Assignments: 6
[2026-07-30T23:52:03+00:00] No cell changes
[2026-07-30T23:52:03+00:00] State saved
[2026-07-30T23:52:03+00:00] === end (2.61s) ===
[2026-07-30T23:54:01+00:00] === start ===
[2026-07-30T23:54:02+00:00] Sheet rows: 32, month headers: 3
[2026-07-30T23:54:02+00:00] Columns: {"Тусюк":"B","Муха":"C","Козлянко":"D","Юрченков":"E"}
[2026-07-30T23:54:02+00:00] Tech users: {"57":"Тусюк","65":"Козлянко","67":"Муха","71":"Юрченков"}
[2026-07-30T23:54:02+00:00] Sync window: 2026-07-01 → 2026-09-30
[2026-07-30T23:54:03+00:00] Bookings from calendar: 14
[2026-07-30T23:54:03+00:00] Active deals: 176
[2026-07-30T23:54:03+00:00] Titles not matched to active deals: Бронирование
[2026-07-30T23:54:03+00:00] Assignments: 6
[2026-07-30T23:54:03+00:00] No cell changes
[2026-07-30T23:54:03+00:00] State saved
[2026-07-30T23:54:03+00:00] === end (2.01s) ===
[2026-07-30T23:56:01+00:00] === start ===
[2026-07-30T23:56:02+00:00] Sheet rows: 32, month headers: 3
[2026-07-30T23:56:03+00:00] Columns: {"Тусюк":"B","Муха":"C","Козлянко":"D","Юрченков":"E"}
[2026-07-30T23:56:03+00:00] Tech users: {"57":"Тусюк","65":"Козлянко","67":"Муха","71":"Юрченков"}
[2026-07-30T23:56:03+00:00] Sync window: 2026-07-01 → 2026-09-30
[2026-07-30T23:56:03+00:00] Bookings from calendar: 14
[2026-07-30T23:56:04+00:00] Active deals: 176
[2026-07-30T23:56:04+00:00] Titles not matched to active deals: Бронирование
[2026-07-30T23:56:04+00:00] Assignments: 6
[2026-07-30T23:56:04+00:00] No cell changes
[2026-07-30T23:56:04+00:00] State saved
[2026-07-30T23:56:04+00:00] === end (2.56s) ===
[2026-07-30T23:58:01+00:00] === start ===
[2026-07-30T23:58:01+00:00] Sheet rows: 32, month headers: 3
[2026-07-30T23:58:02+00:00] Columns: {"Тусюк":"B","Муха":"C","Козлянко":"D","Юрченков":"E"}
[2026-07-30T23:58:02+00:00] Tech users: {"57":"Тусюк","65":"Козлянко","67":"Муха","71":"Юрченков"}
[2026-07-30T23:58:02+00:00] Sync window: 2026-07-01 → 2026-09-30
[2026-07-30T23:58:02+00:00] Bookings from calendar: 14
[2026-07-30T23:58:03+00:00] Active deals: 176
[2026-07-30T23:58:03+00:00] Titles not matched to active deals: Бронирование
[2026-07-30T23:58:03+00:00] Assignments: 6
[2026-07-30T23:58:03+00:00] No cell changes
[2026-07-30T23:58:03+00:00] State saved
[2026-07-30T23:58:03+00:00] === end (1.98s) ===
