[2026-08-24T00:00:01+00:00] === start ===
[2026-08-24T00:00:01+00:00] Sheet rows: 56, month headers: 4
[2026-08-24T00:00:02+00:00] Columns: {"Тусюк":"B","Муха":"C","Козлянко":"D","Юрченков":"E"}
[2026-08-24T00:00:02+00:00] Tech users: {"57":"Тусюк","65":"Козлянко","67":"Муха","71":"Юрченков"}
[2026-08-24T00:00:02+00:00] Sync window: 2026-08-01 → 2026-10-31
[2026-08-24T00:00:02+00:00] Bookings from calendar: 0
[2026-08-24T00:00:03+00:00] Active deals: 210
[2026-08-24T00:00:03+00:00] Assignments: 0
[2026-08-24T00:00:03+00:00] No cell changes
[2026-08-24T00:00:03+00:00] State saved
[2026-08-24T00:00:03+00:00] === end (2.42s) ===
[2026-08-24T00:02:01+00:00] === start ===
[2026-08-24T00:02:02+00:00] Sheet rows: 56, month headers: 4
[2026-08-24T00:02:02+00:00] Columns: {"Тусюк":"B","Муха":"C","Козлянко":"D","Юрченков":"E"}
[2026-08-24T00:02:02+00:00] Tech users: {"57":"Тусюк","65":"Козлянко","67":"Муха","71":"Юрченков"}
[2026-08-24T00:02:02+00:00] Sync window: 2026-08-01 → 2026-10-31
[2026-08-24T00:02:03+00:00] Bookings from calendar: 0
[2026-08-24T00:02:04+00:00] Active deals: 210
[2026-08-24T00:02:04+00:00] Assignments: 0
[2026-08-24T00:02:04+00:00] No cell changes
[2026-08-24T00:02:04+00:00] State saved
[2026-08-24T00:02:04+00:00] === end (2.23s) ===
[2026-08-24T00:04:01+00:00] === start ===
[2026-08-24T00:04:01+00:00] Sheet rows: 56, month headers: 4
[2026-08-24T00:04:02+00:00] Columns: {"Тусюк":"B","Муха":"C","Козлянко":"D","Юрченков":"E"}
[2026-08-24T00:04:02+00:00] Tech users: {"57":"Тусюк","65":"Козлянко","67":"Муха","71":"Юрченков"}
[2026-08-24T00:04:02+00:00] Sync window: 2026-08-01 → 2026-10-31
[2026-08-24T00:04:02+00:00] Bookings from calendar: 0
[2026-08-24T00:04:03+00:00] Active deals: 210
[2026-08-24T00:04:03+00:00] Assignments: 0
[2026-08-24T00:04:03+00:00] No cell changes
[2026-08-24T00:04:03+00:00] State saved
[2026-08-24T00:04:03+00:00] === end (2.6s) ===
[2026-08-24T00:06:01+00:00] === start ===
[2026-08-24T00:06:02+00:00] Sheet rows: 56, month headers: 4
[2026-08-24T00:06:02+00:00] Columns: {"Тусюк":"B","Муха":"C","Козлянко":"D","Юрченков":"E"}
[2026-08-24T00:06:02+00:00] Tech users: {"57":"Тусюк","65":"Козлянко","67":"Муха","71":"Юрченков"}
[2026-08-24T00:06:02+00:00] Sync window: 2026-08-01 → 2026-10-31
[2026-08-24T00:06:03+00:00] Bookings from calendar: 0
[2026-08-24T00:06:04+00:00] Active deals: 210
[2026-08-24T00:06:04+00:00] Assignments: 0
[2026-08-24T00:06:04+00:00] No cell changes
[2026-08-24T00:06:04+00:00] State saved
[2026-08-24T00:06:04+00:00] === end (2.46s) ===
[2026-08-24T00:08:01+00:00] === start ===
[2026-08-24T00:08:01+00:00] Sheet rows: 56, month headers: 4
[2026-08-24T00:08:02+00:00] Columns: {"Тусюк":"B","Муха":"C","Козлянко":"D","Юрченков":"E"}
[2026-08-24T00:08:02+00:00] Tech users: {"57":"Тусюк","65":"Козлянко","67":"Муха","71":"Юрченков"}
[2026-08-24T00:08:02+00:00] Sync window: 2026-08-01 → 2026-10-31
[2026-08-24T00:08:03+00:00] Bookings from calendar: 0
[2026-08-24T00:08:05+00:00] Active deals: 210
[2026-08-24T00:08:05+00:00] Assignments: 0
[2026-08-24T00:08:05+00:00] No cell changes
[2026-08-24T00:08:05+00:00] State saved
[2026-08-24T00:08:05+00:00] === end (3.8s) ===
[2026-08-24T00:10:01+00:00] === start ===
[2026-08-24T00:10:01+00:00] Sheet rows: 56, month headers: 4
[2026-08-24T00:10:02+00:00] Columns: {"Тусюк":"B","Муха":"C","Козлянко":"D","Юрченков":"E"}
[2026-08-24T00:10:02+00:00] Tech users: {"57":"Тусюк","65":"Козлянко","67":"Муха","71":"Юрченков"}
[2026-08-24T00:10:02+00:00] Sync window: 2026-08-01 → 2026-10-31
[2026-08-24T00:10:03+00:00] Bookings from calendar: 0
[2026-08-24T00:10:04+00:00] Active deals: 210
[2026-08-24T00:10:04+00:00] Assignments: 0
[2026-08-24T00:10:04+00:00] No cell changes
[2026-08-24T00:10:04+00:00] State saved
[2026-08-24T00:10:04+00:00] === end (3.08s) ===
[2026-08-24T00:12:01+00:00] === start ===
[2026-08-24T00:12:01+00:00] Sheet rows: 56, month headers: 4
[2026-08-24T00:12:02+00:00] Columns: {"Тусюк":"B","Муха":"C","Козлянко":"D","Юрченков":"E"}
[2026-08-24T00:12:02+00:00] Tech users: {"57":"Тусюк","65":"Козлянко","67":"Муха","71":"Юрченков"}
[2026-08-24T00:12:02+00:00] Sync window: 2026-08-01 → 2026-10-31
[2026-08-24T00:12:02+00:00] Bookings from calendar: 0
[2026-08-24T00:12:03+00:00] Active deals: 210
[2026-08-24T00:12:03+00:00] Assignments: 0
[2026-08-24T00:12:03+00:00] No cell changes
[2026-08-24T00:12:03+00:00] State saved
[2026-08-24T00:12:03+00:00] === end (2.53s) ===
[2026-08-24T00:14:01+00:00] === start ===
[2026-08-24T00:14:01+00:00] Sheet rows: 56, month headers: 4
[2026-08-24T00:14:02+00:00] Columns: {"Тусюк":"B","Муха":"C","Козлянко":"D","Юрченков":"E"}
[2026-08-24T00:14:02+00:00] Tech users: {"57":"Тусюк","65":"Козлянко","67":"Муха","71":"Юрченков"}
[2026-08-24T00:14:02+00:00] Sync window: 2026-08-01 → 2026-10-31
[2026-08-24T00:14:03+00:00] Bookings from calendar: 0
[2026-08-24T00:14:04+00:00] Active deals: 210
[2026-08-24T00:14:04+00:00] Assignments: 0
[2026-08-24T00:14:04+00:00] No cell changes
[2026-08-24T00:14:04+00:00] State saved
[2026-08-24T00:14:04+00:00] === end (3.21s) ===
[2026-08-24T00:16:01+00:00] === start ===
[2026-08-24T00:16:01+00:00] Sheet rows: 56, month headers: 4
[2026-08-24T00:16:02+00:00] Columns: {"Тусюк":"B","Муха":"C","Козлянко":"D","Юрченков":"E"}
[2026-08-24T00:16:02+00:00] Tech users: {"57":"Тусюк","65":"Козлянко","67":"Муха","71":"Юрченков"}
[2026-08-24T00:16:02+00:00] Sync window: 2026-08-01 → 2026-10-31
[2026-08-24T00:16:03+00:00] Bookings from calendar: 0
[2026-08-24T00:16:03+00:00] Active deals: 210
[2026-08-24T00:16:03+00:00] Assignments: 0
[2026-08-24T00:16:03+00:00] No cell changes
[2026-08-24T00:16:03+00:00] State saved
[2026-08-24T00:16:03+00:00] === end (2.5s) ===
[2026-08-24T00:18:02+00:00] === start ===
[2026-08-24T00:18:02+00:00] Sheet rows: 56, month headers: 4
[2026-08-24T00:18:02+00:00] Columns: {"Тусюк":"B","Муха":"C","Козлянко":"D","Юрченков":"E"}
[2026-08-24T00:18:02+00:00] Tech users: {"57":"Тусюк","65":"Козлянко","67":"Муха","71":"Юрченков"}
[2026-08-24T00:18:02+00:00] Sync window: 2026-08-01 → 2026-10-31
[2026-08-24T00:18:03+00:00] Bookings from calendar: 0
[2026-08-24T00:18:04+00:00] Active deals: 210
[2026-08-24T00:18:04+00:00] Assignments: 0
[2026-08-24T00:18:04+00:00] No cell changes
[2026-08-24T00:18:04+00:00] State saved
[2026-08-24T00:18:04+00:00] === end (2.4s) ===
[2026-08-24T00:20:01+00:00] === start ===
[2026-08-24T00:20:01+00:00] Sheet rows: 56, month headers: 4
[2026-08-24T00:20:02+00:00] Columns: {"Тусюк":"B","Муха":"C","Козлянко":"D","Юрченков":"E"}
[2026-08-24T00:20:02+00:00] Tech users: {"57":"Тусюк","65":"Козлянко","67":"Муха","71":"Юрченков"}
[2026-08-24T00:20:02+00:00] Sync window: 2026-08-01 → 2026-10-31
[2026-08-24T00:20:03+00:00] Bookings from calendar: 0
[2026-08-24T00:20:03+00:00] Active deals: 210
[2026-08-24T00:20:03+00:00] Assignments: 0
[2026-08-24T00:20:03+00:00] No cell changes
[2026-08-24T00:20:03+00:00] State saved
[2026-08-24T00:20:03+00:00] === end (2.42s) ===
[2026-08-24T00:22:01+00:00] === start ===
[2026-08-24T00:22:02+00:00] Sheet rows: 56, month headers: 4
[2026-08-24T00:22:02+00:00] Columns: {"Тусюк":"B","Муха":"C","Козлянко":"D","Юрченков":"E"}
[2026-08-24T00:22:03+00:00] Tech users: {"57":"Тусюк","65":"Козлянко","67":"Муха","71":"Юрченков"}
[2026-08-24T00:22:03+00:00] Sync window: 2026-08-01 → 2026-10-31
[2026-08-24T00:22:03+00:00] Bookings from calendar: 0
[2026-08-24T00:22:04+00:00] Active deals: 210
[2026-08-24T00:22:04+00:00] Assignments: 0
[2026-08-24T00:22:04+00:00] No cell changes
[2026-08-24T00:22:04+00:00] State saved
[2026-08-24T00:22:04+00:00] === end (2.51s) ===
[2026-08-24T00:24:01+00:00] === start ===
[2026-08-24T00:24:01+00:00] Sheet rows: 56, month headers: 4
[2026-08-24T00:24:02+00:00] Columns: {"Тусюк":"B","Муха":"C","Козлянко":"D","Юрченков":"E"}
[2026-08-24T00:24:02+00:00] Tech users: {"57":"Тусюк","65":"Козлянко","67":"Муха","71":"Юрченков"}
[2026-08-24T00:24:02+00:00] Sync window: 2026-08-01 → 2026-10-31
[2026-08-24T00:24:02+00:00] Bookings from calendar: 0
[2026-08-24T00:24:03+00:00] Active deals: 210
[2026-08-24T00:24:03+00:00] Assignments: 0
[2026-08-24T00:24:03+00:00] No cell changes
[2026-08-24T00:24:03+00:00] State saved
[2026-08-24T00:24:03+00:00] === end (2.21s) ===
[2026-08-24T00:26:01+00:00] === start ===
[2026-08-24T00:26:02+00:00] Sheet rows: 56, month headers: 4
[2026-08-24T00:26:03+00:00] Columns: {"Тусюк":"B","Муха":"C","Козлянко":"D","Юрченков":"E"}
[2026-08-24T00:26:03+00:00] Tech users: {"57":"Тусюк","65":"Козлянко","67":"Муха","71":"Юрченков"}
[2026-08-24T00:26:03+00:00] Sync window: 2026-08-01 → 2026-10-31
[2026-08-24T00:26:04+00:00] Bookings from calendar: 0
[2026-08-24T00:26:05+00:00] Active deals: 210
[2026-08-24T00:26:05+00:00] Assignments: 0
[2026-08-24T00:26:05+00:00] No cell changes
[2026-08-24T00:26:05+00:00] State saved
[2026-08-24T00:26:05+00:00] === end (3.18s) ===
[2026-08-24T00:28:01+00:00] === start ===
[2026-08-24T00:28:01+00:00] Sheet rows: 56, month headers: 4
[2026-08-24T00:28:01+00:00] Columns: {"Тусюк":"B","Муха":"C","Козлянко":"D","Юрченков":"E"}
[2026-08-24T00:28:02+00:00] Tech users: {"57":"Тусюк","65":"Козлянко","67":"Муха","71":"Юрченков"}
[2026-08-24T00:28:02+00:00] Sync window: 2026-08-01 → 2026-10-31
[2026-08-24T00:28:02+00:00] Bookings from calendar: 0
[2026-08-24T00:28:03+00:00] Active deals: 210
[2026-08-24T00:28:03+00:00] Assignments: 0
[2026-08-24T00:28:03+00:00] No cell changes
[2026-08-24T00:28:03+00:00] State saved
[2026-08-24T00:28:03+00:00] === end (2.51s) ===
[2026-08-24T00:30:01+00:00] === start ===
[2026-08-24T00:30:02+00:00] Sheet rows: 56, month headers: 4
[2026-08-24T00:30:02+00:00] Columns: {"Тусюк":"B","Муха":"C","Козлянко":"D","Юрченков":"E"}
[2026-08-24T00:30:02+00:00] Tech users: {"57":"Тусюк","65":"Козлянко","67":"Муха","71":"Юрченков"}
[2026-08-24T00:30:02+00:00] Sync window: 2026-08-01 → 2026-10-31
[2026-08-24T00:30:03+00:00] Bookings from calendar: 0
[2026-08-24T00:30:04+00:00] Active deals: 210
[2026-08-24T00:30:04+00:00] Assignments: 0
[2026-08-24T00:30:04+00:00] No cell changes
[2026-08-24T00:30:04+00:00] State saved
[2026-08-24T00:30:04+00:00] === end (2.48s) ===
[2026-08-24T00:32:01+00:00] === start ===
[2026-08-24T00:32:01+00:00] Sheet rows: 56, month headers: 4
[2026-08-24T00:32:01+00:00] Columns: {"Тусюк":"B","Муха":"C","Козлянко":"D","Юрченков":"E"}
[2026-08-24T00:32:02+00:00] Tech users: {"57":"Тусюк","65":"Козлянко","67":"Муха","71":"Юрченков"}
[2026-08-24T00:32:02+00:00] Sync window: 2026-08-01 → 2026-10-31
[2026-08-24T00:32:02+00:00] Bookings from calendar: 0
[2026-08-24T00:32:03+00:00] Active deals: 210
[2026-08-24T00:32:03+00:00] Assignments: 0
[2026-08-24T00:32:03+00:00] No cell changes
[2026-08-24T00:32:03+00:00] State saved
[2026-08-24T00:32:03+00:00] === end (2.11s) ===
[2026-08-24T00:34:01+00:00] === start ===
[2026-08-24T00:34:01+00:00] Sheet rows: 56, month headers: 4
[2026-08-24T00:34:02+00:00] Columns: {"Тусюк":"B","Муха":"C","Козлянко":"D","Юрченков":"E"}
[2026-08-24T00:34:02+00:00] Tech users: {"57":"Тусюк","65":"Козлянко","67":"Муха","71":"Юрченков"}
[2026-08-24T00:34:02+00:00] Sync window: 2026-08-01 → 2026-10-31
[2026-08-24T00:34:03+00:00] Bookings from calendar: 0
[2026-08-24T00:34:04+00:00] Active deals: 210
[2026-08-24T00:34:04+00:00] Assignments: 0
[2026-08-24T00:34:04+00:00] No cell changes
[2026-08-24T00:34:04+00:00] State saved
[2026-08-24T00:34:04+00:00] === end (2.77s) ===
[2026-08-24T00:36:01+00:00] === start ===
[2026-08-24T00:36:01+00:00] Sheet rows: 56, month headers: 4
[2026-08-24T00:36:01+00:00] Columns: {"Тусюк":"B","Муха":"C","Козлянко":"D","Юрченков":"E"}
[2026-08-24T00:36:02+00:00] Tech users: {"57":"Тусюк","65":"Козлянко","67":"Муха","71":"Юрченков"}
[2026-08-24T00:36:02+00:00] Sync window: 2026-08-01 → 2026-10-31
[2026-08-24T00:36:02+00:00] Bookings from calendar: 0
[2026-08-24T00:36:03+00:00] Active deals: 210
[2026-08-24T00:36:03+00:00] Assignments: 0
[2026-08-24T00:36:03+00:00] No cell changes
[2026-08-24T00:36:03+00:00] State saved
[2026-08-24T00:36:03+00:00] === end (2.53s) ===
[2026-08-24T00:38:01+00:00] === start ===
[2026-08-24T00:38:02+00:00] Sheet rows: 56, month headers: 4
[2026-08-24T00:38:02+00:00] Columns: {"Тусюк":"B","Муха":"C","Козлянко":"D","Юрченков":"E"}
[2026-08-24T00:38:02+00:00] Tech users: {"57":"Тусюк","65":"Козлянко","67":"Муха","71":"Юрченков"}
[2026-08-24T00:38:02+00:00] Sync window: 2026-08-01 → 2026-10-31
[2026-08-24T00:38:03+00:00] Bookings from calendar: 0
[2026-08-24T00:38:04+00:00] Active deals: 210
[2026-08-24T00:38:04+00:00] Assignments: 0
[2026-08-24T00:38:04+00:00] No cell changes
[2026-08-24T00:38:04+00:00] State saved
[2026-08-24T00:38:04+00:00] === end (2.46s) ===
[2026-08-24T00:40:01+00:00] === start ===
[2026-08-24T00:40:01+00:00] Sheet rows: 56, month headers: 4
[2026-08-24T00:40:02+00:00] Columns: {"Тусюк":"B","Муха":"C","Козлянко":"D","Юрченков":"E"}
[2026-08-24T00:40:02+00:00] Tech users: {"57":"Тусюк","65":"Козлянко","67":"Муха","71":"Юрченков"}
[2026-08-24T00:40:02+00:00] Sync window: 2026-08-01 → 2026-10-31
[2026-08-24T00:40:02+00:00] Bookings from calendar: 0
[2026-08-24T00:40:04+00:00] Active deals: 210
[2026-08-24T00:40:04+00:00] Assignments: 0
[2026-08-24T00:40:04+00:00] No cell changes
[2026-08-24T00:40:04+00:00] State saved
[2026-08-24T00:40:04+00:00] === end (2.77s) ===
[2026-08-24T00:42:01+00:00] === start ===
[2026-08-24T00:42:01+00:00] Sheet rows: 56, month headers: 4
[2026-08-24T00:42:01+00:00] Columns: {"Тусюк":"B","Муха":"C","Козлянко":"D","Юрченков":"E"}
[2026-08-24T00:42:02+00:00] Tech users: {"57":"Тусюк","65":"Козлянко","67":"Муха","71":"Юрченков"}
[2026-08-24T00:42:02+00:00] Sync window: 2026-08-01 → 2026-10-31
[2026-08-24T00:42:02+00:00] Bookings from calendar: 0
[2026-08-24T00:42:03+00:00] Active deals: 210
[2026-08-24T00:42:03+00:00] Assignments: 0
[2026-08-24T00:42:03+00:00] No cell changes
[2026-08-24T00:42:03+00:00] State saved
[2026-08-24T00:42:03+00:00] === end (2.5s) ===
[2026-08-24T00:44:01+00:00] === start ===
[2026-08-24T00:44:02+00:00] Sheet rows: 56, month headers: 4
[2026-08-24T00:44:02+00:00] Columns: {"Тусюк":"B","Муха":"C","Козлянко":"D","Юрченков":"E"}
[2026-08-24T00:44:02+00:00] Tech users: {"57":"Тусюк","65":"Козлянко","67":"Муха","71":"Юрченков"}
[2026-08-24T00:44:02+00:00] Sync window: 2026-08-01 → 2026-10-31
[2026-08-24T00:44:03+00:00] Bookings from calendar: 0
[2026-08-24T00:44:03+00:00] Active deals: 210
[2026-08-24T00:44:03+00:00] Assignments: 0
[2026-08-24T00:44:03+00:00] No cell changes
[2026-08-24T00:44:03+00:00] State saved
[2026-08-24T00:44:03+00:00] === end (2.09s) ===
[2026-08-24T00:46:01+00:00] === start ===
[2026-08-24T00:46:01+00:00] Sheet rows: 56, month headers: 4
[2026-08-24T00:46:01+00:00] Columns: {"Тусюк":"B","Муха":"C","Козлянко":"D","Юрченков":"E"}
[2026-08-24T00:46:02+00:00] Tech users: {"57":"Тусюк","65":"Козлянко","67":"Муха","71":"Юрченков"}
[2026-08-24T00:46:02+00:00] Sync window: 2026-08-01 → 2026-10-31
[2026-08-24T00:46:02+00:00] Bookings from calendar: 0
[2026-08-24T00:46:03+00:00] Active deals: 210
[2026-08-24T00:46:03+00:00] Assignments: 0
[2026-08-24T00:46:03+00:00] No cell changes
[2026-08-24T00:46:03+00:00] State saved
[2026-08-24T00:46:03+00:00] === end (2.26s) ===
[2026-08-24T00:48:01+00:00] === start ===
[2026-08-24T00:48:02+00:00] Sheet rows: 56, month headers: 4
[2026-08-24T00:48:02+00:00] Columns: {"Тусюк":"B","Муха":"C","Козлянко":"D","Юрченков":"E"}
[2026-08-24T00:48:02+00:00] Tech users: {"57":"Тусюк","65":"Козлянко","67":"Муха","71":"Юрченков"}
[2026-08-24T00:48:02+00:00] Sync window: 2026-08-01 → 2026-10-31
[2026-08-24T00:48:03+00:00] Bookings from calendar: 0
[2026-08-24T00:48:03+00:00] Active deals: 210
[2026-08-24T00:48:03+00:00] Assignments: 0
[2026-08-24T00:48:03+00:00] No cell changes
[2026-08-24T00:48:03+00:00] State saved
[2026-08-24T00:48:03+00:00] === end (2.55s) ===
[2026-08-24T00:50:02+00:00] === start ===
[2026-08-24T00:50:02+00:00] Sheet rows: 56, month headers: 4
[2026-08-24T00:50:02+00:00] Columns: {"Тусюк":"B","Муха":"C","Козлянко":"D","Юрченков":"E"}
[2026-08-24T00:50:02+00:00] Tech users: {"57":"Тусюк","65":"Козлянко","67":"Муха","71":"Юрченков"}
[2026-08-24T00:50:02+00:00] Sync window: 2026-08-01 → 2026-10-31
[2026-08-24T00:50:03+00:00] Bookings from calendar: 0
[2026-08-24T00:50:04+00:00] Active deals: 210
[2026-08-24T00:50:04+00:00] Assignments: 0
[2026-08-24T00:50:04+00:00] No cell changes
[2026-08-24T00:50:04+00:00] State saved
[2026-08-24T00:50:04+00:00] === end (2.53s) ===
[2026-08-24T00:52:01+00:00] === start ===
[2026-08-24T00:52:02+00:00] Sheet rows: 56, month headers: 4
[2026-08-24T00:52:02+00:00] Columns: {"Тусюк":"B","Муха":"C","Козлянко":"D","Юрченков":"E"}
[2026-08-24T00:52:02+00:00] Tech users: {"57":"Тусюк","65":"Козлянко","67":"Муха","71":"Юрченков"}
[2026-08-24T00:52:02+00:00] Sync window: 2026-08-01 → 2026-10-31
[2026-08-24T00:52:03+00:00] Bookings from calendar: 0
[2026-08-24T00:52:03+00:00] Active deals: 210
[2026-08-24T00:52:03+00:00] Assignments: 0
[2026-08-24T00:52:03+00:00] No cell changes
[2026-08-24T00:52:03+00:00] State saved
[2026-08-24T00:52:03+00:00] === end (2.36s) ===
[2026-08-24T00:54:01+00:00] === start ===
[2026-08-24T00:54:01+00:00] Sheet rows: 56, month headers: 4
[2026-08-24T00:54:01+00:00] Columns: {"Тусюк":"B","Муха":"C","Козлянко":"D","Юрченков":"E"}
[2026-08-24T00:54:01+00:00] Tech users: {"57":"Тусюк","65":"Козлянко","67":"Муха","71":"Юрченков"}
[2026-08-24T00:54:01+00:00] Sync window: 2026-08-01 → 2026-10-31
[2026-08-24T00:54:02+00:00] Bookings from calendar: 0
[2026-08-24T00:54:03+00:00] Active deals: 210
[2026-08-24T00:54:03+00:00] Assignments: 0
[2026-08-24T00:54:03+00:00] No cell changes
[2026-08-24T00:54:03+00:00] State saved
[2026-08-24T00:54:03+00:00] === end (2.16s) ===
[2026-08-24T00:56:01+00:00] === start ===
[2026-08-24T00:56:01+00:00] Sheet rows: 56, month headers: 4
[2026-08-24T00:56:01+00:00] Columns: {"Тусюк":"B","Муха":"C","Козлянко":"D","Юрченков":"E"}
[2026-08-24T00:56:02+00:00] Tech users: {"57":"Тусюк","65":"Козлянко","67":"Муха","71":"Юрченков"}
[2026-08-24T00:56:02+00:00] Sync window: 2026-08-01 → 2026-10-31
[2026-08-24T00:56:02+00:00] Bookings from calendar: 0
[2026-08-24T00:56:03+00:00] Active deals: 210
[2026-08-24T00:56:03+00:00] Assignments: 0
[2026-08-24T00:56:03+00:00] No cell changes
[2026-08-24T00:56:03+00:00] State saved
[2026-08-24T00:56:03+00:00] === end (2.14s) ===
[2026-08-24T00:58:01+00:00] === start ===
[2026-08-24T00:58:01+00:00] Sheet rows: 56, month headers: 4
[2026-08-24T00:58:02+00:00] Columns: {"Тусюк":"B","Муха":"C","Козлянко":"D","Юрченков":"E"}
[2026-08-24T00:58:02+00:00] Tech users: {"57":"Тусюк","65":"Козлянко","67":"Муха","71":"Юрченков"}
[2026-08-24T00:58:02+00:00] Sync window: 2026-08-01 → 2026-10-31
[2026-08-24T00:58:02+00:00] Bookings from calendar: 0
[2026-08-24T00:58:03+00:00] Active deals: 210
[2026-08-24T00:58:03+00:00] Assignments: 0
[2026-08-24T00:58:03+00:00] No cell changes
[2026-08-24T00:58:03+00:00] State saved
[2026-08-24T00:58:03+00:00] === end (2.22s) ===
[2026-08-24T01:00:01+00:00] === start ===
[2026-08-24T01:00:02+00:00] Sheet rows: 56, month headers: 4
[2026-08-24T01:00:02+00:00] Columns: {"Тусюк":"B","Муха":"C","Козлянко":"D","Юрченков":"E"}
[2026-08-24T01:00:03+00:00] Tech users: {"57":"Тусюк","65":"Козлянко","67":"Муха","71":"Юрченков"}
[2026-08-24T01:00:03+00:00] Sync window: 2026-08-01 → 2026-10-31
[2026-08-24T01:00:03+00:00] Bookings from calendar: 0
[2026-08-24T01:00:04+00:00] Active deals: 210
[2026-08-24T01:00:04+00:00] Assignments: 0
[2026-08-24T01:00:04+00:00] No cell changes
[2026-08-24T01:00:04+00:00] State saved
[2026-08-24T01:00:04+00:00] === end (3.01s) ===
[2026-08-24T01:02:01+00:00] === start ===
[2026-08-24T01:02:02+00:00] Sheet rows: 56, month headers: 4
[2026-08-24T01:02:02+00:00] Columns: {"Тусюк":"B","Муха":"C","Козлянко":"D","Юрченков":"E"}
[2026-08-24T01:02:02+00:00] Tech users: {"57":"Тусюк","65":"Козлянко","67":"Муха","71":"Юрченков"}
[2026-08-24T01:02:02+00:00] Sync window: 2026-08-01 → 2026-10-31
[2026-08-24T01:02:03+00:00] Bookings from calendar: 0
[2026-08-24T01:02:04+00:00] Active deals: 210
[2026-08-24T01:02:04+00:00] Assignments: 0
[2026-08-24T01:02:04+00:00] No cell changes
[2026-08-24T01:02:04+00:00] State saved
[2026-08-24T01:02:04+00:00] === end (2.41s) ===
[2026-08-24T01:04:01+00:00] === start ===
[2026-08-24T01:04:01+00:00] Sheet rows: 56, month headers: 4
[2026-08-24T01:04:02+00:00] Columns: {"Тусюк":"B","Муха":"C","Козлянко":"D","Юрченков":"E"}
[2026-08-24T01:04:02+00:00] Tech users: {"57":"Тусюк","65":"Козлянко","67":"Муха","71":"Юрченков"}
[2026-08-24T01:04:02+00:00] Sync window: 2026-08-01 → 2026-10-31
[2026-08-24T01:04:02+00:00] Bookings from calendar: 0
[2026-08-24T01:04:03+00:00] Active deals: 210
[2026-08-24T01:04:03+00:00] Assignments: 0
[2026-08-24T01:04:03+00:00] No cell changes
[2026-08-24T01:04:03+00:00] State saved
[2026-08-24T01:04:03+00:00] === end (2.29s) ===
[2026-08-24T01:06:01+00:00] === start ===
[2026-08-24T01:06:02+00:00] Sheet rows: 56, month headers: 4
[2026-08-24T01:06:02+00:00] Columns: {"Тусюк":"B","Муха":"C","Козлянко":"D","Юрченков":"E"}
[2026-08-24T01:06:02+00:00] Tech users: {"57":"Тусюк","65":"Козлянко","67":"Муха","71":"Юрченков"}
[2026-08-24T01:06:02+00:00] Sync window: 2026-08-01 → 2026-10-31
[2026-08-24T01:06:03+00:00] Bookings from calendar: 0
[2026-08-24T01:06:03+00:00] Active deals: 210
[2026-08-24T01:06:03+00:00] Assignments: 0
[2026-08-24T01:06:03+00:00] No cell changes
[2026-08-24T01:06:03+00:00] State saved
[2026-08-24T01:06:03+00:00] === end (2.05s) ===
[2026-08-24T01:08:01+00:00] === start ===
[2026-08-24T01:08:02+00:00] Sheet rows: 56, month headers: 4
[2026-08-24T01:08:03+00:00] Columns: {"Тусюк":"B","Муха":"C","Козлянко":"D","Юрченков":"E"}
[2026-08-24T01:08:03+00:00] Tech users: {"57":"Тусюк","65":"Козлянко","67":"Муха","71":"Юрченков"}
[2026-08-24T01:08:03+00:00] Sync window: 2026-08-01 → 2026-10-31
[2026-08-24T01:08:04+00:00] Bookings from calendar: 0
[2026-08-24T01:08:04+00:00] Active deals: 210
[2026-08-24T01:08:04+00:00] Assignments: 0
[2026-08-24T01:08:04+00:00] No cell changes
[2026-08-24T01:08:04+00:00] State saved
[2026-08-24T01:08:04+00:00] === end (3.08s) ===
[2026-08-24T01:10:01+00:00] === start ===
[2026-08-24T01:10:02+00:00] Sheet rows: 56, month headers: 4
[2026-08-24T01:10:03+00:00] Columns: {"Тусюк":"B","Муха":"C","Козлянко":"D","Юрченков":"E"}
[2026-08-24T01:10:03+00:00] Tech users: {"57":"Тусюк","65":"Козлянко","67":"Муха","71":"Юрченков"}
[2026-08-24T01:10:03+00:00] Sync window: 2026-08-01 → 2026-10-31
[2026-08-24T01:10:04+00:00] Bookings from calendar: 0
[2026-08-24T01:10:04+00:00] Active deals: 210
[2026-08-24T01:10:04+00:00] Assignments: 0
[2026-08-24T01:10:04+00:00] No cell changes
[2026-08-24T01:10:04+00:00] State saved
[2026-08-24T01:10:04+00:00] === end (2.94s) ===
[2026-08-24T01:12:01+00:00] === start ===
[2026-08-24T01:12:02+00:00] Sheet rows: 56, month headers: 4
[2026-08-24T01:12:03+00:00] Columns: {"Тусюк":"B","Муха":"C","Козлянко":"D","Юрченков":"E"}
[2026-08-24T01:12:03+00:00] Tech users: {"57":"Тусюк","65":"Козлянко","67":"Муха","71":"Юрченков"}
[2026-08-24T01:12:03+00:00] Sync window: 2026-08-01 → 2026-10-31
[2026-08-24T01:12:04+00:00] Bookings from calendar: 0
[2026-08-24T01:12:04+00:00] Active deals: 210
[2026-08-24T01:12:04+00:00] Assignments: 0
[2026-08-24T01:12:04+00:00] No cell changes
[2026-08-24T01:12:04+00:00] State saved
[2026-08-24T01:12:04+00:00] === end (2.83s) ===
[2026-08-24T01:14:01+00:00] === start ===
[2026-08-24T01:14:02+00:00] Sheet rows: 56, month headers: 4
[2026-08-24T01:14:02+00:00] Columns: {"Тусюк":"B","Муха":"C","Козлянко":"D","Юрченков":"E"}
[2026-08-24T01:14:02+00:00] Tech users: {"57":"Тусюк","65":"Козлянко","67":"Муха","71":"Юрченков"}
[2026-08-24T01:14:02+00:00] Sync window: 2026-08-01 → 2026-10-31
[2026-08-24T01:14:03+00:00] Bookings from calendar: 0
[2026-08-24T01:14:04+00:00] Active deals: 210
[2026-08-24T01:14:04+00:00] Assignments: 0
[2026-08-24T01:14:04+00:00] No cell changes
[2026-08-24T01:14:04+00:00] State saved
[2026-08-24T01:14:04+00:00] === end (2.61s) ===
[2026-08-24T01:16:01+00:00] === start ===
[2026-08-24T01:16:02+00:00] Sheet rows: 56, month headers: 4
[2026-08-24T01:16:02+00:00] Columns: {"Тусюк":"B","Муха":"C","Козлянко":"D","Юрченков":"E"}
[2026-08-24T01:16:02+00:00] Tech users: {"57":"Тусюк","65":"Козлянко","67":"Муха","71":"Юрченков"}
[2026-08-24T01:16:02+00:00] Sync window: 2026-08-01 → 2026-10-31
[2026-08-24T01:16:03+00:00] Bookings from calendar: 0
[2026-08-24T01:16:03+00:00] Active deals: 210
[2026-08-24T01:16:03+00:00] Assignments: 0
[2026-08-24T01:16:03+00:00] No cell changes
[2026-08-24T01:16:03+00:00] State saved
[2026-08-24T01:16:03+00:00] === end (2.37s) ===
[2026-08-24T01:18:02+00:00] === start ===
[2026-08-24T01:18:02+00:00] Sheet rows: 56, month headers: 4
[2026-08-24T01:18:02+00:00] Columns: {"Тусюк":"B","Муха":"C","Козлянко":"D","Юрченков":"E"}
[2026-08-24T01:18:02+00:00] Tech users: {"57":"Тусюк","65":"Козлянко","67":"Муха","71":"Юрченков"}
[2026-08-24T01:18:02+00:00] Sync window: 2026-08-01 → 2026-10-31
[2026-08-24T01:18:03+00:00] Bookings from calendar: 0
[2026-08-24T01:18:04+00:00] Active deals: 210
[2026-08-24T01:18:04+00:00] Assignments: 0
[2026-08-24T01:18:04+00:00] No cell changes
[2026-08-24T01:18:04+00:00] State saved
[2026-08-24T01:18:04+00:00] === end (2.57s) ===
[2026-08-24T01:20:01+00:00] === start ===
[2026-08-24T01:20:02+00:00] Sheet rows: 56, month headers: 4
[2026-08-24T01:20:02+00:00] Columns: {"Тусюк":"B","Муха":"C","Козлянко":"D","Юрченков":"E"}
[2026-08-24T01:20:02+00:00] Tech users: {"57":"Тусюк","65":"Козлянко","67":"Муха","71":"Юрченков"}
[2026-08-24T01:20:02+00:00] Sync window: 2026-08-01 → 2026-10-31
[2026-08-24T01:20:03+00:00] Bookings from calendar: 0
[2026-08-24T01:20:04+00:00] Active deals: 210
[2026-08-24T01:20:04+00:00] Assignments: 0
[2026-08-24T01:20:04+00:00] No cell changes
[2026-08-24T01:20:04+00:00] State saved
[2026-08-24T01:20:04+00:00] === end (2.4s) ===
[2026-08-24T01:22:01+00:00] === start ===
[2026-08-24T01:22:02+00:00] Sheet rows: 56, month headers: 4
[2026-08-24T01:22:02+00:00] Columns: {"Тусюк":"B","Муха":"C","Козлянко":"D","Юрченков":"E"}
[2026-08-24T01:22:02+00:00] Tech users: {"57":"Тусюк","65":"Козлянко","67":"Муха","71":"Юрченков"}
[2026-08-24T01:22:02+00:00] Sync window: 2026-08-01 → 2026-10-31
[2026-08-24T01:22:03+00:00] Bookings from calendar: 0
[2026-08-24T01:22:04+00:00] Active deals: 210
[2026-08-24T01:22:04+00:00] Assignments: 0
[2026-08-24T01:22:04+00:00] No cell changes
[2026-08-24T01:22:04+00:00] State saved
[2026-08-24T01:22:04+00:00] === end (3.12s) ===
[2026-08-24T01:24:01+00:00] === start ===
[2026-08-24T01:24:01+00:00] Sheet rows: 56, month headers: 4
[2026-08-24T01:24:02+00:00] Columns: {"Тусюк":"B","Муха":"C","Козлянко":"D","Юрченков":"E"}
[2026-08-24T01:24:02+00:00] Tech users: {"57":"Тусюк","65":"Козлянко","67":"Муха","71":"Юрченков"}
[2026-08-24T01:24:02+00:00] Sync window: 2026-08-01 → 2026-10-31
[2026-08-24T01:24:03+00:00] Bookings from calendar: 0
[2026-08-24T01:24:03+00:00] Active deals: 210
[2026-08-24T01:24:03+00:00] Assignments: 0
[2026-08-24T01:24:03+00:00] No cell changes
[2026-08-24T01:24:03+00:00] State saved
[2026-08-24T01:24:03+00:00] === end (2.49s) ===
[2026-08-24T01:26:01+00:00] === start ===
[2026-08-24T01:26:02+00:00] Sheet rows: 56, month headers: 4
[2026-08-24T01:26:02+00:00] Columns: {"Тусюк":"B","Муха":"C","Козлянко":"D","Юрченков":"E"}
[2026-08-24T01:26:02+00:00] Tech users: {"57":"Тусюк","65":"Козлянко","67":"Муха","71":"Юрченков"}
[2026-08-24T01:26:02+00:00] Sync window: 2026-08-01 → 2026-10-31
[2026-08-24T01:26:03+00:00] Bookings from calendar: 0
[2026-08-24T01:26:04+00:00] Active deals: 210
[2026-08-24T01:26:04+00:00] Assignments: 0
[2026-08-24T01:26:04+00:00] No cell changes
[2026-08-24T01:26:04+00:00] State saved
[2026-08-24T01:26:04+00:00] === end (2.3s) ===
[2026-08-24T01:28:01+00:00] === start ===
[2026-08-24T01:28:01+00:00] Sheet rows: 56, month headers: 4
[2026-08-24T01:28:02+00:00] Columns: {"Тусюк":"B","Муха":"C","Козлянко":"D","Юрченков":"E"}
[2026-08-24T01:28:02+00:00] Tech users: {"57":"Тусюк","65":"Козлянко","67":"Муха","71":"Юрченков"}
[2026-08-24T01:28:02+00:00] Sync window: 2026-08-01 → 2026-10-31
[2026-08-24T01:28:02+00:00] Bookings from calendar: 0
[2026-08-24T01:28:03+00:00] Active deals: 210
[2026-08-24T01:28:03+00:00] Assignments: 0
[2026-08-24T01:28:03+00:00] No cell changes
[2026-08-24T01:28:03+00:00] State saved
[2026-08-24T01:28:03+00:00] === end (2.54s) ===
[2026-08-24T01:30:01+00:00] === start ===
[2026-08-24T01:30:02+00:00] Sheet rows: 56, month headers: 4
[2026-08-24T01:30:03+00:00] Columns: {"Тусюк":"B","Муха":"C","Козлянко":"D","Юрченков":"E"}
[2026-08-24T01:30:03+00:00] Tech users: {"57":"Тусюк","65":"Козлянко","67":"Муха","71":"Юрченков"}
[2026-08-24T01:30:03+00:00] Sync window: 2026-08-01 → 2026-10-31
[2026-08-24T01:30:04+00:00] Bookings from calendar: 0
[2026-08-24T01:30:05+00:00] Active deals: 210
[2026-08-24T01:30:05+00:00] Assignments: 0
[2026-08-24T01:30:05+00:00] No cell changes
[2026-08-24T01:30:05+00:00] State saved
[2026-08-24T01:30:05+00:00] === end (3.41s) ===
[2026-08-24T01:32:01+00:00] === start ===
[2026-08-24T01:32:01+00:00] Sheet rows: 56, month headers: 4
[2026-08-24T01:32:02+00:00] Columns: {"Тусюк":"B","Муха":"C","Козлянко":"D","Юрченков":"E"}
[2026-08-24T01:32:02+00:00] Tech users: {"57":"Тусюк","65":"Козлянко","67":"Муха","71":"Юрченков"}
[2026-08-24T01:32:02+00:00] Sync window: 2026-08-01 → 2026-10-31
[2026-08-24T01:32:03+00:00] Bookings from calendar: 0
[2026-08-24T01:32:04+00:00] Active deals: 210
[2026-08-24T01:32:04+00:00] Assignments: 0
[2026-08-24T01:32:04+00:00] No cell changes
[2026-08-24T01:32:04+00:00] State saved
[2026-08-24T01:32:04+00:00] === end (2.74s) ===
[2026-08-24T01:34:01+00:00] === start ===
[2026-08-24T01:34:01+00:00] Sheet rows: 56, month headers: 4
[2026-08-24T01:34:01+00:00] Columns: {"Тусюк":"B","Муха":"C","Козлянко":"D","Юрченков":"E"}
[2026-08-24T01:34:02+00:00] Tech users: {"57":"Тусюк","65":"Козлянко","67":"Муха","71":"Юрченков"}
[2026-08-24T01:34:02+00:00] Sync window: 2026-08-01 → 2026-10-31
[2026-08-24T01:34:02+00:00] Bookings from calendar: 0
[2026-08-24T01:34:03+00:00] Active deals: 210
[2026-08-24T01:34:03+00:00] Assignments: 0
[2026-08-24T01:34:03+00:00] No cell changes
[2026-08-24T01:34:03+00:00] State saved
[2026-08-24T01:34:03+00:00] === end (2.41s) ===
[2026-08-24T01:36:01+00:00] === start ===
[2026-08-24T01:36:01+00:00] Sheet rows: 56, month headers: 4
[2026-08-24T01:36:02+00:00] Columns: {"Тусюк":"B","Муха":"C","Козлянко":"D","Юрченков":"E"}
[2026-08-24T01:36:02+00:00] Tech users: {"57":"Тусюк","65":"Козлянко","67":"Муха","71":"Юрченков"}
[2026-08-24T01:36:02+00:00] Sync window: 2026-08-01 → 2026-10-31
[2026-08-24T01:36:03+00:00] Bookings from calendar: 0
[2026-08-24T01:36:03+00:00] Active deals: 210
[2026-08-24T01:36:03+00:00] Assignments: 0
[2026-08-24T01:36:03+00:00] No cell changes
[2026-08-24T01:36:03+00:00] State saved
[2026-08-24T01:36:03+00:00] === end (2.32s) ===
[2026-08-24T01:38:02+00:00] === start ===
[2026-08-24T01:38:03+00:00] Sheet rows: 56, month headers: 4
[2026-08-24T01:38:03+00:00] Columns: {"Тусюк":"B","Муха":"C","Козлянко":"D","Юрченков":"E"}
[2026-08-24T01:38:03+00:00] Tech users: {"57":"Тусюк","65":"Козлянко","67":"Муха","71":"Юрченков"}
[2026-08-24T01:38:03+00:00] Sync window: 2026-08-01 → 2026-10-31
[2026-08-24T01:38:04+00:00] Bookings from calendar: 0
[2026-08-24T01:38:05+00:00] Active deals: 210
[2026-08-24T01:38:05+00:00] Assignments: 0
[2026-08-24T01:38:05+00:00] No cell changes
[2026-08-24T01:38:05+00:00] State saved
[2026-08-24T01:38:05+00:00] === end (2.99s) ===
[2026-08-24T01:40:01+00:00] === start ===
[2026-08-24T01:40:01+00:00] Sheet rows: 56, month headers: 4
[2026-08-24T01:40:02+00:00] Columns: {"Тусюк":"B","Муха":"C","Козлянко":"D","Юрченков":"E"}
[2026-08-24T01:40:02+00:00] Tech users: {"57":"Тусюк","65":"Козлянко","67":"Муха","71":"Юрченков"}
[2026-08-24T01:40:02+00:00] Sync window: 2026-08-01 → 2026-10-31
[2026-08-24T01:40:03+00:00] Bookings from calendar: 0
[2026-08-24T01:40:03+00:00] Active deals: 210
[2026-08-24T01:40:03+00:00] Assignments: 0
[2026-08-24T01:40:03+00:00] No cell changes
[2026-08-24T01:40:03+00:00] State saved
[2026-08-24T01:40:03+00:00] === end (2.78s) ===
[2026-08-24T01:42:01+00:00] === start ===
[2026-08-24T01:42:02+00:00] Sheet rows: 56, month headers: 4
[2026-08-24T01:42:02+00:00] Columns: {"Тусюк":"B","Муха":"C","Козлянко":"D","Юрченков":"E"}
[2026-08-24T01:42:02+00:00] Tech users: {"57":"Тусюк","65":"Козлянко","67":"Муха","71":"Юрченков"}
[2026-08-24T01:42:02+00:00] Sync window: 2026-08-01 → 2026-10-31
[2026-08-24T01:42:03+00:00] Bookings from calendar: 0
[2026-08-24T01:42:04+00:00] Active deals: 210
[2026-08-24T01:42:04+00:00] Assignments: 0
[2026-08-24T01:42:04+00:00] No cell changes
[2026-08-24T01:42:04+00:00] State saved
[2026-08-24T01:42:04+00:00] === end (2.38s) ===
[2026-08-24T01:44:01+00:00] === start ===
[2026-08-24T01:44:01+00:00] Sheet rows: 56, month headers: 4
[2026-08-24T01:44:02+00:00] Columns: {"Тусюк":"B","Муха":"C","Козлянко":"D","Юрченков":"E"}
[2026-08-24T01:44:02+00:00] Tech users: {"57":"Тусюк","65":"Козлянко","67":"Муха","71":"Юрченков"}
[2026-08-24T01:44:02+00:00] Sync window: 2026-08-01 → 2026-10-31
[2026-08-24T01:44:02+00:00] Bookings from calendar: 0
[2026-08-24T01:44:03+00:00] Active deals: 210
[2026-08-24T01:44:03+00:00] Assignments: 0
[2026-08-24T01:44:03+00:00] No cell changes
[2026-08-24T01:44:03+00:00] State saved
[2026-08-24T01:44:03+00:00] === end (2.14s) ===
[2026-08-24T01:46:01+00:00] === start ===
[2026-08-24T01:46:02+00:00] Sheet rows: 56, month headers: 4
[2026-08-24T01:46:02+00:00] Columns: {"Тусюк":"B","Муха":"C","Козлянко":"D","Юрченков":"E"}
[2026-08-24T01:46:03+00:00] Tech users: {"57":"Тусюк","65":"Козлянко","67":"Муха","71":"Юрченков"}
[2026-08-24T01:46:03+00:00] Sync window: 2026-08-01 → 2026-10-31
[2026-08-24T01:46:03+00:00] Bookings from calendar: 0
[2026-08-24T01:46:04+00:00] Active deals: 210
[2026-08-24T01:46:04+00:00] Assignments: 0
[2026-08-24T01:46:04+00:00] No cell changes
[2026-08-24T01:46:04+00:00] State saved
[2026-08-24T01:46:04+00:00] === end (2.93s) ===
[2026-08-24T01:48:01+00:00] === start ===
[2026-08-24T01:48:01+00:00] Sheet rows: 56, month headers: 4
[2026-08-24T01:48:02+00:00] Columns: {"Тусюк":"B","Муха":"C","Козлянко":"D","Юрченков":"E"}
[2026-08-24T01:48:02+00:00] Tech users: {"57":"Тусюк","65":"Козлянко","67":"Муха","71":"Юрченков"}
[2026-08-24T01:48:02+00:00] Sync window: 2026-08-01 → 2026-10-31
[2026-08-24T01:48:03+00:00] Bookings from calendar: 0
[2026-08-24T01:48:04+00:00] Active deals: 210
[2026-08-24T01:48:04+00:00] Assignments: 0
[2026-08-24T01:48:04+00:00] No cell changes
[2026-08-24T01:48:04+00:00] State saved
[2026-08-24T01:48:04+00:00] === end (2.46s) ===
[2026-08-24T01:50:01+00:00] === start ===
[2026-08-24T01:50:01+00:00] Sheet rows: 56, month headers: 4
[2026-08-24T01:50:02+00:00] Columns: {"Тусюк":"B","Муха":"C","Козлянко":"D","Юрченков":"E"}
[2026-08-24T01:50:02+00:00] Tech users: {"57":"Тусюк","65":"Козлянко","67":"Муха","71":"Юрченков"}
[2026-08-24T01:50:02+00:00] Sync window: 2026-08-01 → 2026-10-31
[2026-08-24T01:50:03+00:00] Bookings from calendar: 0
[2026-08-24T01:50:03+00:00] Active deals: 210
[2026-08-24T01:50:03+00:00] Assignments: 0
[2026-08-24T01:50:03+00:00] No cell changes
[2026-08-24T01:50:03+00:00] State saved
[2026-08-24T01:50:03+00:00] === end (2.66s) ===
[2026-08-24T01:52:01+00:00] === start ===
[2026-08-24T01:52:02+00:00] Sheet rows: 56, month headers: 4
[2026-08-24T01:52:03+00:00] Columns: {"Тусюк":"B","Муха":"C","Козлянко":"D","Юрченков":"E"}
[2026-08-24T01:52:03+00:00] Tech users: {"57":"Тусюк","65":"Козлянко","67":"Муха","71":"Юрченков"}
[2026-08-24T01:52:03+00:00] Sync window: 2026-08-01 → 2026-10-31
[2026-08-24T01:52:03+00:00] Bookings from calendar: 0
[2026-08-24T01:52:04+00:00] Active deals: 210
[2026-08-24T01:52:04+00:00] Assignments: 0
[2026-08-24T01:52:04+00:00] No cell changes
[2026-08-24T01:52:04+00:00] State saved
[2026-08-24T01:52:04+00:00] === end (2.91s) ===
[2026-08-24T01:54:01+00:00] === start ===
[2026-08-24T01:54:02+00:00] Sheet rows: 56, month headers: 4
[2026-08-24T01:54:02+00:00] Columns: {"Тусюк":"B","Муха":"C","Козлянко":"D","Юрченков":"E"}
[2026-08-24T01:54:03+00:00] Tech users: {"57":"Тусюк","65":"Козлянко","67":"Муха","71":"Юрченков"}
[2026-08-24T01:54:03+00:00] Sync window: 2026-08-01 → 2026-10-31
[2026-08-24T01:54:03+00:00] Bookings from calendar: 0
[2026-08-24T01:54:04+00:00] Active deals: 210
[2026-08-24T01:54:04+00:00] Assignments: 0
[2026-08-24T01:54:04+00:00] No cell changes
[2026-08-24T01:54:04+00:00] State saved
[2026-08-24T01:54:04+00:00] === end (2.69s) ===
[2026-08-24T01:56:01+00:00] === start ===
[2026-08-24T01:56:02+00:00] Sheet rows: 56, month headers: 4
[2026-08-24T01:56:02+00:00] Columns: {"Тусюк":"B","Муха":"C","Козлянко":"D","Юрченков":"E"}
[2026-08-24T01:56:02+00:00] Tech users: {"57":"Тусюк","65":"Козлянко","67":"Муха","71":"Юрченков"}
[2026-08-24T01:56:02+00:00] Sync window: 2026-08-01 → 2026-10-31
[2026-08-24T01:56:03+00:00] Bookings from calendar: 0
[2026-08-24T01:56:04+00:00] Active deals: 210
[2026-08-24T01:56:04+00:00] Assignments: 0
[2026-08-24T01:56:04+00:00] No cell changes
[2026-08-24T01:56:04+00:00] State saved
[2026-08-24T01:56:04+00:00] === end (2.64s) ===
[2026-08-24T01:58:01+00:00] === start ===
[2026-08-24T01:58:01+00:00] Sheet rows: 56, month headers: 4
[2026-08-24T01:58:02+00:00] Columns: {"Тусюк":"B","Муха":"C","Козлянко":"D","Юрченков":"E"}
[2026-08-24T01:58:02+00:00] Tech users: {"57":"Тусюк","65":"Козлянко","67":"Муха","71":"Юрченков"}
[2026-08-24T01:58:02+00:00] Sync window: 2026-08-01 → 2026-10-31
[2026-08-24T01:58:03+00:00] Bookings from calendar: 0
[2026-08-24T01:58:04+00:00] Active deals: 210
[2026-08-24T01:58:04+00:00] Assignments: 0
[2026-08-24T01:58:04+00:00] No cell changes
[2026-08-24T01:58:04+00:00] State saved
[2026-08-24T01:58:04+00:00] === end (2.75s) ===
[2026-08-24T02:00:01+00:00] === start ===
[2026-08-24T02:00:01+00:00] Sheet rows: 56, month headers: 4
[2026-08-24T02:00:02+00:00] Columns: {"Тусюк":"B","Муха":"C","Козлянко":"D","Юрченков":"E"}
[2026-08-24T02:00:02+00:00] Tech users: {"57":"Тусюк","65":"Козлянко","67":"Муха","71":"Юрченков"}
[2026-08-24T02:00:02+00:00] Sync window: 2026-08-01 → 2026-10-31
[2026-08-24T02:00:02+00:00] Bookings from calendar: 0
[2026-08-24T02:00:03+00:00] Active deals: 210
[2026-08-24T02:00:03+00:00] Assignments: 0
[2026-08-24T02:00:03+00:00] No cell changes
[2026-08-24T02:00:03+00:00] State saved
[2026-08-24T02:00:03+00:00] === end (2.53s) ===
[2026-08-24T02:02:01+00:00] === start ===
[2026-08-24T02:02:02+00:00] Sheet rows: 56, month headers: 4
[2026-08-24T02:02:02+00:00] Columns: {"Тусюк":"B","Муха":"C","Козлянко":"D","Юрченков":"E"}
[2026-08-24T02:02:02+00:00] Tech users: {"57":"Тусюк","65":"Козлянко","67":"Муха","71":"Юрченков"}
[2026-08-24T02:02:02+00:00] Sync window: 2026-08-01 → 2026-10-31
[2026-08-24T02:02:03+00:00] Bookings from calendar: 0
[2026-08-24T02:02:04+00:00] Active deals: 210
[2026-08-24T02:02:04+00:00] Assignments: 0
[2026-08-24T02:02:04+00:00] No cell changes
[2026-08-24T02:02:04+00:00] State saved
[2026-08-24T02:02:04+00:00] === end (2.66s) ===
[2026-08-24T02:04:01+00:00] === start ===
[2026-08-24T02:04:02+00:00] Sheet rows: 56, month headers: 4
[2026-08-24T02:04:02+00:00] Columns: {"Тусюк":"B","Муха":"C","Козлянко":"D","Юрченков":"E"}
[2026-08-24T02:04:02+00:00] Tech users: {"57":"Тусюк","65":"Козлянко","67":"Муха","71":"Юрченков"}
[2026-08-24T02:04:02+00:00] Sync window: 2026-08-01 → 2026-10-31
[2026-08-24T02:04:03+00:00] Bookings from calendar: 0
[2026-08-24T02:04:04+00:00] Active deals: 210
[2026-08-24T02:04:04+00:00] Assignments: 0
[2026-08-24T02:04:04+00:00] No cell changes
[2026-08-24T02:04:04+00:00] State saved
[2026-08-24T02:04:04+00:00] === end (2.79s) ===
[2026-08-24T02:06:01+00:00] === start ===
[2026-08-24T02:06:01+00:00] Sheet rows: 56, month headers: 4
[2026-08-24T02:06:02+00:00] Columns: {"Тусюк":"B","Муха":"C","Козлянко":"D","Юрченков":"E"}
[2026-08-24T02:06:02+00:00] Tech users: {"57":"Тусюк","65":"Козлянко","67":"Муха","71":"Юрченков"}
[2026-08-24T02:06:02+00:00] Sync window: 2026-08-01 → 2026-10-31
[2026-08-24T02:06:03+00:00] Bookings from calendar: 0
[2026-08-24T02:06:03+00:00] Active deals: 210
[2026-08-24T02:06:03+00:00] Assignments: 0
[2026-08-24T02:06:03+00:00] No cell changes
[2026-08-24T02:06:03+00:00] State saved
[2026-08-24T02:06:03+00:00] === end (2.53s) ===
[2026-08-24T02:08:01+00:00] === start ===
[2026-08-24T02:08:02+00:00] Sheet rows: 56, month headers: 4
[2026-08-24T02:08:02+00:00] Columns: {"Тусюк":"B","Муха":"C","Козлянко":"D","Юрченков":"E"}
[2026-08-24T02:08:03+00:00] Tech users: {"57":"Тусюк","65":"Козлянко","67":"Муха","71":"Юрченков"}
[2026-08-24T02:08:03+00:00] Sync window: 2026-08-01 → 2026-10-31
[2026-08-24T02:08:03+00:00] Bookings from calendar: 0
[2026-08-24T02:08:04+00:00] Active deals: 210
[2026-08-24T02:08:04+00:00] Assignments: 0
[2026-08-24T02:08:04+00:00] No cell changes
[2026-08-24T02:08:04+00:00] State saved
[2026-08-24T02:08:04+00:00] === end (2.61s) ===
[2026-08-24T02:10:01+00:00] === start ===
[2026-08-24T02:10:02+00:00] Sheet rows: 56, month headers: 4
[2026-08-24T02:10:03+00:00] Columns: {"Тусюк":"B","Муха":"C","Козлянко":"D","Юрченков":"E"}
[2026-08-24T02:10:03+00:00] Tech users: {"57":"Тусюк","65":"Козлянко","67":"Муха","71":"Юрченков"}
[2026-08-24T02:10:03+00:00] Sync window: 2026-08-01 → 2026-10-31
[2026-08-24T02:10:03+00:00] Bookings from calendar: 0
[2026-08-24T02:10:04+00:00] Active deals: 210
[2026-08-24T02:10:04+00:00] Assignments: 0
[2026-08-24T02:10:04+00:00] No cell changes
[2026-08-24T02:10:04+00:00] State saved
[2026-08-24T02:10:04+00:00] === end (3.03s) ===
[2026-08-24T02:12:01+00:00] === start ===
[2026-08-24T02:12:02+00:00] Sheet rows: 56, month headers: 4
[2026-08-24T02:12:02+00:00] Columns: {"Тусюк":"B","Муха":"C","Козлянко":"D","Юрченков":"E"}
[2026-08-24T02:12:02+00:00] Tech users: {"57":"Тусюк","65":"Козлянко","67":"Муха","71":"Юрченков"}
[2026-08-24T02:12:02+00:00] Sync window: 2026-08-01 → 2026-10-31
[2026-08-24T02:12:03+00:00] Bookings from calendar: 0
[2026-08-24T02:12:03+00:00] Active deals: 210
[2026-08-24T02:12:03+00:00] Assignments: 0
[2026-08-24T02:12:03+00:00] No cell changes
[2026-08-24T02:12:03+00:00] State saved
[2026-08-24T02:12:03+00:00] === end (2.25s) ===
[2026-08-24T02:14:01+00:00] === start ===
[2026-08-24T02:14:02+00:00] Sheet rows: 56, month headers: 4
[2026-08-24T02:14:02+00:00] Columns: {"Тусюк":"B","Муха":"C","Козлянко":"D","Юрченков":"E"}
[2026-08-24T02:14:02+00:00] Tech users: {"57":"Тусюк","65":"Козлянко","67":"Муха","71":"Юрченков"}
[2026-08-24T02:14:02+00:00] Sync window: 2026-08-01 → 2026-10-31
[2026-08-24T02:14:03+00:00] Bookings from calendar: 0
[2026-08-24T02:14:04+00:00] Active deals: 210
[2026-08-24T02:14:04+00:00] Assignments: 0
[2026-08-24T02:14:04+00:00] No cell changes
[2026-08-24T02:14:04+00:00] State saved
[2026-08-24T02:14:04+00:00] === end (2.49s) ===
[2026-08-24T02:16:01+00:00] === start ===
[2026-08-24T02:16:02+00:00] Sheet rows: 56, month headers: 4
[2026-08-24T02:16:02+00:00] Columns: {"Тусюк":"B","Муха":"C","Козлянко":"D","Юрченков":"E"}
[2026-08-24T02:16:02+00:00] Tech users: {"57":"Тусюк","65":"Козлянко","67":"Муха","71":"Юрченков"}
[2026-08-24T02:16:02+00:00] Sync window: 2026-08-01 → 2026-10-31
[2026-08-24T02:16:03+00:00] Bookings from calendar: 0
[2026-08-24T02:16:04+00:00] Active deals: 210
[2026-08-24T02:16:04+00:00] Assignments: 0
[2026-08-24T02:16:04+00:00] No cell changes
[2026-08-24T02:16:04+00:00] State saved
[2026-08-24T02:16:04+00:00] === end (2.77s) ===
[2026-08-24T02:18:01+00:00] === start ===
[2026-08-24T02:18:01+00:00] Sheet rows: 56, month headers: 4
[2026-08-24T02:18:02+00:00] Columns: {"Тусюк":"B","Муха":"C","Козлянко":"D","Юрченков":"E"}
[2026-08-24T02:18:02+00:00] Tech users: {"57":"Тусюк","65":"Козлянко","67":"Муха","71":"Юрченков"}
[2026-08-24T02:18:02+00:00] Sync window: 2026-08-01 → 2026-10-31
[2026-08-24T02:18:03+00:00] Bookings from calendar: 0
[2026-08-24T02:18:04+00:00] Active deals: 210
[2026-08-24T02:18:04+00:00] Assignments: 0
[2026-08-24T02:18:04+00:00] No cell changes
[2026-08-24T02:18:04+00:00] State saved
[2026-08-24T02:18:04+00:00] === end (2.67s) ===
[2026-08-24T02:20:01+00:00] === start ===
[2026-08-24T02:20:01+00:00] Sheet rows: 56, month headers: 4
[2026-08-24T02:20:01+00:00] Columns: {"Тусюк":"B","Муха":"C","Козлянко":"D","Юрченков":"E"}
[2026-08-24T02:20:02+00:00] Tech users: {"57":"Тусюк","65":"Козлянко","67":"Муха","71":"Юрченков"}
[2026-08-24T02:20:02+00:00] Sync window: 2026-08-01 → 2026-10-31
[2026-08-24T02:20:02+00:00] Bookings from calendar: 0
[2026-08-24T02:20:03+00:00] Active deals: 210
[2026-08-24T02:20:03+00:00] Assignments: 0
[2026-08-24T02:20:03+00:00] No cell changes
[2026-08-24T02:20:03+00:00] State saved
[2026-08-24T02:20:03+00:00] === end (2.46s) ===
[2026-08-24T02:22:01+00:00] === start ===
[2026-08-24T02:22:02+00:00] Sheet rows: 56, month headers: 4
[2026-08-24T02:22:02+00:00] Columns: {"Тусюк":"B","Муха":"C","Козлянко":"D","Юрченков":"E"}
[2026-08-24T02:22:02+00:00] Tech users: {"57":"Тусюк","65":"Козлянко","67":"Муха","71":"Юрченков"}
[2026-08-24T02:22:02+00:00] Sync window: 2026-08-01 → 2026-10-31
[2026-08-24T02:22:03+00:00] Bookings from calendar: 0
[2026-08-24T02:22:04+00:00] Active deals: 210
[2026-08-24T02:22:04+00:00] Assignments: 0
[2026-08-24T02:22:04+00:00] No cell changes
[2026-08-24T02:22:04+00:00] State saved
[2026-08-24T02:22:04+00:00] === end (2.62s) ===
[2026-08-24T02:24:01+00:00] === start ===
[2026-08-24T02:24:02+00:00] Sheet rows: 56, month headers: 4
[2026-08-24T02:24:02+00:00] Columns: {"Тусюк":"B","Муха":"C","Козлянко":"D","Юрченков":"E"}
[2026-08-24T02:24:02+00:00] Tech users: {"57":"Тусюк","65":"Козлянко","67":"Муха","71":"Юрченков"}
[2026-08-24T02:24:02+00:00] Sync window: 2026-08-01 → 2026-10-31
[2026-08-24T02:24:03+00:00] Bookings from calendar: 0
[2026-08-24T02:24:04+00:00] Active deals: 210
[2026-08-24T02:24:04+00:00] Assignments: 0
[2026-08-24T02:24:04+00:00] No cell changes
[2026-08-24T02:24:04+00:00] State saved
[2026-08-24T02:24:04+00:00] === end (2.61s) ===
[2026-08-24T02:26:01+00:00] === start ===
[2026-08-24T02:26:01+00:00] Sheet rows: 56, month headers: 4
[2026-08-24T02:26:01+00:00] Columns: {"Тусюк":"B","Муха":"C","Козлянко":"D","Юрченков":"E"}
[2026-08-24T02:26:01+00:00] Tech users: {"57":"Тусюк","65":"Козлянко","67":"Муха","71":"Юрченков"}
[2026-08-24T02:26:01+00:00] Sync window: 2026-08-01 → 2026-10-31
[2026-08-24T02:26:02+00:00] Bookings from calendar: 0
[2026-08-24T02:26:03+00:00] Active deals: 210
[2026-08-24T02:26:03+00:00] Assignments: 0
[2026-08-24T02:26:03+00:00] No cell changes
[2026-08-24T02:26:03+00:00] State saved
[2026-08-24T02:26:03+00:00] === end (2.11s) ===
[2026-08-24T02:28:01+00:00] === start ===
[2026-08-24T02:28:01+00:00] Sheet rows: 56, month headers: 4
[2026-08-24T02:28:02+00:00] Columns: {"Тусюк":"B","Муха":"C","Козлянко":"D","Юрченков":"E"}
[2026-08-24T02:28:02+00:00] Tech users: {"57":"Тусюк","65":"Козлянко","67":"Муха","71":"Юрченков"}
[2026-08-24T02:28:02+00:00] Sync window: 2026-08-01 → 2026-10-31
[2026-08-24T02:28:03+00:00] Bookings from calendar: 0
[2026-08-24T02:28:04+00:00] Active deals: 210
[2026-08-24T02:28:04+00:00] Assignments: 0
[2026-08-24T02:28:04+00:00] No cell changes
[2026-08-24T02:28:04+00:00] State saved
[2026-08-24T02:28:04+00:00] === end (3.01s) ===
[2026-08-24T02:30:01+00:00] === start ===
[2026-08-24T02:30:01+00:00] Sheet rows: 56, month headers: 4
[2026-08-24T02:30:02+00:00] Columns: {"Тусюк":"B","Муха":"C","Козлянко":"D","Юрченков":"E"}
[2026-08-24T02:30:02+00:00] Tech users: {"57":"Тусюк","65":"Козлянко","67":"Муха","71":"Юрченков"}
[2026-08-24T02:30:02+00:00] Sync window: 2026-08-01 → 2026-10-31
[2026-08-24T02:30:03+00:00] Bookings from calendar: 0
[2026-08-24T02:30:04+00:00] Active deals: 210
[2026-08-24T02:30:04+00:00] Assignments: 0
[2026-08-24T02:30:04+00:00] No cell changes
[2026-08-24T02:30:04+00:00] State saved
[2026-08-24T02:30:04+00:00] === end (2.92s) ===
[2026-08-24T02:32:01+00:00] === start ===
[2026-08-24T02:32:01+00:00] Sheet rows: 56, month headers: 4
[2026-08-24T02:32:02+00:00] Columns: {"Тусюк":"B","Муха":"C","Козлянко":"D","Юрченков":"E"}
[2026-08-24T02:32:02+00:00] Tech users: {"57":"Тусюк","65":"Козлянко","67":"Муха","71":"Юрченков"}
[2026-08-24T02:32:02+00:00] Sync window: 2026-08-01 → 2026-10-31
[2026-08-24T02:32:03+00:00] Bookings from calendar: 0
[2026-08-24T02:32:04+00:00] Active deals: 210
[2026-08-24T02:32:04+00:00] Assignments: 0
[2026-08-24T02:32:04+00:00] No cell changes
[2026-08-24T02:32:04+00:00] State saved
[2026-08-24T02:32:04+00:00] === end (2.95s) ===
[2026-08-24T02:34:01+00:00] === start ===
[2026-08-24T02:34:01+00:00] Sheet rows: 56, month headers: 4
[2026-08-24T02:34:02+00:00] Columns: {"Тусюк":"B","Муха":"C","Козлянко":"D","Юрченков":"E"}
[2026-08-24T02:34:02+00:00] Tech users: {"57":"Тусюк","65":"Козлянко","67":"Муха","71":"Юрченков"}
[2026-08-24T02:34:02+00:00] Sync window: 2026-08-01 → 2026-10-31
[2026-08-24T02:34:03+00:00] Bookings from calendar: 0
[2026-08-24T02:34:03+00:00] Active deals: 210
[2026-08-24T02:34:03+00:00] Assignments: 0
[2026-08-24T02:34:03+00:00] No cell changes
[2026-08-24T02:34:03+00:00] State saved
[2026-08-24T02:34:03+00:00] === end (2.52s) ===
[2026-08-24T02:36:01+00:00] === start ===
[2026-08-24T02:36:02+00:00] Sheet rows: 56, month headers: 4
[2026-08-24T02:36:02+00:00] Columns: {"Тусюк":"B","Муха":"C","Козлянко":"D","Юрченков":"E"}
[2026-08-24T02:36:02+00:00] Tech users: {"57":"Тусюк","65":"Козлянко","67":"Муха","71":"Юрченков"}
[2026-08-24T02:36:02+00:00] Sync window: 2026-08-01 → 2026-10-31
[2026-08-24T02:36:03+00:00] Bookings from calendar: 0
[2026-08-24T02:36:04+00:00] Active deals: 210
[2026-08-24T02:36:04+00:00] Assignments: 0
[2026-08-24T02:36:04+00:00] No cell changes
[2026-08-24T02:36:04+00:00] State saved
[2026-08-24T02:36:04+00:00] === end (2.56s) ===
[2026-08-24T02:38:01+00:00] === start ===
[2026-08-24T02:38:01+00:00] Sheet rows: 56, month headers: 4
[2026-08-24T02:38:02+00:00] Columns: {"Тусюк":"B","Муха":"C","Козлянко":"D","Юрченков":"E"}
[2026-08-24T02:38:02+00:00] Tech users: {"57":"Тусюк","65":"Козлянко","67":"Муха","71":"Юрченков"}
[2026-08-24T02:38:02+00:00] Sync window: 2026-08-01 → 2026-10-31
[2026-08-24T02:38:03+00:00] Bookings from calendar: 0
[2026-08-24T02:38:04+00:00] Active deals: 210
[2026-08-24T02:38:04+00:00] Assignments: 0
[2026-08-24T02:38:04+00:00] No cell changes
[2026-08-24T02:38:04+00:00] State saved
[2026-08-24T02:38:04+00:00] === end (2.63s) ===
[2026-08-24T02:40:01+00:00] === start ===
[2026-08-24T02:40:01+00:00] Sheet rows: 56, month headers: 4
[2026-08-24T02:40:02+00:00] Columns: {"Тусюк":"B","Муха":"C","Козлянко":"D","Юрченков":"E"}
[2026-08-24T02:40:02+00:00] Tech users: {"57":"Тусюк","65":"Козлянко","67":"Муха","71":"Юрченков"}
[2026-08-24T02:40:02+00:00] Sync window: 2026-08-01 → 2026-10-31
[2026-08-24T02:40:02+00:00] Bookings from calendar: 0
[2026-08-24T02:40:03+00:00] Active deals: 210
[2026-08-24T02:40:03+00:00] Assignments: 0
[2026-08-24T02:40:03+00:00] No cell changes
[2026-08-24T02:40:03+00:00] State saved
[2026-08-24T02:40:03+00:00] === end (2.64s) ===
[2026-08-24T02:42:01+00:00] === start ===
[2026-08-24T02:42:02+00:00] Sheet rows: 56, month headers: 4
[2026-08-24T02:42:02+00:00] Columns: {"Тусюк":"B","Муха":"C","Козлянко":"D","Юрченков":"E"}
[2026-08-24T02:42:02+00:00] Tech users: {"57":"Тусюк","65":"Козлянко","67":"Муха","71":"Юрченков"}
[2026-08-24T02:42:02+00:00] Sync window: 2026-08-01 → 2026-10-31
[2026-08-24T02:42:03+00:00] Bookings from calendar: 0
[2026-08-24T02:42:04+00:00] Active deals: 210
[2026-08-24T02:42:04+00:00] Assignments: 0
[2026-08-24T02:42:04+00:00] No cell changes
[2026-08-24T02:42:04+00:00] State saved
[2026-08-24T02:42:04+00:00] === end (2.27s) ===
[2026-08-24T02:44:01+00:00] === start ===
[2026-08-24T02:44:01+00:00] Sheet rows: 56, month headers: 4
[2026-08-24T02:44:01+00:00] Columns: {"Тусюк":"B","Муха":"C","Козлянко":"D","Юрченков":"E"}
[2026-08-24T02:44:02+00:00] Tech users: {"57":"Тусюк","65":"Козлянко","67":"Муха","71":"Юрченков"}
[2026-08-24T02:44:02+00:00] Sync window: 2026-08-01 → 2026-10-31
[2026-08-24T02:44:02+00:00] Bookings from calendar: 0
[2026-08-24T02:44:03+00:00] Active deals: 210
[2026-08-24T02:44:03+00:00] Assignments: 0
[2026-08-24T02:44:03+00:00] No cell changes
[2026-08-24T02:44:03+00:00] State saved
[2026-08-24T02:44:03+00:00] === end (2.37s) ===
[2026-08-24T02:46:01+00:00] === start ===
[2026-08-24T02:46:02+00:00] Sheet rows: 56, month headers: 4
[2026-08-24T02:46:02+00:00] Columns: {"Тусюк":"B","Муха":"C","Козлянко":"D","Юрченков":"E"}
[2026-08-24T02:46:02+00:00] Tech users: {"57":"Тусюк","65":"Козлянко","67":"Муха","71":"Юрченков"}
[2026-08-24T02:46:02+00:00] Sync window: 2026-08-01 → 2026-10-31
[2026-08-24T02:46:03+00:00] Bookings from calendar: 0
[2026-08-24T02:46:04+00:00] Active deals: 210
[2026-08-24T02:46:04+00:00] Assignments: 0
[2026-08-24T02:46:04+00:00] No cell changes
[2026-08-24T02:46:04+00:00] State saved
[2026-08-24T02:46:04+00:00] === end (2.42s) ===
[2026-08-24T02:48:01+00:00] === start ===
[2026-08-24T02:48:01+00:00] Sheet rows: 56, month headers: 4
[2026-08-24T02:48:01+00:00] Columns: {"Тусюк":"B","Муха":"C","Козлянко":"D","Юрченков":"E"}
[2026-08-24T02:48:02+00:00] Tech users: {"57":"Тусюк","65":"Козлянко","67":"Муха","71":"Юрченков"}
[2026-08-24T02:48:02+00:00] Sync window: 2026-08-01 → 2026-10-31
[2026-08-24T02:48:02+00:00] Bookings from calendar: 0
[2026-08-24T02:48:03+00:00] Active deals: 210
[2026-08-24T02:48:03+00:00] Assignments: 0
[2026-08-24T02:48:03+00:00] No cell changes
[2026-08-24T02:48:03+00:00] State saved
[2026-08-24T02:48:03+00:00] === end (2.54s) ===
[2026-08-24T02:50:01+00:00] === start ===
[2026-08-24T02:50:02+00:00] Sheet rows: 56, month headers: 4
[2026-08-24T02:50:02+00:00] Columns: {"Тусюк":"B","Муха":"C","Козлянко":"D","Юрченков":"E"}
[2026-08-24T02:50:02+00:00] Tech users: {"57":"Тусюк","65":"Козлянко","67":"Муха","71":"Юрченков"}
[2026-08-24T02:50:02+00:00] Sync window: 2026-08-01 → 2026-10-31
[2026-08-24T02:50:03+00:00] Bookings from calendar: 0
[2026-08-24T02:50:04+00:00] Active deals: 210
[2026-08-24T02:50:04+00:00] Assignments: 0
[2026-08-24T02:50:04+00:00] No cell changes
[2026-08-24T02:50:04+00:00] State saved
[2026-08-24T02:50:04+00:00] === end (2.81s) ===
[2026-08-24T02:52:01+00:00] === start ===
[2026-08-24T02:52:02+00:00] Sheet rows: 56, month headers: 4
[2026-08-24T02:52:02+00:00] Columns: {"Тусюк":"B","Муха":"C","Козлянко":"D","Юрченков":"E"}
[2026-08-24T02:52:02+00:00] Tech users: {"57":"Тусюк","65":"Козлянко","67":"Муха","71":"Юрченков"}
[2026-08-24T02:52:02+00:00] Sync window: 2026-08-01 → 2026-10-31
[2026-08-24T02:52:03+00:00] Bookings from calendar: 0
[2026-08-24T02:52:04+00:00] Active deals: 210
[2026-08-24T02:52:04+00:00] Assignments: 0
[2026-08-24T02:52:04+00:00] No cell changes
[2026-08-24T02:52:04+00:00] State saved
[2026-08-24T02:52:04+00:00] === end (2.48s) ===
[2026-08-24T02:54:01+00:00] === start ===
[2026-08-24T02:54:01+00:00] Sheet rows: 56, month headers: 4
[2026-08-24T02:54:01+00:00] Columns: {"Тусюк":"B","Муха":"C","Козлянко":"D","Юрченков":"E"}
[2026-08-24T02:54:02+00:00] Tech users: {"57":"Тусюк","65":"Козлянко","67":"Муха","71":"Юрченков"}
[2026-08-24T02:54:02+00:00] Sync window: 2026-08-01 → 2026-10-31
[2026-08-24T02:54:02+00:00] Bookings from calendar: 0
[2026-08-24T02:54:03+00:00] Active deals: 210
[2026-08-24T02:54:03+00:00] Assignments: 0
[2026-08-24T02:54:03+00:00] No cell changes
[2026-08-24T02:54:03+00:00] State saved
[2026-08-24T02:54:03+00:00] === end (2.41s) ===
[2026-08-24T02:56:01+00:00] === start ===
[2026-08-24T02:56:02+00:00] Sheet rows: 56, month headers: 4
[2026-08-24T02:56:02+00:00] Columns: {"Тусюк":"B","Муха":"C","Козлянко":"D","Юрченков":"E"}
[2026-08-24T02:56:02+00:00] Tech users: {"57":"Тусюк","65":"Козлянко","67":"Муха","71":"Юрченков"}
[2026-08-24T02:56:02+00:00] Sync window: 2026-08-01 → 2026-10-31
[2026-08-24T02:56:03+00:00] Bookings from calendar: 0
[2026-08-24T02:56:03+00:00] Active deals: 210
[2026-08-24T02:56:03+00:00] Assignments: 0
[2026-08-24T02:56:03+00:00] No cell changes
[2026-08-24T02:56:03+00:00] State saved
[2026-08-24T02:56:03+00:00] === end (2.12s) ===
[2026-08-24T02:58:01+00:00] === start ===
[2026-08-24T02:58:02+00:00] Sheet rows: 56, month headers: 4
[2026-08-24T02:58:02+00:00] Columns: {"Тусюк":"B","Муха":"C","Козлянко":"D","Юрченков":"E"}
[2026-08-24T02:58:02+00:00] Tech users: {"57":"Тусюк","65":"Козлянко","67":"Муха","71":"Юрченков"}
[2026-08-24T02:58:02+00:00] Sync window: 2026-08-01 → 2026-10-31
[2026-08-24T02:58:03+00:00] Bookings from calendar: 0
[2026-08-24T02:58:04+00:00] Active deals: 210
[2026-08-24T02:58:04+00:00] Assignments: 0
[2026-08-24T02:58:04+00:00] No cell changes
[2026-08-24T02:58:04+00:00] State saved
[2026-08-24T02:58:04+00:00] === end (2.56s) ===
[2026-08-24T03:00:01+00:00] === start ===
[2026-08-24T03:00:01+00:00] Sheet rows: 56, month headers: 4
[2026-08-24T03:00:02+00:00] Columns: {"Тусюк":"B","Муха":"C","Козлянко":"D","Юрченков":"E"}
[2026-08-24T03:00:02+00:00] Tech users: {"57":"Тусюк","65":"Козлянко","67":"Муха","71":"Юрченков"}
[2026-08-24T03:00:02+00:00] Sync window: 2026-08-01 → 2026-10-31
[2026-08-24T03:00:03+00:00] Bookings from calendar: 0
[2026-08-24T03:00:04+00:00] Active deals: 210
[2026-08-24T03:00:04+00:00] Assignments: 0
[2026-08-24T03:00:04+00:00] No cell changes
[2026-08-24T03:00:04+00:00] State saved
[2026-08-24T03:00:04+00:00] === end (2.78s) ===
[2026-08-24T03:02:01+00:00] === start ===
[2026-08-24T03:02:01+00:00] Sheet rows: 56, month headers: 4
[2026-08-24T03:02:02+00:00] Columns: {"Тусюк":"B","Муха":"C","Козлянко":"D","Юрченков":"E"}
[2026-08-24T03:02:02+00:00] Tech users: {"57":"Тусюк","65":"Козлянко","67":"Муха","71":"Юрченков"}
[2026-08-24T03:02:02+00:00] Sync window: 2026-08-01 → 2026-10-31
[2026-08-24T03:02:03+00:00] Bookings from calendar: 0
[2026-08-24T03:02:04+00:00] Active deals: 210
[2026-08-24T03:02:04+00:00] Assignments: 0
[2026-08-24T03:02:04+00:00] No cell changes
[2026-08-24T03:02:04+00:00] State saved
[2026-08-24T03:02:04+00:00] === end (2.62s) ===
[2026-08-24T03:04:01+00:00] === start ===
[2026-08-24T03:04:01+00:00] Sheet rows: 56, month headers: 4
[2026-08-24T03:04:02+00:00] Columns: {"Тусюк":"B","Муха":"C","Козлянко":"D","Юрченков":"E"}
[2026-08-24T03:04:02+00:00] Tech users: {"57":"Тусюк","65":"Козлянко","67":"Муха","71":"Юрченков"}
[2026-08-24T03:04:02+00:00] Sync window: 2026-08-01 → 2026-10-31
[2026-08-24T03:04:02+00:00] Bookings from calendar: 0
[2026-08-24T03:04:03+00:00] Active deals: 210
[2026-08-24T03:04:03+00:00] Assignments: 0
[2026-08-24T03:04:03+00:00] No cell changes
[2026-08-24T03:04:03+00:00] State saved
[2026-08-24T03:04:03+00:00] === end (2.57s) ===
[2026-08-24T03:06:01+00:00] === start ===
[2026-08-24T03:06:02+00:00] Sheet rows: 56, month headers: 4
[2026-08-24T03:06:02+00:00] Columns: {"Тусюк":"B","Муха":"C","Козлянко":"D","Юрченков":"E"}
[2026-08-24T03:06:03+00:00] Tech users: {"57":"Тусюк","65":"Козлянко","67":"Муха","71":"Юрченков"}
[2026-08-24T03:06:03+00:00] Sync window: 2026-08-01 → 2026-10-31
[2026-08-24T03:06:03+00:00] Bookings from calendar: 0
[2026-08-24T03:06:04+00:00] Active deals: 210
[2026-08-24T03:06:04+00:00] Assignments: 0
[2026-08-24T03:06:04+00:00] No cell changes
[2026-08-24T03:06:04+00:00] State saved
[2026-08-24T03:06:04+00:00] === end (2.98s) ===
[2026-08-24T03:08:01+00:00] === start ===
[2026-08-24T03:08:02+00:00] Sheet rows: 56, month headers: 4
[2026-08-24T03:08:02+00:00] Columns: {"Тусюк":"B","Муха":"C","Козлянко":"D","Юрченков":"E"}
[2026-08-24T03:08:02+00:00] Tech users: {"57":"Тусюк","65":"Козлянко","67":"Муха","71":"Юрченков"}
[2026-08-24T03:08:02+00:00] Sync window: 2026-08-01 → 2026-10-31
[2026-08-24T03:08:03+00:00] Bookings from calendar: 0
[2026-08-24T03:08:04+00:00] Active deals: 210
[2026-08-24T03:08:04+00:00] Assignments: 0
[2026-08-24T03:08:04+00:00] No cell changes
[2026-08-24T03:08:04+00:00] State saved
[2026-08-24T03:08:04+00:00] === end (2.62s) ===
[2026-08-24T03:10:01+00:00] === start ===
[2026-08-24T03:10:02+00:00] Sheet rows: 56, month headers: 4
[2026-08-24T03:10:02+00:00] Columns: {"Тусюк":"B","Муха":"C","Козлянко":"D","Юрченков":"E"}
[2026-08-24T03:10:02+00:00] Tech users: {"57":"Тусюк","65":"Козлянко","67":"Муха","71":"Юрченков"}
[2026-08-24T03:10:02+00:00] Sync window: 2026-08-01 → 2026-10-31
[2026-08-24T03:10:03+00:00] Bookings from calendar: 0
[2026-08-24T03:10:04+00:00] Active deals: 210
[2026-08-24T03:10:04+00:00] Assignments: 0
[2026-08-24T03:10:04+00:00] No cell changes
[2026-08-24T03:10:04+00:00] State saved
[2026-08-24T03:10:04+00:00] === end (2.52s) ===
[2026-08-24T03:12:01+00:00] === start ===
[2026-08-24T03:12:01+00:00] Sheet rows: 56, month headers: 4
[2026-08-24T03:12:01+00:00] Columns: {"Тусюк":"B","Муха":"C","Козлянко":"D","Юрченков":"E"}
[2026-08-24T03:12:02+00:00] Tech users: {"57":"Тусюк","65":"Козлянко","67":"Муха","71":"Юрченков"}
[2026-08-24T03:12:02+00:00] Sync window: 2026-08-01 → 2026-10-31
[2026-08-24T03:12:02+00:00] Bookings from calendar: 0
[2026-08-24T03:12:03+00:00] Active deals: 210
[2026-08-24T03:12:03+00:00] Assignments: 0
[2026-08-24T03:12:03+00:00] No cell changes
[2026-08-24T03:12:03+00:00] State saved
[2026-08-24T03:12:03+00:00] === end (2.74s) ===
[2026-08-24T03:14:01+00:00] === start ===
[2026-08-24T03:14:02+00:00] Sheet rows: 56, month headers: 4
[2026-08-24T03:14:02+00:00] Columns: {"Тусюк":"B","Муха":"C","Козлянко":"D","Юрченков":"E"}
[2026-08-24T03:14:02+00:00] Tech users: {"57":"Тусюк","65":"Козлянко","67":"Муха","71":"Юрченков"}
[2026-08-24T03:14:02+00:00] Sync window: 2026-08-01 → 2026-10-31
[2026-08-24T03:14:03+00:00] Bookings from calendar: 0
[2026-08-24T03:14:04+00:00] Active deals: 210
[2026-08-24T03:14:04+00:00] Assignments: 0
[2026-08-24T03:14:04+00:00] No cell changes
[2026-08-24T03:14:04+00:00] State saved
[2026-08-24T03:14:04+00:00] === end (2.54s) ===
[2026-08-24T03:16:01+00:00] === start ===
[2026-08-24T03:16:02+00:00] Sheet rows: 56, month headers: 4
[2026-08-24T03:16:02+00:00] Columns: {"Тусюк":"B","Муха":"C","Козлянко":"D","Юрченков":"E"}
[2026-08-24T03:16:02+00:00] Tech users: {"57":"Тусюк","65":"Козлянко","67":"Муха","71":"Юрченков"}
[2026-08-24T03:16:02+00:00] Sync window: 2026-08-01 → 2026-10-31
[2026-08-24T03:16:03+00:00] Bookings from calendar: 0
[2026-08-24T03:16:04+00:00] Active deals: 210
[2026-08-24T03:16:04+00:00] Assignments: 0
[2026-08-24T03:16:04+00:00] No cell changes
[2026-08-24T03:16:04+00:00] State saved
[2026-08-24T03:16:04+00:00] === end (2.96s) ===
[2026-08-24T03:18:01+00:00] === start ===
[2026-08-24T03:18:02+00:00] Sheet rows: 56, month headers: 4
[2026-08-24T03:18:02+00:00] Columns: {"Тусюк":"B","Муха":"C","Козлянко":"D","Юрченков":"E"}
[2026-08-24T03:18:02+00:00] Tech users: {"57":"Тусюк","65":"Козлянко","67":"Муха","71":"Юрченков"}
[2026-08-24T03:18:02+00:00] Sync window: 2026-08-01 → 2026-10-31
[2026-08-24T03:18:03+00:00] Bookings from calendar: 0
[2026-08-24T03:18:04+00:00] Active deals: 210
[2026-08-24T03:18:04+00:00] Assignments: 0
[2026-08-24T03:18:04+00:00] No cell changes
[2026-08-24T03:18:04+00:00] State saved
[2026-08-24T03:18:04+00:00] === end (2.56s) ===
[2026-08-24T03:20:01+00:00] === start ===
[2026-08-24T03:20:01+00:00] Sheet rows: 56, month headers: 4
[2026-08-24T03:20:02+00:00] Columns: {"Тусюк":"B","Муха":"C","Козлянко":"D","Юрченков":"E"}
[2026-08-24T03:20:02+00:00] Tech users: {"57":"Тусюк","65":"Козлянко","67":"Муха","71":"Юрченков"}
[2026-08-24T03:20:02+00:00] Sync window: 2026-08-01 → 2026-10-31
[2026-08-24T03:20:03+00:00] Bookings from calendar: 0
[2026-08-24T03:20:04+00:00] Active deals: 210
[2026-08-24T03:20:04+00:00] Assignments: 0
[2026-08-24T03:20:04+00:00] No cell changes
[2026-08-24T03:20:04+00:00] State saved
[2026-08-24T03:20:04+00:00] === end (2.85s) ===
[2026-08-24T03:22:01+00:00] === start ===
[2026-08-24T03:22:01+00:00] Sheet rows: 56, month headers: 4
[2026-08-24T03:22:02+00:00] Columns: {"Тусюк":"B","Муха":"C","Козлянко":"D","Юрченков":"E"}
[2026-08-24T03:22:02+00:00] Tech users: {"57":"Тусюк","65":"Козлянко","67":"Муха","71":"Юрченков"}
[2026-08-24T03:22:02+00:00] Sync window: 2026-08-01 → 2026-10-31
[2026-08-24T03:22:03+00:00] Bookings from calendar: 0
[2026-08-24T03:22:03+00:00] Active deals: 210
[2026-08-24T03:22:03+00:00] Assignments: 0
[2026-08-24T03:22:03+00:00] No cell changes
[2026-08-24T03:22:03+00:00] State saved
[2026-08-24T03:22:03+00:00] === end (2.81s) ===
[2026-08-24T03:24:02+00:00] === start ===
[2026-08-24T03:24:02+00:00] Sheet rows: 56, month headers: 4
[2026-08-24T03:24:03+00:00] Columns: {"Тусюк":"B","Муха":"C","Козлянко":"D","Юрченков":"E"}
[2026-08-24T03:24:03+00:00] Tech users: {"57":"Тусюк","65":"Козлянко","67":"Муха","71":"Юрченков"}
[2026-08-24T03:24:03+00:00] Sync window: 2026-08-01 → 2026-10-31
[2026-08-24T03:24:03+00:00] Bookings from calendar: 0
[2026-08-24T03:24:04+00:00] Active deals: 210
[2026-08-24T03:24:04+00:00] Assignments: 0
[2026-08-24T03:24:04+00:00] No cell changes
[2026-08-24T03:24:04+00:00] State saved
[2026-08-24T03:24:04+00:00] === end (2.52s) ===
[2026-08-24T03:26:01+00:00] === start ===
[2026-08-24T03:26:02+00:00] Sheet rows: 56, month headers: 4
[2026-08-24T03:26:02+00:00] Columns: {"Тусюк":"B","Муха":"C","Козлянко":"D","Юрченков":"E"}
[2026-08-24T03:26:02+00:00] Tech users: {"57":"Тусюк","65":"Козлянко","67":"Муха","71":"Юрченков"}
[2026-08-24T03:26:02+00:00] Sync window: 2026-08-01 → 2026-10-31
[2026-08-24T03:26:03+00:00] Bookings from calendar: 0
[2026-08-24T03:26:04+00:00] Active deals: 210
[2026-08-24T03:26:04+00:00] Assignments: 0
[2026-08-24T03:26:04+00:00] No cell changes
[2026-08-24T03:26:04+00:00] State saved
[2026-08-24T03:26:04+00:00] === end (2.81s) ===
[2026-08-24T03:28:01+00:00] === start ===
[2026-08-24T03:28:02+00:00] Sheet rows: 56, month headers: 4
[2026-08-24T03:28:02+00:00] Columns: {"Тусюк":"B","Муха":"C","Козлянко":"D","Юрченков":"E"}
[2026-08-24T03:28:02+00:00] Tech users: {"57":"Тусюк","65":"Козлянко","67":"Муха","71":"Юрченков"}
[2026-08-24T03:28:02+00:00] Sync window: 2026-08-01 → 2026-10-31
[2026-08-24T03:28:03+00:00] Bookings from calendar: 0
[2026-08-24T03:28:04+00:00] Active deals: 210
[2026-08-24T03:28:04+00:00] Assignments: 0
[2026-08-24T03:28:04+00:00] No cell changes
[2026-08-24T03:28:04+00:00] State saved
[2026-08-24T03:28:04+00:00] === end (2.94s) ===
[2026-08-24T03:30:01+00:00] === start ===
[2026-08-24T03:30:02+00:00] Sheet rows: 56, month headers: 4
[2026-08-24T03:30:03+00:00] Columns: {"Тусюк":"B","Муха":"C","Козлянко":"D","Юрченков":"E"}
[2026-08-24T03:30:03+00:00] Tech users: {"57":"Тусюк","65":"Козлянко","67":"Муха","71":"Юрченков"}
[2026-08-24T03:30:03+00:00] Sync window: 2026-08-01 → 2026-10-31
[2026-08-24T03:30:04+00:00] Bookings from calendar: 0
[2026-08-24T03:30:05+00:00] Active deals: 210
[2026-08-24T03:30:05+00:00] Assignments: 0
[2026-08-24T03:30:05+00:00] No cell changes
[2026-08-24T03:30:05+00:00] State saved
[2026-08-24T03:30:05+00:00] === end (3.98s) ===
[2026-08-24T03:32:01+00:00] === start ===
[2026-08-24T03:32:02+00:00] Sheet rows: 56, month headers: 4
[2026-08-24T03:32:02+00:00] Columns: {"Тусюк":"B","Муха":"C","Козлянко":"D","Юрченков":"E"}
[2026-08-24T03:32:02+00:00] Tech users: {"57":"Тусюк","65":"Козлянко","67":"Муха","71":"Юрченков"}
[2026-08-24T03:32:02+00:00] Sync window: 2026-08-01 → 2026-10-31
[2026-08-24T03:32:03+00:00] Bookings from calendar: 0
[2026-08-24T03:32:04+00:00] Active deals: 210
[2026-08-24T03:32:04+00:00] Assignments: 0
[2026-08-24T03:32:04+00:00] No cell changes
[2026-08-24T03:32:04+00:00] State saved
[2026-08-24T03:32:04+00:00] === end (2.98s) ===
[2026-08-24T03:34:01+00:00] === start ===
[2026-08-24T03:34:02+00:00] Sheet rows: 56, month headers: 4
[2026-08-24T03:34:02+00:00] Columns: {"Тусюк":"B","Муха":"C","Козлянко":"D","Юрченков":"E"}
[2026-08-24T03:34:02+00:00] Tech users: {"57":"Тусюк","65":"Козлянко","67":"Муха","71":"Юрченков"}
[2026-08-24T03:34:02+00:00] Sync window: 2026-08-01 → 2026-10-31
[2026-08-24T03:34:03+00:00] Bookings from calendar: 0
[2026-08-24T03:34:03+00:00] Active deals: 210
[2026-08-24T03:34:03+00:00] Assignments: 0
[2026-08-24T03:34:03+00:00] No cell changes
[2026-08-24T03:34:03+00:00] State saved
[2026-08-24T03:34:03+00:00] === end (2.34s) ===
[2026-08-24T03:36:02+00:00] === start ===
[2026-08-24T03:36:02+00:00] Sheet rows: 56, month headers: 4
[2026-08-24T03:36:02+00:00] Columns: {"Тусюк":"B","Муха":"C","Козлянко":"D","Юрченков":"E"}
[2026-08-24T03:36:02+00:00] Tech users: {"57":"Тусюк","65":"Козлянко","67":"Муха","71":"Юрченков"}
[2026-08-24T03:36:02+00:00] Sync window: 2026-08-01 → 2026-10-31
[2026-08-24T03:36:03+00:00] Bookings from calendar: 0
[2026-08-24T03:36:04+00:00] Active deals: 210
[2026-08-24T03:36:04+00:00] Assignments: 0
[2026-08-24T03:36:04+00:00] No cell changes
[2026-08-24T03:36:04+00:00] State saved
[2026-08-24T03:36:04+00:00] === end (2.12s) ===
[2026-08-24T03:38:01+00:00] === start ===
[2026-08-24T03:38:01+00:00] Sheet rows: 56, month headers: 4
[2026-08-24T03:38:01+00:00] Columns: {"Тусюк":"B","Муха":"C","Козлянко":"D","Юрченков":"E"}
[2026-08-24T03:38:02+00:00] Tech users: {"57":"Тусюк","65":"Козлянко","67":"Муха","71":"Юрченков"}
[2026-08-24T03:38:02+00:00] Sync window: 2026-08-01 → 2026-10-31
[2026-08-24T03:38:02+00:00] Bookings from calendar: 0
[2026-08-24T03:38:03+00:00] Active deals: 210
[2026-08-24T03:38:03+00:00] Assignments: 0
[2026-08-24T03:38:03+00:00] No cell changes
[2026-08-24T03:38:03+00:00] State saved
[2026-08-24T03:38:03+00:00] === end (2.18s) ===
[2026-08-24T03:40:01+00:00] === start ===
[2026-08-24T03:40:01+00:00] Sheet rows: 56, month headers: 4
[2026-08-24T03:40:02+00:00] Columns: {"Тусюк":"B","Муха":"C","Козлянко":"D","Юрченков":"E"}
[2026-08-24T03:40:02+00:00] Tech users: {"57":"Тусюк","65":"Козлянко","67":"Муха","71":"Юрченков"}
[2026-08-24T03:40:02+00:00] Sync window: 2026-08-01 → 2026-10-31
[2026-08-24T03:40:03+00:00] Bookings from calendar: 0
[2026-08-24T03:40:04+00:00] Active deals: 210
[2026-08-24T03:40:04+00:00] Assignments: 0
[2026-08-24T03:40:04+00:00] No cell changes
[2026-08-24T03:40:04+00:00] State saved
[2026-08-24T03:40:04+00:00] === end (2.99s) ===
[2026-08-24T03:42:01+00:00] === start ===
[2026-08-24T03:42:01+00:00] Sheet rows: 56, month headers: 4
[2026-08-24T03:42:02+00:00] Columns: {"Тусюк":"B","Муха":"C","Козлянко":"D","Юрченков":"E"}
[2026-08-24T03:42:02+00:00] Tech users: {"57":"Тусюк","65":"Козлянко","67":"Муха","71":"Юрченков"}
[2026-08-24T03:42:02+00:00] Sync window: 2026-08-01 → 2026-10-31
[2026-08-24T03:42:02+00:00] Bookings from calendar: 0
[2026-08-24T03:42:03+00:00] Active deals: 210
[2026-08-24T03:42:03+00:00] Assignments: 0
[2026-08-24T03:42:03+00:00] No cell changes
[2026-08-24T03:42:03+00:00] State saved
[2026-08-24T03:42:03+00:00] === end (2.4s) ===
[2026-08-24T03:44:01+00:00] === start ===
[2026-08-24T03:44:02+00:00] Sheet rows: 56, month headers: 4
[2026-08-24T03:44:02+00:00] Columns: {"Тусюк":"B","Муха":"C","Козлянко":"D","Юрченков":"E"}
[2026-08-24T03:44:02+00:00] Tech users: {"57":"Тусюк","65":"Козлянко","67":"Муха","71":"Юрченков"}
[2026-08-24T03:44:02+00:00] Sync window: 2026-08-01 → 2026-10-31
[2026-08-24T03:44:03+00:00] Bookings from calendar: 0
[2026-08-24T03:44:04+00:00] Active deals: 210
[2026-08-24T03:44:04+00:00] Assignments: 0
[2026-08-24T03:44:04+00:00] No cell changes
[2026-08-24T03:44:04+00:00] State saved
[2026-08-24T03:44:04+00:00] === end (2.2s) ===
[2026-08-24T03:46:01+00:00] === start ===
[2026-08-24T03:46:01+00:00] Sheet rows: 56, month headers: 4
[2026-08-24T03:46:02+00:00] Columns: {"Тусюк":"B","Муха":"C","Козлянко":"D","Юрченков":"E"}
[2026-08-24T03:46:02+00:00] Tech users: {"57":"Тусюк","65":"Козлянко","67":"Муха","71":"Юрченков"}
[2026-08-24T03:46:02+00:00] Sync window: 2026-08-01 → 2026-10-31
[2026-08-24T03:46:02+00:00] Bookings from calendar: 0
[2026-08-24T03:46:03+00:00] Active deals: 210
[2026-08-24T03:46:03+00:00] Assignments: 0
[2026-08-24T03:46:03+00:00] No cell changes
[2026-08-24T03:46:03+00:00] State saved
[2026-08-24T03:46:03+00:00] === end (2.32s) ===
[2026-08-24T03:48:01+00:00] === start ===
[2026-08-24T03:48:02+00:00] Sheet rows: 56, month headers: 4
[2026-08-24T03:48:02+00:00] Columns: {"Тусюк":"B","Муха":"C","Козлянко":"D","Юрченков":"E"}
[2026-08-24T03:48:02+00:00] Tech users: {"57":"Тусюк","65":"Козлянко","67":"Муха","71":"Юрченков"}
[2026-08-24T03:48:02+00:00] Sync window: 2026-08-01 → 2026-10-31
[2026-08-24T03:48:02+00:00] Bookings from calendar: 0
[2026-08-24T03:48:03+00:00] Active deals: 210
[2026-08-24T03:48:03+00:00] Assignments: 0
[2026-08-24T03:48:03+00:00] No cell changes
[2026-08-24T03:48:03+00:00] State saved
[2026-08-24T03:48:03+00:00] === end (2.16s) ===
[2026-08-24T03:50:01+00:00] === start ===
[2026-08-24T03:50:02+00:00] Sheet rows: 56, month headers: 4
[2026-08-24T03:50:02+00:00] Columns: {"Тусюк":"B","Муха":"C","Козлянко":"D","Юрченков":"E"}
[2026-08-24T03:50:02+00:00] Tech users: {"57":"Тусюк","65":"Козлянко","67":"Муха","71":"Юрченков"}
[2026-08-24T03:50:02+00:00] Sync window: 2026-08-01 → 2026-10-31
[2026-08-24T03:50:03+00:00] Bookings from calendar: 0
[2026-08-24T03:50:04+00:00] Active deals: 210
[2026-08-24T03:50:04+00:00] Assignments: 0
[2026-08-24T03:50:04+00:00] No cell changes
[2026-08-24T03:50:04+00:00] State saved
[2026-08-24T03:50:04+00:00] === end (2.49s) ===
[2026-08-24T03:52:01+00:00] === start ===
[2026-08-24T03:52:01+00:00] Sheet rows: 56, month headers: 4
[2026-08-24T03:52:02+00:00] Columns: {"Тусюк":"B","Муха":"C","Козлянко":"D","Юрченков":"E"}
[2026-08-24T03:52:02+00:00] Tech users: {"57":"Тусюк","65":"Козлянко","67":"Муха","71":"Юрченков"}
[2026-08-24T03:52:02+00:00] Sync window: 2026-08-01 → 2026-10-31
[2026-08-24T03:52:03+00:00] Bookings from calendar: 0
[2026-08-24T03:52:03+00:00] Active deals: 210
[2026-08-24T03:52:03+00:00] Assignments: 0
[2026-08-24T03:52:03+00:00] No cell changes
[2026-08-24T03:52:03+00:00] State saved
[2026-08-24T03:52:03+00:00] === end (2.47s) ===
[2026-08-24T03:54:02+00:00] === start ===
[2026-08-24T03:54:02+00:00] Sheet rows: 56, month headers: 4
[2026-08-24T03:54:02+00:00] Columns: {"Тусюк":"B","Муха":"C","Козлянко":"D","Юрченков":"E"}
[2026-08-24T03:54:02+00:00] Tech users: {"57":"Тусюк","65":"Козлянко","67":"Муха","71":"Юрченков"}
[2026-08-24T03:54:02+00:00] Sync window: 2026-08-01 → 2026-10-31
[2026-08-24T03:54:03+00:00] Bookings from calendar: 0
[2026-08-24T03:54:04+00:00] Active deals: 210
[2026-08-24T03:54:04+00:00] Assignments: 0
[2026-08-24T03:54:04+00:00] No cell changes
[2026-08-24T03:54:04+00:00] State saved
[2026-08-24T03:54:04+00:00] === end (2.19s) ===
[2026-08-24T03:56:01+00:00] === start ===
[2026-08-24T03:56:01+00:00] Sheet rows: 56, month headers: 4
[2026-08-24T03:56:01+00:00] Columns: {"Тусюк":"B","Муха":"C","Козлянко":"D","Юрченков":"E"}
[2026-08-24T03:56:02+00:00] Tech users: {"57":"Тусюк","65":"Козлянко","67":"Муха","71":"Юрченков"}
[2026-08-24T03:56:02+00:00] Sync window: 2026-08-01 → 2026-10-31
[2026-08-24T03:56:02+00:00] Bookings from calendar: 0
[2026-08-24T03:56:03+00:00] Active deals: 210
[2026-08-24T03:56:03+00:00] Assignments: 0
[2026-08-24T03:56:03+00:00] No cell changes
[2026-08-24T03:56:03+00:00] State saved
[2026-08-24T03:56:03+00:00] === end (2.16s) ===
[2026-08-24T03:58:01+00:00] === start ===
[2026-08-24T03:58:02+00:00] Sheet rows: 56, month headers: 4
[2026-08-24T03:58:02+00:00] Columns: {"Тусюк":"B","Муха":"C","Козлянко":"D","Юрченков":"E"}
[2026-08-24T03:58:02+00:00] Tech users: {"57":"Тусюк","65":"Козлянко","67":"Муха","71":"Юрченков"}
[2026-08-24T03:58:02+00:00] Sync window: 2026-08-01 → 2026-10-31
[2026-08-24T03:58:03+00:00] Bookings from calendar: 0
[2026-08-24T03:58:03+00:00] Active deals: 210
[2026-08-24T03:58:03+00:00] Assignments: 0
[2026-08-24T03:58:03+00:00] No cell changes
[2026-08-24T03:58:03+00:00] State saved
[2026-08-24T03:58:03+00:00] === end (2.3s) ===
[2026-08-24T04:00:01+00:00] === start ===
[2026-08-24T04:00:02+00:00] Sheet rows: 56, month headers: 4
[2026-08-24T04:00:03+00:00] Columns: {"Тусюк":"B","Муха":"C","Козлянко":"D","Юрченков":"E"}
[2026-08-24T04:00:03+00:00] Tech users: {"57":"Тусюк","65":"Козлянко","67":"Муха","71":"Юрченков"}
[2026-08-24T04:00:03+00:00] Sync window: 2026-08-01 → 2026-10-31
[2026-08-24T04:00:04+00:00] Bookings from calendar: 0
[2026-08-24T04:00:04+00:00] Active deals: 210
[2026-08-24T04:00:04+00:00] Assignments: 0
[2026-08-24T04:00:04+00:00] No cell changes
[2026-08-24T04:00:04+00:00] State saved
[2026-08-24T04:00:04+00:00] === end (3.02s) ===
[2026-08-24T04:02:01+00:00] === start ===
[2026-08-24T04:02:02+00:00] Sheet rows: 56, month headers: 4
[2026-08-24T04:02:03+00:00] Columns: {"Тусюк":"B","Муха":"C","Козлянко":"D","Юрченков":"E"}
[2026-08-24T04:02:03+00:00] Tech users: {"57":"Тусюк","65":"Козлянко","67":"Муха","71":"Юрченков"}
[2026-08-24T04:02:03+00:00] Sync window: 2026-08-01 → 2026-10-31
[2026-08-24T04:02:03+00:00] Bookings from calendar: 0
[2026-08-24T04:02:04+00:00] Active deals: 210
[2026-08-24T04:02:04+00:00] Assignments: 0
[2026-08-24T04:02:04+00:00] No cell changes
[2026-08-24T04:02:04+00:00] State saved
[2026-08-24T04:02:04+00:00] === end (2.61s) ===
[2026-08-24T04:04:01+00:00] === start ===
[2026-08-24T04:04:02+00:00] Sheet rows: 56, month headers: 4
[2026-08-24T04:04:02+00:00] Columns: {"Тусюк":"B","Муха":"C","Козлянко":"D","Юрченков":"E"}
[2026-08-24T04:04:03+00:00] Tech users: {"57":"Тусюк","65":"Козлянко","67":"Муха","71":"Юрченков"}
[2026-08-24T04:04:03+00:00] Sync window: 2026-08-01 → 2026-10-31
[2026-08-24T04:04:03+00:00] Bookings from calendar: 0
[2026-08-24T04:04:04+00:00] Active deals: 210
[2026-08-24T04:04:04+00:00] Assignments: 0
[2026-08-24T04:04:04+00:00] No cell changes
[2026-08-24T04:04:04+00:00] State saved
[2026-08-24T04:04:04+00:00] === end (2.71s) ===
[2026-08-24T04:06:01+00:00] === start ===
[2026-08-24T04:06:01+00:00] Sheet rows: 56, month headers: 4
[2026-08-24T04:06:02+00:00] Columns: {"Тусюк":"B","Муха":"C","Козлянко":"D","Юрченков":"E"}
[2026-08-24T04:06:02+00:00] Tech users: {"57":"Тусюк","65":"Козлянко","67":"Муха","71":"Юрченков"}
[2026-08-24T04:06:02+00:00] Sync window: 2026-08-01 → 2026-10-31
[2026-08-24T04:06:02+00:00] Bookings from calendar: 0
[2026-08-24T04:06:03+00:00] Active deals: 210
[2026-08-24T04:06:03+00:00] Assignments: 0
[2026-08-24T04:06:03+00:00] No cell changes
[2026-08-24T04:06:03+00:00] State saved
[2026-08-24T04:06:03+00:00] === end (2.35s) ===
[2026-08-24T04:08:01+00:00] === start ===
[2026-08-24T04:08:02+00:00] Sheet rows: 56, month headers: 4
[2026-08-24T04:08:02+00:00] Columns: {"Тусюк":"B","Муха":"C","Козлянко":"D","Юрченков":"E"}
[2026-08-24T04:08:02+00:00] Tech users: {"57":"Тусюк","65":"Козлянко","67":"Муха","71":"Юрченков"}
[2026-08-24T04:08:02+00:00] Sync window: 2026-08-01 → 2026-10-31
[2026-08-24T04:08:03+00:00] Bookings from calendar: 0
[2026-08-24T04:08:04+00:00] Active deals: 210
[2026-08-24T04:08:04+00:00] Assignments: 0
[2026-08-24T04:08:04+00:00] No cell changes
[2026-08-24T04:08:04+00:00] State saved
[2026-08-24T04:08:04+00:00] === end (2.32s) ===
[2026-08-24T04:10:01+00:00] === start ===
[2026-08-24T04:10:01+00:00] Sheet rows: 56, month headers: 4
[2026-08-24T04:10:02+00:00] Columns: {"Тусюк":"B","Муха":"C","Козлянко":"D","Юрченков":"E"}
[2026-08-24T04:10:02+00:00] Tech users: {"57":"Тусюк","65":"Козлянко","67":"Муха","71":"Юрченков"}
[2026-08-24T04:10:02+00:00] Sync window: 2026-08-01 → 2026-10-31
[2026-08-24T04:10:02+00:00] Bookings from calendar: 0
[2026-08-24T04:10:03+00:00] Active deals: 210
[2026-08-24T04:10:03+00:00] Assignments: 0
[2026-08-24T04:10:03+00:00] No cell changes
[2026-08-24T04:10:03+00:00] State saved
[2026-08-24T04:10:03+00:00] === end (2.5s) ===
[2026-08-24T04:12:01+00:00] === start ===
[2026-08-24T04:12:02+00:00] Sheet rows: 56, month headers: 4
[2026-08-24T04:12:02+00:00] Columns: {"Тусюк":"B","Муха":"C","Козлянко":"D","Юрченков":"E"}
[2026-08-24T04:12:02+00:00] Tech users: {"57":"Тусюк","65":"Козлянко","67":"Муха","71":"Юрченков"}
[2026-08-24T04:12:02+00:00] Sync window: 2026-08-01 → 2026-10-31
[2026-08-24T04:12:03+00:00] Bookings from calendar: 0
[2026-08-24T04:12:04+00:00] Active deals: 210
[2026-08-24T04:12:04+00:00] Assignments: 0
[2026-08-24T04:12:04+00:00] No cell changes
[2026-08-24T04:12:04+00:00] State saved
[2026-08-24T04:12:04+00:00] === end (2.47s) ===
[2026-08-24T04:14:01+00:00] === start ===
[2026-08-24T04:14:01+00:00] Sheet rows: 56, month headers: 4
[2026-08-24T04:14:02+00:00] Columns: {"Тусюк":"B","Муха":"C","Козлянко":"D","Юрченков":"E"}
[2026-08-24T04:14:02+00:00] Tech users: {"57":"Тусюк","65":"Козлянко","67":"Муха","71":"Юрченков"}
[2026-08-24T04:14:02+00:00] Sync window: 2026-08-01 → 2026-10-31
[2026-08-24T04:14:02+00:00] Bookings from calendar: 0
[2026-08-24T04:14:03+00:00] Active deals: 210
[2026-08-24T04:14:03+00:00] Assignments: 0
[2026-08-24T04:14:03+00:00] No cell changes
[2026-08-24T04:14:03+00:00] State saved
[2026-08-24T04:14:03+00:00] === end (2.38s) ===
[2026-08-24T04:16:01+00:00] === start ===
[2026-08-24T04:16:02+00:00] Sheet rows: 56, month headers: 4
[2026-08-24T04:16:02+00:00] Columns: {"Тусюк":"B","Муха":"C","Козлянко":"D","Юрченков":"E"}
[2026-08-24T04:16:02+00:00] Tech users: {"57":"Тусюк","65":"Козлянко","67":"Муха","71":"Юрченков"}
[2026-08-24T04:16:02+00:00] Sync window: 2026-08-01 → 2026-10-31
[2026-08-24T04:16:03+00:00] Bookings from calendar: 0
[2026-08-24T04:16:04+00:00] Active deals: 210
[2026-08-24T04:16:04+00:00] Assignments: 0
[2026-08-24T04:16:04+00:00] No cell changes
[2026-08-24T04:16:04+00:00] State saved
[2026-08-24T04:16:04+00:00] === end (2.59s) ===
[2026-08-24T04:18:01+00:00] === start ===
[2026-08-24T04:18:01+00:00] Sheet rows: 56, month headers: 4
[2026-08-24T04:18:02+00:00] Columns: {"Тусюк":"B","Муха":"C","Козлянко":"D","Юрченков":"E"}
[2026-08-24T04:18:02+00:00] Tech users: {"57":"Тусюк","65":"Козлянко","67":"Муха","71":"Юрченков"}
[2026-08-24T04:18:02+00:00] Sync window: 2026-08-01 → 2026-10-31
[2026-08-24T04:18:03+00:00] Bookings from calendar: 0
[2026-08-24T04:18:04+00:00] Active deals: 210
[2026-08-24T04:18:04+00:00] Assignments: 0
[2026-08-24T04:18:04+00:00] No cell changes
[2026-08-24T04:18:04+00:00] State saved
[2026-08-24T04:18:04+00:00] === end (2.43s) ===
[2026-08-24T04:20:01+00:00] === start ===
[2026-08-24T04:20:01+00:00] Sheet rows: 56, month headers: 4
[2026-08-24T04:20:01+00:00] Columns: {"Тусюк":"B","Муха":"C","Козлянко":"D","Юрченков":"E"}
[2026-08-24T04:20:01+00:00] Tech users: {"57":"Тусюк","65":"Козлянко","67":"Муха","71":"Юрченков"}
[2026-08-24T04:20:01+00:00] Sync window: 2026-08-01 → 2026-10-31
[2026-08-24T04:20:02+00:00] Bookings from calendar: 0
[2026-08-24T04:20:03+00:00] Active deals: 210
[2026-08-24T04:20:03+00:00] Assignments: 0
[2026-08-24T04:20:03+00:00] No cell changes
[2026-08-24T04:20:03+00:00] State saved
[2026-08-24T04:20:03+00:00] === end (2.42s) ===
[2026-08-24T04:22:01+00:00] === start ===
[2026-08-24T04:22:02+00:00] Sheet rows: 56, month headers: 4
[2026-08-24T04:22:02+00:00] Columns: {"Тусюк":"B","Муха":"C","Козлянко":"D","Юрченков":"E"}
[2026-08-24T04:22:02+00:00] Tech users: {"57":"Тусюк","65":"Козлянко","67":"Муха","71":"Юрченков"}
[2026-08-24T04:22:02+00:00] Sync window: 2026-08-01 → 2026-10-31
[2026-08-24T04:22:03+00:00] Bookings from calendar: 0
[2026-08-24T04:22:03+00:00] Active deals: 210
[2026-08-24T04:22:03+00:00] Assignments: 0
[2026-08-24T04:22:03+00:00] No cell changes
[2026-08-24T04:22:03+00:00] State saved
[2026-08-24T04:22:03+00:00] === end (2.32s) ===
[2026-08-24T04:24:01+00:00] === start ===
[2026-08-24T04:24:02+00:00] Sheet rows: 56, month headers: 4
[2026-08-24T04:24:02+00:00] Columns: {"Тусюк":"B","Муха":"C","Козлянко":"D","Юрченков":"E"}
[2026-08-24T04:24:02+00:00] Tech users: {"57":"Тусюк","65":"Козлянко","67":"Муха","71":"Юрченков"}
[2026-08-24T04:24:02+00:00] Sync window: 2026-08-01 → 2026-10-31
[2026-08-24T04:24:03+00:00] Bookings from calendar: 0
[2026-08-24T04:24:04+00:00] Active deals: 210
[2026-08-24T04:24:04+00:00] Assignments: 0
[2026-08-24T04:24:04+00:00] No cell changes
[2026-08-24T04:24:04+00:00] State saved
[2026-08-24T04:24:04+00:00] === end (2.2s) ===
[2026-08-24T04:26:01+00:00] === start ===
[2026-08-24T04:26:01+00:00] Sheet rows: 56, month headers: 4
[2026-08-24T04:26:02+00:00] Columns: {"Тусюк":"B","Муха":"C","Козлянко":"D","Юрченков":"E"}
[2026-08-24T04:26:02+00:00] Tech users: {"57":"Тусюк","65":"Козлянко","67":"Муха","71":"Юрченков"}
[2026-08-24T04:26:02+00:00] Sync window: 2026-08-01 → 2026-10-31
[2026-08-24T04:26:02+00:00] Bookings from calendar: 0
[2026-08-24T04:26:03+00:00] Active deals: 210
[2026-08-24T04:26:03+00:00] Assignments: 0
[2026-08-24T04:26:03+00:00] No cell changes
[2026-08-24T04:26:03+00:00] State saved
[2026-08-24T04:26:03+00:00] === end (2.57s) ===
[2026-08-24T04:28:01+00:00] === start ===
[2026-08-24T04:28:02+00:00] Sheet rows: 56, month headers: 4
[2026-08-24T04:28:02+00:00] Columns: {"Тусюк":"B","Муха":"C","Козлянко":"D","Юрченков":"E"}
[2026-08-24T04:28:02+00:00] Tech users: {"57":"Тусюк","65":"Козлянко","67":"Муха","71":"Юрченков"}
[2026-08-24T04:28:02+00:00] Sync window: 2026-08-01 → 2026-10-31
[2026-08-24T04:28:03+00:00] Bookings from calendar: 0
[2026-08-24T04:28:04+00:00] Active deals: 210
[2026-08-24T04:28:04+00:00] Assignments: 0
[2026-08-24T04:28:04+00:00] No cell changes
[2026-08-24T04:28:04+00:00] State saved
[2026-08-24T04:28:04+00:00] === end (2.58s) ===
[2026-08-24T04:30:01+00:00] === start ===
[2026-08-24T04:30:01+00:00] Sheet rows: 56, month headers: 4
[2026-08-24T04:30:02+00:00] Columns: {"Тусюк":"B","Муха":"C","Козлянко":"D","Юрченков":"E"}
[2026-08-24T04:30:02+00:00] Tech users: {"57":"Тусюк","65":"Козлянко","67":"Муха","71":"Юрченков"}
[2026-08-24T04:30:02+00:00] Sync window: 2026-08-01 → 2026-10-31
[2026-08-24T04:30:03+00:00] Bookings from calendar: 0
[2026-08-24T04:30:04+00:00] Active deals: 210
[2026-08-24T04:30:04+00:00] Assignments: 0
[2026-08-24T04:30:04+00:00] No cell changes
[2026-08-24T04:30:04+00:00] State saved
[2026-08-24T04:30:04+00:00] === end (2.51s) ===
[2026-08-24T04:32:01+00:00] === start ===
[2026-08-24T04:32:01+00:00] Sheet rows: 56, month headers: 4
[2026-08-24T04:32:01+00:00] Columns: {"Тусюк":"B","Муха":"C","Козлянко":"D","Юрченков":"E"}
[2026-08-24T04:32:02+00:00] Tech users: {"57":"Тусюк","65":"Козлянко","67":"Муха","71":"Юрченков"}
[2026-08-24T04:32:02+00:00] Sync window: 2026-08-01 → 2026-10-31
[2026-08-24T04:32:02+00:00] Bookings from calendar: 0
[2026-08-24T04:32:03+00:00] Active deals: 210
[2026-08-24T04:32:03+00:00] Assignments: 0
[2026-08-24T04:32:03+00:00] No cell changes
[2026-08-24T04:32:03+00:00] State saved
[2026-08-24T04:32:03+00:00] === end (2.52s) ===
[2026-08-24T04:34:01+00:00] === start ===
[2026-08-24T04:34:02+00:00] Sheet rows: 56, month headers: 4
[2026-08-24T04:34:02+00:00] Columns: {"Тусюк":"B","Муха":"C","Козлянко":"D","Юрченков":"E"}
[2026-08-24T04:34:02+00:00] Tech users: {"57":"Тусюк","65":"Козлянко","67":"Муха","71":"Юрченков"}
[2026-08-24T04:34:02+00:00] Sync window: 2026-08-01 → 2026-10-31
[2026-08-24T04:34:03+00:00] Bookings from calendar: 0
[2026-08-24T04:34:04+00:00] Active deals: 210
[2026-08-24T04:34:04+00:00] Assignments: 0
[2026-08-24T04:34:04+00:00] No cell changes
[2026-08-24T04:34:04+00:00] State saved
[2026-08-24T04:34:04+00:00] === end (2.69s) ===
[2026-08-24T04:36:01+00:00] === start ===
[2026-08-24T04:36:01+00:00] Sheet rows: 56, month headers: 4
[2026-08-24T04:36:02+00:00] Columns: {"Тусюк":"B","Муха":"C","Козлянко":"D","Юрченков":"E"}
[2026-08-24T04:36:02+00:00] Tech users: {"57":"Тусюк","65":"Козлянко","67":"Муха","71":"Юрченков"}
[2026-08-24T04:36:02+00:00] Sync window: 2026-08-01 → 2026-10-31
[2026-08-24T04:36:03+00:00] Bookings from calendar: 0
[2026-08-24T04:36:04+00:00] Active deals: 210
[2026-08-24T04:36:04+00:00] Assignments: 0
[2026-08-24T04:36:04+00:00] No cell changes
[2026-08-24T04:36:04+00:00] State saved
[2026-08-24T04:36:04+00:00] === end (2.56s) ===
[2026-08-24T04:38:01+00:00] === start ===
[2026-08-24T04:38:01+00:00] Sheet rows: 56, month headers: 4
[2026-08-24T04:38:01+00:00] Columns: {"Тусюк":"B","Муха":"C","Козлянко":"D","Юрченков":"E"}
[2026-08-24T04:38:01+00:00] Tech users: {"57":"Тусюк","65":"Козлянко","67":"Муха","71":"Юрченков"}
[2026-08-24T04:38:01+00:00] Sync window: 2026-08-01 → 2026-10-31
[2026-08-24T04:38:02+00:00] Bookings from calendar: 0
[2026-08-24T04:38:03+00:00] Active deals: 210
[2026-08-24T04:38:03+00:00] Assignments: 0
[2026-08-24T04:38:03+00:00] No cell changes
[2026-08-24T04:38:03+00:00] State saved
[2026-08-24T04:38:03+00:00] === end (2.12s) ===
[2026-08-24T04:40:01+00:00] === start ===
[2026-08-24T04:40:01+00:00] Sheet rows: 56, month headers: 4
[2026-08-24T04:40:02+00:00] Columns: {"Тусюк":"B","Муха":"C","Козлянко":"D","Юрченков":"E"}
[2026-08-24T04:40:02+00:00] Tech users: {"57":"Тусюк","65":"Козлянко","67":"Муха","71":"Юрченков"}
[2026-08-24T04:40:02+00:00] Sync window: 2026-08-01 → 2026-10-31
[2026-08-24T04:40:03+00:00] Bookings from calendar: 0
[2026-08-24T04:40:03+00:00] Active deals: 210
[2026-08-24T04:40:03+00:00] Assignments: 0
[2026-08-24T04:40:03+00:00] No cell changes
[2026-08-24T04:40:03+00:00] State saved
[2026-08-24T04:40:03+00:00] === end (2.57s) ===
[2026-08-24T04:42:01+00:00] === start ===
[2026-08-24T04:42:02+00:00] Sheet rows: 56, month headers: 4
[2026-08-24T04:42:02+00:00] Columns: {"Тусюк":"B","Муха":"C","Козлянко":"D","Юрченков":"E"}
[2026-08-24T04:42:02+00:00] Tech users: {"57":"Тусюк","65":"Козлянко","67":"Муха","71":"Юрченков"}
[2026-08-24T04:42:02+00:00] Sync window: 2026-08-01 → 2026-10-31
[2026-08-24T04:42:03+00:00] Bookings from calendar: 0
[2026-08-24T04:42:04+00:00] Active deals: 210
[2026-08-24T04:42:04+00:00] Assignments: 0
[2026-08-24T04:42:04+00:00] No cell changes
[2026-08-24T04:42:04+00:00] State saved
[2026-08-24T04:42:04+00:00] === end (2.3s) ===
[2026-08-24T04:44:01+00:00] === start ===
[2026-08-24T04:44:01+00:00] Sheet rows: 56, month headers: 4
[2026-08-24T04:44:01+00:00] Columns: {"Тусюк":"B","Муха":"C","Козлянко":"D","Юрченков":"E"}
[2026-08-24T04:44:02+00:00] Tech users: {"57":"Тусюк","65":"Козлянко","67":"Муха","71":"Юрченков"}
[2026-08-24T04:44:02+00:00] Sync window: 2026-08-01 → 2026-10-31
[2026-08-24T04:44:02+00:00] Bookings from calendar: 0
[2026-08-24T04:44:03+00:00] Active deals: 210
[2026-08-24T04:44:03+00:00] Assignments: 0
[2026-08-24T04:44:03+00:00] No cell changes
[2026-08-24T04:44:03+00:00] State saved
[2026-08-24T04:44:03+00:00] === end (2.35s) ===
[2026-08-24T04:46:01+00:00] === start ===
[2026-08-24T04:46:02+00:00] Sheet rows: 56, month headers: 4
[2026-08-24T04:46:02+00:00] Columns: {"Тусюк":"B","Муха":"C","Козлянко":"D","Юрченков":"E"}
[2026-08-24T04:46:02+00:00] Tech users: {"57":"Тусюк","65":"Козлянко","67":"Муха","71":"Юрченков"}
[2026-08-24T04:46:02+00:00] Sync window: 2026-08-01 → 2026-10-31
[2026-08-24T04:46:03+00:00] Bookings from calendar: 0
[2026-08-24T04:46:04+00:00] Active deals: 210
[2026-08-24T04:46:04+00:00] Assignments: 0
[2026-08-24T04:46:04+00:00] No cell changes
[2026-08-24T04:46:04+00:00] State saved
[2026-08-24T04:46:04+00:00] === end (2.5s) ===
[2026-08-24T04:48:01+00:00] === start ===
[2026-08-24T04:48:01+00:00] Sheet rows: 56, month headers: 4
[2026-08-24T04:48:01+00:00] Columns: {"Тусюк":"B","Муха":"C","Козлянко":"D","Юрченков":"E"}
[2026-08-24T04:48:02+00:00] Tech users: {"57":"Тусюк","65":"Козлянко","67":"Муха","71":"Юрченков"}
[2026-08-24T04:48:02+00:00] Sync window: 2026-08-01 → 2026-10-31
[2026-08-24T04:48:02+00:00] Bookings from calendar: 0
[2026-08-24T04:48:03+00:00] Active deals: 210
[2026-08-24T04:48:03+00:00] Assignments: 0
[2026-08-24T04:48:03+00:00] No cell changes
[2026-08-24T04:48:03+00:00] State saved
[2026-08-24T04:48:03+00:00] === end (2.26s) ===
[2026-08-24T04:50:01+00:00] === start ===
[2026-08-24T04:50:02+00:00] Sheet rows: 56, month headers: 4
[2026-08-24T04:50:02+00:00] Columns: {"Тусюк":"B","Муха":"C","Козлянко":"D","Юрченков":"E"}
[2026-08-24T04:50:02+00:00] Tech users: {"57":"Тусюк","65":"Козлянко","67":"Муха","71":"Юрченков"}
[2026-08-24T04:50:02+00:00] Sync window: 2026-08-01 → 2026-10-31
[2026-08-24T04:50:03+00:00] Bookings from calendar: 0
[2026-08-24T04:50:04+00:00] Active deals: 210
[2026-08-24T04:50:04+00:00] Assignments: 0
[2026-08-24T04:50:04+00:00] No cell changes
[2026-08-24T04:50:04+00:00] State saved
[2026-08-24T04:50:04+00:00] === end (2.3s) ===
[2026-08-24T04:52:01+00:00] === start ===
[2026-08-24T04:52:01+00:00] Sheet rows: 56, month headers: 4
[2026-08-24T04:52:01+00:00] Columns: {"Тусюк":"B","Муха":"C","Козлянко":"D","Юрченков":"E"}
[2026-08-24T04:52:02+00:00] Tech users: {"57":"Тусюк","65":"Козлянко","67":"Муха","71":"Юрченков"}
[2026-08-24T04:52:02+00:00] Sync window: 2026-08-01 → 2026-10-31
[2026-08-24T04:52:02+00:00] Bookings from calendar: 0
[2026-08-24T04:52:03+00:00] Active deals: 210
[2026-08-24T04:52:03+00:00] Assignments: 0
[2026-08-24T04:52:03+00:00] No cell changes
[2026-08-24T04:52:03+00:00] State saved
[2026-08-24T04:52:03+00:00] === end (2.57s) ===
[2026-08-24T04:54:01+00:00] === start ===
[2026-08-24T04:54:02+00:00] Sheet rows: 56, month headers: 4
[2026-08-24T04:54:02+00:00] Columns: {"Тусюк":"B","Муха":"C","Козлянко":"D","Юрченков":"E"}
[2026-08-24T04:54:02+00:00] Tech users: {"57":"Тусюк","65":"Козлянко","67":"Муха","71":"Юрченков"}
[2026-08-24T04:54:02+00:00] Sync window: 2026-08-01 → 2026-10-31
[2026-08-24T04:54:03+00:00] Bookings from calendar: 0
[2026-08-24T04:54:03+00:00] Active deals: 210
[2026-08-24T04:54:03+00:00] Assignments: 0
[2026-08-24T04:54:03+00:00] No cell changes
[2026-08-24T04:54:03+00:00] State saved
[2026-08-24T04:54:03+00:00] === end (2.22s) ===
[2026-08-24T04:56:02+00:00] === start ===
[2026-08-24T04:56:02+00:00] Sheet rows: 56, month headers: 4
[2026-08-24T04:56:02+00:00] Columns: {"Тусюк":"B","Муха":"C","Козлянко":"D","Юрченков":"E"}
[2026-08-24T04:56:02+00:00] Tech users: {"57":"Тусюк","65":"Козлянко","67":"Муха","71":"Юрченков"}
[2026-08-24T04:56:02+00:00] Sync window: 2026-08-01 → 2026-10-31
[2026-08-24T04:56:03+00:00] Bookings from calendar: 0
[2026-08-24T04:56:04+00:00] Active deals: 210
[2026-08-24T04:56:04+00:00] Assignments: 0
[2026-08-24T04:56:04+00:00] No cell changes
[2026-08-24T04:56:04+00:00] State saved
[2026-08-24T04:56:04+00:00] === end (2.42s) ===
[2026-08-24T04:58:01+00:00] === start ===
[2026-08-24T04:58:01+00:00] Sheet rows: 56, month headers: 4
[2026-08-24T04:58:02+00:00] Columns: {"Тусюк":"B","Муха":"C","Козлянко":"D","Юрченков":"E"}
[2026-08-24T04:58:02+00:00] Tech users: {"57":"Тусюк","65":"Козлянко","67":"Муха","71":"Юрченков"}
[2026-08-24T04:58:02+00:00] Sync window: 2026-08-01 → 2026-10-31
[2026-08-24T04:58:03+00:00] Bookings from calendar: 0
[2026-08-24T04:58:04+00:00] Active deals: 210
[2026-08-24T04:58:04+00:00] Assignments: 0
[2026-08-24T04:58:04+00:00] No cell changes
[2026-08-24T04:58:04+00:00] State saved
[2026-08-24T04:58:04+00:00] === end (2.78s) ===
[2026-08-24T05:00:01+00:00] === start ===
[2026-08-24T05:00:01+00:00] Sheet rows: 56, month headers: 4
[2026-08-24T05:00:02+00:00] Columns: {"Тусюк":"B","Муха":"C","Козлянко":"D","Юрченков":"E"}
[2026-08-24T05:00:02+00:00] Tech users: {"57":"Тусюк","65":"Козлянко","67":"Муха","71":"Юрченков"}
[2026-08-24T05:00:02+00:00] Sync window: 2026-08-01 → 2026-10-31
[2026-08-24T05:00:03+00:00] Bookings from calendar: 0
[2026-08-24T05:00:03+00:00] Active deals: 210
[2026-08-24T05:00:03+00:00] Assignments: 0
[2026-08-24T05:00:03+00:00] No cell changes
[2026-08-24T05:00:03+00:00] State saved
[2026-08-24T05:00:03+00:00] === end (2.58s) ===
[2026-08-24T05:02:01+00:00] === start ===
[2026-08-24T05:02:02+00:00] Sheet rows: 56, month headers: 4
[2026-08-24T05:02:02+00:00] Columns: {"Тусюк":"B","Муха":"C","Козлянко":"D","Юрченков":"E"}
[2026-08-24T05:02:02+00:00] Tech users: {"57":"Тусюк","65":"Козлянко","67":"Муха","71":"Юрченков"}
[2026-08-24T05:02:02+00:00] Sync window: 2026-08-01 → 2026-10-31
[2026-08-24T05:02:03+00:00] Bookings from calendar: 0
[2026-08-24T05:02:04+00:00] Active deals: 210
[2026-08-24T05:02:04+00:00] Assignments: 0
[2026-08-24T05:02:04+00:00] No cell changes
[2026-08-24T05:02:04+00:00] State saved
[2026-08-24T05:02:04+00:00] === end (2.13s) ===
[2026-08-24T05:04:01+00:00] === start ===
[2026-08-24T05:04:01+00:00] Sheet rows: 56, month headers: 4
[2026-08-24T05:04:01+00:00] Columns: {"Тусюк":"B","Муха":"C","Козлянко":"D","Юрченков":"E"}
[2026-08-24T05:04:02+00:00] Tech users: {"57":"Тусюк","65":"Козлянко","67":"Муха","71":"Юрченков"}
[2026-08-24T05:04:02+00:00] Sync window: 2026-08-01 → 2026-10-31
[2026-08-24T05:04:02+00:00] Bookings from calendar: 0
[2026-08-24T05:04:03+00:00] Active deals: 210
[2026-08-24T05:04:03+00:00] Assignments: 0
[2026-08-24T05:04:03+00:00] No cell changes
[2026-08-24T05:04:03+00:00] State saved
[2026-08-24T05:04:03+00:00] === end (2.38s) ===
[2026-08-24T05:06:01+00:00] === start ===
[2026-08-24T05:06:01+00:00] Sheet rows: 56, month headers: 4
[2026-08-24T05:06:02+00:00] Columns: {"Тусюк":"B","Муха":"C","Козлянко":"D","Юрченков":"E"}
[2026-08-24T05:06:02+00:00] Tech users: {"57":"Тусюк","65":"Козлянко","67":"Муха","71":"Юрченков"}
[2026-08-24T05:06:02+00:00] Sync window: 2026-08-01 → 2026-10-31
[2026-08-24T05:06:03+00:00] Bookings from calendar: 0
[2026-08-24T05:06:03+00:00] Active deals: 210
[2026-08-24T05:06:03+00:00] Assignments: 0
[2026-08-24T05:06:03+00:00] No cell changes
[2026-08-24T05:06:03+00:00] State saved
[2026-08-24T05:06:03+00:00] === end (2.2s) ===
[2026-08-24T05:08:01+00:00] === start ===
[2026-08-24T05:08:02+00:00] Sheet rows: 56, month headers: 4
[2026-08-24T05:08:02+00:00] Columns: {"Тусюк":"B","Муха":"C","Козлянко":"D","Юрченков":"E"}
[2026-08-24T05:08:02+00:00] Tech users: {"57":"Тусюк","65":"Козлянко","67":"Муха","71":"Юрченков"}
[2026-08-24T05:08:02+00:00] Sync window: 2026-08-01 → 2026-10-31
[2026-08-24T05:08:03+00:00] Bookings from calendar: 0
[2026-08-24T05:08:04+00:00] Active deals: 210
[2026-08-24T05:08:04+00:00] Assignments: 0
[2026-08-24T05:08:04+00:00] No cell changes
[2026-08-24T05:08:04+00:00] State saved
[2026-08-24T05:08:04+00:00] === end (2.17s) ===
[2026-08-24T05:10:01+00:00] === start ===
[2026-08-24T05:10:01+00:00] Sheet rows: 56, month headers: 4
[2026-08-24T05:10:02+00:00] Columns: {"Тусюк":"B","Муха":"C","Козлянко":"D","Юрченков":"E"}
[2026-08-24T05:10:02+00:00] Tech users: {"57":"Тусюк","65":"Козлянко","67":"Муха","71":"Юрченков"}
[2026-08-24T05:10:02+00:00] Sync window: 2026-08-01 → 2026-10-31
[2026-08-24T05:10:03+00:00] Bookings from calendar: 0
[2026-08-24T05:10:04+00:00] Active deals: 210
[2026-08-24T05:10:04+00:00] Assignments: 0
[2026-08-24T05:10:04+00:00] No cell changes
[2026-08-24T05:10:04+00:00] State saved
[2026-08-24T05:10:04+00:00] === end (3s) ===
[2026-08-24T05:12:01+00:00] === start ===
[2026-08-24T05:12:01+00:00] Sheet rows: 56, month headers: 4
[2026-08-24T05:12:01+00:00] Columns: {"Тусюк":"B","Муха":"C","Козлянко":"D","Юрченков":"E"}
[2026-08-24T05:12:01+00:00] Tech users: {"57":"Тусюк","65":"Козлянко","67":"Муха","71":"Юрченков"}
[2026-08-24T05:12:01+00:00] Sync window: 2026-08-01 → 2026-10-31
[2026-08-24T05:12:02+00:00] Bookings from calendar: 0
[2026-08-24T05:12:03+00:00] Active deals: 210
[2026-08-24T05:12:03+00:00] Assignments: 0
[2026-08-24T05:12:03+00:00] No cell changes
[2026-08-24T05:12:03+00:00] State saved
[2026-08-24T05:12:03+00:00] === end (2.53s) ===
[2026-08-24T05:14:01+00:00] === start ===
[2026-08-24T05:14:02+00:00] Sheet rows: 56, month headers: 4
[2026-08-24T05:14:02+00:00] Columns: {"Тусюк":"B","Муха":"C","Козлянко":"D","Юрченков":"E"}
[2026-08-24T05:14:02+00:00] Tech users: {"57":"Тусюк","65":"Козлянко","67":"Муха","71":"Юрченков"}
[2026-08-24T05:14:02+00:00] Sync window: 2026-08-01 → 2026-10-31
[2026-08-24T05:14:03+00:00] Bookings from calendar: 0
[2026-08-24T05:14:04+00:00] Active deals: 210
[2026-08-24T05:14:04+00:00] Assignments: 0
[2026-08-24T05:14:04+00:00] No cell changes
[2026-08-24T05:14:04+00:00] State saved
[2026-08-24T05:14:04+00:00] === end (2.22s) ===
[2026-08-24T05:16:01+00:00] === start ===
[2026-08-24T05:16:01+00:00] Sheet rows: 56, month headers: 4
[2026-08-24T05:16:01+00:00] Columns: {"Тусюк":"B","Муха":"C","Козлянко":"D","Юрченков":"E"}
[2026-08-24T05:16:02+00:00] Tech users: {"57":"Тусюк","65":"Козлянко","67":"Муха","71":"Юрченков"}
[2026-08-24T05:16:02+00:00] Sync window: 2026-08-01 → 2026-10-31
[2026-08-24T05:16:02+00:00] Bookings from calendar: 0
[2026-08-24T05:16:03+00:00] Active deals: 210
[2026-08-24T05:16:03+00:00] Assignments: 0
[2026-08-24T05:16:03+00:00] No cell changes
[2026-08-24T05:16:03+00:00] State saved
[2026-08-24T05:16:03+00:00] === end (2.42s) ===
[2026-08-24T05:18:01+00:00] === start ===
[2026-08-24T05:18:02+00:00] Sheet rows: 56, month headers: 4
[2026-08-24T05:18:02+00:00] Columns: {"Тусюк":"B","Муха":"C","Козлянко":"D","Юрченков":"E"}
[2026-08-24T05:18:02+00:00] Tech users: {"57":"Тусюк","65":"Козлянко","67":"Муха","71":"Юрченков"}
[2026-08-24T05:18:02+00:00] Sync window: 2026-08-01 → 2026-10-31
[2026-08-24T05:18:03+00:00] Bookings from calendar: 0
[2026-08-24T05:18:04+00:00] Active deals: 210
[2026-08-24T05:18:04+00:00] Assignments: 0
[2026-08-24T05:18:04+00:00] No cell changes
[2026-08-24T05:18:04+00:00] State saved
[2026-08-24T05:18:04+00:00] === end (2.73s) ===
[2026-08-24T05:20:01+00:00] === start ===
[2026-08-24T05:20:01+00:00] Sheet rows: 56, month headers: 4
[2026-08-24T05:20:02+00:00] Columns: {"Тусюк":"B","Муха":"C","Козлянко":"D","Юрченков":"E"}
[2026-08-24T05:20:02+00:00] Tech users: {"57":"Тусюк","65":"Козлянко","67":"Муха","71":"Юрченков"}
[2026-08-24T05:20:02+00:00] Sync window: 2026-08-01 → 2026-10-31
[2026-08-24T05:20:03+00:00] Bookings from calendar: 0
[2026-08-24T05:20:04+00:00] Active deals: 210
[2026-08-24T05:20:04+00:00] Assignments: 0
[2026-08-24T05:20:04+00:00] No cell changes
[2026-08-24T05:20:04+00:00] State saved
[2026-08-24T05:20:04+00:00] === end (2.65s) ===
[2026-08-24T05:22:01+00:00] === start ===
[2026-08-24T05:22:01+00:00] Sheet rows: 56, month headers: 4
[2026-08-24T05:22:02+00:00] Columns: {"Тусюк":"B","Муха":"C","Козлянко":"D","Юрченков":"E"}
[2026-08-24T05:22:02+00:00] Tech users: {"57":"Тусюк","65":"Козлянко","67":"Муха","71":"Юрченков"}
[2026-08-24T05:22:02+00:00] Sync window: 2026-08-01 → 2026-10-31
[2026-08-24T05:22:02+00:00] Bookings from calendar: 0
[2026-08-24T05:22:03+00:00] Active deals: 210
[2026-08-24T05:22:03+00:00] Assignments: 0
[2026-08-24T05:22:03+00:00] No cell changes
[2026-08-24T05:22:03+00:00] State saved
[2026-08-24T05:22:03+00:00] === end (2.5s) ===
[2026-08-24T05:24:01+00:00] === start ===
[2026-08-24T05:24:02+00:00] Sheet rows: 56, month headers: 4
[2026-08-24T05:24:02+00:00] Columns: {"Тусюк":"B","Муха":"C","Козлянко":"D","Юрченков":"E"}
[2026-08-24T05:24:02+00:00] Tech users: {"57":"Тусюк","65":"Козлянко","67":"Муха","71":"Юрченков"}
[2026-08-24T05:24:02+00:00] Sync window: 2026-08-01 → 2026-10-31
[2026-08-24T05:24:03+00:00] Bookings from calendar: 0
[2026-08-24T05:24:04+00:00] Active deals: 210
[2026-08-24T05:24:04+00:00] Assignments: 0
[2026-08-24T05:24:04+00:00] No cell changes
[2026-08-24T05:24:04+00:00] State saved
[2026-08-24T05:24:04+00:00] === end (2.42s) ===
[2026-08-24T05:26:01+00:00] === start ===
[2026-08-24T05:26:01+00:00] Sheet rows: 56, month headers: 4
[2026-08-24T05:26:01+00:00] Columns: {"Тусюк":"B","Муха":"C","Козлянко":"D","Юрченков":"E"}
[2026-08-24T05:26:02+00:00] Tech users: {"57":"Тусюк","65":"Козлянко","67":"Муха","71":"Юрченков"}
[2026-08-24T05:26:02+00:00] Sync window: 2026-08-01 → 2026-10-31
[2026-08-24T05:26:02+00:00] Bookings from calendar: 0
[2026-08-24T05:26:03+00:00] Active deals: 210
[2026-08-24T05:26:03+00:00] Assignments: 0
[2026-08-24T05:26:03+00:00] No cell changes
[2026-08-24T05:26:03+00:00] State saved
[2026-08-24T05:26:03+00:00] === end (2.21s) ===
[2026-08-24T05:28:01+00:00] === start ===
[2026-08-24T05:28:02+00:00] Sheet rows: 56, month headers: 4
[2026-08-24T05:28:02+00:00] Columns: {"Тусюк":"B","Муха":"C","Козлянко":"D","Юрченков":"E"}
[2026-08-24T05:28:02+00:00] Tech users: {"57":"Тусюк","65":"Козлянко","67":"Муха","71":"Юрченков"}
[2026-08-24T05:28:02+00:00] Sync window: 2026-08-01 → 2026-10-31
[2026-08-24T05:28:03+00:00] Bookings from calendar: 0
[2026-08-24T05:28:03+00:00] Active deals: 210
[2026-08-24T05:28:03+00:00] Assignments: 0
[2026-08-24T05:28:03+00:00] No cell changes
[2026-08-24T05:28:03+00:00] State saved
[2026-08-24T05:28:03+00:00] === end (2.4s) ===
[2026-08-24T05:30:02+00:00] === start ===
[2026-08-24T05:30:02+00:00] Sheet rows: 56, month headers: 4
[2026-08-24T05:30:02+00:00] Columns: {"Тусюк":"B","Муха":"C","Козлянко":"D","Юрченков":"E"}
[2026-08-24T05:30:02+00:00] Tech users: {"57":"Тусюк","65":"Козлянко","67":"Муха","71":"Юрченков"}
[2026-08-24T05:30:02+00:00] Sync window: 2026-08-01 → 2026-10-31
[2026-08-24T05:30:03+00:00] Bookings from calendar: 0
[2026-08-24T05:30:05+00:00] Active deals: 210
[2026-08-24T05:30:05+00:00] Assignments: 0
[2026-08-24T05:30:05+00:00] No cell changes
[2026-08-24T05:30:05+00:00] State saved
[2026-08-24T05:30:05+00:00] === end (3.92s) ===
[2026-08-24T05:32:02+00:00] === start ===
[2026-08-24T05:32:02+00:00] Sheet rows: 56, month headers: 4
[2026-08-24T05:32:02+00:00] Columns: {"Тусюк":"B","Муха":"C","Козлянко":"D","Юрченков":"E"}
[2026-08-24T05:32:02+00:00] Tech users: {"57":"Тусюк","65":"Козлянко","67":"Муха","71":"Юрченков"}
[2026-08-24T05:32:02+00:00] Sync window: 2026-08-01 → 2026-10-31
[2026-08-24T05:32:03+00:00] Bookings from calendar: 0
[2026-08-24T05:32:04+00:00] Active deals: 210
[2026-08-24T05:32:04+00:00] Assignments: 0
[2026-08-24T05:32:04+00:00] No cell changes
[2026-08-24T05:32:04+00:00] State saved
[2026-08-24T05:32:04+00:00] === end (2.37s) ===
[2026-08-24T05:34:01+00:00] === start ===
[2026-08-24T05:34:01+00:00] Sheet rows: 56, month headers: 4
[2026-08-24T05:34:02+00:00] Columns: {"Тусюк":"B","Муха":"C","Козлянко":"D","Юрченков":"E"}
[2026-08-24T05:34:02+00:00] Tech users: {"57":"Тусюк","65":"Козлянко","67":"Муха","71":"Юрченков"}
[2026-08-24T05:34:02+00:00] Sync window: 2026-08-01 → 2026-10-31
[2026-08-24T05:34:02+00:00] Bookings from calendar: 0
[2026-08-24T05:34:03+00:00] Active deals: 210
[2026-08-24T05:34:03+00:00] Assignments: 0
[2026-08-24T05:34:03+00:00] No cell changes
[2026-08-24T05:34:03+00:00] State saved
[2026-08-24T05:34:03+00:00] === end (2.36s) ===
[2026-08-24T05:36:01+00:00] === start ===
[2026-08-24T05:36:02+00:00] Sheet rows: 56, month headers: 4
[2026-08-24T05:36:03+00:00] Columns: {"Тусюк":"B","Муха":"C","Козлянко":"D","Юрченков":"E"}
[2026-08-24T05:36:03+00:00] Tech users: {"57":"Тусюк","65":"Козлянко","67":"Муха","71":"Юрченков"}
[2026-08-24T05:36:03+00:00] Sync window: 2026-08-01 → 2026-10-31
[2026-08-24T05:36:03+00:00] Bookings from calendar: 0
[2026-08-24T05:36:04+00:00] Active deals: 210
[2026-08-24T05:36:04+00:00] Assignments: 0
[2026-08-24T05:36:04+00:00] No cell changes
[2026-08-24T05:36:04+00:00] State saved
[2026-08-24T05:36:04+00:00] === end (2.96s) ===
[2026-08-24T05:38:01+00:00] === start ===
[2026-08-24T05:38:02+00:00] Sheet rows: 56, month headers: 4
[2026-08-24T05:38:02+00:00] Columns: {"Тусюк":"B","Муха":"C","Козлянко":"D","Юрченков":"E"}
[2026-08-24T05:38:02+00:00] Tech users: {"57":"Тусюк","65":"Козлянко","67":"Муха","71":"Юрченков"}
[2026-08-24T05:38:02+00:00] Sync window: 2026-08-01 → 2026-10-31
[2026-08-24T05:38:03+00:00] Bookings from calendar: 0
[2026-08-24T05:38:04+00:00] Active deals: 210
[2026-08-24T05:38:04+00:00] Assignments: 0
[2026-08-24T05:38:04+00:00] No cell changes
[2026-08-24T05:38:04+00:00] State saved
[2026-08-24T05:38:04+00:00] === end (2.55s) ===
[2026-08-24T05:40:01+00:00] === start ===
[2026-08-24T05:40:02+00:00] Sheet rows: 56, month headers: 4
[2026-08-24T05:40:02+00:00] Columns: {"Тусюк":"B","Муха":"C","Козлянко":"D","Юрченков":"E"}
[2026-08-24T05:40:02+00:00] Tech users: {"57":"Тусюк","65":"Козлянко","67":"Муха","71":"Юрченков"}
[2026-08-24T05:40:02+00:00] Sync window: 2026-08-01 → 2026-10-31
[2026-08-24T05:40:03+00:00] Bookings from calendar: 0
[2026-08-24T05:40:04+00:00] Active deals: 210
[2026-08-24T05:40:04+00:00] Assignments: 0
[2026-08-24T05:40:04+00:00] No cell changes
[2026-08-24T05:40:04+00:00] State saved
[2026-08-24T05:40:04+00:00] === end (3.01s) ===
[2026-08-24T05:42:01+00:00] === start ===
[2026-08-24T05:42:01+00:00] Sheet rows: 56, month headers: 4
[2026-08-24T05:42:02+00:00] Columns: {"Тусюк":"B","Муха":"C","Козлянко":"D","Юрченков":"E"}
[2026-08-24T05:42:02+00:00] Tech users: {"57":"Тусюк","65":"Козлянко","67":"Муха","71":"Юрченков"}
[2026-08-24T05:42:02+00:00] Sync window: 2026-08-01 → 2026-10-31
[2026-08-24T05:42:03+00:00] Bookings from calendar: 0
[2026-08-24T05:42:04+00:00] Active deals: 210
[2026-08-24T05:42:04+00:00] Assignments: 0
[2026-08-24T05:42:04+00:00] No cell changes
[2026-08-24T05:42:04+00:00] State saved
[2026-08-24T05:42:04+00:00] === end (2.45s) ===
[2026-08-24T05:44:01+00:00] === start ===
[2026-08-24T05:44:01+00:00] Sheet rows: 56, month headers: 4
[2026-08-24T05:44:01+00:00] Columns: {"Тусюк":"B","Муха":"C","Козлянко":"D","Юрченков":"E"}
[2026-08-24T05:44:02+00:00] Tech users: {"57":"Тусюк","65":"Козлянко","67":"Муха","71":"Юрченков"}
[2026-08-24T05:44:02+00:00] Sync window: 2026-08-01 → 2026-10-31
[2026-08-24T05:44:02+00:00] Bookings from calendar: 0
[2026-08-24T05:44:03+00:00] Active deals: 210
[2026-08-24T05:44:03+00:00] Assignments: 0
[2026-08-24T05:44:03+00:00] No cell changes
[2026-08-24T05:44:03+00:00] State saved
[2026-08-24T05:44:03+00:00] === end (2.47s) ===
[2026-08-24T05:46:01+00:00] === start ===
[2026-08-24T05:46:02+00:00] Sheet rows: 56, month headers: 4
[2026-08-24T05:46:02+00:00] Columns: {"Тусюк":"B","Муха":"C","Козлянко":"D","Юрченков":"E"}
[2026-08-24T05:46:03+00:00] Tech users: {"57":"Тусюк","65":"Козлянко","67":"Муха","71":"Юрченков"}
[2026-08-24T05:46:03+00:00] Sync window: 2026-08-01 → 2026-10-31
[2026-08-24T05:46:03+00:00] Bookings from calendar: 0
[2026-08-24T05:46:04+00:00] Active deals: 210
[2026-08-24T05:46:04+00:00] Assignments: 0
[2026-08-24T05:46:04+00:00] No cell changes
[2026-08-24T05:46:04+00:00] State saved
[2026-08-24T05:46:04+00:00] === end (2.93s) ===
[2026-08-24T05:48:01+00:00] === start ===
[2026-08-24T05:48:02+00:00] Sheet rows: 56, month headers: 4
[2026-08-24T05:48:02+00:00] Columns: {"Тусюк":"B","Муха":"C","Козлянко":"D","Юрченков":"E"}
[2026-08-24T05:48:02+00:00] Tech users: {"57":"Тусюк","65":"Козлянко","67":"Муха","71":"Юрченков"}
[2026-08-24T05:48:02+00:00] Sync window: 2026-08-01 → 2026-10-31
[2026-08-24T05:48:03+00:00] Bookings from calendar: 0
[2026-08-24T05:48:04+00:00] Active deals: 210
[2026-08-24T05:48:04+00:00] Assignments: 0
[2026-08-24T05:48:04+00:00] No cell changes
[2026-08-24T05:48:04+00:00] State saved
[2026-08-24T05:48:04+00:00] === end (2.39s) ===
[2026-08-24T05:50:01+00:00] === start ===
[2026-08-24T05:50:01+00:00] Sheet rows: 56, month headers: 4
[2026-08-24T05:50:02+00:00] Columns: {"Тусюк":"B","Муха":"C","Козлянко":"D","Юрченков":"E"}
[2026-08-24T05:50:02+00:00] Tech users: {"57":"Тусюк","65":"Козлянко","67":"Муха","71":"Юрченков"}
[2026-08-24T05:50:02+00:00] Sync window: 2026-08-01 → 2026-10-31
[2026-08-24T05:50:03+00:00] Bookings from calendar: 0
[2026-08-24T05:50:04+00:00] Active deals: 210
[2026-08-24T05:50:04+00:00] Assignments: 0
[2026-08-24T05:50:04+00:00] No cell changes
[2026-08-24T05:50:04+00:00] State saved
[2026-08-24T05:50:04+00:00] === end (2.94s) ===
[2026-08-24T05:52:01+00:00] === start ===
[2026-08-24T05:52:01+00:00] Sheet rows: 56, month headers: 4
[2026-08-24T05:52:02+00:00] Columns: {"Тусюк":"B","Муха":"C","Козлянко":"D","Юрченков":"E"}
[2026-08-24T05:52:02+00:00] Tech users: {"57":"Тусюк","65":"Козлянко","67":"Муха","71":"Юрченков"}
[2026-08-24T05:52:02+00:00] Sync window: 2026-08-01 → 2026-10-31
[2026-08-24T05:52:02+00:00] Bookings from calendar: 0
[2026-08-24T05:52:03+00:00] Active deals: 210
[2026-08-24T05:52:03+00:00] Assignments: 0
[2026-08-24T05:52:03+00:00] No cell changes
[2026-08-24T05:52:03+00:00] State saved
[2026-08-24T05:52:03+00:00] === end (2.37s) ===
[2026-08-24T05:54:01+00:00] === start ===
[2026-08-24T05:54:02+00:00] Sheet rows: 56, month headers: 4
[2026-08-24T05:54:02+00:00] Columns: {"Тусюк":"B","Муха":"C","Козлянко":"D","Юрченков":"E"}
[2026-08-24T05:54:02+00:00] Tech users: {"57":"Тусюк","65":"Козлянко","67":"Муха","71":"Юрченков"}
[2026-08-24T05:54:02+00:00] Sync window: 2026-08-01 → 2026-10-31
[2026-08-24T05:54:03+00:00] Bookings from calendar: 0
[2026-08-24T05:54:04+00:00] Active deals: 210
[2026-08-24T05:54:04+00:00] Assignments: 0
[2026-08-24T05:54:04+00:00] No cell changes
[2026-08-24T05:54:04+00:00] State saved
[2026-08-24T05:54:04+00:00] === end (2.64s) ===
[2026-08-24T05:56:01+00:00] === start ===
[2026-08-24T05:56:01+00:00] Sheet rows: 56, month headers: 4
[2026-08-24T05:56:02+00:00] Columns: {"Тусюк":"B","Муха":"C","Козлянко":"D","Юрченков":"E"}
[2026-08-24T05:56:02+00:00] Tech users: {"57":"Тусюк","65":"Козлянко","67":"Муха","71":"Юрченков"}
[2026-08-24T05:56:02+00:00] Sync window: 2026-08-01 → 2026-10-31
[2026-08-24T05:56:03+00:00] Bookings from calendar: 0
[2026-08-24T05:56:04+00:00] Active deals: 210
[2026-08-24T05:56:04+00:00] Assignments: 0
[2026-08-24T05:56:04+00:00] No cell changes
[2026-08-24T05:56:04+00:00] State saved
[2026-08-24T05:56:04+00:00] === end (2.59s) ===
[2026-08-24T05:58:01+00:00] === start ===
[2026-08-24T05:58:01+00:00] Sheet rows: 56, month headers: 4
[2026-08-24T05:58:02+00:00] Columns: {"Тусюк":"B","Муха":"C","Козлянко":"D","Юрченков":"E"}
[2026-08-24T05:58:02+00:00] Tech users: {"57":"Тусюк","65":"Козлянко","67":"Муха","71":"Юрченков"}
[2026-08-24T05:58:02+00:00] Sync window: 2026-08-01 → 2026-10-31
[2026-08-24T05:58:03+00:00] Bookings from calendar: 0
[2026-08-24T05:58:03+00:00] Active deals: 210
[2026-08-24T05:58:03+00:00] Assignments: 0
[2026-08-24T05:58:03+00:00] No cell changes
[2026-08-24T05:58:03+00:00] State saved
[2026-08-24T05:58:03+00:00] === end (2.74s) ===
[2026-08-24T06:00:01+00:00] === start ===
[2026-08-24T06:00:02+00:00] Sheet rows: 56, month headers: 4
[2026-08-24T06:00:03+00:00] Columns: {"Тусюк":"B","Муха":"C","Козлянко":"D","Юрченков":"E"}
[2026-08-24T06:00:03+00:00] Tech users: {"57":"Тусюк","65":"Козлянко","67":"Муха","71":"Юрченков"}
[2026-08-24T06:00:03+00:00] Sync window: 2026-08-01 → 2026-10-31
[2026-08-24T06:00:05+00:00] Bookings from calendar: 0
[2026-08-24T06:00:07+00:00] Active deals: 210
[2026-08-24T06:00:07+00:00] Assignments: 0
[2026-08-24T06:00:07+00:00] No cell changes
[2026-08-24T06:00:07+00:00] State saved
[2026-08-24T06:00:07+00:00] === end (5.71s) ===
[2026-08-24T06:02:01+00:00] === start ===
[2026-08-24T06:02:02+00:00] Sheet rows: 56, month headers: 4
[2026-08-24T06:02:03+00:00] Columns: {"Тусюк":"B","Муха":"C","Козлянко":"D","Юрченков":"E"}
[2026-08-24T06:02:03+00:00] Tech users: {"57":"Тусюк","65":"Козлянко","67":"Муха","71":"Юрченков"}
[2026-08-24T06:02:03+00:00] Sync window: 2026-08-01 → 2026-10-31
[2026-08-24T06:02:04+00:00] Bookings from calendar: 0
[2026-08-24T06:02:05+00:00] Active deals: 210
[2026-08-24T06:02:05+00:00] Assignments: 0
[2026-08-24T06:02:05+00:00] No cell changes
[2026-08-24T06:02:05+00:00] State saved
[2026-08-24T06:02:05+00:00] === end (3.79s) ===
[2026-08-24T06:04:01+00:00] === start ===
[2026-08-24T06:04:01+00:00] Sheet rows: 56, month headers: 4
[2026-08-24T06:04:02+00:00] Columns: {"Тусюк":"B","Муха":"C","Козлянко":"D","Юрченков":"E"}
[2026-08-24T06:04:02+00:00] Tech users: {"57":"Тусюк","65":"Козлянко","67":"Муха","71":"Юрченков"}
[2026-08-24T06:04:02+00:00] Sync window: 2026-08-01 → 2026-10-31
[2026-08-24T06:04:03+00:00] Bookings from calendar: 0
[2026-08-24T06:04:04+00:00] Active deals: 210
[2026-08-24T06:04:04+00:00] Assignments: 0
[2026-08-24T06:04:04+00:00] No cell changes
[2026-08-24T06:04:04+00:00] State saved
[2026-08-24T06:04:04+00:00] === end (3.08s) ===
[2026-08-24T06:06:01+00:00] === start ===
[2026-08-24T06:06:02+00:00] Sheet rows: 56, month headers: 4
[2026-08-24T06:06:02+00:00] Columns: {"Тусюк":"B","Муха":"C","Козлянко":"D","Юрченков":"E"}
[2026-08-24T06:06:02+00:00] Tech users: {"57":"Тусюк","65":"Козлянко","67":"Муха","71":"Юрченков"}
[2026-08-24T06:06:02+00:00] Sync window: 2026-08-01 → 2026-10-31
[2026-08-24T06:06:04+00:00] Bookings from calendar: 0
[2026-08-24T06:06:05+00:00] Active deals: 210
[2026-08-24T06:06:05+00:00] Assignments: 0
[2026-08-24T06:06:05+00:00] No cell changes
[2026-08-24T06:06:05+00:00] State saved
[2026-08-24T06:06:05+00:00] === end (4.13s) ===
[2026-08-24T06:08:01+00:00] === start ===
[2026-08-24T06:08:02+00:00] Sheet rows: 56, month headers: 4
[2026-08-24T06:08:02+00:00] Columns: {"Тусюк":"B","Муха":"C","Козлянко":"D","Юрченков":"E"}
[2026-08-24T06:08:02+00:00] Tech users: {"57":"Тусюк","65":"Козлянко","67":"Муха","71":"Юрченков"}
[2026-08-24T06:08:02+00:00] Sync window: 2026-08-01 → 2026-10-31
[2026-08-24T06:08:03+00:00] Bookings from calendar: 0
[2026-08-24T06:08:04+00:00] Active deals: 210
[2026-08-24T06:08:04+00:00] Assignments: 0
[2026-08-24T06:08:04+00:00] No cell changes
[2026-08-24T06:08:04+00:00] State saved
[2026-08-24T06:08:04+00:00] === end (2.36s) ===
[2026-08-24T06:10:01+00:00] === start ===
[2026-08-24T06:10:02+00:00] Sheet rows: 56, month headers: 4
[2026-08-24T06:10:02+00:00] Columns: {"Тусюк":"B","Муха":"C","Козлянко":"D","Юрченков":"E"}
[2026-08-24T06:10:02+00:00] Tech users: {"57":"Тусюк","65":"Козлянко","67":"Муха","71":"Юрченков"}
[2026-08-24T06:10:02+00:00] Sync window: 2026-08-01 → 2026-10-31
[2026-08-24T06:10:03+00:00] Bookings from calendar: 0
[2026-08-24T06:10:04+00:00] Active deals: 210
[2026-08-24T06:10:04+00:00] Assignments: 0
[2026-08-24T06:10:04+00:00] No cell changes
[2026-08-24T06:10:04+00:00] State saved
[2026-08-24T06:10:04+00:00] === end (3.46s) ===
[2026-08-24T06:12:01+00:00] === start ===
[2026-08-24T06:12:02+00:00] Sheet rows: 56, month headers: 4
[2026-08-24T06:12:02+00:00] Columns: {"Тусюк":"B","Муха":"C","Козлянко":"D","Юрченков":"E"}
[2026-08-24T06:12:02+00:00] Tech users: {"57":"Тусюк","65":"Козлянко","67":"Муха","71":"Юрченков"}
[2026-08-24T06:12:02+00:00] Sync window: 2026-08-01 → 2026-10-31
[2026-08-24T06:12:03+00:00] Bookings from calendar: 0
[2026-08-24T06:12:04+00:00] Active deals: 210
[2026-08-24T06:12:04+00:00] Assignments: 0
[2026-08-24T06:12:04+00:00] No cell changes
[2026-08-24T06:12:04+00:00] State saved
[2026-08-24T06:12:04+00:00] === end (2.33s) ===
[2026-08-24T06:14:01+00:00] === start ===
[2026-08-24T06:14:01+00:00] Sheet rows: 56, month headers: 4
[2026-08-24T06:14:01+00:00] Columns: {"Тусюк":"B","Муха":"C","Козлянко":"D","Юрченков":"E"}
[2026-08-24T06:14:02+00:00] Tech users: {"57":"Тусюк","65":"Козлянко","67":"Муха","71":"Юрченков"}
[2026-08-24T06:14:02+00:00] Sync window: 2026-08-01 → 2026-10-31
[2026-08-24T06:14:02+00:00] Bookings from calendar: 0
[2026-08-24T06:14:04+00:00] Active deals: 210
[2026-08-24T06:14:04+00:00] Assignments: 0
[2026-08-24T06:14:04+00:00] No cell changes
[2026-08-24T06:14:04+00:00] State saved
[2026-08-24T06:14:04+00:00] === end (2.77s) ===
[2026-08-24T06:16:01+00:00] === start ===
[2026-08-24T06:16:02+00:00] Sheet rows: 56, month headers: 4
[2026-08-24T06:16:02+00:00] Columns: {"Тусюк":"B","Муха":"C","Козлянко":"D","Юрченков":"E"}
[2026-08-24T06:16:02+00:00] Tech users: {"57":"Тусюк","65":"Козлянко","67":"Муха","71":"Юрченков"}
[2026-08-24T06:16:02+00:00] Sync window: 2026-08-01 → 2026-10-31
[2026-08-24T06:16:03+00:00] Bookings from calendar: 0
[2026-08-24T06:16:04+00:00] Active deals: 210
[2026-08-24T06:16:04+00:00] Assignments: 0
[2026-08-24T06:16:04+00:00] No cell changes
[2026-08-24T06:16:04+00:00] State saved
[2026-08-24T06:16:04+00:00] === end (3.32s) ===
[2026-08-24T06:18:01+00:00] === start ===
[2026-08-24T06:18:02+00:00] Sheet rows: 56, month headers: 4
[2026-08-24T06:18:02+00:00] Columns: {"Тусюк":"B","Муха":"C","Козлянко":"D","Юрченков":"E"}
[2026-08-24T06:18:02+00:00] Tech users: {"57":"Тусюк","65":"Козлянко","67":"Муха","71":"Юрченков"}
[2026-08-24T06:18:02+00:00] Sync window: 2026-08-01 → 2026-10-31
[2026-08-24T06:18:03+00:00] Bookings from calendar: 0
[2026-08-24T06:18:04+00:00] Active deals: 210
[2026-08-24T06:18:04+00:00] Assignments: 0
[2026-08-24T06:18:04+00:00] No cell changes
[2026-08-24T06:18:04+00:00] State saved
[2026-08-24T06:18:04+00:00] === end (3.24s) ===
[2026-08-24T06:20:02+00:00] === start ===
[2026-08-24T06:20:02+00:00] Sheet rows: 56, month headers: 4
[2026-08-24T06:20:02+00:00] Columns: {"Тусюк":"B","Муха":"C","Козлянко":"D","Юрченков":"E"}
[2026-08-24T06:20:02+00:00] Tech users: {"57":"Тусюк","65":"Козлянко","67":"Муха","71":"Юрченков"}
[2026-08-24T06:20:02+00:00] Sync window: 2026-08-01 → 2026-10-31
[2026-08-24T06:20:03+00:00] Bookings from calendar: 0
[2026-08-24T06:20:04+00:00] Active deals: 210
[2026-08-24T06:20:04+00:00] Assignments: 0
[2026-08-24T06:20:04+00:00] No cell changes
[2026-08-24T06:20:04+00:00] State saved
[2026-08-24T06:20:04+00:00] === end (2.87s) ===
[2026-08-24T06:22:01+00:00] === start ===
[2026-08-24T06:22:02+00:00] Sheet rows: 56, month headers: 4
[2026-08-24T06:22:03+00:00] Columns: {"Тусюк":"B","Муха":"C","Козлянко":"D","Юрченков":"E"}
[2026-08-24T06:22:03+00:00] Tech users: {"57":"Тусюк","65":"Козлянко","67":"Муха","71":"Юрченков"}
[2026-08-24T06:22:03+00:00] Sync window: 2026-08-01 → 2026-10-31
[2026-08-24T06:22:04+00:00] Bookings from calendar: 0
[2026-08-24T06:22:04+00:00] Active deals: 210
[2026-08-24T06:22:04+00:00] Assignments: 0
[2026-08-24T06:22:04+00:00] No cell changes
[2026-08-24T06:22:04+00:00] State saved
[2026-08-24T06:22:04+00:00] === end (3.04s) ===
[2026-08-24T06:24:01+00:00] === start ===
[2026-08-24T06:24:01+00:00] Sheet rows: 56, month headers: 4
[2026-08-24T06:24:01+00:00] Columns: {"Тусюк":"B","Муха":"C","Козлянко":"D","Юрченков":"E"}
[2026-08-24T06:24:01+00:00] Tech users: {"57":"Тусюк","65":"Козлянко","67":"Муха","71":"Юрченков"}
[2026-08-24T06:24:01+00:00] Sync window: 2026-08-01 → 2026-10-31
[2026-08-24T06:24:02+00:00] Bookings from calendar: 0
[2026-08-24T06:24:03+00:00] Active deals: 210
[2026-08-24T06:24:03+00:00] Assignments: 0
[2026-08-24T06:24:03+00:00] No cell changes
[2026-08-24T06:24:03+00:00] State saved
[2026-08-24T06:24:03+00:00] === end (2.48s) ===
[2026-08-24T06:26:01+00:00] === start ===
[2026-08-24T06:26:01+00:00] Sheet rows: 56, month headers: 4
[2026-08-24T06:26:02+00:00] Columns: {"Тусюк":"B","Муха":"C","Козлянко":"D","Юрченков":"E"}
[2026-08-24T06:26:02+00:00] Tech users: {"57":"Тусюк","65":"Козлянко","67":"Муха","71":"Юрченков"}
[2026-08-24T06:26:02+00:00] Sync window: 2026-08-01 → 2026-10-31
[2026-08-24T06:26:03+00:00] Bookings from calendar: 0
[2026-08-24T06:26:04+00:00] Active deals: 210
[2026-08-24T06:26:04+00:00] Assignments: 0
[2026-08-24T06:26:04+00:00] No cell changes
[2026-08-24T06:26:04+00:00] State saved
[2026-08-24T06:26:04+00:00] === end (2.49s) ===
[2026-08-24T06:28:01+00:00] === start ===
[2026-08-24T06:28:02+00:00] Sheet rows: 56, month headers: 4
[2026-08-24T06:28:02+00:00] Columns: {"Тусюк":"B","Муха":"C","Козлянко":"D","Юрченков":"E"}
[2026-08-24T06:28:02+00:00] Tech users: {"57":"Тусюк","65":"Козлянко","67":"Муха","71":"Юрченков"}
[2026-08-24T06:28:02+00:00] Sync window: 2026-08-01 → 2026-10-31
[2026-08-24T06:28:03+00:00] Bookings from calendar: 0
[2026-08-24T06:28:04+00:00] Active deals: 210
[2026-08-24T06:28:04+00:00] Assignments: 0
[2026-08-24T06:28:04+00:00] No cell changes
[2026-08-24T06:28:04+00:00] State saved
[2026-08-24T06:28:04+00:00] === end (3.04s) ===
[2026-08-24T06:30:01+00:00] === start ===
[2026-08-24T06:30:01+00:00] Sheet rows: 56, month headers: 4
[2026-08-24T06:30:01+00:00] Columns: {"Тусюк":"B","Муха":"C","Козлянко":"D","Юрченков":"E"}
[2026-08-24T06:30:02+00:00] Tech users: {"57":"Тусюк","65":"Козлянко","67":"Муха","71":"Юрченков"}
[2026-08-24T06:30:02+00:00] Sync window: 2026-08-01 → 2026-10-31
[2026-08-24T06:30:02+00:00] Bookings from calendar: 0
[2026-08-24T06:30:04+00:00] Active deals: 210
[2026-08-24T06:30:04+00:00] Assignments: 0
[2026-08-24T06:30:04+00:00] No cell changes
[2026-08-24T06:30:04+00:00] State saved
[2026-08-24T06:30:04+00:00] === end (2.74s) ===
[2026-08-24T06:32:01+00:00] === start ===
[2026-08-24T06:32:01+00:00] Sheet rows: 56, month headers: 4
[2026-08-24T06:32:02+00:00] Columns: {"Тусюк":"B","Муха":"C","Козлянко":"D","Юрченков":"E"}
[2026-08-24T06:32:02+00:00] Tech users: {"57":"Тусюк","65":"Козлянко","67":"Муха","71":"Юрченков"}
[2026-08-24T06:32:02+00:00] Sync window: 2026-08-01 → 2026-10-31
[2026-08-24T06:32:03+00:00] Bookings from calendar: 0
[2026-08-24T06:32:03+00:00] Active deals: 210
[2026-08-24T06:32:03+00:00] Assignments: 0
[2026-08-24T06:32:03+00:00] No cell changes
[2026-08-24T06:32:03+00:00] State saved
[2026-08-24T06:32:03+00:00] === end (2.87s) ===
[2026-08-24T06:34:02+00:00] === start ===
[2026-08-24T06:34:02+00:00] Sheet rows: 56, month headers: 4
[2026-08-24T06:34:02+00:00] Columns: {"Тусюк":"B","Муха":"C","Козлянко":"D","Юрченков":"E"}
[2026-08-24T06:34:03+00:00] Tech users: {"57":"Тусюк","65":"Козлянко","67":"Муха","71":"Юрченков"}
[2026-08-24T06:34:03+00:00] Sync window: 2026-08-01 → 2026-10-31
[2026-08-24T06:34:03+00:00] Bookings from calendar: 0
[2026-08-24T06:34:04+00:00] Active deals: 210
[2026-08-24T06:34:04+00:00] Assignments: 0
[2026-08-24T06:34:04+00:00] No cell changes
[2026-08-24T06:34:04+00:00] State saved
[2026-08-24T06:34:04+00:00] === end (2.84s) ===
[2026-08-24T06:36:01+00:00] === start ===
[2026-08-24T06:36:02+00:00] Sheet rows: 56, month headers: 4
[2026-08-24T06:36:02+00:00] Columns: {"Тусюк":"B","Муха":"C","Козлянко":"D","Юрченков":"E"}
[2026-08-24T06:36:03+00:00] Tech users: {"57":"Тусюк","65":"Козлянко","67":"Муха","71":"Юрченков"}
[2026-08-24T06:36:03+00:00] Sync window: 2026-08-01 → 2026-10-31
[2026-08-24T06:36:04+00:00] Bookings from calendar: 0
[2026-08-24T06:36:06+00:00] Active deals: 210
[2026-08-24T06:36:06+00:00] Assignments: 0
[2026-08-24T06:36:06+00:00] No cell changes
[2026-08-24T06:36:06+00:00] State saved
[2026-08-24T06:36:06+00:00] === end (4.38s) ===
[2026-08-24T06:38:01+00:00] === start ===
[2026-08-24T06:38:01+00:00] Sheet rows: 56, month headers: 4
[2026-08-24T06:38:02+00:00] Columns: {"Тусюк":"B","Муха":"C","Козлянко":"D","Юрченков":"E"}
[2026-08-24T06:38:02+00:00] Tech users: {"57":"Тусюк","65":"Козлянко","67":"Муха","71":"Юрченков"}
[2026-08-24T06:38:02+00:00] Sync window: 2026-08-01 → 2026-10-31
[2026-08-24T06:38:03+00:00] Bookings from calendar: 0
[2026-08-24T06:38:04+00:00] Active deals: 210
[2026-08-24T06:38:04+00:00] Assignments: 0
[2026-08-24T06:38:04+00:00] No cell changes
[2026-08-24T06:38:04+00:00] State saved
[2026-08-24T06:38:04+00:00] === end (2.59s) ===
[2026-08-24T06:40:01+00:00] === start ===
[2026-08-24T06:40:01+00:00] Sheet rows: 56, month headers: 4
[2026-08-24T06:40:02+00:00] Columns: {"Тусюк":"B","Муха":"C","Козлянко":"D","Юрченков":"E"}
[2026-08-24T06:40:02+00:00] Tech users: {"57":"Тусюк","65":"Козлянко","67":"Муха","71":"Юрченков"}
[2026-08-24T06:40:02+00:00] Sync window: 2026-08-01 → 2026-10-31
[2026-08-24T06:40:03+00:00] Bookings from calendar: 0
[2026-08-24T06:40:04+00:00] Active deals: 210
[2026-08-24T06:40:04+00:00] Assignments: 0
[2026-08-24T06:40:04+00:00] No cell changes
[2026-08-24T06:40:04+00:00] State saved
[2026-08-24T06:40:04+00:00] === end (3.17s) ===
[2026-08-24T06:42:01+00:00] === start ===
[2026-08-24T06:42:01+00:00] Sheet rows: 56, month headers: 4
[2026-08-24T06:42:01+00:00] Columns: {"Тусюк":"B","Муха":"C","Козлянко":"D","Юрченков":"E"}
[2026-08-24T06:42:02+00:00] Tech users: {"57":"Тусюк","65":"Козлянко","67":"Муха","71":"Юрченков"}
[2026-08-24T06:42:02+00:00] Sync window: 2026-08-01 → 2026-10-31
[2026-08-24T06:42:03+00:00] Bookings from calendar: 0
[2026-08-24T06:42:04+00:00] Active deals: 210
[2026-08-24T06:42:04+00:00] Assignments: 0
[2026-08-24T06:42:04+00:00] No cell changes
[2026-08-24T06:42:04+00:00] State saved
[2026-08-24T06:42:04+00:00] === end (3.15s) ===
[2026-08-24T06:44:01+00:00] === start ===
[2026-08-24T06:44:01+00:00] Sheet rows: 56, month headers: 4
[2026-08-24T06:44:02+00:00] Columns: {"Тусюк":"B","Муха":"C","Козлянко":"D","Юрченков":"E"}
[2026-08-24T06:44:02+00:00] Tech users: {"57":"Тусюк","65":"Козлянко","67":"Муха","71":"Юрченков"}
[2026-08-24T06:44:02+00:00] Sync window: 2026-08-01 → 2026-10-31
[2026-08-24T06:44:03+00:00] Bookings from calendar: 0
[2026-08-24T06:44:04+00:00] Active deals: 210
[2026-08-24T06:44:04+00:00] Assignments: 0
[2026-08-24T06:44:04+00:00] No cell changes
[2026-08-24T06:44:04+00:00] State saved
[2026-08-24T06:44:04+00:00] === end (3.29s) ===
[2026-08-24T06:46:01+00:00] === start ===
[2026-08-24T06:46:02+00:00] Sheet rows: 56, month headers: 4
[2026-08-24T06:46:02+00:00] Columns: {"Тусюк":"B","Муха":"C","Козлянко":"D","Юрченков":"E"}
[2026-08-24T06:46:02+00:00] Tech users: {"57":"Тусюк","65":"Козлянко","67":"Муха","71":"Юрченков"}
[2026-08-24T06:46:02+00:00] Sync window: 2026-08-01 → 2026-10-31
[2026-08-24T06:46:03+00:00] Bookings from calendar: 0
[2026-08-24T06:46:05+00:00] Active deals: 210
[2026-08-24T06:46:05+00:00] Assignments: 0
[2026-08-24T06:46:05+00:00] No cell changes
[2026-08-24T06:46:05+00:00] State saved
[2026-08-24T06:46:05+00:00] === end (3.04s) ===
[2026-08-24T06:48:01+00:00] === start ===
[2026-08-24T06:48:01+00:00] Sheet rows: 56, month headers: 4
[2026-08-24T06:48:01+00:00] Columns: {"Тусюк":"B","Муха":"C","Козлянко":"D","Юрченков":"E"}
[2026-08-24T06:48:02+00:00] Tech users: {"57":"Тусюк","65":"Козлянко","67":"Муха","71":"Юрченков"}
[2026-08-24T06:48:02+00:00] Sync window: 2026-08-01 → 2026-10-31
[2026-08-24T06:48:02+00:00] Bookings from calendar: 0
[2026-08-24T06:48:03+00:00] Active deals: 210
[2026-08-24T06:48:03+00:00] Assignments: 0
[2026-08-24T06:48:03+00:00] No cell changes
[2026-08-24T06:48:03+00:00] State saved
[2026-08-24T06:48:03+00:00] === end (2.86s) ===
[2026-08-24T06:50:02+00:00] === start ===
[2026-08-24T06:50:02+00:00] Sheet rows: 56, month headers: 4
[2026-08-24T06:50:03+00:00] Columns: {"Тусюк":"B","Муха":"C","Козлянко":"D","Юрченков":"E"}
[2026-08-24T06:50:03+00:00] Tech users: {"57":"Тусюк","65":"Козлянко","67":"Муха","71":"Юрченков"}
[2026-08-24T06:50:03+00:00] Sync window: 2026-08-01 → 2026-10-31
[2026-08-24T06:50:04+00:00] Bookings from calendar: 0
[2026-08-24T06:50:06+00:00] Active deals: 210
[2026-08-24T06:50:06+00:00] Assignments: 0
[2026-08-24T06:50:06+00:00] No cell changes
[2026-08-24T06:50:06+00:00] State saved
[2026-08-24T06:50:06+00:00] === end (4.03s) ===
[2026-08-24T06:52:01+00:00] === start ===
[2026-08-24T06:52:01+00:00] Sheet rows: 56, month headers: 4
[2026-08-24T06:52:01+00:00] Columns: {"Тусюк":"B","Муха":"C","Козлянко":"D","Юрченков":"E"}
[2026-08-24T06:52:02+00:00] Tech users: {"57":"Тусюк","65":"Козлянко","67":"Муха","71":"Юрченков"}
[2026-08-24T06:52:02+00:00] Sync window: 2026-08-01 → 2026-10-31
[2026-08-24T06:52:03+00:00] Bookings from calendar: 0
[2026-08-24T06:52:04+00:00] Active deals: 210
[2026-08-24T06:52:04+00:00] Assignments: 0
[2026-08-24T06:52:04+00:00] No cell changes
[2026-08-24T06:52:04+00:00] State saved
[2026-08-24T06:52:04+00:00] === end (3.42s) ===
[2026-08-24T06:54:01+00:00] === start ===
[2026-08-24T06:54:01+00:00] Sheet rows: 56, month headers: 4
[2026-08-24T06:54:02+00:00] Columns: {"Тусюк":"B","Муха":"C","Козлянко":"D","Юрченков":"E"}
[2026-08-24T06:54:02+00:00] Tech users: {"57":"Тусюк","65":"Козлянко","67":"Муха","71":"Юрченков"}
[2026-08-24T06:54:02+00:00] Sync window: 2026-08-01 → 2026-10-31
[2026-08-24T06:54:03+00:00] Bookings from calendar: 0
[2026-08-24T06:54:04+00:00] Active deals: 210
[2026-08-24T06:54:04+00:00] Assignments: 0
[2026-08-24T06:54:04+00:00] No cell changes
[2026-08-24T06:54:04+00:00] State saved
[2026-08-24T06:54:04+00:00] === end (3.13s) ===
[2026-08-24T06:56:01+00:00] === start ===
[2026-08-24T06:56:02+00:00] Sheet rows: 56, month headers: 4
[2026-08-24T06:56:02+00:00] Columns: {"Тусюк":"B","Муха":"C","Козлянко":"D","Юрченков":"E"}
[2026-08-24T06:56:02+00:00] Tech users: {"57":"Тусюк","65":"Козлянко","67":"Муха","71":"Юрченков"}
[2026-08-24T06:56:02+00:00] Sync window: 2026-08-01 → 2026-10-31
[2026-08-24T06:56:03+00:00] Bookings from calendar: 0
[2026-08-24T06:56:05+00:00] Active deals: 210
[2026-08-24T06:56:05+00:00] Assignments: 0
[2026-08-24T06:56:05+00:00] No cell changes
[2026-08-24T06:56:05+00:00] State saved
[2026-08-24T06:56:05+00:00] === end (3.69s) ===
[2026-08-24T06:58:01+00:00] === start ===
[2026-08-24T06:58:02+00:00] Sheet rows: 56, month headers: 4
[2026-08-24T06:58:02+00:00] Columns: {"Тусюк":"B","Муха":"C","Козлянко":"D","Юрченков":"E"}
[2026-08-24T06:58:02+00:00] Tech users: {"57":"Тусюк","65":"Козлянко","67":"Муха","71":"Юрченков"}
[2026-08-24T06:58:02+00:00] Sync window: 2026-08-01 → 2026-10-31
[2026-08-24T06:58:03+00:00] Bookings from calendar: 0
[2026-08-24T06:58:05+00:00] Active deals: 210
[2026-08-24T06:58:05+00:00] Assignments: 0
[2026-08-24T06:58:05+00:00] No cell changes
[2026-08-24T06:58:05+00:00] State saved
[2026-08-24T06:58:05+00:00] === end (3.46s) ===
