[2026-06-24T19:00:01+00:00] === start ===
[2026-06-24T19:00:02+00:00] Sheet rows: 1
[2026-06-24T19:00:03+00:00] Columns: {"Тусюк":"B","Кузовко":"C","Муха":"D","Козлянко":"E","Юрченков":"F"}
[2026-06-24T19:00:03+00:00] Tech users: {"57":"Тусюк","65":"Козлянко","67":"Муха","71":"Юрченков"}
[2026-06-24T19:00:03+00:00] Sync window: 2026-06-01 → 2026-08-31
[2026-06-24T19:00:04+00:00] Bookings from calendar: 2
[2026-06-24T19:00:05+00:00] Active deals: 159
[2026-06-24T19:00:05+00:00] Assignments: 2
[2026-06-24T19:00:06+00:00] Cells updated: 2 (clear=0, write=2)
[2026-06-24T19:00:06+00:00] State saved
[2026-06-24T19:00:06+00:00] === end (4.3s) ===
[2026-06-24T19:02:01+00:00] === start ===
[2026-06-24T19:02:01+00:00] Sheet rows: 0
[2026-06-24T19:02:01+00:00] Columns: {"Тусюк":"B","Кузовко":"C","Муха":"D","Козлянко":"E","Юрченков":"F"}
[2026-06-24T19:02:02+00:00] Tech users: {"57":"Тусюк","65":"Козлянко","67":"Муха","71":"Юрченков"}
[2026-06-24T19:02:02+00:00] Sync window: 2026-06-01 → 2026-08-31
[2026-06-24T19:02:02+00:00] Bookings from calendar: 2
[2026-06-24T19:02:03+00:00] Active deals: 159
[2026-06-24T19:02:03+00:00] Assignments: 2
[2026-06-24T19:02:04+00:00] Row inserted: 24.06.2026 → 2
[2026-06-24T19:02:05+00:00] Cells updated: 2 (clear=0, write=2)
[2026-06-24T19:02:05+00:00] State saved
[2026-06-24T19:02:05+00:00] === end (4.3s) ===
[2026-06-24T19:04:01+00:00] === start ===
[2026-06-24T19:04:01+00:00] Sheet rows: 1
[2026-06-24T19:04:02+00:00] Columns: {"Тусюк":"B","Кузовко":"C","Муха":"D","Козлянко":"E","Юрченков":"F"}
[2026-06-24T19:04:02+00:00] Tech users: {"57":"Тусюк","65":"Козлянко","67":"Муха","71":"Юрченков"}
[2026-06-24T19:04:02+00:00] Sync window: 2026-06-01 → 2026-08-31
[2026-06-24T19:04:03+00:00] Bookings from calendar: 4
[2026-06-24T19:04:04+00:00] Active deals: 159
[2026-06-24T19:04:04+00:00] Assignments: 3
[2026-06-24T19:04:05+00:00] Cells updated: 3 (clear=0, write=3)
[2026-06-24T19:04:05+00:00] State saved
[2026-06-24T19:04:05+00:00] === end (4.12s) ===
[2026-06-24T19:06:01+00:00] === start ===
[2026-06-24T19:06:02+00:00] Sheet rows: 1
[2026-06-24T19:06:02+00:00] Columns: {"Тусюк":"B","Кузовко":"C","Муха":"D","Козлянко":"E","Юрченков":"F"}
[2026-06-24T19:06:02+00:00] Tech users: {"57":"Тусюк","65":"Козлянко","67":"Муха","71":"Юрченков"}
[2026-06-24T19:06:02+00:00] Sync window: 2026-06-01 → 2026-08-31
[2026-06-24T19:06:03+00:00] Bookings from calendar: 4
[2026-06-24T19:06:04+00:00] Active deals: 159
[2026-06-24T19:06:04+00:00] Assignments: 3
[2026-06-24T19:06:05+00:00] Cells updated: 3 (clear=0, write=3)
[2026-06-24T19:06:05+00:00] State saved
[2026-06-24T19:06:05+00:00] === end (3.59s) ===
[2026-06-24T19:08:01+00:00] === start ===
[2026-06-24T19:08:01+00:00] Sheet rows: 1
[2026-06-24T19:08:02+00:00] Columns: {"Тусюк":"B","Кузовко":"C","Муха":"D","Козлянко":"E","Юрченков":"F"}
[2026-06-24T19:08:02+00:00] Tech users: {"57":"Тусюк","65":"Козлянко","67":"Муха","71":"Юрченков"}
[2026-06-24T19:08:02+00:00] Sync window: 2026-06-01 → 2026-08-31
[2026-06-24T19:08:03+00:00] Bookings from calendar: 4
[2026-06-24T19:08:03+00:00] Active deals: 159
[2026-06-24T19:08:03+00:00] Assignments: 3
[2026-06-24T19:08:05+00:00] Cells updated: 3 (clear=0, write=3)
[2026-06-24T19:08:05+00:00] State saved
[2026-06-24T19:08:05+00:00] === end (3.64s) ===
[2026-06-24T19:09:59+00:00] === start ===
[2026-06-24T19:10:00+00:00] Sheet rows: 1
[2026-06-24T19:10:00+00:00] Columns: {"Тусюк":"B","Кузовко":"C","Муха":"D","Козлянко":"E","Юрченков":"F"}
[2026-06-24T19:10:00+00:00] Tech users: {"57":"Тусюк","65":"Козлянко","67":"Муха","71":"Юрченков"}
[2026-06-24T19:10:00+00:00] Sync window: 2026-06-01 → 2026-08-31
[2026-06-24T19:10:01+00:00] Bookings from calendar: 4
[2026-06-24T19:10:02+00:00] Active deals: 159
[2026-06-24T19:10:02+00:00] Assignments: 3
[2026-06-24T19:10:03+00:00] Cells updated: 3 (clear=0, write=3)
[2026-06-24T19:10:03+00:00] State saved
[2026-06-24T19:10:03+00:00] === end (3.33s) ===
[2026-06-24T19:12:01+00:00] === start ===
[2026-06-24T19:12:01+00:00] Sheet rows: 0
[2026-06-24T19:12:02+00:00] Columns: {"Тусюк":"B","Кузовко":"C","Муха":"D","Козлянко":"E","Юрченков":"F"}
[2026-06-24T19:12:02+00:00] Tech users: {"57":"Тусюк","65":"Козлянко","67":"Муха","71":"Юрченков"}
[2026-06-24T19:12:02+00:00] Sync window: 2026-06-01 → 2026-08-31
[2026-06-24T19:12:02+00:00] Bookings from calendar: 4
[2026-06-24T19:12:03+00:00] Active deals: 159
[2026-06-24T19:12:03+00:00] Assignments: 3
[2026-06-24T19:12:04+00:00] Row inserted: 24.06.2026 → 2
[2026-06-24T19:12:05+00:00] Cells updated: 3 (clear=0, write=3)
[2026-06-24T19:12:05+00:00] State saved
[2026-06-24T19:12:05+00:00] === end (3.86s) ===
[2026-06-24T19:14:01+00:00] === start ===
[2026-06-24T19:14:01+00:00] Sheet rows: 1
[2026-06-24T19:14:02+00:00] Columns: {"Тусюк":"B","Кузовко":"C","Муха":"D","Козлянко":"E","Юрченков":"F"}
[2026-06-24T19:14:02+00:00] Tech users: {"57":"Тусюк","65":"Козлянко","67":"Муха","71":"Юрченков"}
[2026-06-24T19:14:02+00:00] Sync window: 2026-06-01 → 2026-08-31
[2026-06-24T19:14:03+00:00] Bookings from calendar: 4
[2026-06-24T19:14:04+00:00] Active deals: 159
[2026-06-24T19:14:04+00:00] Assignments: 4
[2026-06-24T19:14:07+00:00] Row inserted: 27.06.2026 → 3
[2026-06-24T19:14:07+00:00] Cells updated: 5 (clear=1, write=4)
[2026-06-24T19:14:07+00:00] State saved
[2026-06-24T19:14:07+00:00] === end (6.49s) ===
[2026-06-24T19:16:01+00:00] === start ===
[2026-06-24T19:16:01+00:00] Sheet rows: 2
[2026-06-24T19:16:02+00:00] Columns: {"Тусюк":"B","Муха":"C","Козлянко":"D","Юрченков":"E"}
[2026-06-24T19:16:02+00:00] Tech users: {"57":"Тусюк","65":"Козлянко","67":"Муха","71":"Юрченков"}
[2026-06-24T19:16:02+00:00] Sync window: 2026-06-01 → 2026-08-31
[2026-06-24T19:16:03+00:00] Bookings from calendar: 4
[2026-06-24T19:16:03+00:00] Active deals: 159
[2026-06-24T19:16:03+00:00] Assignments: 4
[2026-06-24T19:16:04+00:00] Cells updated: 4 (clear=0, write=4)
[2026-06-24T19:16:05+00:00] State saved
[2026-06-24T19:16:05+00:00] === end (3.34s) ===
[2026-06-24T19:18:01+00:00] === start ===
[2026-06-24T19:18:02+00:00] Sheet rows: 2
[2026-06-24T19:18:02+00:00] Columns: {"Тусюк":"B","Муха":"C","Козлянко":"D","Юрченков":"E"}
[2026-06-24T19:18:03+00:00] Tech users: {"57":"Тусюк","65":"Козлянко","67":"Муха","71":"Юрченков"}
[2026-06-24T19:18:03+00:00] Sync window: 2026-06-01 → 2026-08-31
[2026-06-24T19:18:04+00:00] Bookings from calendar: 4
[2026-06-24T19:18:05+00:00] Active deals: 159
[2026-06-24T19:18:05+00:00] Assignments: 8
[2026-06-24T19:18:06+00:00] Row inserted: 28.06.2026 → 4
[2026-06-24T19:18:07+00:00] Row inserted: 29.06.2026 → 5
[2026-06-24T19:18:08+00:00] Cells updated: 8 (clear=0, write=8)
[2026-06-24T19:18:08+00:00] State saved
[2026-06-24T19:18:08+00:00] === end (7.42s) ===
[2026-06-24T19:20:01+00:00] === start ===
[2026-06-24T19:20:01+00:00] Sheet rows: 4
[2026-06-24T19:20:02+00:00] Columns: {"Тусюк":"B","Муха":"C","Козлянко":"D","Юрченков":"E"}
[2026-06-24T19:20:02+00:00] Tech users: {"57":"Тусюк","65":"Козлянко","67":"Муха","71":"Юрченков"}
[2026-06-24T19:20:02+00:00] Sync window: 2026-06-01 → 2026-08-31
[2026-06-24T19:20:03+00:00] Bookings from calendar: 4
[2026-06-24T19:20:03+00:00] Active deals: 159
[2026-06-24T19:20:03+00:00] Assignments: 8
[2026-06-24T19:20:04+00:00] Cells updated: 8 (clear=0, write=8)
[2026-06-24T19:20:04+00:00] State saved
[2026-06-24T19:20:04+00:00] === end (2.91s) ===
[2026-06-24T19:22:01+00:00] === start ===
[2026-06-24T19:22:02+00:00] Sheet rows: 4, month headers: 0
[2026-06-24T19:22:02+00:00] Columns: {"Тусюк":"B","Муха":"C","Козлянко":"D","Юрченков":"E"}
[2026-06-24T19:22:04+00:00] Tech users: {"57":"Тусюк","65":"Козлянко","67":"Муха","71":"Юрченков"}
[2026-06-24T19:22:04+00:00] Sync window: 2026-06-01 → 2026-08-31
[2026-06-24T19:22:05+00:00] Bookings from calendar: 4
[2026-06-24T19:22:05+00:00] Active deals: 159
[2026-06-24T19:22:05+00:00] Assignments: 8
[2026-06-24T19:22:10+00:00] Month row inserted: Июнь 2026 → 3
[2026-06-24T19:22:10+00:00] Cells updated: 8 (clear=0, write=8)
[2026-06-24T19:22:10+00:00] State saved
[2026-06-24T19:22:10+00:00] === end (8.95s) ===
[2026-06-24T19:23:50+00:00] === start ===
[2026-06-24T19:23:50+00:00] Sheet rows: 3, month headers: 1
[2026-06-24T19:23:51+00:00] Columns: {"Тусюк":"B","Муха":"C","Козлянко":"D","Юрченков":"E"}
[2026-06-24T19:23:51+00:00] Tech users: {"57":"Тусюк","65":"Козлянко","67":"Муха","71":"Юрченков"}
[2026-06-24T19:23:51+00:00] Sync window: 2026-06-01 → 2026-08-31
[2026-06-24T19:23:52+00:00] Bookings from calendar: 4
[2026-06-24T19:23:52+00:00] Active deals: 159
[2026-06-24T19:23:52+00:00] Assignments: 8
[2026-06-24T19:23:53+00:00] Row inserted: 24.06.2026 → 3
[2026-06-24T19:23:54+00:00] Cells updated: 8 (clear=0, write=8)
[2026-06-24T19:23:54+00:00] State saved
[2026-06-24T19:23:54+00:00] === end (3.88s) ===
[2026-06-24T19:24:01+00:00] === start ===
[2026-06-24T19:24:02+00:00] Sheet rows: 4, month headers: 1
[2026-06-24T19:24:02+00:00] Columns: {"Тусюк":"B","Муха":"C","Козлянко":"D","Юрченков":"E"}
[2026-06-24T19:24:03+00:00] Tech users: {"57":"Тусюк","65":"Козлянко","67":"Муха","71":"Юрченков"}
[2026-06-24T19:24:03+00:00] Sync window: 2026-06-01 → 2026-08-31
[2026-06-24T19:24:03+00:00] Bookings from calendar: 4
[2026-06-24T19:24:04+00:00] Active deals: 159
[2026-06-24T19:24:04+00:00] Assignments: 8
[2026-06-24T19:24:04+00:00] Cells updated: 8 (clear=0, write=8)
[2026-06-24T19:24:04+00:00] State saved
[2026-06-24T19:24:04+00:00] === end (3.44s) ===
[2026-06-24T19:26:02+00:00] === start ===
[2026-06-24T19:26:02+00:00] Sheet rows: 4, month headers: 1
[2026-06-24T19:26:02+00:00] Columns: {"Тусюк":"B","Муха":"C","Козлянко":"D","Юрченков":"E"}
[2026-06-24T19:26:02+00:00] Tech users: {"57":"Тусюк","65":"Козлянко","67":"Муха","71":"Юрченков"}
[2026-06-24T19:26:02+00:00] Sync window: 2026-06-01 → 2026-08-31
[2026-06-24T19:26:03+00:00] Bookings from calendar: 4
[2026-06-24T19:26:04+00:00] Active deals: 159
[2026-06-24T19:26:04+00:00] Assignments: 8
[2026-06-24T19:26:05+00:00] Month row inserted: Июль 2026 → 7
[2026-06-24T19:26:06+00:00] Row inserted: 27.07.2026 → 7
[2026-06-24T19:26:07+00:00] Row inserted: 28.07.2026 → 8
[2026-06-24T19:26:08+00:00] Row inserted: 29.07.2026 → 9
[2026-06-24T19:26:09+00:00] Cells updated: 14 (clear=6, write=8)
[2026-06-24T19:26:09+00:00] State saved
[2026-06-24T19:26:09+00:00] === end (7.46s) ===
[2026-06-24T19:28:01+00:00] === start ===
[2026-06-24T19:28:02+00:00] Sheet rows: 7, month headers: 2
[2026-06-24T19:28:02+00:00] Columns: {"Тусюк":"B","Муха":"C","Козлянко":"D","Юрченков":"E"}
[2026-06-24T19:28:03+00:00] Tech users: {"57":"Тусюк","65":"Козлянко","67":"Муха","71":"Юрченков"}
[2026-06-24T19:28:03+00:00] Sync window: 2026-06-01 → 2026-08-31
[2026-06-24T19:28:04+00:00] Bookings from calendar: 4
[2026-06-24T19:28:04+00:00] Active deals: 159
[2026-06-24T19:28:04+00:00] Assignments: 8
[2026-06-24T19:28:05+00:00] Cells updated: 8 (clear=0, write=8)
[2026-06-24T19:28:05+00:00] State saved
[2026-06-24T19:28:05+00:00] === end (3.84s) ===
[2026-06-24T19:30:01+00:00] === start ===
[2026-06-24T19:30:01+00:00] Sheet rows: 7, month headers: 2
[2026-06-24T19:30:02+00:00] Columns: {"Тусюк":"B","Муха":"C","Козлянко":"D","Юрченков":"E"}
[2026-06-24T19:30:02+00:00] Tech users: {"57":"Тусюк","65":"Козлянко","67":"Муха","71":"Юрченков"}
[2026-06-24T19:30:02+00:00] Sync window: 2026-06-01 → 2026-08-31
[2026-06-24T19:30:03+00:00] Bookings from calendar: 4
[2026-06-24T19:30:04+00:00] Active deals: 159
[2026-06-24T19:30:04+00:00] Assignments: 8
[2026-06-24T19:30:05+00:00] Cells updated: 8 (clear=0, write=8)
[2026-06-24T19:30:05+00:00] State saved
[2026-06-24T19:30:05+00:00] === end (3.75s) ===
[2026-06-24T19:32:01+00:00] === start ===
[2026-06-24T19:32:02+00:00] Sheet rows: 0, month headers: 0
[2026-06-24T19:32:02+00:00] Columns: {"Тусюк":"B","Муха":"C","Козлянко":"D","Юрченков":"E"}
[2026-06-24T19:32:02+00:00] Tech users: {"57":"Тусюк","65":"Козлянко","67":"Муха","71":"Юрченков"}
[2026-06-24T19:32:02+00:00] Sync window: 2026-06-01 → 2026-08-31
[2026-06-24T19:32:03+00:00] Bookings from calendar: 4
[2026-06-24T19:32:03+00:00] Active deals: 159
[2026-06-24T19:32:03+00:00] Assignments: 8
[2026-06-24T19:32:04+00:00] Month row inserted: Июнь 2026 → 2
[2026-06-24T19:32:05+00:00] Row inserted: 24.06.2026 → 3
[2026-06-24T19:32:06+00:00] Month row inserted: Июль 2026 → 4
[2026-06-24T19:32:07+00:00] Row inserted: 27.07.2026 → 5
[2026-06-24T19:32:08+00:00] Row inserted: 28.07.2026 → 6
[2026-06-24T19:32:09+00:00] Row inserted: 29.07.2026 → 7
[2026-06-24T19:32:09+00:00] Cells updated: 8 (clear=0, write=8)
[2026-06-24T19:32:09+00:00] State saved
[2026-06-24T19:32:09+00:00] === end (8.47s) ===
[2026-06-24T19:32:52+00:00] === start ===
[2026-06-24T19:32:53+00:00] Sheet rows: 4, month headers: 2
[2026-06-24T19:32:54+00:00] Columns: {"Тусюк":"B","Муха":"C","Козлянко":"D","Юрченков":"E"}
[2026-06-24T19:32:54+00:00] Tech users: {"57":"Тусюк","65":"Козлянко","67":"Муха","71":"Юрченков"}
[2026-06-24T19:32:54+00:00] Sync window: 2026-06-01 → 2026-08-31
[2026-06-24T19:32:55+00:00] Bookings from calendar: 4
[2026-06-24T19:32:55+00:00] Active deals: 159
[2026-06-24T19:32:55+00:00] Assignments: 8
[2026-06-24T19:32:56+00:00] Cells updated: 8 (clear=0, write=8)
[2026-06-24T19:32:56+00:00] State saved
[2026-06-24T19:32:56+00:00] === end (3.54s) ===
[2026-06-24T19:34:01+00:00] === start ===
[2026-06-24T19:34:02+00:00] Sheet rows: 4, month headers: 2
[2026-06-24T19:34:02+00:00] Columns: {"Тусюк":"B","Муха":"C","Козлянко":"D","Юрченков":"E"}
[2026-06-24T19:34:03+00:00] Tech users: {"57":"Тусюк","65":"Козлянко","67":"Муха","71":"Юрченков"}
[2026-06-24T19:34:03+00:00] Sync window: 2026-06-01 → 2026-08-31
[2026-06-24T19:34:03+00:00] Bookings from calendar: 4
[2026-06-24T19:34:04+00:00] Active deals: 159
[2026-06-24T19:34:04+00:00] Assignments: 8
[2026-06-24T19:34:05+00:00] Cells updated: 8 (clear=0, write=8)
[2026-06-24T19:34:05+00:00] State saved
[2026-06-24T19:34:05+00:00] === end (4.05s) ===
[2026-06-24T19:36:01+00:00] === start ===
[2026-06-24T19:36:02+00:00] Sheet rows: 4, month headers: 2
[2026-06-24T19:36:02+00:00] Columns: {"Тусюк":"B","Муха":"C","Козлянко":"D","Юрченков":"E"}
[2026-06-24T19:36:02+00:00] Tech users: {"57":"Тусюк","65":"Козлянко","67":"Муха","71":"Юрченков"}
[2026-06-24T19:36:02+00:00] Sync window: 2026-06-01 → 2026-08-31
[2026-06-24T19:36:03+00:00] Bookings from calendar: 4
[2026-06-24T19:36:04+00:00] Active deals: 159
[2026-06-24T19:36:04+00:00] Assignments: 8
[2026-06-24T19:36:04+00:00] Cells updated: 8 (clear=0, write=8)
[2026-06-24T19:36:04+00:00] State saved
[2026-06-24T19:36:04+00:00] === end (2.78s) ===
[2026-06-24T19:38:01+00:00] === start ===
[2026-06-24T19:38:02+00:00] Sheet rows: 4, month headers: 2
[2026-06-24T19:38:02+00:00] Columns: {"Тусюк":"B","Муха":"C","Козлянко":"D","Юрченков":"E"}
[2026-06-24T19:38:02+00:00] Tech users: {"57":"Тусюк","65":"Козлянко","67":"Муха","71":"Юрченков"}
[2026-06-24T19:38:02+00:00] Sync window: 2026-06-01 → 2026-08-31
[2026-06-24T19:38:03+00:00] Bookings from calendar: 4
[2026-06-24T19:38:04+00:00] Active deals: 159
[2026-06-24T19:38:04+00:00] Assignments: 8
[2026-06-24T19:38:06+00:00] Cells updated: 8 (clear=0, write=8)
[2026-06-24T19:38:06+00:00] State saved
[2026-06-24T19:38:06+00:00] === end (4.47s) ===
[2026-06-24T19:40:01+00:00] === start ===
[2026-06-24T19:40:02+00:00] Sheet rows: 4, month headers: 2
[2026-06-24T19:40:02+00:00] Columns: {"Тусюк":"B","Муха":"C","Козлянко":"D","Юрченков":"E"}
[2026-06-24T19:40:02+00:00] Tech users: {"57":"Тусюк","65":"Козлянко","67":"Муха","71":"Юрченков"}
[2026-06-24T19:40:02+00:00] Sync window: 2026-06-01 → 2026-08-31
[2026-06-24T19:40:03+00:00] Bookings from calendar: 4
[2026-06-24T19:40:03+00:00] Active deals: 159
[2026-06-24T19:40:03+00:00] Assignments: 8
[2026-06-24T19:40:04+00:00] Cells updated: 8 (clear=0, write=8)
[2026-06-24T19:40:04+00:00] State saved
[2026-06-24T19:40:04+00:00] === end (3.66s) ===
[2026-06-24T19:42:02+00:00] === start ===
[2026-06-24T19:42:02+00:00] Sheet rows: 4, month headers: 2
[2026-06-24T19:42:03+00:00] Columns: {"Тусюк":"B","Муха":"C","Козлянко":"D","Юрченков":"E"}
[2026-06-24T19:42:03+00:00] Tech users: {"57":"Тусюк","65":"Козлянко","67":"Муха","71":"Юрченков"}
[2026-06-24T19:42:03+00:00] Sync window: 2026-06-01 → 2026-08-31
[2026-06-24T19:42:04+00:00] Bookings from calendar: 4
[2026-06-24T19:42:04+00:00] Active deals: 159
[2026-06-24T19:42:04+00:00] Assignments: 8
[2026-06-24T19:42:05+00:00] Cells updated: 8 (clear=0, write=8)
[2026-06-24T19:42:05+00:00] State saved
[2026-06-24T19:42:05+00:00] === end (3.47s) ===
[2026-06-24T19:44:01+00:00] === start ===
[2026-06-24T19:44:02+00:00] Sheet rows: 4, month headers: 2
[2026-06-24T19:44:02+00:00] Columns: {"Тусюк":"B","Муха":"C","Козлянко":"D","Юрченков":"E"}
[2026-06-24T19:44:03+00:00] Tech users: {"57":"Тусюк","65":"Козлянко","67":"Муха","71":"Юрченков"}
[2026-06-24T19:44:03+00:00] Sync window: 2026-06-01 → 2026-08-31
[2026-06-24T19:44:03+00:00] Bookings from calendar: 4
[2026-06-24T19:44:04+00:00] Active deals: 159
[2026-06-24T19:44:04+00:00] Assignments: 8
[2026-06-24T19:44:06+00:00] Cells updated: 8 (clear=0, write=8)
[2026-06-24T19:44:06+00:00] State saved
[2026-06-24T19:44:06+00:00] === end (4.64s) ===
[2026-06-24T19:46:01+00:00] === start ===
[2026-06-24T19:46:01+00:00] Sheet rows: 4, month headers: 2
[2026-06-24T19:46:02+00:00] Columns: {"Тусюк":"B","Муха":"C","Козлянко":"D","Юрченков":"E"}
[2026-06-24T19:46:02+00:00] Tech users: {"57":"Тусюк","65":"Козлянко","67":"Муха","71":"Юрченков"}
[2026-06-24T19:46:02+00:00] Sync window: 2026-06-01 → 2026-08-31
[2026-06-24T19:46:03+00:00] Bookings from calendar: 4
[2026-06-24T19:46:03+00:00] Active deals: 159
[2026-06-24T19:46:03+00:00] Assignments: 8
[2026-06-24T19:46:05+00:00] Cells updated: 8 (clear=0, write=8)
[2026-06-24T19:46:05+00:00] State saved
[2026-06-24T19:46:05+00:00] === end (3.83s) ===
[2026-06-24T19:48:01+00:00] === start ===
[2026-06-24T19:48:01+00:00] Sheet rows: 4, month headers: 2
[2026-06-24T19:48:02+00:00] Columns: {"Тусюк":"B","Муха":"C","Козлянко":"D","Юрченков":"E"}
[2026-06-24T19:48:02+00:00] Tech users: {"57":"Тусюк","65":"Козлянко","67":"Муха","71":"Юрченков"}
[2026-06-24T19:48:02+00:00] Sync window: 2026-06-01 → 2026-08-31
[2026-06-24T19:48:03+00:00] Bookings from calendar: 4
[2026-06-24T19:48:04+00:00] Active deals: 159
[2026-06-24T19:48:04+00:00] Assignments: 8
[2026-06-24T19:48:05+00:00] Cells updated: 8 (clear=0, write=8)
[2026-06-24T19:48:05+00:00] State saved
[2026-06-24T19:48:05+00:00] === end (4.37s) ===
[2026-06-24T19:50:01+00:00] === start ===
[2026-06-24T19:50:02+00:00] Sheet rows: 4, month headers: 2
[2026-06-24T19:50:03+00:00] Columns: {"Тусюк":"B","Муха":"C","Козлянко":"D","Юрченков":"E"}
[2026-06-24T19:50:03+00:00] Tech users: {"57":"Тусюк","65":"Козлянко","67":"Муха","71":"Юрченков"}
[2026-06-24T19:50:03+00:00] Sync window: 2026-06-01 → 2026-08-31
[2026-06-24T19:50:04+00:00] Bookings from calendar: 4
[2026-06-24T19:50:04+00:00] Active deals: 159
[2026-06-24T19:50:04+00:00] Assignments: 8
[2026-06-24T19:50:06+00:00] Cells updated: 8 (clear=0, write=8)
[2026-06-24T19:50:06+00:00] State saved
[2026-06-24T19:50:06+00:00] === end (4.51s) ===
[2026-06-24T19:52:01+00:00] === start ===
[2026-06-24T19:52:01+00:00] Sheet rows: 4, month headers: 2
[2026-06-24T19:52:02+00:00] Columns: {"Тусюк":"B","Муха":"C","Козлянко":"D","Юрченков":"E"}
[2026-06-24T19:52:02+00:00] Tech users: {"57":"Тусюк","65":"Козлянко","67":"Муха","71":"Юрченков"}
[2026-06-24T19:52:02+00:00] Sync window: 2026-06-01 → 2026-08-31
[2026-06-24T19:52:03+00:00] Bookings from calendar: 4
[2026-06-24T19:52:04+00:00] Active deals: 159
[2026-06-24T19:52:04+00:00] Assignments: 8
[2026-06-24T19:52:04+00:00] Cells updated: 8 (clear=0, write=8)
[2026-06-24T19:52:04+00:00] State saved
[2026-06-24T19:52:04+00:00] === end (3.75s) ===
[2026-06-24T19:54:01+00:00] === start ===
[2026-06-24T19:54:02+00:00] Sheet rows: 4, month headers: 2
[2026-06-24T19:54:03+00:00] Columns: {"Тусюк":"B","Муха":"C","Козлянко":"D","Юрченков":"E"}
[2026-06-24T19:54:03+00:00] Tech users: {"57":"Тусюк","65":"Козлянко","67":"Муха","71":"Юрченков"}
[2026-06-24T19:54:03+00:00] Sync window: 2026-06-01 → 2026-08-31
[2026-06-24T19:54:04+00:00] Bookings from calendar: 4
[2026-06-24T19:54:04+00:00] Active deals: 159
[2026-06-24T19:54:04+00:00] Assignments: 8
[2026-06-24T19:54:06+00:00] Cells updated: 8 (clear=0, write=8)
[2026-06-24T19:54:06+00:00] State saved
[2026-06-24T19:54:06+00:00] === end (4.14s) ===
[2026-06-24T19:56:01+00:00] === start ===
[2026-06-24T19:56:01+00:00] Sheet rows: 4, month headers: 2
[2026-06-24T19:56:02+00:00] Columns: {"Тусюк":"B","Муха":"C","Козлянко":"D","Юрченков":"E"}
[2026-06-24T19:56:02+00:00] Tech users: {"57":"Тусюк","65":"Козлянко","67":"Муха","71":"Юрченков"}
[2026-06-24T19:56:02+00:00] Sync window: 2026-06-01 → 2026-08-31
[2026-06-24T19:56:03+00:00] Bookings from calendar: 4
[2026-06-24T19:56:03+00:00] Active deals: 159
[2026-06-24T19:56:03+00:00] Assignments: 8
[2026-06-24T19:56:05+00:00] Cells updated: 8 (clear=0, write=8)
[2026-06-24T19:56:05+00:00] State saved
[2026-06-24T19:56:05+00:00] === end (3.81s) ===
[2026-06-24T19:58:01+00:00] === start ===
[2026-06-24T19:58:01+00:00] Sheet rows: 4, month headers: 2
[2026-06-24T19:58:01+00:00] Columns: {"Тусюк":"B","Муха":"C","Козлянко":"D","Юрченков":"E"}
[2026-06-24T19:58:02+00:00] Tech users: {"57":"Тусюк","65":"Козлянко","67":"Муха","71":"Юрченков"}
[2026-06-24T19:58:02+00:00] Sync window: 2026-06-01 → 2026-08-31
[2026-06-24T19:58:02+00:00] Bookings from calendar: 4
[2026-06-24T19:58:03+00:00] Active deals: 159
[2026-06-24T19:58:03+00:00] Assignments: 8
[2026-06-24T19:58:04+00:00] Cells updated: 8 (clear=0, write=8)
[2026-06-24T19:58:04+00:00] State saved
[2026-06-24T19:58:04+00:00] === end (3.75s) ===
[2026-06-24T20:00:01+00:00] === start ===
[2026-06-24T20:00:02+00:00] Sheet rows: 4, month headers: 2
[2026-06-24T20:00:02+00:00] Columns: {"Тусюк":"B","Муха":"C","Козлянко":"D","Юрченков":"E"}
[2026-06-24T20:00:03+00:00] Tech users: {"57":"Тусюк","65":"Козлянко","67":"Муха","71":"Юрченков"}
[2026-06-24T20:00:03+00:00] Sync window: 2026-06-01 → 2026-08-31
[2026-06-24T20:00:04+00:00] Bookings from calendar: 4
[2026-06-24T20:00:04+00:00] Active deals: 159
[2026-06-24T20:00:04+00:00] Assignments: 8
[2026-06-24T20:00:05+00:00] Cells updated: 8 (clear=0, write=8)
[2026-06-24T20:00:05+00:00] State saved
[2026-06-24T20:00:05+00:00] === end (3.85s) ===
[2026-06-24T20:02:01+00:00] === start ===
[2026-06-24T20:02:02+00:00] Sheet rows: 4, month headers: 2
[2026-06-24T20:02:02+00:00] Columns: {"Тусюк":"B","Муха":"C","Козлянко":"D","Юрченков":"E"}
[2026-06-24T20:02:02+00:00] Tech users: {"57":"Тусюк","65":"Козлянко","67":"Муха","71":"Юрченков"}
[2026-06-24T20:02:02+00:00] Sync window: 2026-06-01 → 2026-08-31
[2026-06-24T20:02:03+00:00] Bookings from calendar: 4
[2026-06-24T20:02:03+00:00] Active deals: 159
[2026-06-24T20:02:03+00:00] Assignments: 8
[2026-06-24T20:02:04+00:00] Cells updated: 8 (clear=0, write=8)
[2026-06-24T20:02:04+00:00] State saved
[2026-06-24T20:02:04+00:00] === end (2.66s) ===
[2026-06-24T20:04:01+00:00] === start ===
[2026-06-24T20:04:01+00:00] Sheet rows: 4, month headers: 2
[2026-06-24T20:04:02+00:00] Columns: {"Тусюк":"B","Муха":"C","Козлянко":"D","Юрченков":"E"}
[2026-06-24T20:04:02+00:00] Tech users: {"57":"Тусюк","65":"Козлянко","67":"Муха","71":"Юрченков"}
[2026-06-24T20:04:02+00:00] Sync window: 2026-06-01 → 2026-08-31
[2026-06-24T20:04:02+00:00] Bookings from calendar: 4
[2026-06-24T20:04:03+00:00] Active deals: 159
[2026-06-24T20:04:03+00:00] Assignments: 8
[2026-06-24T20:04:04+00:00] Cells updated: 8 (clear=0, write=8)
[2026-06-24T20:04:04+00:00] State saved
[2026-06-24T20:04:04+00:00] === end (3.08s) ===
[2026-06-24T20:06:01+00:00] === start ===
[2026-06-24T20:06:02+00:00] Sheet rows: 4, month headers: 2
[2026-06-24T20:06:02+00:00] Columns: {"Тусюк":"B","Муха":"C","Козлянко":"D","Юрченков":"E"}
[2026-06-24T20:06:02+00:00] Tech users: {"57":"Тусюк","65":"Козлянко","67":"Муха","71":"Юрченков"}
[2026-06-24T20:06:02+00:00] Sync window: 2026-06-01 → 2026-08-31
[2026-06-24T20:06:03+00:00] Bookings from calendar: 4
[2026-06-24T20:06:03+00:00] Active deals: 159
[2026-06-24T20:06:03+00:00] Assignments: 8
[2026-06-24T20:06:04+00:00] Cells updated: 8 (clear=0, write=8)
[2026-06-24T20:06:04+00:00] State saved
[2026-06-24T20:06:04+00:00] === end (2.97s) ===
[2026-06-24T20:08:01+00:00] === start ===
[2026-06-24T20:08:02+00:00] Sheet rows: 4, month headers: 2
[2026-06-24T20:08:02+00:00] Columns: {"Тусюк":"B","Муха":"C","Козлянко":"D","Юрченков":"E"}
[2026-06-24T20:08:02+00:00] Tech users: {"57":"Тусюк","65":"Козлянко","67":"Муха","71":"Юрченков"}
[2026-06-24T20:08:02+00:00] Sync window: 2026-06-01 → 2026-08-31
[2026-06-24T20:08:03+00:00] Bookings from calendar: 4
[2026-06-24T20:08:04+00:00] Active deals: 159
[2026-06-24T20:08:04+00:00] Assignments: 8
[2026-06-24T20:08:05+00:00] Cells updated: 8 (clear=0, write=8)
[2026-06-24T20:08:05+00:00] State saved
[2026-06-24T20:08:05+00:00] === end (3.38s) ===
[2026-06-24T20:10:01+00:00] === start ===
[2026-06-24T20:10:01+00:00] Sheet rows: 4, month headers: 2
[2026-06-24T20:10:02+00:00] Columns: {"Тусюк":"B","Муха":"C","Козлянко":"D","Юрченков":"E"}
[2026-06-24T20:10:02+00:00] Tech users: {"57":"Тусюк","65":"Козлянко","67":"Муха","71":"Юрченков"}
[2026-06-24T20:10:02+00:00] Sync window: 2026-06-01 → 2026-08-31
[2026-06-24T20:10:02+00:00] Bookings from calendar: 4
[2026-06-24T20:10:03+00:00] Active deals: 159
[2026-06-24T20:10:03+00:00] Assignments: 8
[2026-06-24T20:10:04+00:00] Cells updated: 8 (clear=0, write=8)
[2026-06-24T20:10:04+00:00] State saved
[2026-06-24T20:10:04+00:00] === end (3.41s) ===
[2026-06-24T20:12:01+00:00] === start ===
[2026-06-24T20:12:03+00:00] Sheet rows: 4, month headers: 2
[2026-06-24T20:12:03+00:00] Columns: {"Тусюк":"B","Муха":"C","Козлянко":"D","Юрченков":"E"}
[2026-06-24T20:12:04+00:00] Tech users: {"57":"Тусюк","65":"Козлянко","67":"Муха","71":"Юрченков"}
[2026-06-24T20:12:04+00:00] Sync window: 2026-06-01 → 2026-08-31
[2026-06-24T20:12:04+00:00] Bookings from calendar: 4
[2026-06-24T20:12:05+00:00] Active deals: 159
[2026-06-24T20:12:05+00:00] Assignments: 8
[2026-06-24T20:12:06+00:00] Cells updated: 8 (clear=0, write=8)
[2026-06-24T20:12:06+00:00] State saved
[2026-06-24T20:12:06+00:00] === end (4.6s) ===
[2026-06-24T20:14:01+00:00] === start ===
[2026-06-24T20:14:01+00:00] Sheet rows: 4, month headers: 2
[2026-06-24T20:14:02+00:00] Columns: {"Тусюк":"B","Муха":"C","Козлянко":"D","Юрченков":"E"}
[2026-06-24T20:14:02+00:00] Tech users: {"57":"Тусюк","65":"Козлянко","67":"Муха","71":"Юрченков"}
[2026-06-24T20:14:02+00:00] Sync window: 2026-06-01 → 2026-08-31
[2026-06-24T20:14:03+00:00] Bookings from calendar: 4
[2026-06-24T20:14:03+00:00] Active deals: 159
[2026-06-24T20:14:03+00:00] Assignments: 8
[2026-06-24T20:14:05+00:00] Cells updated: 8 (clear=0, write=8)
[2026-06-24T20:14:05+00:00] State saved
[2026-06-24T20:14:05+00:00] === end (3.96s) ===
[2026-06-24T20:16:01+00:00] === start ===
[2026-06-24T20:16:01+00:00] Sheet rows: 4, month headers: 2
[2026-06-24T20:16:02+00:00] Columns: {"Тусюк":"B","Муха":"C","Козлянко":"D","Юрченков":"E"}
[2026-06-24T20:16:02+00:00] Tech users: {"57":"Тусюк","65":"Козлянко","67":"Муха","71":"Юрченков"}
[2026-06-24T20:16:02+00:00] Sync window: 2026-06-01 → 2026-08-31
[2026-06-24T20:16:02+00:00] Bookings from calendar: 4
[2026-06-24T20:16:03+00:00] Active deals: 159
[2026-06-24T20:16:03+00:00] Assignments: 8
[2026-06-24T20:16:05+00:00] Cells updated: 8 (clear=0, write=8)
[2026-06-24T20:16:05+00:00] State saved
[2026-06-24T20:16:05+00:00] === end (4.06s) ===
[2026-06-24T20:18:01+00:00] === start ===
[2026-06-24T20:18:01+00:00] Sheet rows: 4, month headers: 2
[2026-06-24T20:18:02+00:00] Columns: {"Тусюк":"B","Муха":"C","Козлянко":"D","Юрченков":"E"}
[2026-06-24T20:18:02+00:00] Tech users: {"57":"Тусюк","65":"Козлянко","67":"Муха","71":"Юрченков"}
[2026-06-24T20:18:02+00:00] Sync window: 2026-06-01 → 2026-08-31
[2026-06-24T20:18:03+00:00] Bookings from calendar: 4
[2026-06-24T20:18:03+00:00] Active deals: 159
[2026-06-24T20:18:03+00:00] Assignments: 8
[2026-06-24T20:18:04+00:00] Cells updated: 8 (clear=0, write=8)
[2026-06-24T20:18:04+00:00] State saved
[2026-06-24T20:18:04+00:00] === end (3.29s) ===
[2026-06-24T20:20:01+00:00] === start ===
[2026-06-24T20:20:02+00:00] Sheet rows: 4, month headers: 2
[2026-06-24T20:20:02+00:00] Columns: {"Тусюк":"B","Муха":"C","Козлянко":"D","Юрченков":"E"}
[2026-06-24T20:20:02+00:00] Tech users: {"57":"Тусюк","65":"Козлянко","67":"Муха","71":"Юрченков"}
[2026-06-24T20:20:02+00:00] Sync window: 2026-06-01 → 2026-08-31
[2026-06-24T20:20:03+00:00] Bookings from calendar: 4
[2026-06-24T20:20:03+00:00] Active deals: 159
[2026-06-24T20:20:03+00:00] Assignments: 8
[2026-06-24T20:20:05+00:00] Cells updated: 8 (clear=0, write=8)
[2026-06-24T20:20:05+00:00] State saved
[2026-06-24T20:20:05+00:00] === end (3.49s) ===
[2026-06-24T20:22:01+00:00] === start ===
[2026-06-24T20:22:02+00:00] Sheet rows: 4, month headers: 2
[2026-06-24T20:22:02+00:00] Columns: {"Тусюк":"B","Муха":"C","Козлянко":"D","Юрченков":"E"}
[2026-06-24T20:22:02+00:00] Tech users: {"57":"Тусюк","65":"Козлянко","67":"Муха","71":"Юрченков"}
[2026-06-24T20:22:02+00:00] Sync window: 2026-06-01 → 2026-08-31
[2026-06-24T20:22:03+00:00] Bookings from calendar: 4
[2026-06-24T20:22:03+00:00] Active deals: 159
[2026-06-24T20:22:03+00:00] Assignments: 8
[2026-06-24T20:22:05+00:00] Cells updated: 8 (clear=0, write=8)
[2026-06-24T20:22:05+00:00] State saved
[2026-06-24T20:22:05+00:00] === end (4.07s) ===
[2026-06-24T20:24:01+00:00] === start ===
[2026-06-24T20:24:02+00:00] Sheet rows: 4, month headers: 2
[2026-06-24T20:24:02+00:00] Columns: {"Тусюк":"B","Муха":"C","Козлянко":"D","Юрченков":"E"}
[2026-06-24T20:24:02+00:00] Tech users: {"57":"Тусюк","65":"Козлянко","67":"Муха","71":"Юрченков"}
[2026-06-24T20:24:02+00:00] Sync window: 2026-06-01 → 2026-08-31
[2026-06-24T20:24:03+00:00] Bookings from calendar: 4
[2026-06-24T20:24:04+00:00] Active deals: 159
[2026-06-24T20:24:04+00:00] Assignments: 8
[2026-06-24T20:24:04+00:00] Cells updated: 8 (clear=0, write=8)
[2026-06-24T20:24:04+00:00] State saved
[2026-06-24T20:24:04+00:00] === end (3.39s) ===
[2026-06-24T20:26:02+00:00] === start ===
[2026-06-24T20:26:02+00:00] Sheet rows: 4, month headers: 2
[2026-06-24T20:26:02+00:00] Columns: {"Тусюк":"B","Муха":"C","Козлянко":"D","Юрченков":"E"}
[2026-06-24T20:26:02+00:00] Tech users: {"57":"Тусюк","65":"Козлянко","67":"Муха","71":"Юрченков"}
[2026-06-24T20:26:02+00:00] Sync window: 2026-06-01 → 2026-08-31
[2026-06-24T20:26:03+00:00] Bookings from calendar: 4
[2026-06-24T20:26:04+00:00] Active deals: 159
[2026-06-24T20:26:04+00:00] Assignments: 8
[2026-06-24T20:26:05+00:00] Cells updated: 8 (clear=0, write=8)
[2026-06-24T20:26:05+00:00] State saved
[2026-06-24T20:26:05+00:00] === end (3.59s) ===
[2026-06-24T20:28:01+00:00] === start ===
[2026-06-24T20:28:02+00:00] Sheet rows: 4, month headers: 2
[2026-06-24T20:28:02+00:00] Columns: {"Тусюк":"B","Муха":"C","Козлянко":"D","Юрченков":"E"}
[2026-06-24T20:28:02+00:00] Tech users: {"57":"Тусюк","65":"Козлянко","67":"Муха","71":"Юрченков"}
[2026-06-24T20:28:02+00:00] Sync window: 2026-06-01 → 2026-08-31
[2026-06-24T20:28:03+00:00] Bookings from calendar: 4
[2026-06-24T20:28:04+00:00] Active deals: 159
[2026-06-24T20:28:04+00:00] Assignments: 8
[2026-06-24T20:28:04+00:00] Cells updated: 8 (clear=0, write=8)
[2026-06-24T20:28:04+00:00] State saved
[2026-06-24T20:28:04+00:00] === end (3.13s) ===
[2026-06-24T20:30:01+00:00] === start ===
[2026-06-24T20:30:02+00:00] Sheet rows: 4, month headers: 2
[2026-06-24T20:30:03+00:00] Columns: {"Тусюк":"B","Муха":"C","Козлянко":"D","Юрченков":"E"}
[2026-06-24T20:30:03+00:00] Tech users: {"57":"Тусюк","65":"Козлянко","67":"Муха","71":"Юрченков"}
[2026-06-24T20:30:03+00:00] Sync window: 2026-06-01 → 2026-08-31
[2026-06-24T20:30:04+00:00] Bookings from calendar: 4
[2026-06-24T20:30:04+00:00] Active deals: 159
[2026-06-24T20:30:04+00:00] Assignments: 8
[2026-06-24T20:30:05+00:00] Cells updated: 8 (clear=0, write=8)
[2026-06-24T20:30:05+00:00] State saved
[2026-06-24T20:30:05+00:00] === end (4.04s) ===
[2026-06-24T20:32:01+00:00] === start ===
[2026-06-24T20:32:02+00:00] Sheet rows: 4, month headers: 2
[2026-06-24T20:32:03+00:00] Columns: {"Тусюк":"B","Муха":"C","Козлянко":"D","Юрченков":"E"}
[2026-06-24T20:32:03+00:00] Tech users: {"57":"Тусюк","65":"Козлянко","67":"Муха","71":"Юрченков"}
[2026-06-24T20:32:03+00:00] Sync window: 2026-06-01 → 2026-08-31
[2026-06-24T20:32:03+00:00] Bookings from calendar: 4
[2026-06-24T20:32:04+00:00] Active deals: 159
[2026-06-24T20:32:04+00:00] Assignments: 8
[2026-06-24T20:32:06+00:00] Cells updated: 8 (clear=0, write=8)
[2026-06-24T20:32:06+00:00] State saved
[2026-06-24T20:32:06+00:00] === end (4.33s) ===
[2026-06-24T20:34:01+00:00] === start ===
[2026-06-24T20:34:01+00:00] Sheet rows: 4, month headers: 2
[2026-06-24T20:34:02+00:00] Columns: {"Тусюк":"B","Муха":"C","Козлянко":"D","Юрченков":"E"}
[2026-06-24T20:34:02+00:00] Tech users: {"57":"Тусюк","65":"Козлянко","67":"Муха","71":"Юрченков"}
[2026-06-24T20:34:02+00:00] Sync window: 2026-06-01 → 2026-08-31
[2026-06-24T20:34:03+00:00] Bookings from calendar: 4
[2026-06-24T20:34:03+00:00] Active deals: 159
[2026-06-24T20:34:03+00:00] Assignments: 8
[2026-06-24T20:34:05+00:00] Cells updated: 8 (clear=0, write=8)
[2026-06-24T20:34:05+00:00] State saved
[2026-06-24T20:34:05+00:00] === end (4.41s) ===
[2026-06-24T20:36:01+00:00] === start ===
[2026-06-24T20:36:02+00:00] Sheet rows: 4, month headers: 2
[2026-06-24T20:36:03+00:00] Columns: {"Тусюк":"B","Муха":"C","Козлянко":"D","Юрченков":"E"}
[2026-06-24T20:36:03+00:00] Tech users: {"57":"Тусюк","65":"Козлянко","67":"Муха","71":"Юрченков"}
[2026-06-24T20:36:03+00:00] Sync window: 2026-06-01 → 2026-08-31
[2026-06-24T20:36:04+00:00] Bookings from calendar: 4
[2026-06-24T20:36:04+00:00] Active deals: 159
[2026-06-24T20:36:04+00:00] Assignments: 8
[2026-06-24T20:36:05+00:00] Cells updated: 8 (clear=0, write=8)
[2026-06-24T20:36:05+00:00] State saved
[2026-06-24T20:36:05+00:00] === end (3.55s) ===
[2026-06-24T20:38:01+00:00] === start ===
[2026-06-24T20:38:01+00:00] Sheet rows: 4, month headers: 2
[2026-06-24T20:38:02+00:00] Columns: {"Тусюк":"B","Муха":"C","Козлянко":"D","Юрченков":"E"}
[2026-06-24T20:38:02+00:00] Tech users: {"57":"Тусюк","65":"Козлянко","67":"Муха","71":"Юрченков"}
[2026-06-24T20:38:02+00:00] Sync window: 2026-06-01 → 2026-08-31
[2026-06-24T20:38:03+00:00] Bookings from calendar: 4
[2026-06-24T20:38:04+00:00] Active deals: 159
[2026-06-24T20:38:04+00:00] Assignments: 8
[2026-06-24T20:38:06+00:00] Cells updated: 8 (clear=0, write=8)
[2026-06-24T20:38:06+00:00] State saved
[2026-06-24T20:38:06+00:00] === end (4.62s) ===
[2026-06-24T20:40:01+00:00] === start ===
[2026-06-24T20:40:01+00:00] Sheet rows: 4, month headers: 2
[2026-06-24T20:40:01+00:00] Columns: {"Тусюк":"B","Муха":"C","Козлянко":"D","Юрченков":"E"}
[2026-06-24T20:40:01+00:00] Tech users: {"57":"Тусюк","65":"Козлянко","67":"Муха","71":"Юрченков"}
[2026-06-24T20:40:01+00:00] Sync window: 2026-06-01 → 2026-08-31
[2026-06-24T20:40:02+00:00] Bookings from calendar: 4
[2026-06-24T20:40:03+00:00] Active deals: 159
[2026-06-24T20:40:03+00:00] Assignments: 8
[2026-06-24T20:40:04+00:00] Cells updated: 8 (clear=0, write=8)
[2026-06-24T20:40:04+00:00] State saved
[2026-06-24T20:40:04+00:00] === end (3.24s) ===
[2026-06-24T20:42:01+00:00] === start ===
[2026-06-24T20:42:01+00:00] Sheet rows: 4, month headers: 2
[2026-06-24T20:42:02+00:00] Columns: {"Тусюк":"B","Муха":"C","Козлянко":"D","Юрченков":"E"}
[2026-06-24T20:42:02+00:00] Tech users: {"57":"Тусюк","65":"Козлянко","67":"Муха","71":"Юрченков"}
[2026-06-24T20:42:02+00:00] Sync window: 2026-06-01 → 2026-08-31
[2026-06-24T20:42:03+00:00] Bookings from calendar: 4
[2026-06-24T20:42:03+00:00] Active deals: 159
[2026-06-24T20:42:03+00:00] Assignments: 8
[2026-06-24T20:42:05+00:00] Cells updated: 8 (clear=0, write=8)
[2026-06-24T20:42:05+00:00] State saved
[2026-06-24T20:42:05+00:00] === end (4.21s) ===
[2026-06-24T20:44:01+00:00] === start ===
[2026-06-24T20:44:02+00:00] Sheet rows: 4, month headers: 2
[2026-06-24T20:44:02+00:00] Columns: {"Тусюк":"B","Муха":"C","Козлянко":"D","Юрченков":"E"}
[2026-06-24T20:44:02+00:00] Tech users: {"57":"Тусюк","65":"Козлянко","67":"Муха","71":"Юрченков"}
[2026-06-24T20:44:02+00:00] Sync window: 2026-06-01 → 2026-08-31
[2026-06-24T20:44:03+00:00] Bookings from calendar: 4
[2026-06-24T20:44:04+00:00] Active deals: 159
[2026-06-24T20:44:04+00:00] Assignments: 8
[2026-06-24T20:44:05+00:00] Cells updated: 8 (clear=0, write=8)
[2026-06-24T20:44:05+00:00] State saved
[2026-06-24T20:44:05+00:00] === end (3.39s) ===
[2026-06-24T20:46:01+00:00] === start ===
[2026-06-24T20:46:01+00:00] Sheet rows: 4, month headers: 2
[2026-06-24T20:46:02+00:00] Columns: {"Тусюк":"B","Муха":"C","Козлянко":"D","Юрченков":"E"}
[2026-06-24T20:46:02+00:00] Tech users: {"57":"Тусюк","65":"Козлянко","67":"Муха","71":"Юрченков"}
[2026-06-24T20:46:02+00:00] Sync window: 2026-06-01 → 2026-08-31
[2026-06-24T20:46:02+00:00] Bookings from calendar: 4
[2026-06-24T20:46:03+00:00] Active deals: 159
[2026-06-24T20:46:03+00:00] Assignments: 8
[2026-06-24T20:46:04+00:00] Cells updated: 8 (clear=0, write=8)
[2026-06-24T20:46:04+00:00] State saved
[2026-06-24T20:46:04+00:00] === end (3.1s) ===
[2026-06-24T20:48:01+00:00] === start ===
[2026-06-24T20:48:02+00:00] Sheet rows: 4, month headers: 2
[2026-06-24T20:48:03+00:00] Columns: {"Тусюк":"B","Муха":"C","Козлянко":"D","Юрченков":"E"}
[2026-06-24T20:48:03+00:00] Tech users: {"57":"Тусюк","65":"Козлянко","67":"Муха","71":"Юрченков"}
[2026-06-24T20:48:03+00:00] Sync window: 2026-06-01 → 2026-08-31
[2026-06-24T20:48:04+00:00] Bookings from calendar: 4
[2026-06-24T20:48:05+00:00] Active deals: 159
[2026-06-24T20:48:05+00:00] Assignments: 8
[2026-06-24T20:48:06+00:00] Cells updated: 8 (clear=0, write=8)
[2026-06-24T20:48:06+00:00] State saved
[2026-06-24T20:48:06+00:00] === end (5.37s) ===
[2026-06-24T20:50:01+00:00] === start ===
[2026-06-24T20:50:03+00:00] Sheet rows: 4, month headers: 2
[2026-06-24T20:50:03+00:00] Columns: {"Тусюк":"B","Муха":"C","Козлянко":"D","Юрченков":"E"}
[2026-06-24T20:50:03+00:00] Tech users: {"57":"Тусюк","65":"Козлянко","67":"Муха","71":"Юрченков"}
[2026-06-24T20:50:03+00:00] Sync window: 2026-06-01 → 2026-08-31
[2026-06-24T20:50:04+00:00] Bookings from calendar: 4
[2026-06-24T20:50:04+00:00] Active deals: 159
[2026-06-24T20:50:04+00:00] Assignments: 8
[2026-06-24T20:50:05+00:00] Cells updated: 8 (clear=0, write=8)
[2026-06-24T20:50:05+00:00] State saved
[2026-06-24T20:50:05+00:00] === end (4.09s) ===
[2026-06-24T20:52:01+00:00] === start ===
[2026-06-24T20:52:02+00:00] Sheet rows: 4, month headers: 2
[2026-06-24T20:52:03+00:00] Columns: {"Тусюк":"B","Муха":"C","Козлянко":"D","Юрченков":"E"}
[2026-06-24T20:52:03+00:00] Tech users: {"57":"Тусюк","65":"Козлянко","67":"Муха","71":"Юрченков"}
[2026-06-24T20:52:03+00:00] Sync window: 2026-06-01 → 2026-08-31
[2026-06-24T20:52:04+00:00] Bookings from calendar: 4
[2026-06-24T20:52:05+00:00] Active deals: 159
[2026-06-24T20:52:05+00:00] Assignments: 8
[2026-06-24T20:52:06+00:00] Cells updated: 8 (clear=0, write=8)
[2026-06-24T20:52:06+00:00] State saved
[2026-06-24T20:52:06+00:00] === end (4.34s) ===
[2026-06-24T20:54:01+00:00] === start ===
[2026-06-24T20:54:02+00:00] Sheet rows: 4, month headers: 2
[2026-06-24T20:54:03+00:00] Columns: {"Тусюк":"B","Муха":"C","Козлянко":"D","Юрченков":"E"}
[2026-06-24T20:54:03+00:00] Tech users: {"57":"Тусюк","65":"Козлянко","67":"Муха","71":"Юрченков"}
[2026-06-24T20:54:03+00:00] Sync window: 2026-06-01 → 2026-08-31
[2026-06-24T20:54:04+00:00] Bookings from calendar: 4
[2026-06-24T20:54:04+00:00] Active deals: 159
[2026-06-24T20:54:04+00:00] Assignments: 8
[2026-06-24T20:54:08+00:00] Cells updated: 8 (clear=0, write=8)
[2026-06-24T20:54:08+00:00] State saved
[2026-06-24T20:54:08+00:00] === end (6.95s) ===
[2026-06-24T20:56:01+00:00] === start ===
[2026-06-24T20:56:01+00:00] Sheet rows: 4, month headers: 2
[2026-06-24T20:56:02+00:00] Columns: {"Тусюк":"B","Муха":"C","Козлянко":"D","Юрченков":"E"}
[2026-06-24T20:56:02+00:00] Tech users: {"57":"Тусюк","65":"Козлянко","67":"Муха","71":"Юрченков"}
[2026-06-24T20:56:02+00:00] Sync window: 2026-06-01 → 2026-08-31
[2026-06-24T20:56:03+00:00] Bookings from calendar: 4
[2026-06-24T20:56:04+00:00] Active deals: 159
[2026-06-24T20:56:04+00:00] Assignments: 8
[2026-06-24T20:56:04+00:00] Cells updated: 8 (clear=0, write=8)
[2026-06-24T20:56:04+00:00] State saved
[2026-06-24T20:56:04+00:00] === end (3.46s) ===
[2026-06-24T20:58:01+00:00] === start ===
[2026-06-24T20:58:02+00:00] Sheet rows: 4, month headers: 2
[2026-06-24T20:58:02+00:00] Columns: {"Тусюк":"B","Муха":"C","Козлянко":"D","Юрченков":"E"}
[2026-06-24T20:58:03+00:00] Tech users: {"57":"Тусюк","65":"Козлянко","67":"Муха","71":"Юрченков"}
[2026-06-24T20:58:03+00:00] Sync window: 2026-06-01 → 2026-08-31
[2026-06-24T20:58:03+00:00] Bookings from calendar: 4
[2026-06-24T20:58:04+00:00] Active deals: 159
[2026-06-24T20:58:04+00:00] Assignments: 8
[2026-06-24T20:58:05+00:00] Cells updated: 8 (clear=0, write=8)
[2026-06-24T20:58:05+00:00] State saved
[2026-06-24T20:58:05+00:00] === end (3.96s) ===
[2026-06-24T21:00:01+00:00] === start ===
[2026-06-24T21:00:02+00:00] Sheet rows: 4, month headers: 2
[2026-06-24T21:00:03+00:00] Columns: {"Тусюк":"B","Муха":"C","Козлянко":"D","Юрченков":"E"}
[2026-06-24T21:00:09+00:00] Tech users: {"57":"Тусюк","65":"Козлянко","67":"Муха","71":"Юрченков"}
[2026-06-24T21:00:09+00:00] Sync window: 2026-06-01 → 2026-08-31
[2026-06-24T21:00:18+00:00] Bookings from calendar: 4
[2026-06-24T21:00:20+00:00] Active deals: 159
[2026-06-24T21:00:20+00:00] Assignments: 8
[2026-06-24T21:00:22+00:00] Cells updated: 8 (clear=0, write=8)
[2026-06-24T21:00:22+00:00] State saved
[2026-06-24T21:00:22+00:00] === end (20.19s) ===
[2026-06-24T21:02:01+00:00] === start ===
[2026-06-24T21:02:02+00:00] Sheet rows: 4, month headers: 2
[2026-06-24T21:02:02+00:00] Columns: {"Тусюк":"B","Муха":"C","Козлянко":"D","Юрченков":"E"}
[2026-06-24T21:02:03+00:00] Tech users: {"57":"Тусюк","65":"Козлянко","67":"Муха","71":"Юрченков"}
[2026-06-24T21:02:03+00:00] Sync window: 2026-06-01 → 2026-08-31
[2026-06-24T21:02:03+00:00] Bookings from calendar: 4
[2026-06-24T21:02:04+00:00] Active deals: 159
[2026-06-24T21:02:04+00:00] Assignments: 8
[2026-06-24T21:02:05+00:00] Cells updated: 8 (clear=0, write=8)
[2026-06-24T21:02:05+00:00] State saved
[2026-06-24T21:02:05+00:00] === end (4.25s) ===
[2026-06-24T21:04:01+00:00] === start ===
[2026-06-24T21:04:01+00:00] Sheet rows: 4, month headers: 2
[2026-06-24T21:04:02+00:00] Columns: {"Тусюк":"B","Муха":"C","Козлянко":"D","Юрченков":"E"}
[2026-06-24T21:04:02+00:00] Tech users: {"57":"Тусюк","65":"Козлянко","67":"Муха","71":"Юрченков"}
[2026-06-24T21:04:02+00:00] Sync window: 2026-06-01 → 2026-08-31
[2026-06-24T21:04:03+00:00] Bookings from calendar: 4
[2026-06-24T21:04:03+00:00] Active deals: 159
[2026-06-24T21:04:03+00:00] Assignments: 8
[2026-06-24T21:04:05+00:00] Cells updated: 8 (clear=0, write=8)
[2026-06-24T21:04:05+00:00] State saved
[2026-06-24T21:04:05+00:00] === end (3.56s) ===
[2026-06-24T21:06:01+00:00] === start ===
[2026-06-24T21:06:02+00:00] Sheet rows: 4, month headers: 2
[2026-06-24T21:06:03+00:00] Columns: {"Тусюк":"B","Муха":"C","Козлянко":"D","Юрченков":"E"}
[2026-06-24T21:06:03+00:00] Tech users: {"57":"Тусюк","65":"Козлянко","67":"Муха","71":"Юрченков"}
[2026-06-24T21:06:03+00:00] Sync window: 2026-06-01 → 2026-08-31
[2026-06-24T21:06:03+00:00] Bookings from calendar: 4
[2026-06-24T21:06:04+00:00] Active deals: 159
[2026-06-24T21:06:04+00:00] Assignments: 8
[2026-06-24T21:06:05+00:00] Cells updated: 8 (clear=0, write=8)
[2026-06-24T21:06:05+00:00] State saved
[2026-06-24T21:06:05+00:00] === end (4.07s) ===
[2026-06-24T21:08:01+00:00] === start ===
[2026-06-24T21:08:01+00:00] Sheet rows: 4, month headers: 2
[2026-06-24T21:08:03+00:00] Columns: {"Тусюк":"B","Муха":"C","Козлянко":"D","Юрченков":"E"}
[2026-06-24T21:08:03+00:00] Tech users: {"57":"Тусюк","65":"Козлянко","67":"Муха","71":"Юрченков"}
[2026-06-24T21:08:03+00:00] Sync window: 2026-06-01 → 2026-08-31
[2026-06-24T21:08:03+00:00] Bookings from calendar: 4
[2026-06-24T21:08:04+00:00] Active deals: 159
[2026-06-24T21:08:04+00:00] Assignments: 8
[2026-06-24T21:08:05+00:00] Cells updated: 8 (clear=0, write=8)
[2026-06-24T21:08:05+00:00] State saved
[2026-06-24T21:08:05+00:00] === end (4.61s) ===
[2026-06-24T21:10:02+00:00] === start ===
[2026-06-24T21:10:02+00:00] Sheet rows: 4, month headers: 2
[2026-06-24T21:10:03+00:00] Columns: {"Тусюк":"B","Муха":"C","Козлянко":"D","Юрченков":"E"}
[2026-06-24T21:10:03+00:00] Tech users: {"57":"Тусюк","65":"Козлянко","67":"Муха","71":"Юрченков"}
[2026-06-24T21:10:03+00:00] Sync window: 2026-06-01 → 2026-08-31
[2026-06-24T21:10:04+00:00] Bookings from calendar: 4
[2026-06-24T21:10:04+00:00] Active deals: 159
[2026-06-24T21:10:04+00:00] Assignments: 8
[2026-06-24T21:10:06+00:00] Cells updated: 8 (clear=0, write=8)
[2026-06-24T21:10:06+00:00] State saved
[2026-06-24T21:10:06+00:00] === end (4.13s) ===
[2026-06-24T21:12:01+00:00] === start ===
[2026-06-24T21:12:01+00:00] Sheet rows: 4, month headers: 2
[2026-06-24T21:12:02+00:00] Columns: {"Тусюк":"B","Муха":"C","Козлянко":"D","Юрченков":"E"}
[2026-06-24T21:12:02+00:00] Tech users: {"57":"Тусюк","65":"Козлянко","67":"Муха","71":"Юрченков"}
[2026-06-24T21:12:02+00:00] Sync window: 2026-06-01 → 2026-08-31
[2026-06-24T21:12:03+00:00] Bookings from calendar: 4
[2026-06-24T21:12:03+00:00] Active deals: 159
[2026-06-24T21:12:03+00:00] Assignments: 8
[2026-06-24T21:12:04+00:00] Cells updated: 8 (clear=0, write=8)
[2026-06-24T21:12:04+00:00] State saved
[2026-06-24T21:12:04+00:00] === end (3.41s) ===
[2026-06-24T21:14:01+00:00] === start ===
[2026-06-24T21:14:02+00:00] Sheet rows: 4, month headers: 2
[2026-06-24T21:14:02+00:00] Columns: {"Тусюк":"B","Муха":"C","Козлянко":"D","Юрченков":"E"}
[2026-06-24T21:14:03+00:00] Tech users: {"57":"Тусюк","65":"Козлянко","67":"Муха","71":"Юрченков"}
[2026-06-24T21:14:03+00:00] Sync window: 2026-06-01 → 2026-08-31
[2026-06-24T21:14:03+00:00] Bookings from calendar: 4
[2026-06-24T21:14:04+00:00] Active deals: 159
[2026-06-24T21:14:04+00:00] Assignments: 8
[2026-06-24T21:14:05+00:00] Cells updated: 8 (clear=0, write=8)
[2026-06-24T21:14:05+00:00] State saved
[2026-06-24T21:14:05+00:00] === end (3.72s) ===
[2026-06-24T21:16:01+00:00] === start ===
[2026-06-24T21:16:02+00:00] Sheet rows: 4, month headers: 2
[2026-06-24T21:16:02+00:00] Columns: {"Тусюк":"B","Муха":"C","Козлянко":"D","Юрченков":"E"}
[2026-06-24T21:16:03+00:00] Tech users: {"57":"Тусюк","65":"Козлянко","67":"Муха","71":"Юрченков"}
[2026-06-24T21:16:03+00:00] Sync window: 2026-06-01 → 2026-08-31
[2026-06-24T21:16:03+00:00] Bookings from calendar: 4
[2026-06-24T21:16:04+00:00] Active deals: 159
[2026-06-24T21:16:04+00:00] Assignments: 8
[2026-06-24T21:16:05+00:00] Cells updated: 8 (clear=0, write=8)
[2026-06-24T21:16:05+00:00] State saved
[2026-06-24T21:16:05+00:00] === end (3.89s) ===
[2026-06-24T21:18:01+00:00] === start ===
[2026-06-24T21:18:02+00:00] Sheet rows: 4, month headers: 2
[2026-06-24T21:18:02+00:00] Columns: {"Тусюк":"B","Муха":"C","Козлянко":"D","Юрченков":"E"}
[2026-06-24T21:18:03+00:00] Tech users: {"57":"Тусюк","65":"Козлянко","67":"Муха","71":"Юрченков"}
[2026-06-24T21:18:03+00:00] Sync window: 2026-06-01 → 2026-08-31
[2026-06-24T21:18:03+00:00] Bookings from calendar: 4
[2026-06-24T21:18:04+00:00] Active deals: 159
[2026-06-24T21:18:04+00:00] Assignments: 8
[2026-06-24T21:18:04+00:00] Cells updated: 8 (clear=0, write=8)
[2026-06-24T21:18:04+00:00] State saved
[2026-06-24T21:18:04+00:00] === end (3.5s) ===
[2026-06-24T21:20:02+00:00] === start ===
[2026-06-24T21:20:02+00:00] Sheet rows: 4, month headers: 2
[2026-06-24T21:20:03+00:00] Columns: {"Тусюк":"B","Муха":"C","Козлянко":"D","Юрченков":"E"}
[2026-06-24T21:20:03+00:00] Tech users: {"57":"Тусюк","65":"Козлянко","67":"Муха","71":"Юрченков"}
[2026-06-24T21:20:03+00:00] Sync window: 2026-06-01 → 2026-08-31
[2026-06-24T21:20:04+00:00] Bookings from calendar: 4
[2026-06-24T21:20:05+00:00] Active deals: 159
[2026-06-24T21:20:05+00:00] Assignments: 8
[2026-06-24T21:20:07+00:00] Cells updated: 8 (clear=0, write=8)
[2026-06-24T21:20:07+00:00] State saved
[2026-06-24T21:20:07+00:00] === end (5.52s) ===
[2026-06-24T21:22:01+00:00] === start ===
[2026-06-24T21:22:02+00:00] Sheet rows: 4, month headers: 2
[2026-06-24T21:22:02+00:00] Columns: {"Тусюк":"B","Муха":"C","Козлянко":"D","Юрченков":"E"}
[2026-06-24T21:22:02+00:00] Tech users: {"57":"Тусюк","65":"Козлянко","67":"Муха","71":"Юрченков"}
[2026-06-24T21:22:02+00:00] Sync window: 2026-06-01 → 2026-08-31
[2026-06-24T21:22:02+00:00] Bookings from calendar: 4
[2026-06-24T21:22:03+00:00] Active deals: 159
[2026-06-24T21:22:03+00:00] Assignments: 8
[2026-06-24T21:22:04+00:00] Cells updated: 8 (clear=0, write=8)
[2026-06-24T21:22:04+00:00] State saved
[2026-06-24T21:22:04+00:00] === end (3.3s) ===
[2026-06-24T21:24:02+00:00] === start ===
[2026-06-24T21:24:02+00:00] Sheet rows: 4, month headers: 2
[2026-06-24T21:24:03+00:00] Columns: {"Тусюк":"B","Муха":"C","Козлянко":"D","Юрченков":"E"}
[2026-06-24T21:24:03+00:00] Tech users: {"57":"Тусюк","65":"Козлянко","67":"Муха","71":"Юрченков"}
[2026-06-24T21:24:03+00:00] Sync window: 2026-06-01 → 2026-08-31
[2026-06-24T21:24:04+00:00] Bookings from calendar: 4
[2026-06-24T21:24:04+00:00] Active deals: 159
[2026-06-24T21:24:04+00:00] Assignments: 8
[2026-06-24T21:24:05+00:00] Cells updated: 8 (clear=0, write=8)
[2026-06-24T21:24:05+00:00] State saved
[2026-06-24T21:24:05+00:00] === end (3.72s) ===
[2026-06-24T21:26:01+00:00] === start ===
[2026-06-24T21:26:02+00:00] Sheet rows: 4, month headers: 2
[2026-06-24T21:26:03+00:00] Columns: {"Тусюк":"B","Муха":"C","Козлянко":"D","Юрченков":"E"}
[2026-06-24T21:26:03+00:00] Tech users: {"57":"Тусюк","65":"Козлянко","67":"Муха","71":"Юрченков"}
[2026-06-24T21:26:03+00:00] Sync window: 2026-06-01 → 2026-08-31
[2026-06-24T21:26:03+00:00] Bookings from calendar: 4
[2026-06-24T21:26:04+00:00] Active deals: 159
[2026-06-24T21:26:04+00:00] Assignments: 8
[2026-06-24T21:26:05+00:00] Cells updated: 8 (clear=0, write=8)
[2026-06-24T21:26:05+00:00] State saved
[2026-06-24T21:26:05+00:00] === end (3.9s) ===
[2026-06-24T21:28:01+00:00] === start ===
[2026-06-24T21:28:02+00:00] Sheet rows: 4, month headers: 2
[2026-06-24T21:28:02+00:00] Columns: {"Тусюк":"B","Муха":"C","Козлянко":"D","Юрченков":"E"}
[2026-06-24T21:28:02+00:00] Tech users: {"57":"Тусюк","65":"Козлянко","67":"Муха","71":"Юрченков"}
[2026-06-24T21:28:02+00:00] Sync window: 2026-06-01 → 2026-08-31
[2026-06-24T21:28:03+00:00] Bookings from calendar: 4
[2026-06-24T21:28:04+00:00] Active deals: 159
[2026-06-24T21:28:04+00:00] Assignments: 8
[2026-06-24T21:28:05+00:00] Cells updated: 8 (clear=0, write=8)
[2026-06-24T21:28:05+00:00] State saved
[2026-06-24T21:28:05+00:00] === end (3.42s) ===
[2026-06-24T21:30:01+00:00] === start ===
[2026-06-24T21:30:02+00:00] Sheet rows: 4, month headers: 2
[2026-06-24T21:30:02+00:00] Columns: {"Тусюк":"B","Муха":"C","Козлянко":"D","Юрченков":"E"}
[2026-06-24T21:30:02+00:00] Tech users: {"57":"Тусюк","65":"Козлянко","67":"Муха","71":"Юрченков"}
[2026-06-24T21:30:02+00:00] Sync window: 2026-06-01 → 2026-08-31
[2026-06-24T21:30:03+00:00] Bookings from calendar: 4
[2026-06-24T21:30:04+00:00] Active deals: 159
[2026-06-24T21:30:04+00:00] Assignments: 8
[2026-06-24T21:30:05+00:00] Cells updated: 8 (clear=0, write=8)
[2026-06-24T21:30:05+00:00] State saved
[2026-06-24T21:30:05+00:00] === end (4.15s) ===
[2026-06-24T21:32:01+00:00] === start ===
[2026-06-24T21:32:02+00:00] Sheet rows: 4, month headers: 2
[2026-06-24T21:32:02+00:00] Columns: {"Тусюк":"B","Муха":"C","Козлянко":"D","Юрченков":"E"}
[2026-06-24T21:32:03+00:00] Tech users: {"57":"Тусюк","65":"Козлянко","67":"Муха","71":"Юрченков"}
[2026-06-24T21:32:03+00:00] Sync window: 2026-06-01 → 2026-08-31
[2026-06-24T21:32:04+00:00] Bookings from calendar: 4
[2026-06-24T21:32:04+00:00] Active deals: 159
[2026-06-24T21:32:04+00:00] Assignments: 8
[2026-06-24T21:32:05+00:00] Cells updated: 8 (clear=0, write=8)
[2026-06-24T21:32:05+00:00] State saved
[2026-06-24T21:32:05+00:00] === end (4.12s) ===
[2026-06-24T21:34:01+00:00] === start ===
[2026-06-24T21:34:02+00:00] Sheet rows: 4, month headers: 2
[2026-06-24T21:34:02+00:00] Columns: {"Тусюк":"B","Муха":"C","Козлянко":"D","Юрченков":"E"}
[2026-06-24T21:34:02+00:00] Tech users: {"57":"Тусюк","65":"Козлянко","67":"Муха","71":"Юрченков"}
[2026-06-24T21:34:02+00:00] Sync window: 2026-06-01 → 2026-08-31
[2026-06-24T21:34:03+00:00] Bookings from calendar: 4
[2026-06-24T21:34:03+00:00] Active deals: 159
[2026-06-24T21:34:03+00:00] Assignments: 8
[2026-06-24T21:34:05+00:00] Cells updated: 8 (clear=0, write=8)
[2026-06-24T21:34:05+00:00] State saved
[2026-06-24T21:34:05+00:00] === end (3.57s) ===
[2026-06-24T21:36:01+00:00] === start ===
[2026-06-24T21:36:01+00:00] Sheet rows: 4, month headers: 2
[2026-06-24T21:36:02+00:00] Columns: {"Тусюк":"B","Муха":"C","Козлянко":"D","Юрченков":"E"}
[2026-06-24T21:36:02+00:00] Tech users: {"57":"Тусюк","65":"Козлянко","67":"Муха","71":"Юрченков"}
[2026-06-24T21:36:02+00:00] Sync window: 2026-06-01 → 2026-08-31
[2026-06-24T21:36:02+00:00] Bookings from calendar: 4
[2026-06-24T21:36:03+00:00] Active deals: 159
[2026-06-24T21:36:03+00:00] Assignments: 8
[2026-06-24T21:36:04+00:00] Cells updated: 8 (clear=0, write=8)
[2026-06-24T21:36:04+00:00] State saved
[2026-06-24T21:36:04+00:00] === end (3.2s) ===
[2026-06-24T21:38:01+00:00] === start ===
[2026-06-24T21:38:02+00:00] Sheet rows: 4, month headers: 2
[2026-06-24T21:38:02+00:00] Columns: {"Тусюк":"B","Муха":"C","Козлянко":"D","Юрченков":"E"}
[2026-06-24T21:38:02+00:00] Tech users: {"57":"Тусюк","65":"Козлянко","67":"Муха","71":"Юрченков"}
[2026-06-24T21:38:02+00:00] Sync window: 2026-06-01 → 2026-08-31
[2026-06-24T21:38:03+00:00] Bookings from calendar: 4
[2026-06-24T21:38:03+00:00] Active deals: 159
[2026-06-24T21:38:03+00:00] Assignments: 8
[2026-06-24T21:38:04+00:00] Cells updated: 8 (clear=0, write=8)
[2026-06-24T21:38:04+00:00] State saved
[2026-06-24T21:38:04+00:00] === end (3.25s) ===
[2026-06-24T21:40:01+00:00] === start ===
[2026-06-24T21:40:02+00:00] Sheet rows: 4, month headers: 2
[2026-06-24T21:40:03+00:00] Columns: {"Тусюк":"B","Муха":"C","Козлянко":"D","Юрченков":"E"}
[2026-06-24T21:40:03+00:00] Tech users: {"57":"Тусюк","65":"Козлянко","67":"Муха","71":"Юрченков"}
[2026-06-24T21:40:03+00:00] Sync window: 2026-06-01 → 2026-08-31
[2026-06-24T21:40:04+00:00] Bookings from calendar: 4
[2026-06-24T21:40:04+00:00] Active deals: 159
[2026-06-24T21:40:04+00:00] Assignments: 8
[2026-06-24T21:40:06+00:00] Cells updated: 8 (clear=0, write=8)
[2026-06-24T21:40:06+00:00] State saved
[2026-06-24T21:40:06+00:00] === end (4.11s) ===
[2026-06-24T21:42:01+00:00] === start ===
[2026-06-24T21:42:01+00:00] Sheet rows: 4, month headers: 2
[2026-06-24T21:42:02+00:00] Columns: {"Тусюк":"B","Муха":"C","Козлянко":"D","Юрченков":"E"}
[2026-06-24T21:42:02+00:00] Tech users: {"57":"Тусюк","65":"Козлянко","67":"Муха","71":"Юрченков"}
[2026-06-24T21:42:02+00:00] Sync window: 2026-06-01 → 2026-08-31
[2026-06-24T21:42:03+00:00] Bookings from calendar: 4
[2026-06-24T21:42:03+00:00] Active deals: 159
[2026-06-24T21:42:03+00:00] Assignments: 8
[2026-06-24T21:42:04+00:00] Cells updated: 8 (clear=0, write=8)
[2026-06-24T21:42:04+00:00] State saved
[2026-06-24T21:42:04+00:00] === end (3.64s) ===
[2026-06-24T21:44:01+00:00] === start ===
[2026-06-24T21:44:02+00:00] Sheet rows: 4, month headers: 2
[2026-06-24T21:44:02+00:00] Columns: {"Тусюк":"B","Муха":"C","Козлянко":"D","Юрченков":"E"}
[2026-06-24T21:44:03+00:00] Tech users: {"57":"Тусюк","65":"Козлянко","67":"Муха","71":"Юрченков"}
[2026-06-24T21:44:03+00:00] Sync window: 2026-06-01 → 2026-08-31
[2026-06-24T21:44:03+00:00] Bookings from calendar: 4
[2026-06-24T21:44:04+00:00] Active deals: 159
[2026-06-24T21:44:04+00:00] Assignments: 8
[2026-06-24T21:44:05+00:00] Cells updated: 8 (clear=0, write=8)
[2026-06-24T21:44:05+00:00] State saved
[2026-06-24T21:44:05+00:00] === end (4.06s) ===
[2026-06-24T21:46:01+00:00] === start ===
[2026-06-24T21:46:02+00:00] Sheet rows: 4, month headers: 2
[2026-06-24T21:46:03+00:00] Columns: {"Тусюк":"B","Муха":"C","Козлянко":"D","Юрченков":"E"}
[2026-06-24T21:46:03+00:00] Tech users: {"57":"Тусюк","65":"Козлянко","67":"Муха","71":"Юрченков"}
[2026-06-24T21:46:03+00:00] Sync window: 2026-06-01 → 2026-08-31
[2026-06-24T21:46:03+00:00] Bookings from calendar: 4
[2026-06-24T21:46:04+00:00] Active deals: 159
[2026-06-24T21:46:04+00:00] Assignments: 8
[2026-06-24T21:46:05+00:00] Cells updated: 8 (clear=0, write=8)
[2026-06-24T21:46:05+00:00] State saved
[2026-06-24T21:46:05+00:00] === end (3.07s) ===
[2026-06-24T21:48:01+00:00] === start ===
[2026-06-24T21:48:01+00:00] Sheet rows: 4, month headers: 2
[2026-06-24T21:48:02+00:00] Columns: {"Тусюк":"B","Муха":"C","Козлянко":"D","Юрченков":"E"}
[2026-06-24T21:48:02+00:00] Tech users: {"57":"Тусюк","65":"Козлянко","67":"Муха","71":"Юрченков"}
[2026-06-24T21:48:02+00:00] Sync window: 2026-06-01 → 2026-08-31
[2026-06-24T21:48:02+00:00] Bookings from calendar: 4
[2026-06-24T21:48:03+00:00] Active deals: 159
[2026-06-24T21:48:03+00:00] Assignments: 8
[2026-06-24T21:48:05+00:00] Cells updated: 8 (clear=0, write=8)
[2026-06-24T21:48:05+00:00] State saved
[2026-06-24T21:48:05+00:00] === end (4.07s) ===
[2026-06-24T21:50:01+00:00] === start ===
[2026-06-24T21:50:01+00:00] Sheet rows: 4, month headers: 2
[2026-06-24T21:50:01+00:00] Columns: {"Тусюк":"B","Муха":"C","Козлянко":"D","Юрченков":"E"}
[2026-06-24T21:50:02+00:00] Tech users: {"57":"Тусюк","65":"Козлянко","67":"Муха","71":"Юрченков"}
[2026-06-24T21:50:02+00:00] Sync window: 2026-06-01 → 2026-08-31
[2026-06-24T21:50:02+00:00] Bookings from calendar: 4
[2026-06-24T21:50:03+00:00] Active deals: 159
[2026-06-24T21:50:03+00:00] Assignments: 8
[2026-06-24T21:50:04+00:00] Cells updated: 8 (clear=0, write=8)
[2026-06-24T21:50:04+00:00] State saved
[2026-06-24T21:50:04+00:00] === end (3.07s) ===
[2026-06-24T21:52:01+00:00] === start ===
[2026-06-24T21:52:01+00:00] Sheet rows: 4, month headers: 2
[2026-06-24T21:52:01+00:00] Columns: {"Тусюк":"B","Муха":"C","Козлянко":"D","Юрченков":"E"}
[2026-06-24T21:52:02+00:00] Tech users: {"57":"Тусюк","65":"Козлянко","67":"Муха","71":"Юрченков"}
[2026-06-24T21:52:02+00:00] Sync window: 2026-06-01 → 2026-08-31
[2026-06-24T21:52:02+00:00] Bookings from calendar: 4
[2026-06-24T21:52:03+00:00] Active deals: 159
[2026-06-24T21:52:03+00:00] Assignments: 8
[2026-06-24T21:52:04+00:00] Cells updated: 8 (clear=0, write=8)
[2026-06-24T21:52:04+00:00] State saved
[2026-06-24T21:52:04+00:00] === end (3.14s) ===
[2026-06-24T21:54:01+00:00] === start ===
[2026-06-24T21:54:02+00:00] Sheet rows: 4, month headers: 2
[2026-06-24T21:54:02+00:00] Columns: {"Тусюк":"B","Муха":"C","Козлянко":"D","Юрченков":"E"}
[2026-06-24T21:54:02+00:00] Tech users: {"57":"Тусюк","65":"Козлянко","67":"Муха","71":"Юрченков"}
[2026-06-24T21:54:02+00:00] Sync window: 2026-06-01 → 2026-08-31
[2026-06-24T21:54:03+00:00] Bookings from calendar: 4
[2026-06-24T21:54:04+00:00] Active deals: 159
[2026-06-24T21:54:04+00:00] Assignments: 8
[2026-06-24T21:54:05+00:00] Cells updated: 8 (clear=0, write=8)
[2026-06-24T21:54:05+00:00] State saved
[2026-06-24T21:54:05+00:00] === end (3.55s) ===
[2026-06-24T21:56:01+00:00] === start ===
[2026-06-24T21:56:01+00:00] Sheet rows: 4, month headers: 2
[2026-06-24T21:56:02+00:00] Columns: {"Тусюк":"B","Муха":"C","Козлянко":"D","Юрченков":"E"}
[2026-06-24T21:56:02+00:00] Tech users: {"57":"Тусюк","65":"Козлянко","67":"Муха","71":"Юрченков"}
[2026-06-24T21:56:02+00:00] Sync window: 2026-06-01 → 2026-08-31
[2026-06-24T21:56:03+00:00] Bookings from calendar: 4
[2026-06-24T21:56:03+00:00] Active deals: 159
[2026-06-24T21:56:03+00:00] Assignments: 8
[2026-06-24T21:56:04+00:00] Cells updated: 8 (clear=0, write=8)
[2026-06-24T21:56:04+00:00] State saved
[2026-06-24T21:56:04+00:00] === end (3.34s) ===
[2026-06-24T21:58:01+00:00] === start ===
[2026-06-24T21:58:01+00:00] Sheet rows: 4, month headers: 2
[2026-06-24T21:58:02+00:00] Columns: {"Тусюк":"B","Муха":"C","Козлянко":"D","Юрченков":"E"}
[2026-06-24T21:58:03+00:00] Tech users: {"57":"Тусюк","65":"Козлянко","67":"Муха","71":"Юрченков"}
[2026-06-24T21:58:03+00:00] Sync window: 2026-06-01 → 2026-08-31
[2026-06-24T21:58:03+00:00] Bookings from calendar: 4
[2026-06-24T21:58:04+00:00] Active deals: 159
[2026-06-24T21:58:04+00:00] Assignments: 8
[2026-06-24T21:58:05+00:00] Cells updated: 8 (clear=0, write=8)
[2026-06-24T21:58:05+00:00] State saved
[2026-06-24T21:58:05+00:00] === end (3.48s) ===
[2026-06-24T22:00:01+00:00] === start ===
[2026-06-24T22:00:01+00:00] Sheet rows: 4, month headers: 2
[2026-06-24T22:00:02+00:00] Columns: {"Тусюк":"B","Муха":"C","Козлянко":"D","Юрченков":"E"}
[2026-06-24T22:00:02+00:00] Tech users: {"57":"Тусюк","65":"Козлянко","67":"Муха","71":"Юрченков"}
[2026-06-24T22:00:02+00:00] Sync window: 2026-06-01 → 2026-08-31
[2026-06-24T22:00:03+00:00] Bookings from calendar: 4
[2026-06-24T22:00:03+00:00] Active deals: 159
[2026-06-24T22:00:03+00:00] Assignments: 8
[2026-06-24T22:00:04+00:00] Cells updated: 8 (clear=0, write=8)
[2026-06-24T22:00:04+00:00] State saved
[2026-06-24T22:00:04+00:00] === end (3.47s) ===
[2026-06-24T22:02:01+00:00] === start ===
[2026-06-24T22:02:02+00:00] Sheet rows: 4, month headers: 2
[2026-06-24T22:02:02+00:00] Columns: {"Тусюк":"B","Муха":"C","Козлянко":"D","Юрченков":"E"}
[2026-06-24T22:02:02+00:00] Tech users: {"57":"Тусюк","65":"Козлянко","67":"Муха","71":"Юрченков"}
[2026-06-24T22:02:02+00:00] Sync window: 2026-06-01 → 2026-08-31
[2026-06-24T22:02:03+00:00] Bookings from calendar: 4
[2026-06-24T22:02:03+00:00] Active deals: 159
[2026-06-24T22:02:03+00:00] Assignments: 8
[2026-06-24T22:02:05+00:00] Cells updated: 8 (clear=0, write=8)
[2026-06-24T22:02:05+00:00] State saved
[2026-06-24T22:02:05+00:00] === end (3.51s) ===
[2026-06-24T22:04:01+00:00] === start ===
[2026-06-24T22:04:01+00:00] Sheet rows: 4, month headers: 2
[2026-06-24T22:04:02+00:00] Columns: {"Тусюк":"B","Муха":"C","Козлянко":"D","Юрченков":"E"}
[2026-06-24T22:04:02+00:00] Tech users: {"57":"Тусюк","65":"Козлянко","67":"Муха","71":"Юрченков"}
[2026-06-24T22:04:02+00:00] Sync window: 2026-06-01 → 2026-08-31
[2026-06-24T22:04:03+00:00] Bookings from calendar: 4
[2026-06-24T22:04:03+00:00] Active deals: 159
[2026-06-24T22:04:03+00:00] Assignments: 8
[2026-06-24T22:04:04+00:00] Cells updated: 8 (clear=0, write=8)
[2026-06-24T22:04:04+00:00] State saved
[2026-06-24T22:04:04+00:00] === end (2.96s) ===
[2026-06-24T22:06:01+00:00] === start ===
[2026-06-24T22:06:01+00:00] Sheet rows: 4, month headers: 2
[2026-06-24T22:06:02+00:00] Columns: {"Тусюк":"B","Муха":"C","Козлянко":"D","Юрченков":"E"}
[2026-06-24T22:06:02+00:00] Tech users: {"57":"Тусюк","65":"Козлянко","67":"Муха","71":"Юрченков"}
[2026-06-24T22:06:02+00:00] Sync window: 2026-06-01 → 2026-08-31
[2026-06-24T22:06:02+00:00] Bookings from calendar: 4
[2026-06-24T22:06:03+00:00] Active deals: 159
[2026-06-24T22:06:03+00:00] Assignments: 8
[2026-06-24T22:06:04+00:00] Cells updated: 8 (clear=0, write=8)
[2026-06-24T22:06:04+00:00] State saved
[2026-06-24T22:06:04+00:00] === end (2.85s) ===
[2026-06-24T22:08:01+00:00] === start ===
[2026-06-24T22:08:01+00:00] Sheet rows: 4, month headers: 2
[2026-06-24T22:08:02+00:00] Columns: {"Тусюк":"B","Муха":"C","Козлянко":"D","Юрченков":"E"}
[2026-06-24T22:08:02+00:00] Tech users: {"57":"Тусюк","65":"Козлянко","67":"Муха","71":"Юрченков"}
[2026-06-24T22:08:02+00:00] Sync window: 2026-06-01 → 2026-08-31
[2026-06-24T22:08:02+00:00] Bookings from calendar: 4
[2026-06-24T22:08:03+00:00] Active deals: 159
[2026-06-24T22:08:03+00:00] Assignments: 8
[2026-06-24T22:08:04+00:00] Cells updated: 8 (clear=0, write=8)
[2026-06-24T22:08:04+00:00] State saved
[2026-06-24T22:08:04+00:00] === end (2.84s) ===
[2026-06-24T22:10:01+00:00] === start ===
[2026-06-24T22:10:01+00:00] Sheet rows: 4, month headers: 2
[2026-06-24T22:10:01+00:00] Columns: {"Тусюк":"B","Муха":"C","Козлянко":"D","Юрченков":"E"}
[2026-06-24T22:10:01+00:00] Tech users: {"57":"Тусюк","65":"Козлянко","67":"Муха","71":"Юрченков"}
[2026-06-24T22:10:01+00:00] Sync window: 2026-06-01 → 2026-08-31
[2026-06-24T22:10:02+00:00] Bookings from calendar: 4
[2026-06-24T22:10:03+00:00] Active deals: 159
[2026-06-24T22:10:03+00:00] Assignments: 8
[2026-06-24T22:10:04+00:00] Cells updated: 8 (clear=0, write=8)
[2026-06-24T22:10:04+00:00] State saved
[2026-06-24T22:10:04+00:00] === end (2.94s) ===
[2026-06-24T22:12:01+00:00] === start ===
[2026-06-24T22:12:01+00:00] Sheet rows: 4, month headers: 2
[2026-06-24T22:12:01+00:00] Columns: {"Тусюк":"B","Муха":"C","Козлянко":"D","Юрченков":"E"}
[2026-06-24T22:12:02+00:00] Tech users: {"57":"Тусюк","65":"Козлянко","67":"Муха","71":"Юрченков"}
[2026-06-24T22:12:02+00:00] Sync window: 2026-06-01 → 2026-08-31
[2026-06-24T22:12:02+00:00] Bookings from calendar: 4
[2026-06-24T22:12:03+00:00] Active deals: 159
[2026-06-24T22:12:03+00:00] Assignments: 8
[2026-06-24T22:12:04+00:00] Cells updated: 8 (clear=0, write=8)
[2026-06-24T22:12:04+00:00] State saved
[2026-06-24T22:12:04+00:00] === end (3.44s) ===
[2026-06-24T22:14:01+00:00] === start ===
[2026-06-24T22:14:02+00:00] Sheet rows: 4, month headers: 2
[2026-06-24T22:14:02+00:00] Columns: {"Тусюк":"B","Муха":"C","Козлянко":"D","Юрченков":"E"}
[2026-06-24T22:14:03+00:00] Tech users: {"57":"Тусюк","65":"Козлянко","67":"Муха","71":"Юрченков"}
[2026-06-24T22:14:03+00:00] Sync window: 2026-06-01 → 2026-08-31
[2026-06-24T22:14:03+00:00] Bookings from calendar: 4
[2026-06-24T22:14:04+00:00] Active deals: 159
[2026-06-24T22:14:04+00:00] Assignments: 8
[2026-06-24T22:14:05+00:00] Cells updated: 8 (clear=0, write=8)
[2026-06-24T22:14:05+00:00] State saved
[2026-06-24T22:14:05+00:00] === end (3.41s) ===
[2026-06-24T22:16:01+00:00] === start ===
[2026-06-24T22:16:01+00:00] Sheet rows: 4, month headers: 2
[2026-06-24T22:16:02+00:00] Columns: {"Тусюк":"B","Муха":"C","Козлянко":"D","Юрченков":"E"}
[2026-06-24T22:16:02+00:00] Tech users: {"57":"Тусюк","65":"Козлянко","67":"Муха","71":"Юрченков"}
[2026-06-24T22:16:02+00:00] Sync window: 2026-06-01 → 2026-08-31
[2026-06-24T22:16:03+00:00] Bookings from calendar: 4
[2026-06-24T22:16:03+00:00] Active deals: 159
[2026-06-24T22:16:03+00:00] Assignments: 8
[2026-06-24T22:16:04+00:00] Cells updated: 8 (clear=0, write=8)
[2026-06-24T22:16:04+00:00] State saved
[2026-06-24T22:16:04+00:00] === end (3.84s) ===
[2026-06-24T22:18:01+00:00] === start ===
[2026-06-24T22:18:01+00:00] Sheet rows: 4, month headers: 2
[2026-06-24T22:18:01+00:00] Columns: {"Тусюк":"B","Муха":"C","Козлянко":"D","Юрченков":"E"}
[2026-06-24T22:18:02+00:00] Tech users: {"57":"Тусюк","65":"Козлянко","67":"Муха","71":"Юрченков"}
[2026-06-24T22:18:02+00:00] Sync window: 2026-06-01 → 2026-08-31
[2026-06-24T22:18:02+00:00] Bookings from calendar: 4
[2026-06-24T22:18:03+00:00] Active deals: 159
[2026-06-24T22:18:03+00:00] Assignments: 8
[2026-06-24T22:18:04+00:00] Cells updated: 8 (clear=0, write=8)
[2026-06-24T22:18:04+00:00] State saved
[2026-06-24T22:18:04+00:00] === end (3.71s) ===
[2026-06-24T22:20:01+00:00] === start ===
[2026-06-24T22:20:02+00:00] Sheet rows: 4, month headers: 2
[2026-06-24T22:20:02+00:00] Columns: {"Тусюк":"B","Муха":"C","Козлянко":"D","Юрченков":"E"}
[2026-06-24T22:20:02+00:00] Tech users: {"57":"Тусюк","65":"Козлянко","67":"Муха","71":"Юрченков"}
[2026-06-24T22:20:02+00:00] Sync window: 2026-06-01 → 2026-08-31
[2026-06-24T22:20:03+00:00] Bookings from calendar: 4
[2026-06-24T22:20:04+00:00] Active deals: 159
[2026-06-24T22:20:04+00:00] Assignments: 8
[2026-06-24T22:20:04+00:00] Cells updated: 8 (clear=0, write=8)
[2026-06-24T22:20:04+00:00] State saved
[2026-06-24T22:20:04+00:00] === end (2.76s) ===
[2026-06-24T22:22:01+00:00] === start ===
[2026-06-24T22:22:02+00:00] Sheet rows: 4, month headers: 2
[2026-06-24T22:22:02+00:00] Columns: {"Тусюк":"B","Муха":"C","Козлянко":"D","Юрченков":"E"}
[2026-06-24T22:22:02+00:00] Tech users: {"57":"Тусюк","65":"Козлянко","67":"Муха","71":"Юрченков"}
[2026-06-24T22:22:02+00:00] Sync window: 2026-06-01 → 2026-08-31
[2026-06-24T22:22:03+00:00] Bookings from calendar: 4
[2026-06-24T22:22:04+00:00] Active deals: 159
[2026-06-24T22:22:04+00:00] Assignments: 8
[2026-06-24T22:22:04+00:00] Cells updated: 8 (clear=0, write=8)
[2026-06-24T22:22:04+00:00] State saved
[2026-06-24T22:22:04+00:00] === end (3.02s) ===
[2026-06-24T22:24:01+00:00] === start ===
[2026-06-24T22:24:02+00:00] Sheet rows: 4, month headers: 2
[2026-06-24T22:24:03+00:00] Columns: {"Тусюк":"B","Муха":"C","Козлянко":"D","Юрченков":"E"}
[2026-06-24T22:24:03+00:00] Tech users: {"57":"Тусюк","65":"Козлянко","67":"Муха","71":"Юрченков"}
[2026-06-24T22:24:03+00:00] Sync window: 2026-06-01 → 2026-08-31
[2026-06-24T22:24:03+00:00] Bookings from calendar: 4
[2026-06-24T22:24:04+00:00] Active deals: 159
[2026-06-24T22:24:04+00:00] Assignments: 8
[2026-06-24T22:24:04+00:00] Cells updated: 8 (clear=0, write=8)
[2026-06-24T22:24:04+00:00] State saved
[2026-06-24T22:24:04+00:00] === end (3.14s) ===
[2026-06-24T22:26:01+00:00] === start ===
[2026-06-24T22:26:02+00:00] Sheet rows: 4, month headers: 2
[2026-06-24T22:26:02+00:00] Columns: {"Тусюк":"B","Муха":"C","Козлянко":"D","Юрченков":"E"}
[2026-06-24T22:26:02+00:00] Tech users: {"57":"Тусюк","65":"Козлянко","67":"Муха","71":"Юрченков"}
[2026-06-24T22:26:02+00:00] Sync window: 2026-06-01 → 2026-08-31
[2026-06-24T22:26:03+00:00] Bookings from calendar: 4
[2026-06-24T22:26:04+00:00] Active deals: 159
[2026-06-24T22:26:04+00:00] Assignments: 8
[2026-06-24T22:26:04+00:00] Cells updated: 8 (clear=0, write=8)
[2026-06-24T22:26:04+00:00] State saved
[2026-06-24T22:26:04+00:00] === end (2.66s) ===
[2026-06-24T22:28:01+00:00] === start ===
[2026-06-24T22:28:02+00:00] Sheet rows: 4, month headers: 2
[2026-06-24T22:28:02+00:00] Columns: {"Тусюк":"B","Муха":"C","Козлянко":"D","Юрченков":"E"}
[2026-06-24T22:28:02+00:00] Tech users: {"57":"Тусюк","65":"Козлянко","67":"Муха","71":"Юрченков"}
[2026-06-24T22:28:02+00:00] Sync window: 2026-06-01 → 2026-08-31
[2026-06-24T22:28:03+00:00] Bookings from calendar: 4
[2026-06-24T22:28:03+00:00] Active deals: 159
[2026-06-24T22:28:03+00:00] Assignments: 8
[2026-06-24T22:28:04+00:00] Cells updated: 8 (clear=0, write=8)
[2026-06-24T22:28:04+00:00] State saved
[2026-06-24T22:28:04+00:00] === end (2.6s) ===
[2026-06-24T22:30:01+00:00] === start ===
[2026-06-24T22:30:02+00:00] Sheet rows: 4, month headers: 2
[2026-06-24T22:30:02+00:00] Columns: {"Тусюк":"B","Муха":"C","Козлянко":"D","Юрченков":"E"}
[2026-06-24T22:30:02+00:00] Tech users: {"57":"Тусюк","65":"Козлянко","67":"Муха","71":"Юрченков"}
[2026-06-24T22:30:02+00:00] Sync window: 2026-06-01 → 2026-08-31
[2026-06-24T22:30:03+00:00] Bookings from calendar: 4
[2026-06-24T22:30:04+00:00] Active deals: 159
[2026-06-24T22:30:04+00:00] Assignments: 8
[2026-06-24T22:30:04+00:00] Cells updated: 8 (clear=0, write=8)
[2026-06-24T22:30:04+00:00] State saved
[2026-06-24T22:30:04+00:00] === end (3.45s) ===
[2026-06-24T22:32:01+00:00] === start ===
[2026-06-24T22:32:02+00:00] Sheet rows: 4, month headers: 2
[2026-06-24T22:32:03+00:00] Columns: {"Тусюк":"B","Муха":"C","Козлянко":"D","Юрченков":"E"}
[2026-06-24T22:32:03+00:00] Tech users: {"57":"Тусюк","65":"Козлянко","67":"Муха","71":"Юрченков"}
[2026-06-24T22:32:03+00:00] Sync window: 2026-06-01 → 2026-08-31
[2026-06-24T22:32:03+00:00] Bookings from calendar: 4
[2026-06-24T22:32:04+00:00] Active deals: 159
[2026-06-24T22:32:04+00:00] Assignments: 8
[2026-06-24T22:32:05+00:00] Cells updated: 8 (clear=0, write=8)
[2026-06-24T22:32:05+00:00] State saved
[2026-06-24T22:32:05+00:00] === end (3.31s) ===
[2026-06-24T22:34:01+00:00] === start ===
[2026-06-24T22:34:01+00:00] Sheet rows: 4, month headers: 2
[2026-06-24T22:34:01+00:00] Columns: {"Тусюк":"B","Муха":"C","Козлянко":"D","Юрченков":"E"}
[2026-06-24T22:34:02+00:00] Tech users: {"57":"Тусюк","65":"Козлянко","67":"Муха","71":"Юрченков"}
[2026-06-24T22:34:02+00:00] Sync window: 2026-06-01 → 2026-08-31
[2026-06-24T22:34:02+00:00] Bookings from calendar: 4
[2026-06-24T22:34:03+00:00] Active deals: 159
[2026-06-24T22:34:03+00:00] Assignments: 8
[2026-06-24T22:34:04+00:00] Cells updated: 8 (clear=0, write=8)
[2026-06-24T22:34:04+00:00] State saved
[2026-06-24T22:34:04+00:00] === end (2.79s) ===
[2026-06-24T22:36:01+00:00] === start ===
[2026-06-24T22:36:01+00:00] Sheet rows: 4, month headers: 2
[2026-06-24T22:36:01+00:00] Columns: {"Тусюк":"B","Муха":"C","Козлянко":"D","Юрченков":"E"}
[2026-06-24T22:36:02+00:00] Tech users: {"57":"Тусюк","65":"Козлянко","67":"Муха","71":"Юрченков"}
[2026-06-24T22:36:02+00:00] Sync window: 2026-06-01 → 2026-08-31
[2026-06-24T22:36:02+00:00] Bookings from calendar: 4
[2026-06-24T22:36:03+00:00] Active deals: 159
[2026-06-24T22:36:03+00:00] Assignments: 8
[2026-06-24T22:36:04+00:00] Cells updated: 8 (clear=0, write=8)
[2026-06-24T22:36:04+00:00] State saved
[2026-06-24T22:36:04+00:00] === end (3.5s) ===
[2026-06-24T22:38:01+00:00] === start ===
[2026-06-24T22:38:02+00:00] Sheet rows: 4, month headers: 2
[2026-06-24T22:38:02+00:00] Columns: {"Тусюк":"B","Муха":"C","Козлянко":"D","Юрченков":"E"}
[2026-06-24T22:38:02+00:00] Tech users: {"57":"Тусюк","65":"Козлянко","67":"Муха","71":"Юрченков"}
[2026-06-24T22:38:02+00:00] Sync window: 2026-06-01 → 2026-08-31
[2026-06-24T22:38:03+00:00] Bookings from calendar: 4
[2026-06-24T22:38:04+00:00] Active deals: 159
[2026-06-24T22:38:04+00:00] Assignments: 8
[2026-06-24T22:38:05+00:00] Cells updated: 8 (clear=0, write=8)
[2026-06-24T22:38:05+00:00] State saved
[2026-06-24T22:38:05+00:00] === end (3.77s) ===
[2026-06-24T22:40:01+00:00] === start ===
[2026-06-24T22:40:01+00:00] Sheet rows: 4, month headers: 2
[2026-06-24T22:40:02+00:00] Columns: {"Тусюк":"B","Муха":"C","Козлянко":"D","Юрченков":"E"}
[2026-06-24T22:40:02+00:00] Tech users: {"57":"Тусюк","65":"Козлянко","67":"Муха","71":"Юрченков"}
[2026-06-24T22:40:02+00:00] Sync window: 2026-06-01 → 2026-08-31
[2026-06-24T22:40:03+00:00] Bookings from calendar: 4
[2026-06-24T22:40:03+00:00] Active deals: 159
[2026-06-24T22:40:03+00:00] Assignments: 8
[2026-06-24T22:40:05+00:00] Cells updated: 8 (clear=0, write=8)
[2026-06-24T22:40:05+00:00] State saved
[2026-06-24T22:40:05+00:00] === end (3.57s) ===
[2026-06-24T22:42:01+00:00] === start ===
[2026-06-24T22:42:01+00:00] Sheet rows: 4, month headers: 2
[2026-06-24T22:42:01+00:00] Columns: {"Тусюк":"B","Муха":"C","Козлянко":"D","Юрченков":"E"}
[2026-06-24T22:42:02+00:00] Tech users: {"57":"Тусюк","65":"Козлянко","67":"Муха","71":"Юрченков"}
[2026-06-24T22:42:02+00:00] Sync window: 2026-06-01 → 2026-08-31
[2026-06-24T22:42:02+00:00] Bookings from calendar: 4
[2026-06-24T22:42:03+00:00] Active deals: 159
[2026-06-24T22:42:03+00:00] Assignments: 8
[2026-06-24T22:42:04+00:00] Cells updated: 8 (clear=0, write=8)
[2026-06-24T22:42:04+00:00] State saved
[2026-06-24T22:42:04+00:00] === end (3.48s) ===
[2026-06-24T22:44:01+00:00] === start ===
[2026-06-24T22:44:02+00:00] Sheet rows: 4, month headers: 2
[2026-06-24T22:44:02+00:00] Columns: {"Тусюк":"B","Муха":"C","Козлянко":"D","Юрченков":"E"}
[2026-06-24T22:44:02+00:00] Tech users: {"57":"Тусюк","65":"Козлянко","67":"Муха","71":"Юрченков"}
[2026-06-24T22:44:02+00:00] Sync window: 2026-06-01 → 2026-08-31
[2026-06-24T22:44:03+00:00] Bookings from calendar: 4
[2026-06-24T22:44:04+00:00] Active deals: 159
[2026-06-24T22:44:04+00:00] Assignments: 8
[2026-06-24T22:44:04+00:00] Cells updated: 8 (clear=0, write=8)
[2026-06-24T22:44:04+00:00] State saved
[2026-06-24T22:44:04+00:00] === end (2.96s) ===
[2026-06-24T22:46:01+00:00] === start ===
[2026-06-24T22:46:02+00:00] Sheet rows: 4, month headers: 2
[2026-06-24T22:46:02+00:00] Columns: {"Тусюк":"B","Муха":"C","Козлянко":"D","Юрченков":"E"}
[2026-06-24T22:46:03+00:00] Tech users: {"57":"Тусюк","65":"Козлянко","67":"Муха","71":"Юрченков"}
[2026-06-24T22:46:03+00:00] Sync window: 2026-06-01 → 2026-08-31
[2026-06-24T22:46:03+00:00] Bookings from calendar: 4
[2026-06-24T22:46:04+00:00] Active deals: 159
[2026-06-24T22:46:04+00:00] Assignments: 8
[2026-06-24T22:46:05+00:00] Cells updated: 8 (clear=0, write=8)
[2026-06-24T22:46:05+00:00] State saved
[2026-06-24T22:46:05+00:00] === end (3.26s) ===
[2026-06-24T22:48:01+00:00] === start ===
[2026-06-24T22:48:01+00:00] Sheet rows: 4, month headers: 2
[2026-06-24T22:48:01+00:00] Columns: {"Тусюк":"B","Муха":"C","Козлянко":"D","Юрченков":"E"}
[2026-06-24T22:48:02+00:00] Tech users: {"57":"Тусюк","65":"Козлянко","67":"Муха","71":"Юрченков"}
[2026-06-24T22:48:02+00:00] Sync window: 2026-06-01 → 2026-08-31
[2026-06-24T22:48:02+00:00] Bookings from calendar: 4
[2026-06-24T22:48:03+00:00] Active deals: 159
[2026-06-24T22:48:03+00:00] Assignments: 8
[2026-06-24T22:48:04+00:00] Cells updated: 8 (clear=0, write=8)
[2026-06-24T22:48:04+00:00] State saved
[2026-06-24T22:48:04+00:00] === end (3.51s) ===
[2026-06-24T22:50:01+00:00] === start ===
[2026-06-24T22:50:01+00:00] Sheet rows: 4, month headers: 2
[2026-06-24T22:50:02+00:00] Columns: {"Тусюк":"B","Муха":"C","Козлянко":"D","Юрченков":"E"}
[2026-06-24T22:50:02+00:00] Tech users: {"57":"Тусюк","65":"Козлянко","67":"Муха","71":"Юрченков"}
[2026-06-24T22:50:02+00:00] Sync window: 2026-06-01 → 2026-08-31
[2026-06-24T22:50:03+00:00] Bookings from calendar: 4
[2026-06-24T22:50:03+00:00] Active deals: 159
[2026-06-24T22:50:03+00:00] Assignments: 8
[2026-06-24T22:50:04+00:00] Cells updated: 8 (clear=0, write=8)
[2026-06-24T22:50:04+00:00] State saved
[2026-06-24T22:50:04+00:00] === end (3.1s) ===
[2026-06-24T22:52:01+00:00] === start ===
[2026-06-24T22:52:02+00:00] Sheet rows: 4, month headers: 2
[2026-06-24T22:52:02+00:00] Columns: {"Тусюк":"B","Муха":"C","Козлянко":"D","Юрченков":"E"}
[2026-06-24T22:52:03+00:00] Tech users: {"57":"Тусюк","65":"Козлянко","67":"Муха","71":"Юрченков"}
[2026-06-24T22:52:03+00:00] Sync window: 2026-06-01 → 2026-08-31
[2026-06-24T22:52:03+00:00] Bookings from calendar: 4
[2026-06-24T22:52:04+00:00] Active deals: 159
[2026-06-24T22:52:04+00:00] Assignments: 8
[2026-06-24T22:52:05+00:00] Cells updated: 8 (clear=0, write=8)
[2026-06-24T22:52:05+00:00] State saved
[2026-06-24T22:52:05+00:00] === end (3.27s) ===
[2026-06-24T22:54:01+00:00] === start ===
[2026-06-24T22:54:02+00:00] Sheet rows: 4, month headers: 2
[2026-06-24T22:54:02+00:00] Columns: {"Тусюк":"B","Муха":"C","Козлянко":"D","Юрченков":"E"}
[2026-06-24T22:54:02+00:00] Tech users: {"57":"Тусюк","65":"Козлянко","67":"Муха","71":"Юрченков"}
[2026-06-24T22:54:02+00:00] Sync window: 2026-06-01 → 2026-08-31
[2026-06-24T22:54:03+00:00] Bookings from calendar: 4
[2026-06-24T22:54:03+00:00] Active deals: 159
[2026-06-24T22:54:03+00:00] Assignments: 8
[2026-06-24T22:54:04+00:00] Cells updated: 8 (clear=0, write=8)
[2026-06-24T22:54:04+00:00] State saved
[2026-06-24T22:54:04+00:00] === end (3.79s) ===
[2026-06-24T22:56:02+00:00] === start ===
[2026-06-24T22:56:02+00:00] Sheet rows: 4, month headers: 2
[2026-06-24T22:56:02+00:00] Columns: {"Тусюк":"B","Муха":"C","Козлянко":"D","Юрченков":"E"}
[2026-06-24T22:56:02+00:00] Tech users: {"57":"Тусюк","65":"Козлянко","67":"Муха","71":"Юрченков"}
[2026-06-24T22:56:02+00:00] Sync window: 2026-06-01 → 2026-08-31
[2026-06-24T22:56:03+00:00] Bookings from calendar: 4
[2026-06-24T22:56:03+00:00] Active deals: 159
[2026-06-24T22:56:03+00:00] Assignments: 8
[2026-06-24T22:56:04+00:00] Cells updated: 8 (clear=0, write=8)
[2026-06-24T22:56:04+00:00] State saved
[2026-06-24T22:56:04+00:00] === end (2.59s) ===
[2026-06-24T22:58:01+00:00] === start ===
[2026-06-24T22:58:01+00:00] Sheet rows: 4, month headers: 2
[2026-06-24T22:58:02+00:00] Columns: {"Тусюк":"B","Муха":"C","Козлянко":"D","Юрченков":"E"}
[2026-06-24T22:58:02+00:00] Tech users: {"57":"Тусюк","65":"Козлянко","67":"Муха","71":"Юрченков"}
[2026-06-24T22:58:02+00:00] Sync window: 2026-06-01 → 2026-08-31
[2026-06-24T22:58:03+00:00] Bookings from calendar: 4
[2026-06-24T22:58:03+00:00] Active deals: 159
[2026-06-24T22:58:03+00:00] Assignments: 8
[2026-06-24T22:58:04+00:00] Cells updated: 8 (clear=0, write=8)
[2026-06-24T22:58:04+00:00] State saved
[2026-06-24T22:58:04+00:00] === end (2.6s) ===
[2026-06-24T23:00:01+00:00] === start ===
[2026-06-24T23:00:01+00:00] Sheet rows: 4, month headers: 2
[2026-06-24T23:00:02+00:00] Columns: {"Тусюк":"B","Муха":"C","Козлянко":"D","Юрченков":"E"}
[2026-06-24T23:00:02+00:00] Tech users: {"57":"Тусюк","65":"Козлянко","67":"Муха","71":"Юрченков"}
[2026-06-24T23:00:02+00:00] Sync window: 2026-06-01 → 2026-08-31
[2026-06-24T23:00:02+00:00] Bookings from calendar: 4
[2026-06-24T23:00:03+00:00] Active deals: 159
[2026-06-24T23:00:03+00:00] Assignments: 8
[2026-06-24T23:00:04+00:00] Cells updated: 8 (clear=0, write=8)
[2026-06-24T23:00:04+00:00] State saved
[2026-06-24T23:00:04+00:00] === end (3.3s) ===
[2026-06-24T23:02:01+00:00] === start ===
[2026-06-24T23:02:02+00:00] Sheet rows: 4, month headers: 2
[2026-06-24T23:02:03+00:00] Columns: {"Тусюк":"B","Муха":"C","Козлянко":"D","Юрченков":"E"}
[2026-06-24T23:02:03+00:00] Tech users: {"57":"Тусюк","65":"Козлянко","67":"Муха","71":"Юрченков"}
[2026-06-24T23:02:03+00:00] Sync window: 2026-06-01 → 2026-08-31
[2026-06-24T23:02:04+00:00] Bookings from calendar: 4
[2026-06-24T23:02:04+00:00] Active deals: 159
[2026-06-24T23:02:04+00:00] Assignments: 8
[2026-06-24T23:02:06+00:00] Cells updated: 8 (clear=0, write=8)
[2026-06-24T23:02:06+00:00] State saved
[2026-06-24T23:02:06+00:00] === end (4.57s) ===
[2026-06-24T23:04:01+00:00] === start ===
[2026-06-24T23:04:01+00:00] Sheet rows: 4, month headers: 2
[2026-06-24T23:04:02+00:00] Columns: {"Тусюк":"B","Муха":"C","Козлянко":"D","Юрченков":"E"}
[2026-06-24T23:04:02+00:00] Tech users: {"57":"Тусюк","65":"Козлянко","67":"Муха","71":"Юрченков"}
[2026-06-24T23:04:02+00:00] Sync window: 2026-06-01 → 2026-08-31
[2026-06-24T23:04:02+00:00] Bookings from calendar: 4
[2026-06-24T23:04:03+00:00] Active deals: 159
[2026-06-24T23:04:03+00:00] Assignments: 8
[2026-06-24T23:04:04+00:00] Cells updated: 8 (clear=0, write=8)
[2026-06-24T23:04:04+00:00] State saved
[2026-06-24T23:04:04+00:00] === end (3.57s) ===
[2026-06-24T23:06:01+00:00] === start ===
[2026-06-24T23:06:02+00:00] Sheet rows: 4, month headers: 2
[2026-06-24T23:06:03+00:00] Columns: {"Тусюк":"B","Муха":"C","Козлянко":"D","Юрченков":"E"}
[2026-06-24T23:06:03+00:00] Tech users: {"57":"Тусюк","65":"Козлянко","67":"Муха","71":"Юрченков"}
[2026-06-24T23:06:03+00:00] Sync window: 2026-06-01 → 2026-08-31
[2026-06-24T23:06:03+00:00] Bookings from calendar: 4
[2026-06-24T23:06:04+00:00] Active deals: 159
[2026-06-24T23:06:04+00:00] Assignments: 8
[2026-06-24T23:06:05+00:00] Cells updated: 8 (clear=0, write=8)
[2026-06-24T23:06:05+00:00] State saved
[2026-06-24T23:06:05+00:00] === end (3.69s) ===
[2026-06-24T23:08:01+00:00] === start ===
[2026-06-24T23:08:02+00:00] Sheet rows: 4, month headers: 2
[2026-06-24T23:08:02+00:00] Columns: {"Тусюк":"B","Муха":"C","Козлянко":"D","Юрченков":"E"}
[2026-06-24T23:08:02+00:00] Tech users: {"57":"Тусюк","65":"Козлянко","67":"Муха","71":"Юрченков"}
[2026-06-24T23:08:02+00:00] Sync window: 2026-06-01 → 2026-08-31
[2026-06-24T23:08:03+00:00] Bookings from calendar: 4
[2026-06-24T23:08:03+00:00] Active deals: 159
[2026-06-24T23:08:03+00:00] Assignments: 8
[2026-06-24T23:08:04+00:00] Cells updated: 8 (clear=0, write=8)
[2026-06-24T23:08:04+00:00] State saved
[2026-06-24T23:08:04+00:00] === end (2.71s) ===
[2026-06-24T23:10:01+00:00] === start ===
[2026-06-24T23:10:01+00:00] Sheet rows: 4, month headers: 2
[2026-06-24T23:10:02+00:00] Columns: {"Тусюк":"B","Муха":"C","Козлянко":"D","Юрченков":"E"}
[2026-06-24T23:10:02+00:00] Tech users: {"57":"Тусюк","65":"Козлянко","67":"Муха","71":"Юрченков"}
[2026-06-24T23:10:02+00:00] Sync window: 2026-06-01 → 2026-08-31
[2026-06-24T23:10:02+00:00] Bookings from calendar: 4
[2026-06-24T23:10:03+00:00] Active deals: 159
[2026-06-24T23:10:03+00:00] Assignments: 8
[2026-06-24T23:10:04+00:00] Cells updated: 8 (clear=0, write=8)
[2026-06-24T23:10:04+00:00] State saved
[2026-06-24T23:10:04+00:00] === end (2.83s) ===
[2026-06-24T23:12:01+00:00] === start ===
[2026-06-24T23:12:01+00:00] Sheet rows: 4, month headers: 2
[2026-06-24T23:12:02+00:00] Columns: {"Тусюк":"B","Муха":"C","Козлянко":"D","Юрченков":"E"}
[2026-06-24T23:12:02+00:00] Tech users: {"57":"Тусюк","65":"Козлянко","67":"Муха","71":"Юрченков"}
[2026-06-24T23:12:02+00:00] Sync window: 2026-06-01 → 2026-08-31
[2026-06-24T23:12:03+00:00] Bookings from calendar: 4
[2026-06-24T23:12:03+00:00] Active deals: 159
[2026-06-24T23:12:03+00:00] Assignments: 8
[2026-06-24T23:12:04+00:00] Cells updated: 8 (clear=0, write=8)
[2026-06-24T23:12:04+00:00] State saved
[2026-06-24T23:12:04+00:00] === end (3.46s) ===
[2026-06-24T23:14:01+00:00] === start ===
[2026-06-24T23:14:02+00:00] Sheet rows: 4, month headers: 2
[2026-06-24T23:14:03+00:00] Columns: {"Тусюк":"B","Муха":"C","Козлянко":"D","Юрченков":"E"}
[2026-06-24T23:14:03+00:00] Tech users: {"57":"Тусюк","65":"Козлянко","67":"Муха","71":"Юрченков"}
[2026-06-24T23:14:03+00:00] Sync window: 2026-06-01 → 2026-08-31
[2026-06-24T23:14:04+00:00] Bookings from calendar: 4
[2026-06-24T23:14:05+00:00] Active deals: 159
[2026-06-24T23:14:05+00:00] Assignments: 8
[2026-06-24T23:14:06+00:00] Cells updated: 8 (clear=0, write=8)
[2026-06-24T23:14:06+00:00] State saved
[2026-06-24T23:14:06+00:00] === end (4.29s) ===
[2026-06-24T23:16:01+00:00] === start ===
[2026-06-24T23:16:01+00:00] Sheet rows: 4, month headers: 2
[2026-06-24T23:16:01+00:00] Columns: {"Тусюк":"B","Муха":"C","Козлянко":"D","Юрченков":"E"}
[2026-06-24T23:16:02+00:00] Tech users: {"57":"Тусюк","65":"Козлянко","67":"Муха","71":"Юрченков"}
[2026-06-24T23:16:02+00:00] Sync window: 2026-06-01 → 2026-08-31
[2026-06-24T23:16:02+00:00] Bookings from calendar: 4
[2026-06-24T23:16:03+00:00] Active deals: 159
[2026-06-24T23:16:03+00:00] Assignments: 8
[2026-06-24T23:16:04+00:00] Cells updated: 8 (clear=0, write=8)
[2026-06-24T23:16:04+00:00] State saved
[2026-06-24T23:16:04+00:00] === end (3.2s) ===
[2026-06-24T23:18:01+00:00] === start ===
[2026-06-24T23:18:02+00:00] Sheet rows: 4, month headers: 2
[2026-06-24T23:18:02+00:00] Columns: {"Тусюк":"B","Муха":"C","Козлянко":"D","Юрченков":"E"}
[2026-06-24T23:18:02+00:00] Tech users: {"57":"Тусюк","65":"Козлянко","67":"Муха","71":"Юрченков"}
[2026-06-24T23:18:02+00:00] Sync window: 2026-06-01 → 2026-08-31
[2026-06-24T23:18:02+00:00] Bookings from calendar: 4
[2026-06-24T23:18:03+00:00] Active deals: 159
[2026-06-24T23:18:03+00:00] Assignments: 8
[2026-06-24T23:18:05+00:00] Cells updated: 8 (clear=0, write=8)
[2026-06-24T23:18:05+00:00] State saved
[2026-06-24T23:18:05+00:00] === end (3.64s) ===
[2026-06-24T23:20:01+00:00] === start ===
[2026-06-24T23:20:01+00:00] Sheet rows: 4, month headers: 2
[2026-06-24T23:20:01+00:00] Columns: {"Тусюк":"B","Муха":"C","Козлянко":"D","Юрченков":"E"}
[2026-06-24T23:20:02+00:00] Tech users: {"57":"Тусюк","65":"Козлянко","67":"Муха","71":"Юрченков"}
[2026-06-24T23:20:02+00:00] Sync window: 2026-06-01 → 2026-08-31
[2026-06-24T23:20:02+00:00] Bookings from calendar: 4
[2026-06-24T23:20:03+00:00] Active deals: 159
[2026-06-24T23:20:03+00:00] Assignments: 8
[2026-06-24T23:20:04+00:00] Cells updated: 8 (clear=0, write=8)
[2026-06-24T23:20:04+00:00] State saved
[2026-06-24T23:20:04+00:00] === end (2.82s) ===
[2026-06-24T23:22:01+00:00] === start ===
[2026-06-24T23:22:01+00:00] Sheet rows: 4, month headers: 2
[2026-06-24T23:22:01+00:00] Columns: {"Тусюк":"B","Муха":"C","Козлянко":"D","Юрченков":"E"}
[2026-06-24T23:22:01+00:00] Tech users: {"57":"Тусюк","65":"Козлянко","67":"Муха","71":"Юрченков"}
[2026-06-24T23:22:01+00:00] Sync window: 2026-06-01 → 2026-08-31
[2026-06-24T23:22:02+00:00] Bookings from calendar: 4
[2026-06-24T23:22:03+00:00] Active deals: 159
[2026-06-24T23:22:03+00:00] Assignments: 8
[2026-06-24T23:22:04+00:00] Cells updated: 8 (clear=0, write=8)
[2026-06-24T23:22:04+00:00] State saved
[2026-06-24T23:22:04+00:00] === end (3s) ===
[2026-06-24T23:24:01+00:00] === start ===
[2026-06-24T23:24:01+00:00] Sheet rows: 4, month headers: 2
[2026-06-24T23:24:02+00:00] Columns: {"Тусюк":"B","Муха":"C","Козлянко":"D","Юрченков":"E"}
[2026-06-24T23:24:02+00:00] Tech users: {"57":"Тусюк","65":"Козлянко","67":"Муха","71":"Юрченков"}
[2026-06-24T23:24:02+00:00] Sync window: 2026-06-01 → 2026-08-31
[2026-06-24T23:24:03+00:00] Bookings from calendar: 4
[2026-06-24T23:24:03+00:00] Active deals: 159
[2026-06-24T23:24:03+00:00] Assignments: 8
[2026-06-24T23:24:04+00:00] Cells updated: 8 (clear=0, write=8)
[2026-06-24T23:24:04+00:00] State saved
[2026-06-24T23:24:04+00:00] === end (3.65s) ===
[2026-06-24T23:26:01+00:00] === start ===
[2026-06-24T23:26:02+00:00] Sheet rows: 4, month headers: 2
[2026-06-24T23:26:02+00:00] Columns: {"Тусюк":"B","Муха":"C","Козлянко":"D","Юрченков":"E"}
[2026-06-24T23:26:02+00:00] Tech users: {"57":"Тусюк","65":"Козлянко","67":"Муха","71":"Юрченков"}
[2026-06-24T23:26:02+00:00] Sync window: 2026-06-01 → 2026-08-31
[2026-06-24T23:26:03+00:00] Bookings from calendar: 4
[2026-06-24T23:26:04+00:00] Active deals: 159
[2026-06-24T23:26:04+00:00] Assignments: 8
[2026-06-24T23:26:05+00:00] Cells updated: 8 (clear=0, write=8)
[2026-06-24T23:26:05+00:00] State saved
[2026-06-24T23:26:05+00:00] === end (3.31s) ===
[2026-06-24T23:28:01+00:00] === start ===
[2026-06-24T23:28:01+00:00] Sheet rows: 4, month headers: 2
[2026-06-24T23:28:01+00:00] Columns: {"Тусюк":"B","Муха":"C","Козлянко":"D","Юрченков":"E"}
[2026-06-24T23:28:02+00:00] Tech users: {"57":"Тусюк","65":"Козлянко","67":"Муха","71":"Юрченков"}
[2026-06-24T23:28:02+00:00] Sync window: 2026-06-01 → 2026-08-31
[2026-06-24T23:28:02+00:00] Bookings from calendar: 4
[2026-06-24T23:28:03+00:00] Active deals: 159
[2026-06-24T23:28:03+00:00] Assignments: 8
[2026-06-24T23:28:04+00:00] Cells updated: 8 (clear=0, write=8)
[2026-06-24T23:28:04+00:00] State saved
[2026-06-24T23:28:04+00:00] === end (3.31s) ===
[2026-06-24T23:30:01+00:00] === start ===
[2026-06-24T23:30:02+00:00] Sheet rows: 4, month headers: 2
[2026-06-24T23:30:02+00:00] Columns: {"Тусюк":"B","Муха":"C","Козлянко":"D","Юрченков":"E"}
[2026-06-24T23:30:02+00:00] Tech users: {"57":"Тусюк","65":"Козлянко","67":"Муха","71":"Юрченков"}
[2026-06-24T23:30:02+00:00] Sync window: 2026-06-01 → 2026-08-31
[2026-06-24T23:30:03+00:00] Bookings from calendar: 4
[2026-06-24T23:30:04+00:00] Active deals: 159
[2026-06-24T23:30:04+00:00] Assignments: 8
[2026-06-24T23:30:04+00:00] Cells updated: 8 (clear=0, write=8)
[2026-06-24T23:30:04+00:00] State saved
[2026-06-24T23:30:04+00:00] === end (3.04s) ===
[2026-06-24T23:32:01+00:00] === start ===
[2026-06-24T23:32:02+00:00] Sheet rows: 4, month headers: 2
[2026-06-24T23:32:02+00:00] Columns: {"Тусюк":"B","Муха":"C","Козлянко":"D","Юрченков":"E"}
[2026-06-24T23:32:03+00:00] Tech users: {"57":"Тусюк","65":"Козлянко","67":"Муха","71":"Юрченков"}
[2026-06-24T23:32:03+00:00] Sync window: 2026-06-01 → 2026-08-31
[2026-06-24T23:32:03+00:00] Bookings from calendar: 4
[2026-06-24T23:32:04+00:00] Active deals: 159
[2026-06-24T23:32:04+00:00] Assignments: 8
[2026-06-24T23:32:05+00:00] Cells updated: 8 (clear=0, write=8)
[2026-06-24T23:32:05+00:00] State saved
[2026-06-24T23:32:05+00:00] === end (4.08s) ===
[2026-06-24T23:34:01+00:00] === start ===
[2026-06-24T23:34:02+00:00] Sheet rows: 4, month headers: 2
[2026-06-24T23:34:03+00:00] Columns: {"Тусюк":"B","Муха":"C","Козлянко":"D","Юрченков":"E"}
[2026-06-24T23:34:03+00:00] Tech users: {"57":"Тусюк","65":"Козлянко","67":"Муха","71":"Юрченков"}
[2026-06-24T23:34:03+00:00] Sync window: 2026-06-01 → 2026-08-31
[2026-06-24T23:34:03+00:00] Bookings from calendar: 4
[2026-06-24T23:34:04+00:00] Active deals: 159
[2026-06-24T23:34:04+00:00] Assignments: 8
[2026-06-24T23:34:05+00:00] Cells updated: 8 (clear=0, write=8)
[2026-06-24T23:34:05+00:00] State saved
[2026-06-24T23:34:05+00:00] === end (3.54s) ===
[2026-06-24T23:36:01+00:00] === start ===
[2026-06-24T23:36:02+00:00] Sheet rows: 4, month headers: 2
[2026-06-24T23:36:02+00:00] Columns: {"Тусюк":"B","Муха":"C","Козлянко":"D","Юрченков":"E"}
[2026-06-24T23:36:02+00:00] Tech users: {"57":"Тусюк","65":"Козлянко","67":"Муха","71":"Юрченков"}
[2026-06-24T23:36:02+00:00] Sync window: 2026-06-01 → 2026-08-31
[2026-06-24T23:36:03+00:00] Bookings from calendar: 4
[2026-06-24T23:36:03+00:00] Active deals: 159
[2026-06-24T23:36:03+00:00] Assignments: 8
[2026-06-24T23:36:04+00:00] Cells updated: 8 (clear=0, write=8)
[2026-06-24T23:36:04+00:00] State saved
[2026-06-24T23:36:04+00:00] === end (3.04s) ===
[2026-06-24T23:38:01+00:00] === start ===
[2026-06-24T23:38:02+00:00] Sheet rows: 4, month headers: 2
[2026-06-24T23:38:02+00:00] Columns: {"Тусюк":"B","Муха":"C","Козлянко":"D","Юрченков":"E"}
[2026-06-24T23:38:02+00:00] Tech users: {"57":"Тусюк","65":"Козлянко","67":"Муха","71":"Юрченков"}
[2026-06-24T23:38:02+00:00] Sync window: 2026-06-01 → 2026-08-31
[2026-06-24T23:38:03+00:00] Bookings from calendar: 4
[2026-06-24T23:38:04+00:00] Active deals: 159
[2026-06-24T23:38:04+00:00] Assignments: 8
[2026-06-24T23:38:04+00:00] Cells updated: 8 (clear=0, write=8)
[2026-06-24T23:38:04+00:00] State saved
[2026-06-24T23:38:04+00:00] === end (3.21s) ===
[2026-06-24T23:40:01+00:00] === start ===
[2026-06-24T23:40:02+00:00] Sheet rows: 4, month headers: 2
[2026-06-24T23:40:02+00:00] Columns: {"Тусюк":"B","Муха":"C","Козлянко":"D","Юрченков":"E"}
[2026-06-24T23:40:02+00:00] Tech users: {"57":"Тусюк","65":"Козлянко","67":"Муха","71":"Юрченков"}
[2026-06-24T23:40:02+00:00] Sync window: 2026-06-01 → 2026-08-31
[2026-06-24T23:40:03+00:00] Bookings from calendar: 4
[2026-06-24T23:40:04+00:00] Active deals: 159
[2026-06-24T23:40:04+00:00] Assignments: 8
[2026-06-24T23:40:04+00:00] Cells updated: 8 (clear=0, write=8)
[2026-06-24T23:40:04+00:00] State saved
[2026-06-24T23:40:04+00:00] === end (2.96s) ===
[2026-06-24T23:42:01+00:00] === start ===
[2026-06-24T23:42:02+00:00] Sheet rows: 4, month headers: 2
[2026-06-24T23:42:02+00:00] Columns: {"Тусюк":"B","Муха":"C","Козлянко":"D","Юрченков":"E"}
[2026-06-24T23:42:02+00:00] Tech users: {"57":"Тусюк","65":"Козлянко","67":"Муха","71":"Юрченков"}
[2026-06-24T23:42:02+00:00] Sync window: 2026-06-01 → 2026-08-31
[2026-06-24T23:42:03+00:00] Bookings from calendar: 4
[2026-06-24T23:42:04+00:00] Active deals: 159
[2026-06-24T23:42:04+00:00] Assignments: 8
[2026-06-24T23:42:04+00:00] Cells updated: 8 (clear=0, write=8)
[2026-06-24T23:42:04+00:00] State saved
[2026-06-24T23:42:04+00:00] === end (2.91s) ===
[2026-06-24T23:44:01+00:00] === start ===
[2026-06-24T23:44:02+00:00] Sheet rows: 4, month headers: 2
[2026-06-24T23:44:02+00:00] Columns: {"Тусюк":"B","Муха":"C","Козлянко":"D","Юрченков":"E"}
[2026-06-24T23:44:02+00:00] Tech users: {"57":"Тусюк","65":"Козлянко","67":"Муха","71":"Юрченков"}
[2026-06-24T23:44:02+00:00] Sync window: 2026-06-01 → 2026-08-31
[2026-06-24T23:44:03+00:00] Bookings from calendar: 4
[2026-06-24T23:44:03+00:00] Active deals: 159
[2026-06-24T23:44:03+00:00] Assignments: 8
[2026-06-24T23:44:04+00:00] Cells updated: 8 (clear=0, write=8)
[2026-06-24T23:44:04+00:00] State saved
[2026-06-24T23:44:04+00:00] === end (2.6s) ===
[2026-06-24T23:46:01+00:00] === start ===
[2026-06-24T23:46:02+00:00] Sheet rows: 4, month headers: 2
[2026-06-24T23:46:02+00:00] Columns: {"Тусюк":"B","Муха":"C","Козлянко":"D","Юрченков":"E"}
[2026-06-24T23:46:02+00:00] Tech users: {"57":"Тусюк","65":"Козлянко","67":"Муха","71":"Юрченков"}
[2026-06-24T23:46:02+00:00] Sync window: 2026-06-01 → 2026-08-31
[2026-06-24T23:46:03+00:00] Bookings from calendar: 4
[2026-06-24T23:46:04+00:00] Active deals: 159
[2026-06-24T23:46:04+00:00] Assignments: 8
[2026-06-24T23:46:04+00:00] Cells updated: 8 (clear=0, write=8)
[2026-06-24T23:46:04+00:00] State saved
[2026-06-24T23:46:04+00:00] === end (3.37s) ===
[2026-06-24T23:48:02+00:00] === start ===
[2026-06-24T23:48:02+00:00] Sheet rows: 4, month headers: 2
[2026-06-24T23:48:02+00:00] Columns: {"Тусюк":"B","Муха":"C","Козлянко":"D","Юрченков":"E"}
[2026-06-24T23:48:02+00:00] Tech users: {"57":"Тусюк","65":"Козлянко","67":"Муха","71":"Юрченков"}
[2026-06-24T23:48:02+00:00] Sync window: 2026-06-01 → 2026-08-31
[2026-06-24T23:48:03+00:00] Bookings from calendar: 4
[2026-06-24T23:48:04+00:00] Active deals: 159
[2026-06-24T23:48:04+00:00] Assignments: 8
[2026-06-24T23:48:04+00:00] Cells updated: 8 (clear=0, write=8)
[2026-06-24T23:48:04+00:00] State saved
[2026-06-24T23:48:04+00:00] === end (2.78s) ===
[2026-06-24T23:50:01+00:00] === start ===
[2026-06-24T23:50:02+00:00] Sheet rows: 4, month headers: 2
[2026-06-24T23:50:02+00:00] Columns: {"Тусюк":"B","Муха":"C","Козлянко":"D","Юрченков":"E"}
[2026-06-24T23:50:03+00:00] Tech users: {"57":"Тусюк","65":"Козлянко","67":"Муха","71":"Юрченков"}
[2026-06-24T23:50:03+00:00] Sync window: 2026-06-01 → 2026-08-31
[2026-06-24T23:50:03+00:00] Bookings from calendar: 4
[2026-06-24T23:50:04+00:00] Active deals: 159
[2026-06-24T23:50:04+00:00] Assignments: 8
[2026-06-24T23:50:05+00:00] Cells updated: 8 (clear=0, write=8)
[2026-06-24T23:50:05+00:00] State saved
[2026-06-24T23:50:05+00:00] === end (3.83s) ===
[2026-06-24T23:52:01+00:00] === start ===
[2026-06-24T23:52:02+00:00] Sheet rows: 4, month headers: 2
[2026-06-24T23:52:02+00:00] Columns: {"Тусюк":"B","Муха":"C","Козлянко":"D","Юрченков":"E"}
[2026-06-24T23:52:02+00:00] Tech users: {"57":"Тусюк","65":"Козлянко","67":"Муха","71":"Юрченков"}
[2026-06-24T23:52:02+00:00] Sync window: 2026-06-01 → 2026-08-31
[2026-06-24T23:52:03+00:00] Bookings from calendar: 4
[2026-06-24T23:52:03+00:00] Active deals: 159
[2026-06-24T23:52:03+00:00] Assignments: 8
[2026-06-24T23:52:04+00:00] Cells updated: 8 (clear=0, write=8)
[2026-06-24T23:52:04+00:00] State saved
[2026-06-24T23:52:04+00:00] === end (2.5s) ===
[2026-06-24T23:54:01+00:00] === start ===
[2026-06-24T23:54:01+00:00] Sheet rows: 4, month headers: 2
[2026-06-24T23:54:02+00:00] Columns: {"Тусюк":"B","Муха":"C","Козлянко":"D","Юрченков":"E"}
[2026-06-24T23:54:02+00:00] Tech users: {"57":"Тусюк","65":"Козлянко","67":"Муха","71":"Юрченков"}
[2026-06-24T23:54:02+00:00] Sync window: 2026-06-01 → 2026-08-31
[2026-06-24T23:54:02+00:00] Bookings from calendar: 4
[2026-06-24T23:54:03+00:00] Active deals: 159
[2026-06-24T23:54:03+00:00] Assignments: 8
[2026-06-24T23:54:04+00:00] Cells updated: 8 (clear=0, write=8)
[2026-06-24T23:54:04+00:00] State saved
[2026-06-24T23:54:04+00:00] === end (3.2s) ===
[2026-06-24T23:56:01+00:00] === start ===
[2026-06-24T23:56:02+00:00] Sheet rows: 4, month headers: 2
[2026-06-24T23:56:02+00:00] Columns: {"Тусюк":"B","Муха":"C","Козлянко":"D","Юрченков":"E"}
[2026-06-24T23:56:02+00:00] Tech users: {"57":"Тусюк","65":"Козлянко","67":"Муха","71":"Юрченков"}
[2026-06-24T23:56:02+00:00] Sync window: 2026-06-01 → 2026-08-31
[2026-06-24T23:56:03+00:00] Bookings from calendar: 4
[2026-06-24T23:56:04+00:00] Active deals: 159
[2026-06-24T23:56:04+00:00] Assignments: 8
[2026-06-24T23:56:04+00:00] Cells updated: 8 (clear=0, write=8)
[2026-06-24T23:56:04+00:00] State saved
[2026-06-24T23:56:04+00:00] === end (3.18s) ===
[2026-06-24T23:58:01+00:00] === start ===
[2026-06-24T23:58:02+00:00] Sheet rows: 4, month headers: 2
[2026-06-24T23:58:02+00:00] Columns: {"Тусюк":"B","Муха":"C","Козлянко":"D","Юрченков":"E"}
[2026-06-24T23:58:02+00:00] Tech users: {"57":"Тусюк","65":"Козлянко","67":"Муха","71":"Юрченков"}
[2026-06-24T23:58:02+00:00] Sync window: 2026-06-01 → 2026-08-31
[2026-06-24T23:58:03+00:00] Bookings from calendar: 4
[2026-06-24T23:58:03+00:00] Active deals: 159
[2026-06-24T23:58:03+00:00] Assignments: 8
[2026-06-24T23:58:04+00:00] Cells updated: 8 (clear=0, write=8)
[2026-06-24T23:58:04+00:00] State saved
[2026-06-24T23:58:04+00:00] === end (2.69s) ===
