[2026-07-18T00:00:01+00:00] === start ===
[2026-07-18T00:00:01+00:00] Sheet rows: 11, month headers: 2
[2026-07-18T00:00:01+00:00] Columns: {"Тусюк":"B","Муха":"C","Козлянко":"D","Юрченков":"E"}
[2026-07-18T00:00:01+00:00] Tech users: {"57":"Тусюк","65":"Козлянко","67":"Муха","71":"Юрченков"}
[2026-07-18T00:00:01+00:00] Sync window: 2026-07-01 → 2026-09-30
[2026-07-18T00:00:02+00:00] Bookings from calendar: 2
[2026-07-18T00:00:03+00:00] Active deals: 169
[2026-07-18T00:00:03+00:00] Assignments: 2
[2026-07-18T00:00:03+00:00] Link colors: green=62, to-check=0
[2026-07-18T00:00:03+00:00] Cells updated: 2 (clear=0, write=2)
[2026-07-18T00:00:03+00:00] State saved
[2026-07-18T00:00:03+00:00] === end (2.7s) ===
[2026-07-18T00:02:01+00:00] === start ===
[2026-07-18T00:02:02+00:00] Sheet rows: 11, month headers: 2
[2026-07-18T00:02:02+00:00] Columns: {"Тусюк":"B","Муха":"C","Козлянко":"D","Юрченков":"E"}
[2026-07-18T00:02:02+00:00] Tech users: {"57":"Тусюк","65":"Козлянко","67":"Муха","71":"Юрченков"}
[2026-07-18T00:02:02+00:00] Sync window: 2026-07-01 → 2026-09-30
[2026-07-18T00:02:03+00:00] Bookings from calendar: 2
[2026-07-18T00:02:04+00:00] Active deals: 169
[2026-07-18T00:02:04+00:00] Assignments: 2
[2026-07-18T00:02:04+00:00] Link colors: green=62, to-check=0
[2026-07-18T00:02:04+00:00] Cells updated: 2 (clear=0, write=2)
[2026-07-18T00:02:04+00:00] State saved
[2026-07-18T00:02:04+00:00] === end (2.99s) ===
[2026-07-18T00:04:01+00:00] === start ===
[2026-07-18T00:04:02+00:00] Sheet rows: 11, month headers: 2
[2026-07-18T00:04:02+00:00] Columns: {"Тусюк":"B","Муха":"C","Козлянко":"D","Юрченков":"E"}
[2026-07-18T00:04:02+00:00] Tech users: {"57":"Тусюк","65":"Козлянко","67":"Муха","71":"Юрченков"}
[2026-07-18T00:04:02+00:00] Sync window: 2026-07-01 → 2026-09-30
[2026-07-18T00:04:03+00:00] Bookings from calendar: 2
[2026-07-18T00:04:03+00:00] Active deals: 169
[2026-07-18T00:04:03+00:00] Assignments: 2
[2026-07-18T00:04:03+00:00] Link colors: green=62, to-check=0
[2026-07-18T00:04:04+00:00] Cells updated: 2 (clear=0, write=2)
[2026-07-18T00:04:04+00:00] State saved
[2026-07-18T00:04:04+00:00] === end (2.59s) ===
[2026-07-18T00:06:01+00:00] === start ===
[2026-07-18T00:06:02+00:00] Sheet rows: 11, month headers: 2
[2026-07-18T00:06:02+00:00] Columns: {"Тусюк":"B","Муха":"C","Козлянко":"D","Юрченков":"E"}
[2026-07-18T00:06:02+00:00] Tech users: {"57":"Тусюк","65":"Козлянко","67":"Муха","71":"Юрченков"}
[2026-07-18T00:06:02+00:00] Sync window: 2026-07-01 → 2026-09-30
[2026-07-18T00:06:03+00:00] Bookings from calendar: 2
[2026-07-18T00:06:03+00:00] Active deals: 169
[2026-07-18T00:06:03+00:00] Assignments: 2
[2026-07-18T00:06:03+00:00] Link colors: green=62, to-check=0
[2026-07-18T00:06:04+00:00] Cells updated: 2 (clear=0, write=2)
[2026-07-18T00:06:04+00:00] State saved
[2026-07-18T00:06:04+00:00] === end (2.83s) ===
[2026-07-18T00:08:01+00:00] === start ===
[2026-07-18T00:08:01+00:00] Sheet rows: 11, month headers: 2
[2026-07-18T00:08:02+00:00] Columns: {"Тусюк":"B","Муха":"C","Козлянко":"D","Юрченков":"E"}
[2026-07-18T00:08:02+00:00] Tech users: {"57":"Тусюк","65":"Козлянко","67":"Муха","71":"Юрченков"}
[2026-07-18T00:08:02+00:00] Sync window: 2026-07-01 → 2026-09-30
[2026-07-18T00:08:02+00:00] Bookings from calendar: 2
[2026-07-18T00:08:03+00:00] Active deals: 169
[2026-07-18T00:08:03+00:00] Assignments: 2
[2026-07-18T00:08:03+00:00] Link colors: green=62, to-check=0
[2026-07-18T00:08:04+00:00] Cells updated: 2 (clear=0, write=2)
[2026-07-18T00:08:04+00:00] State saved
[2026-07-18T00:08:04+00:00] === end (2.89s) ===
[2026-07-18T00:10:01+00:00] === start ===
[2026-07-18T00:10:01+00:00] Sheet rows: 11, month headers: 2
[2026-07-18T00:10:02+00:00] Columns: {"Тусюк":"B","Муха":"C","Козлянко":"D","Юрченков":"E"}
[2026-07-18T00:10:02+00:00] Tech users: {"57":"Тусюк","65":"Козлянко","67":"Муха","71":"Юрченков"}
[2026-07-18T00:10:02+00:00] Sync window: 2026-07-01 → 2026-09-30
[2026-07-18T00:10:03+00:00] Bookings from calendar: 2
[2026-07-18T00:10:04+00:00] Active deals: 169
[2026-07-18T00:10:04+00:00] Assignments: 2
[2026-07-18T00:10:04+00:00] Link colors: green=62, to-check=0
[2026-07-18T00:10:04+00:00] Cells updated: 2 (clear=0, write=2)
[2026-07-18T00:10:04+00:00] State saved
[2026-07-18T00:10:04+00:00] === end (3.3s) ===
[2026-07-18T00:12:01+00:00] === start ===
[2026-07-18T00:12:02+00:00] Sheet rows: 11, month headers: 2
[2026-07-18T00:12:02+00:00] Columns: {"Тусюк":"B","Муха":"C","Козлянко":"D","Юрченков":"E"}
[2026-07-18T00:12:02+00:00] Tech users: {"57":"Тусюк","65":"Козлянко","67":"Муха","71":"Юрченков"}
[2026-07-18T00:12:02+00:00] Sync window: 2026-07-01 → 2026-09-30
[2026-07-18T00:12:03+00:00] Bookings from calendar: 2
[2026-07-18T00:12:04+00:00] Active deals: 169
[2026-07-18T00:12:04+00:00] Assignments: 2
[2026-07-18T00:12:04+00:00] Link colors: green=62, to-check=0
[2026-07-18T00:12:04+00:00] Cells updated: 2 (clear=0, write=2)
[2026-07-18T00:12:04+00:00] State saved
[2026-07-18T00:12:04+00:00] === end (3.12s) ===
[2026-07-18T00:14:01+00:00] === start ===
[2026-07-18T00:14:02+00:00] Sheet rows: 11, month headers: 2
[2026-07-18T00:14:03+00:00] Columns: {"Тусюк":"B","Муха":"C","Козлянко":"D","Юрченков":"E"}
[2026-07-18T00:14:03+00:00] Tech users: {"57":"Тусюк","65":"Козлянко","67":"Муха","71":"Юрченков"}
[2026-07-18T00:14:03+00:00] Sync window: 2026-07-01 → 2026-09-30
[2026-07-18T00:14:04+00:00] Bookings from calendar: 2
[2026-07-18T00:14:04+00:00] Active deals: 169
[2026-07-18T00:14:04+00:00] Assignments: 2
[2026-07-18T00:14:04+00:00] Link colors: green=62, to-check=0
[2026-07-18T00:14:05+00:00] Cells updated: 2 (clear=0, write=2)
[2026-07-18T00:14:05+00:00] State saved
[2026-07-18T00:14:05+00:00] === end (3.59s) ===
[2026-07-18T00:16:01+00:00] === start ===
[2026-07-18T00:16:01+00:00] Sheet rows: 11, month headers: 2
[2026-07-18T00:16:02+00:00] Columns: {"Тусюк":"B","Муха":"C","Козлянко":"D","Юрченков":"E"}
[2026-07-18T00:16:02+00:00] Tech users: {"57":"Тусюк","65":"Козлянко","67":"Муха","71":"Юрченков"}
[2026-07-18T00:16:02+00:00] Sync window: 2026-07-01 → 2026-09-30
[2026-07-18T00:16:03+00:00] Bookings from calendar: 2
[2026-07-18T00:16:04+00:00] Active deals: 169
[2026-07-18T00:16:04+00:00] Assignments: 2
[2026-07-18T00:16:04+00:00] Link colors: green=62, to-check=0
[2026-07-18T00:16:04+00:00] Cells updated: 2 (clear=0, write=2)
[2026-07-18T00:16:04+00:00] State saved
[2026-07-18T00:16:04+00:00] === end (3.12s) ===
[2026-07-18T00:18:01+00:00] === start ===
[2026-07-18T00:18:02+00:00] Sheet rows: 11, month headers: 2
[2026-07-18T00:18:02+00:00] Columns: {"Тусюк":"B","Муха":"C","Козлянко":"D","Юрченков":"E"}
[2026-07-18T00:18:02+00:00] Tech users: {"57":"Тусюк","65":"Козлянко","67":"Муха","71":"Юрченков"}
[2026-07-18T00:18:02+00:00] Sync window: 2026-07-01 → 2026-09-30
[2026-07-18T00:18:03+00:00] Bookings from calendar: 2
[2026-07-18T00:18:04+00:00] Active deals: 169
[2026-07-18T00:18:04+00:00] Assignments: 2
[2026-07-18T00:18:04+00:00] Link colors: green=62, to-check=0
[2026-07-18T00:18:04+00:00] Cells updated: 2 (clear=0, write=2)
[2026-07-18T00:18:04+00:00] State saved
[2026-07-18T00:18:04+00:00] === end (2.96s) ===
[2026-07-18T00:20:01+00:00] === start ===
[2026-07-18T00:20:02+00:00] Sheet rows: 11, month headers: 2
[2026-07-18T00:20:02+00:00] Columns: {"Тусюк":"B","Муха":"C","Козлянко":"D","Юрченков":"E"}
[2026-07-18T00:20:02+00:00] Tech users: {"57":"Тусюк","65":"Козлянко","67":"Муха","71":"Юрченков"}
[2026-07-18T00:20:02+00:00] Sync window: 2026-07-01 → 2026-09-30
[2026-07-18T00:20:03+00:00] Bookings from calendar: 2
[2026-07-18T00:20:04+00:00] Active deals: 169
[2026-07-18T00:20:04+00:00] Assignments: 2
[2026-07-18T00:20:04+00:00] Link colors: green=62, to-check=0
[2026-07-18T00:20:05+00:00] Cells updated: 2 (clear=0, write=2)
[2026-07-18T00:20:05+00:00] State saved
[2026-07-18T00:20:05+00:00] === end (3.46s) ===
[2026-07-18T00:22:01+00:00] === start ===
[2026-07-18T00:22:01+00:00] Sheet rows: 11, month headers: 2
[2026-07-18T00:22:02+00:00] Columns: {"Тусюк":"B","Муха":"C","Козлянко":"D","Юрченков":"E"}
[2026-07-18T00:22:02+00:00] Tech users: {"57":"Тусюк","65":"Козлянко","67":"Муха","71":"Юрченков"}
[2026-07-18T00:22:02+00:00] Sync window: 2026-07-01 → 2026-09-30
[2026-07-18T00:22:03+00:00] Bookings from calendar: 2
[2026-07-18T00:22:03+00:00] Active deals: 169
[2026-07-18T00:22:03+00:00] Assignments: 2
[2026-07-18T00:22:03+00:00] Link colors: green=62, to-check=0
[2026-07-18T00:22:04+00:00] Cells updated: 2 (clear=0, write=2)
[2026-07-18T00:22:04+00:00] State saved
[2026-07-18T00:22:04+00:00] === end (3.08s) ===
[2026-07-18T00:24:01+00:00] === start ===
[2026-07-18T00:24:01+00:00] Sheet rows: 11, month headers: 2
[2026-07-18T00:24:02+00:00] Columns: {"Тусюк":"B","Муха":"C","Козлянко":"D","Юрченков":"E"}
[2026-07-18T00:24:02+00:00] Tech users: {"57":"Тусюк","65":"Козлянко","67":"Муха","71":"Юрченков"}
[2026-07-18T00:24:02+00:00] Sync window: 2026-07-01 → 2026-09-30
[2026-07-18T00:24:03+00:00] Bookings from calendar: 2
[2026-07-18T00:24:03+00:00] Active deals: 169
[2026-07-18T00:24:03+00:00] Assignments: 2
[2026-07-18T00:24:03+00:00] Link colors: green=62, to-check=0
[2026-07-18T00:24:04+00:00] Cells updated: 2 (clear=0, write=2)
[2026-07-18T00:24:04+00:00] State saved
[2026-07-18T00:24:04+00:00] === end (3.08s) ===
[2026-07-18T00:26:01+00:00] === start ===
[2026-07-18T00:26:02+00:00] Sheet rows: 11, month headers: 2
[2026-07-18T00:26:02+00:00] Columns: {"Тусюк":"B","Муха":"C","Козлянко":"D","Юрченков":"E"}
[2026-07-18T00:26:02+00:00] Tech users: {"57":"Тусюк","65":"Козлянко","67":"Муха","71":"Юрченков"}
[2026-07-18T00:26:02+00:00] Sync window: 2026-07-01 → 2026-09-30
[2026-07-18T00:26:03+00:00] Bookings from calendar: 2
[2026-07-18T00:26:03+00:00] Active deals: 169
[2026-07-18T00:26:03+00:00] Assignments: 2
[2026-07-18T00:26:03+00:00] Link colors: green=62, to-check=0
[2026-07-18T00:26:04+00:00] Cells updated: 2 (clear=0, write=2)
[2026-07-18T00:26:04+00:00] State saved
[2026-07-18T00:26:04+00:00] === end (2.59s) ===
[2026-07-18T00:28:01+00:00] === start ===
[2026-07-18T00:28:01+00:00] Sheet rows: 11, month headers: 2
[2026-07-18T00:28:02+00:00] Columns: {"Тусюк":"B","Муха":"C","Козлянко":"D","Юрченков":"E"}
[2026-07-18T00:28:02+00:00] Tech users: {"57":"Тусюк","65":"Козлянко","67":"Муха","71":"Юрченков"}
[2026-07-18T00:28:02+00:00] Sync window: 2026-07-01 → 2026-09-30
[2026-07-18T00:28:02+00:00] Bookings from calendar: 2
[2026-07-18T00:28:03+00:00] Active deals: 169
[2026-07-18T00:28:03+00:00] Assignments: 2
[2026-07-18T00:28:03+00:00] Link colors: green=62, to-check=0
[2026-07-18T00:28:04+00:00] Cells updated: 2 (clear=0, write=2)
[2026-07-18T00:28:04+00:00] State saved
[2026-07-18T00:28:04+00:00] === end (2.88s) ===
[2026-07-18T00:30:01+00:00] === start ===
[2026-07-18T00:30:01+00:00] Sheet rows: 11, month headers: 2
[2026-07-18T00:30:01+00:00] Columns: {"Тусюк":"B","Муха":"C","Козлянко":"D","Юрченков":"E"}
[2026-07-18T00:30:02+00:00] Tech users: {"57":"Тусюк","65":"Козлянко","67":"Муха","71":"Юрченков"}
[2026-07-18T00:30:02+00:00] Sync window: 2026-07-01 → 2026-09-30
[2026-07-18T00:30:02+00:00] Bookings from calendar: 2
[2026-07-18T00:30:03+00:00] Active deals: 169
[2026-07-18T00:30:03+00:00] Assignments: 2
[2026-07-18T00:30:03+00:00] Link colors: green=62, to-check=0
[2026-07-18T00:30:04+00:00] Cells updated: 2 (clear=0, write=2)
[2026-07-18T00:30:04+00:00] State saved
[2026-07-18T00:30:04+00:00] === end (2.97s) ===
[2026-07-18T00:32:01+00:00] === start ===
[2026-07-18T00:32:01+00:00] Sheet rows: 11, month headers: 2
[2026-07-18T00:32:01+00:00] Columns: {"Тусюк":"B","Муха":"C","Козлянко":"D","Юрченков":"E"}
[2026-07-18T00:32:02+00:00] Tech users: {"57":"Тусюк","65":"Козлянко","67":"Муха","71":"Юрченков"}
[2026-07-18T00:32:02+00:00] Sync window: 2026-07-01 → 2026-09-30
[2026-07-18T00:32:02+00:00] Bookings from calendar: 2
[2026-07-18T00:32:03+00:00] Active deals: 169
[2026-07-18T00:32:03+00:00] Assignments: 2
[2026-07-18T00:32:03+00:00] Link colors: green=62, to-check=0
[2026-07-18T00:32:03+00:00] Cells updated: 2 (clear=0, write=2)
[2026-07-18T00:32:03+00:00] State saved
[2026-07-18T00:32:03+00:00] === end (2.57s) ===
[2026-07-18T00:34:01+00:00] === start ===
[2026-07-18T00:34:02+00:00] Sheet rows: 11, month headers: 2
[2026-07-18T00:34:03+00:00] Columns: {"Тусюк":"B","Муха":"C","Козлянко":"D","Юрченков":"E"}
[2026-07-18T00:34:03+00:00] Tech users: {"57":"Тусюк","65":"Козлянко","67":"Муха","71":"Юрченков"}
[2026-07-18T00:34:03+00:00] Sync window: 2026-07-01 → 2026-09-30
[2026-07-18T00:34:03+00:00] Bookings from calendar: 2
[2026-07-18T00:34:04+00:00] Active deals: 169
[2026-07-18T00:34:04+00:00] Assignments: 2
[2026-07-18T00:34:04+00:00] Link colors: green=62, to-check=0
[2026-07-18T00:34:05+00:00] Cells updated: 2 (clear=0, write=2)
[2026-07-18T00:34:05+00:00] State saved
[2026-07-18T00:34:05+00:00] === end (3.14s) ===
[2026-07-18T00:36:01+00:00] === start ===
[2026-07-18T00:36:01+00:00] Sheet rows: 11, month headers: 2
[2026-07-18T00:36:01+00:00] Columns: {"Тусюк":"B","Муха":"C","Козлянко":"D","Юрченков":"E"}
[2026-07-18T00:36:02+00:00] Tech users: {"57":"Тусюк","65":"Козлянко","67":"Муха","71":"Юрченков"}
[2026-07-18T00:36:02+00:00] Sync window: 2026-07-01 → 2026-09-30
[2026-07-18T00:36:02+00:00] Bookings from calendar: 2
[2026-07-18T00:36:03+00:00] Active deals: 169
[2026-07-18T00:36:03+00:00] Assignments: 2
[2026-07-18T00:36:03+00:00] Link colors: green=62, to-check=0
[2026-07-18T00:36:04+00:00] Cells updated: 2 (clear=0, write=2)
[2026-07-18T00:36:04+00:00] State saved
[2026-07-18T00:36:04+00:00] === end (2.98s) ===
[2026-07-18T00:38:01+00:00] === start ===
[2026-07-18T00:38:01+00:00] Sheet rows: 11, month headers: 2
[2026-07-18T00:38:01+00:00] Columns: {"Тусюк":"B","Муха":"C","Козлянко":"D","Юрченков":"E"}
[2026-07-18T00:38:01+00:00] Tech users: {"57":"Тусюк","65":"Козлянко","67":"Муха","71":"Юрченков"}
[2026-07-18T00:38:01+00:00] Sync window: 2026-07-01 → 2026-09-30
[2026-07-18T00:38:02+00:00] Bookings from calendar: 2
[2026-07-18T00:38:03+00:00] Active deals: 169
[2026-07-18T00:38:03+00:00] Assignments: 2
[2026-07-18T00:38:03+00:00] Link colors: green=62, to-check=0
[2026-07-18T00:38:03+00:00] Cells updated: 2 (clear=0, write=2)
[2026-07-18T00:38:03+00:00] State saved
[2026-07-18T00:38:03+00:00] === end (2.54s) ===
[2026-07-18T00:40:01+00:00] === start ===
[2026-07-18T00:40:02+00:00] Sheet rows: 11, month headers: 2
[2026-07-18T00:40:02+00:00] Columns: {"Тусюк":"B","Муха":"C","Козлянко":"D","Юрченков":"E"}
[2026-07-18T00:40:02+00:00] Tech users: {"57":"Тусюк","65":"Козлянко","67":"Муха","71":"Юрченков"}
[2026-07-18T00:40:02+00:00] Sync window: 2026-07-01 → 2026-09-30
[2026-07-18T00:40:03+00:00] Bookings from calendar: 2
[2026-07-18T00:40:03+00:00] Active deals: 169
[2026-07-18T00:40:03+00:00] Assignments: 2
[2026-07-18T00:40:03+00:00] Link colors: green=62, to-check=0
[2026-07-18T00:40:04+00:00] Cells updated: 2 (clear=0, write=2)
[2026-07-18T00:40:04+00:00] State saved
[2026-07-18T00:40:04+00:00] === end (2.71s) ===
[2026-07-18T00:42:01+00:00] === start ===
[2026-07-18T00:42:02+00:00] Sheet rows: 11, month headers: 2
[2026-07-18T00:42:02+00:00] Columns: {"Тусюк":"B","Муха":"C","Козлянко":"D","Юрченков":"E"}
[2026-07-18T00:42:02+00:00] Tech users: {"57":"Тусюк","65":"Козлянко","67":"Муха","71":"Юрченков"}
[2026-07-18T00:42:02+00:00] Sync window: 2026-07-01 → 2026-09-30
[2026-07-18T00:42:03+00:00] Bookings from calendar: 2
[2026-07-18T00:42:04+00:00] Active deals: 169
[2026-07-18T00:42:04+00:00] Assignments: 2
[2026-07-18T00:42:04+00:00] Link colors: green=62, to-check=0
[2026-07-18T00:42:04+00:00] Cells updated: 2 (clear=0, write=2)
[2026-07-18T00:42:04+00:00] State saved
[2026-07-18T00:42:04+00:00] === end (3.16s) ===
[2026-07-18T00:44:01+00:00] === start ===
[2026-07-18T00:44:02+00:00] Sheet rows: 11, month headers: 2
[2026-07-18T00:44:02+00:00] Columns: {"Тусюк":"B","Муха":"C","Козлянко":"D","Юрченков":"E"}
[2026-07-18T00:44:02+00:00] Tech users: {"57":"Тусюк","65":"Козлянко","67":"Муха","71":"Юрченков"}
[2026-07-18T00:44:02+00:00] Sync window: 2026-07-01 → 2026-09-30
[2026-07-18T00:44:03+00:00] Bookings from calendar: 2
[2026-07-18T00:44:03+00:00] Active deals: 169
[2026-07-18T00:44:03+00:00] Assignments: 2
[2026-07-18T00:44:03+00:00] Link colors: green=62, to-check=0
[2026-07-18T00:44:04+00:00] Cells updated: 2 (clear=0, write=2)
[2026-07-18T00:44:04+00:00] State saved
[2026-07-18T00:44:04+00:00] === end (2.68s) ===
[2026-07-18T00:46:01+00:00] === start ===
[2026-07-18T00:46:02+00:00] Sheet rows: 11, month headers: 2
[2026-07-18T00:46:02+00:00] Columns: {"Тусюк":"B","Муха":"C","Козлянко":"D","Юрченков":"E"}
[2026-07-18T00:46:02+00:00] Tech users: {"57":"Тусюк","65":"Козлянко","67":"Муха","71":"Юрченков"}
[2026-07-18T00:46:02+00:00] Sync window: 2026-07-01 → 2026-09-30
[2026-07-18T00:46:04+00:00] Bookings from calendar: 2
[2026-07-18T00:46:04+00:00] Active deals: 169
[2026-07-18T00:46:04+00:00] Assignments: 2
[2026-07-18T00:46:04+00:00] Link colors: green=62, to-check=0
[2026-07-18T00:46:05+00:00] Cells updated: 2 (clear=0, write=2)
[2026-07-18T00:46:05+00:00] State saved
[2026-07-18T00:46:05+00:00] === end (3.67s) ===
[2026-07-18T00:48:01+00:00] === start ===
[2026-07-18T00:48:02+00:00] Sheet rows: 11, month headers: 2
[2026-07-18T00:48:02+00:00] Columns: {"Тусюк":"B","Муха":"C","Козлянко":"D","Юрченков":"E"}
[2026-07-18T00:48:02+00:00] Tech users: {"57":"Тусюк","65":"Козлянко","67":"Муха","71":"Юрченков"}
[2026-07-18T00:48:02+00:00] Sync window: 2026-07-01 → 2026-09-30
[2026-07-18T00:48:03+00:00] Bookings from calendar: 2
[2026-07-18T00:48:04+00:00] Active deals: 169
[2026-07-18T00:48:04+00:00] Assignments: 2
[2026-07-18T00:48:04+00:00] Link colors: green=62, to-check=0
[2026-07-18T00:48:05+00:00] Cells updated: 2 (clear=0, write=2)
[2026-07-18T00:48:05+00:00] State saved
[2026-07-18T00:48:05+00:00] === end (3.9s) ===
[2026-07-18T00:50:01+00:00] === start ===
[2026-07-18T00:50:01+00:00] Sheet rows: 11, month headers: 2
[2026-07-18T00:50:02+00:00] Columns: {"Тусюк":"B","Муха":"C","Козлянко":"D","Юрченков":"E"}
[2026-07-18T00:50:02+00:00] Tech users: {"57":"Тусюк","65":"Козлянко","67":"Муха","71":"Юрченков"}
[2026-07-18T00:50:02+00:00] Sync window: 2026-07-01 → 2026-09-30
[2026-07-18T00:50:03+00:00] Bookings from calendar: 2
[2026-07-18T00:50:03+00:00] Active deals: 169
[2026-07-18T00:50:03+00:00] Assignments: 2
[2026-07-18T00:50:03+00:00] Link colors: green=62, to-check=0
[2026-07-18T00:50:04+00:00] Cells updated: 2 (clear=0, write=2)
[2026-07-18T00:50:04+00:00] State saved
[2026-07-18T00:50:04+00:00] === end (2.7s) ===
[2026-07-18T00:52:01+00:00] === start ===
[2026-07-18T00:52:01+00:00] Sheet rows: 11, month headers: 2
[2026-07-18T00:52:02+00:00] Columns: {"Тусюк":"B","Муха":"C","Козлянко":"D","Юрченков":"E"}
[2026-07-18T00:52:02+00:00] Tech users: {"57":"Тусюк","65":"Козлянко","67":"Муха","71":"Юрченков"}
[2026-07-18T00:52:02+00:00] Sync window: 2026-07-01 → 2026-09-30
[2026-07-18T00:52:03+00:00] Bookings from calendar: 2
[2026-07-18T00:52:04+00:00] Active deals: 169
[2026-07-18T00:52:04+00:00] Assignments: 2
[2026-07-18T00:52:04+00:00] Link colors: green=62, to-check=0
[2026-07-18T00:52:05+00:00] Cells updated: 2 (clear=0, write=2)
[2026-07-18T00:52:05+00:00] State saved
[2026-07-18T00:52:05+00:00] === end (3.79s) ===
[2026-07-18T00:54:01+00:00] === start ===
[2026-07-18T00:54:01+00:00] Sheet rows: 11, month headers: 2
[2026-07-18T00:54:01+00:00] Columns: {"Тусюк":"B","Муха":"C","Козлянко":"D","Юрченков":"E"}
[2026-07-18T00:54:02+00:00] Tech users: {"57":"Тусюк","65":"Козлянко","67":"Муха","71":"Юрченков"}
[2026-07-18T00:54:02+00:00] Sync window: 2026-07-01 → 2026-09-30
[2026-07-18T00:54:02+00:00] Bookings from calendar: 2
[2026-07-18T00:54:03+00:00] Active deals: 169
[2026-07-18T00:54:03+00:00] Assignments: 2
[2026-07-18T00:54:03+00:00] Link colors: green=62, to-check=0
[2026-07-18T00:54:03+00:00] Cells updated: 2 (clear=0, write=2)
[2026-07-18T00:54:03+00:00] State saved
[2026-07-18T00:54:03+00:00] === end (2.73s) ===
[2026-07-18T00:56:02+00:00] === start ===
[2026-07-18T00:56:02+00:00] Sheet rows: 11, month headers: 2
[2026-07-18T00:56:02+00:00] Columns: {"Тусюк":"B","Муха":"C","Козлянко":"D","Юрченков":"E"}
[2026-07-18T00:56:03+00:00] Tech users: {"57":"Тусюк","65":"Козлянко","67":"Муха","71":"Юрченков"}
[2026-07-18T00:56:03+00:00] Sync window: 2026-07-01 → 2026-09-30
[2026-07-18T00:56:04+00:00] Bookings from calendar: 2
[2026-07-18T00:56:05+00:00] Active deals: 169
[2026-07-18T00:56:05+00:00] Assignments: 2
[2026-07-18T00:56:05+00:00] Link colors: green=62, to-check=0
[2026-07-18T00:56:06+00:00] Cells updated: 2 (clear=0, write=2)
[2026-07-18T00:56:06+00:00] State saved
[2026-07-18T00:56:06+00:00] === end (4.22s) ===
[2026-07-18T00:58:01+00:00] === start ===
[2026-07-18T00:58:01+00:00] Sheet rows: 11, month headers: 2
[2026-07-18T00:58:01+00:00] Columns: {"Тусюк":"B","Муха":"C","Козлянко":"D","Юрченков":"E"}
[2026-07-18T00:58:02+00:00] Tech users: {"57":"Тусюк","65":"Козлянко","67":"Муха","71":"Юрченков"}
[2026-07-18T00:58:02+00:00] Sync window: 2026-07-01 → 2026-09-30
[2026-07-18T00:58:03+00:00] Bookings from calendar: 2
[2026-07-18T00:58:04+00:00] Active deals: 169
[2026-07-18T00:58:04+00:00] Assignments: 2
[2026-07-18T00:58:04+00:00] Link colors: green=62, to-check=0
[2026-07-18T00:58:04+00:00] Cells updated: 2 (clear=0, write=2)
[2026-07-18T00:58:04+00:00] State saved
[2026-07-18T00:58:04+00:00] === end (3.59s) ===
[2026-07-18T01:00:01+00:00] === start ===
[2026-07-18T01:00:02+00:00] Sheet rows: 11, month headers: 2
[2026-07-18T01:00:02+00:00] Columns: {"Тусюк":"B","Муха":"C","Козлянко":"D","Юрченков":"E"}
[2026-07-18T01:00:02+00:00] Tech users: {"57":"Тусюк","65":"Козлянко","67":"Муха","71":"Юрченков"}
[2026-07-18T01:00:02+00:00] Sync window: 2026-07-01 → 2026-09-30
[2026-07-18T01:00:03+00:00] Bookings from calendar: 2
[2026-07-18T01:00:04+00:00] Active deals: 169
[2026-07-18T01:00:04+00:00] Assignments: 2
[2026-07-18T01:00:04+00:00] Link colors: green=62, to-check=0
[2026-07-18T01:00:04+00:00] Cells updated: 2 (clear=0, write=2)
[2026-07-18T01:00:04+00:00] State saved
[2026-07-18T01:00:04+00:00] === end (2.69s) ===
[2026-07-18T01:02:01+00:00] === start ===
[2026-07-18T01:02:02+00:00] Sheet rows: 11, month headers: 2
[2026-07-18T01:02:02+00:00] Columns: {"Тусюк":"B","Муха":"C","Козлянко":"D","Юрченков":"E"}
[2026-07-18T01:02:03+00:00] Tech users: {"57":"Тусюк","65":"Козлянко","67":"Муха","71":"Юрченков"}
[2026-07-18T01:02:03+00:00] Sync window: 2026-07-01 → 2026-09-30
[2026-07-18T01:02:03+00:00] Bookings from calendar: 2
[2026-07-18T01:02:04+00:00] Active deals: 169
[2026-07-18T01:02:04+00:00] Assignments: 2
[2026-07-18T01:02:04+00:00] Link colors: green=62, to-check=0
[2026-07-18T01:02:05+00:00] Cells updated: 2 (clear=0, write=2)
[2026-07-18T01:02:05+00:00] State saved
[2026-07-18T01:02:05+00:00] === end (3.37s) ===
[2026-07-18T01:04:01+00:00] === start ===
[2026-07-18T01:04:01+00:00] Sheet rows: 11, month headers: 2
[2026-07-18T01:04:01+00:00] Columns: {"Тусюк":"B","Муха":"C","Козлянко":"D","Юрченков":"E"}
[2026-07-18T01:04:02+00:00] Tech users: {"57":"Тусюк","65":"Козлянко","67":"Муха","71":"Юрченков"}
[2026-07-18T01:04:02+00:00] Sync window: 2026-07-01 → 2026-09-30
[2026-07-18T01:04:02+00:00] Bookings from calendar: 2
[2026-07-18T01:04:03+00:00] Active deals: 169
[2026-07-18T01:04:03+00:00] Assignments: 2
[2026-07-18T01:04:03+00:00] Link colors: green=62, to-check=0
[2026-07-18T01:04:03+00:00] Cells updated: 2 (clear=0, write=2)
[2026-07-18T01:04:04+00:00] State saved
[2026-07-18T01:04:04+00:00] === end (2.87s) ===
[2026-07-18T01:06:01+00:00] === start ===
[2026-07-18T01:06:01+00:00] Sheet rows: 11, month headers: 2
[2026-07-18T01:06:01+00:00] Columns: {"Тусюк":"B","Муха":"C","Козлянко":"D","Юрченков":"E"}
[2026-07-18T01:06:01+00:00] Tech users: {"57":"Тусюк","65":"Козлянко","67":"Муха","71":"Юрченков"}
[2026-07-18T01:06:01+00:00] Sync window: 2026-07-01 → 2026-09-30
[2026-07-18T01:06:02+00:00] Bookings from calendar: 2
[2026-07-18T01:06:03+00:00] Active deals: 169
[2026-07-18T01:06:03+00:00] Assignments: 2
[2026-07-18T01:06:03+00:00] Link colors: green=62, to-check=0
[2026-07-18T01:06:04+00:00] Cells updated: 2 (clear=0, write=2)
[2026-07-18T01:06:04+00:00] State saved
[2026-07-18T01:06:04+00:00] === end (2.96s) ===
[2026-07-18T01:08:01+00:00] === start ===
[2026-07-18T01:08:01+00:00] Sheet rows: 11, month headers: 2
[2026-07-18T01:08:02+00:00] Columns: {"Тусюк":"B","Муха":"C","Козлянко":"D","Юрченков":"E"}
[2026-07-18T01:08:02+00:00] Tech users: {"57":"Тусюк","65":"Козлянко","67":"Муха","71":"Юрченков"}
[2026-07-18T01:08:02+00:00] Sync window: 2026-07-01 → 2026-09-30
[2026-07-18T01:08:02+00:00] Bookings from calendar: 2
[2026-07-18T01:08:03+00:00] Active deals: 169
[2026-07-18T01:08:03+00:00] Assignments: 2
[2026-07-18T01:08:03+00:00] Link colors: green=62, to-check=0
[2026-07-18T01:08:04+00:00] Cells updated: 2 (clear=0, write=2)
[2026-07-18T01:08:04+00:00] State saved
[2026-07-18T01:08:04+00:00] === end (2.96s) ===
[2026-07-18T01:10:01+00:00] === start ===
[2026-07-18T01:10:01+00:00] Sheet rows: 11, month headers: 2
[2026-07-18T01:10:01+00:00] Columns: {"Тусюк":"B","Муха":"C","Козлянко":"D","Юрченков":"E"}
[2026-07-18T01:10:01+00:00] Tech users: {"57":"Тусюк","65":"Козлянко","67":"Муха","71":"Юрченков"}
[2026-07-18T01:10:01+00:00] Sync window: 2026-07-01 → 2026-09-30
[2026-07-18T01:10:02+00:00] Bookings from calendar: 2
[2026-07-18T01:10:03+00:00] Active deals: 169
[2026-07-18T01:10:03+00:00] Assignments: 2
[2026-07-18T01:10:03+00:00] Link colors: green=62, to-check=0
[2026-07-18T01:10:04+00:00] Cells updated: 2 (clear=0, write=2)
[2026-07-18T01:10:04+00:00] State saved
[2026-07-18T01:10:04+00:00] === end (3.34s) ===
[2026-07-18T01:12:01+00:00] === start ===
[2026-07-18T01:12:02+00:00] Sheet rows: 11, month headers: 2
[2026-07-18T01:12:02+00:00] Columns: {"Тусюк":"B","Муха":"C","Козлянко":"D","Юрченков":"E"}
[2026-07-18T01:12:02+00:00] Tech users: {"57":"Тусюк","65":"Козлянко","67":"Муха","71":"Юрченков"}
[2026-07-18T01:12:02+00:00] Sync window: 2026-07-01 → 2026-09-30
[2026-07-18T01:12:03+00:00] Bookings from calendar: 2
[2026-07-18T01:12:03+00:00] Active deals: 169
[2026-07-18T01:12:03+00:00] Assignments: 2
[2026-07-18T01:12:03+00:00] Link colors: green=62, to-check=0
[2026-07-18T01:12:04+00:00] Cells updated: 2 (clear=0, write=2)
[2026-07-18T01:12:04+00:00] State saved
[2026-07-18T01:12:04+00:00] === end (3.09s) ===
[2026-07-18T01:14:01+00:00] === start ===
[2026-07-18T01:14:01+00:00] Sheet rows: 11, month headers: 2
[2026-07-18T01:14:02+00:00] Columns: {"Тусюк":"B","Муха":"C","Козлянко":"D","Юрченков":"E"}
[2026-07-18T01:14:02+00:00] Tech users: {"57":"Тусюк","65":"Козлянко","67":"Муха","71":"Юрченков"}
[2026-07-18T01:14:02+00:00] Sync window: 2026-07-01 → 2026-09-30
[2026-07-18T01:14:03+00:00] Bookings from calendar: 2
[2026-07-18T01:14:03+00:00] Active deals: 169
[2026-07-18T01:14:03+00:00] Assignments: 2
[2026-07-18T01:14:03+00:00] Link colors: green=62, to-check=0
[2026-07-18T01:14:04+00:00] Cells updated: 2 (clear=0, write=2)
[2026-07-18T01:14:04+00:00] State saved
[2026-07-18T01:14:04+00:00] === end (2.75s) ===
[2026-07-18T01:16:01+00:00] === start ===
[2026-07-18T01:16:02+00:00] Sheet rows: 11, month headers: 2
[2026-07-18T01:16:02+00:00] Columns: {"Тусюк":"B","Муха":"C","Козлянко":"D","Юрченков":"E"}
[2026-07-18T01:16:02+00:00] Tech users: {"57":"Тусюк","65":"Козлянко","67":"Муха","71":"Юрченков"}
[2026-07-18T01:16:02+00:00] Sync window: 2026-07-01 → 2026-09-30
[2026-07-18T01:16:03+00:00] Bookings from calendar: 2
[2026-07-18T01:16:04+00:00] Active deals: 169
[2026-07-18T01:16:04+00:00] Assignments: 2
[2026-07-18T01:16:04+00:00] Link colors: green=62, to-check=0
[2026-07-18T01:16:04+00:00] Cells updated: 2 (clear=0, write=2)
[2026-07-18T01:16:04+00:00] State saved
[2026-07-18T01:16:04+00:00] === end (2.85s) ===
[2026-07-18T01:18:01+00:00] === start ===
[2026-07-18T01:18:02+00:00] Sheet rows: 11, month headers: 2
[2026-07-18T01:18:02+00:00] Columns: {"Тусюк":"B","Муха":"C","Козлянко":"D","Юрченков":"E"}
[2026-07-18T01:18:03+00:00] Tech users: {"57":"Тусюк","65":"Козлянко","67":"Муха","71":"Юрченков"}
[2026-07-18T01:18:03+00:00] Sync window: 2026-07-01 → 2026-09-30
[2026-07-18T01:18:03+00:00] Bookings from calendar: 2
[2026-07-18T01:18:04+00:00] Active deals: 169
[2026-07-18T01:18:04+00:00] Assignments: 2
[2026-07-18T01:18:04+00:00] Link colors: green=62, to-check=0
[2026-07-18T01:18:05+00:00] Cells updated: 2 (clear=0, write=2)
[2026-07-18T01:18:05+00:00] State saved
[2026-07-18T01:18:05+00:00] === end (3.26s) ===
[2026-07-18T01:20:01+00:00] === start ===
[2026-07-18T01:20:01+00:00] Sheet rows: 11, month headers: 2
[2026-07-18T01:20:01+00:00] Columns: {"Тусюк":"B","Муха":"C","Козлянко":"D","Юрченков":"E"}
[2026-07-18T01:20:02+00:00] Tech users: {"57":"Тусюк","65":"Козлянко","67":"Муха","71":"Юрченков"}
[2026-07-18T01:20:02+00:00] Sync window: 2026-07-01 → 2026-09-30
[2026-07-18T01:20:02+00:00] Bookings from calendar: 2
[2026-07-18T01:20:03+00:00] Active deals: 169
[2026-07-18T01:20:03+00:00] Assignments: 2
[2026-07-18T01:20:03+00:00] Link colors: green=62, to-check=0
[2026-07-18T01:20:04+00:00] Cells updated: 2 (clear=0, write=2)
[2026-07-18T01:20:04+00:00] State saved
[2026-07-18T01:20:04+00:00] === end (3.11s) ===
[2026-07-18T01:22:01+00:00] === start ===
[2026-07-18T01:22:01+00:00] Sheet rows: 11, month headers: 2
[2026-07-18T01:22:01+00:00] Columns: {"Тусюк":"B","Муха":"C","Козлянко":"D","Юрченков":"E"}
[2026-07-18T01:22:02+00:00] Tech users: {"57":"Тусюк","65":"Козлянко","67":"Муха","71":"Юрченков"}
[2026-07-18T01:22:02+00:00] Sync window: 2026-07-01 → 2026-09-30
[2026-07-18T01:22:02+00:00] Bookings from calendar: 2
[2026-07-18T01:22:03+00:00] Active deals: 169
[2026-07-18T01:22:03+00:00] Assignments: 2
[2026-07-18T01:22:03+00:00] Link colors: green=62, to-check=0
[2026-07-18T01:22:04+00:00] Cells updated: 2 (clear=0, write=2)
[2026-07-18T01:22:04+00:00] State saved
[2026-07-18T01:22:04+00:00] === end (2.85s) ===
[2026-07-18T01:24:01+00:00] === start ===
[2026-07-18T01:24:01+00:00] Sheet rows: 11, month headers: 2
[2026-07-18T01:24:02+00:00] Columns: {"Тусюк":"B","Муха":"C","Козлянко":"D","Юрченков":"E"}
[2026-07-18T01:24:02+00:00] Tech users: {"57":"Тусюк","65":"Козлянко","67":"Муха","71":"Юрченков"}
[2026-07-18T01:24:02+00:00] Sync window: 2026-07-01 → 2026-09-30
[2026-07-18T01:24:02+00:00] Bookings from calendar: 2
[2026-07-18T01:24:03+00:00] Active deals: 169
[2026-07-18T01:24:03+00:00] Assignments: 2
[2026-07-18T01:24:03+00:00] Link colors: green=62, to-check=0
[2026-07-18T01:24:04+00:00] Cells updated: 2 (clear=0, write=2)
[2026-07-18T01:24:04+00:00] State saved
[2026-07-18T01:24:04+00:00] === end (2.83s) ===
[2026-07-18T01:26:01+00:00] === start ===
[2026-07-18T01:26:01+00:00] Sheet rows: 11, month headers: 2
[2026-07-18T01:26:02+00:00] Columns: {"Тусюк":"B","Муха":"C","Козлянко":"D","Юрченков":"E"}
[2026-07-18T01:26:02+00:00] Tech users: {"57":"Тусюк","65":"Козлянко","67":"Муха","71":"Юрченков"}
[2026-07-18T01:26:02+00:00] Sync window: 2026-07-01 → 2026-09-30
[2026-07-18T01:26:03+00:00] Bookings from calendar: 2
[2026-07-18T01:26:03+00:00] Active deals: 169
[2026-07-18T01:26:03+00:00] Assignments: 2
[2026-07-18T01:26:03+00:00] Link colors: green=62, to-check=0
[2026-07-18T01:26:04+00:00] Cells updated: 2 (clear=0, write=2)
[2026-07-18T01:26:04+00:00] State saved
[2026-07-18T01:26:04+00:00] === end (3.74s) ===
[2026-07-18T01:28:01+00:00] === start ===
[2026-07-18T01:28:02+00:00] Sheet rows: 11, month headers: 2
[2026-07-18T01:28:02+00:00] Columns: {"Тусюк":"B","Муха":"C","Козлянко":"D","Юрченков":"E"}
[2026-07-18T01:28:03+00:00] Tech users: {"57":"Тусюк","65":"Козлянко","67":"Муха","71":"Юрченков"}
[2026-07-18T01:28:03+00:00] Sync window: 2026-07-01 → 2026-09-30
[2026-07-18T01:28:03+00:00] Bookings from calendar: 2
[2026-07-18T01:28:04+00:00] Active deals: 169
[2026-07-18T01:28:04+00:00] Assignments: 2
[2026-07-18T01:28:04+00:00] Link colors: green=62, to-check=0
[2026-07-18T01:28:05+00:00] Cells updated: 2 (clear=0, write=2)
[2026-07-18T01:28:05+00:00] State saved
[2026-07-18T01:28:05+00:00] === end (3.1s) ===
[2026-07-18T01:30:01+00:00] === start ===
[2026-07-18T01:30:01+00:00] Sheet rows: 11, month headers: 2
[2026-07-18T01:30:01+00:00] Columns: {"Тусюк":"B","Муха":"C","Козлянко":"D","Юрченков":"E"}
[2026-07-18T01:30:02+00:00] Tech users: {"57":"Тусюк","65":"Козлянко","67":"Муха","71":"Юрченков"}
[2026-07-18T01:30:02+00:00] Sync window: 2026-07-01 → 2026-09-30
[2026-07-18T01:30:02+00:00] Bookings from calendar: 2
[2026-07-18T01:30:03+00:00] Active deals: 169
[2026-07-18T01:30:03+00:00] Assignments: 2
[2026-07-18T01:30:03+00:00] Link colors: green=62, to-check=0
[2026-07-18T01:30:05+00:00] Cells updated: 2 (clear=0, write=2)
[2026-07-18T01:30:05+00:00] State saved
[2026-07-18T01:30:05+00:00] === end (4.29s) ===
[2026-07-18T01:32:01+00:00] === start ===
[2026-07-18T01:32:01+00:00] Sheet rows: 11, month headers: 2
[2026-07-18T01:32:02+00:00] Columns: {"Тусюк":"B","Муха":"C","Козлянко":"D","Юрченков":"E"}
[2026-07-18T01:32:02+00:00] Tech users: {"57":"Тусюк","65":"Козлянко","67":"Муха","71":"Юрченков"}
[2026-07-18T01:32:02+00:00] Sync window: 2026-07-01 → 2026-09-30
[2026-07-18T01:32:02+00:00] Bookings from calendar: 2
[2026-07-18T01:32:03+00:00] Active deals: 169
[2026-07-18T01:32:03+00:00] Assignments: 2
[2026-07-18T01:32:03+00:00] Link colors: green=62, to-check=0
[2026-07-18T01:32:04+00:00] Cells updated: 2 (clear=0, write=2)
[2026-07-18T01:32:04+00:00] State saved
[2026-07-18T01:32:04+00:00] === end (2.86s) ===
[2026-07-18T01:34:01+00:00] === start ===
[2026-07-18T01:34:01+00:00] Sheet rows: 11, month headers: 2
[2026-07-18T01:34:01+00:00] Columns: {"Тусюк":"B","Муха":"C","Козлянко":"D","Юрченков":"E"}
[2026-07-18T01:34:02+00:00] Tech users: {"57":"Тусюк","65":"Козлянко","67":"Муха","71":"Юрченков"}
[2026-07-18T01:34:02+00:00] Sync window: 2026-07-01 → 2026-09-30
[2026-07-18T01:34:02+00:00] Bookings from calendar: 2
[2026-07-18T01:34:03+00:00] Active deals: 169
[2026-07-18T01:34:03+00:00] Assignments: 2
[2026-07-18T01:34:03+00:00] Link colors: green=62, to-check=0
[2026-07-18T01:34:04+00:00] Cells updated: 2 (clear=0, write=2)
[2026-07-18T01:34:04+00:00] State saved
[2026-07-18T01:34:04+00:00] === end (2.67s) ===
[2026-07-18T01:36:01+00:00] === start ===
[2026-07-18T01:36:01+00:00] Sheet rows: 11, month headers: 2
[2026-07-18T01:36:01+00:00] Columns: {"Тусюк":"B","Муха":"C","Козлянко":"D","Юрченков":"E"}
[2026-07-18T01:36:01+00:00] Tech users: {"57":"Тусюк","65":"Козлянко","67":"Муха","71":"Юрченков"}
[2026-07-18T01:36:01+00:00] Sync window: 2026-07-01 → 2026-09-30
[2026-07-18T01:36:02+00:00] Bookings from calendar: 2
[2026-07-18T01:36:03+00:00] Active deals: 169
[2026-07-18T01:36:03+00:00] Assignments: 2
[2026-07-18T01:36:03+00:00] Link colors: green=62, to-check=0
[2026-07-18T01:36:04+00:00] Cells updated: 2 (clear=0, write=2)
[2026-07-18T01:36:04+00:00] State saved
[2026-07-18T01:36:04+00:00] === end (2.97s) ===
[2026-07-18T01:38:01+00:00] === start ===
[2026-07-18T01:38:01+00:00] Sheet rows: 11, month headers: 2
[2026-07-18T01:38:01+00:00] Columns: {"Тусюк":"B","Муха":"C","Козлянко":"D","Юрченков":"E"}
[2026-07-18T01:38:02+00:00] Tech users: {"57":"Тусюк","65":"Козлянко","67":"Муха","71":"Юрченков"}
[2026-07-18T01:38:02+00:00] Sync window: 2026-07-01 → 2026-09-30
[2026-07-18T01:38:02+00:00] Bookings from calendar: 2
[2026-07-18T01:38:03+00:00] Active deals: 169
[2026-07-18T01:38:03+00:00] Assignments: 2
[2026-07-18T01:38:03+00:00] Link colors: green=62, to-check=0
[2026-07-18T01:38:04+00:00] Cells updated: 2 (clear=0, write=2)
[2026-07-18T01:38:04+00:00] State saved
[2026-07-18T01:38:04+00:00] === end (2.99s) ===
[2026-07-18T01:40:01+00:00] === start ===
[2026-07-18T01:40:01+00:00] Sheet rows: 11, month headers: 2
[2026-07-18T01:40:02+00:00] Columns: {"Тусюк":"B","Муха":"C","Козлянко":"D","Юрченков":"E"}
[2026-07-18T01:40:02+00:00] Tech users: {"57":"Тусюк","65":"Козлянко","67":"Муха","71":"Юрченков"}
[2026-07-18T01:40:02+00:00] Sync window: 2026-07-01 → 2026-09-30
[2026-07-18T01:40:02+00:00] Bookings from calendar: 2
[2026-07-18T01:40:03+00:00] Active deals: 169
[2026-07-18T01:40:03+00:00] Assignments: 2
[2026-07-18T01:40:03+00:00] Link colors: green=62, to-check=0
[2026-07-18T01:40:04+00:00] Cells updated: 2 (clear=0, write=2)
[2026-07-18T01:40:04+00:00] State saved
[2026-07-18T01:40:04+00:00] === end (3s) ===
[2026-07-18T01:42:01+00:00] === start ===
[2026-07-18T01:42:01+00:00] Sheet rows: 11, month headers: 2
[2026-07-18T01:42:02+00:00] Columns: {"Тусюк":"B","Муха":"C","Козлянко":"D","Юрченков":"E"}
[2026-07-18T01:42:02+00:00] Tech users: {"57":"Тусюк","65":"Козлянко","67":"Муха","71":"Юрченков"}
[2026-07-18T01:42:02+00:00] Sync window: 2026-07-01 → 2026-09-30
[2026-07-18T01:42:02+00:00] Bookings from calendar: 2
[2026-07-18T01:42:03+00:00] Active deals: 169
[2026-07-18T01:42:03+00:00] Assignments: 2
[2026-07-18T01:42:03+00:00] Link colors: green=62, to-check=0
[2026-07-18T01:42:04+00:00] Cells updated: 2 (clear=0, write=2)
[2026-07-18T01:42:04+00:00] State saved
[2026-07-18T01:42:04+00:00] === end (3.48s) ===
[2026-07-18T01:44:01+00:00] === start ===
[2026-07-18T01:44:02+00:00] Sheet rows: 11, month headers: 2
[2026-07-18T01:44:02+00:00] Columns: {"Тусюк":"B","Муха":"C","Козлянко":"D","Юрченков":"E"}
[2026-07-18T01:44:03+00:00] Tech users: {"57":"Тусюк","65":"Козлянко","67":"Муха","71":"Юрченков"}
[2026-07-18T01:44:03+00:00] Sync window: 2026-07-01 → 2026-09-30
[2026-07-18T01:44:04+00:00] Bookings from calendar: 2
[2026-07-18T01:44:04+00:00] Active deals: 169
[2026-07-18T01:44:04+00:00] Assignments: 2
[2026-07-18T01:44:04+00:00] Link colors: green=62, to-check=0
[2026-07-18T01:44:05+00:00] Cells updated: 2 (clear=0, write=2)
[2026-07-18T01:44:05+00:00] State saved
[2026-07-18T01:44:05+00:00] === end (3.8s) ===
[2026-07-18T01:46:01+00:00] === start ===
[2026-07-18T01:46:02+00:00] Sheet rows: 11, month headers: 2
[2026-07-18T01:46:02+00:00] Columns: {"Тусюк":"B","Муха":"C","Козлянко":"D","Юрченков":"E"}
[2026-07-18T01:46:02+00:00] Tech users: {"57":"Тусюк","65":"Козлянко","67":"Муха","71":"Юрченков"}
[2026-07-18T01:46:02+00:00] Sync window: 2026-07-01 → 2026-09-30
[2026-07-18T01:46:03+00:00] Bookings from calendar: 2
[2026-07-18T01:46:04+00:00] Active deals: 169
[2026-07-18T01:46:04+00:00] Assignments: 2
[2026-07-18T01:46:04+00:00] Link colors: green=62, to-check=0
[2026-07-18T01:46:05+00:00] Cells updated: 2 (clear=0, write=2)
[2026-07-18T01:46:05+00:00] State saved
[2026-07-18T01:46:05+00:00] === end (3.21s) ===
[2026-07-18T01:48:01+00:00] === start ===
[2026-07-18T01:48:01+00:00] Sheet rows: 11, month headers: 2
[2026-07-18T01:48:01+00:00] Columns: {"Тусюк":"B","Муха":"C","Козлянко":"D","Юрченков":"E"}
[2026-07-18T01:48:02+00:00] Tech users: {"57":"Тусюк","65":"Козлянко","67":"Муха","71":"Юрченков"}
[2026-07-18T01:48:02+00:00] Sync window: 2026-07-01 → 2026-09-30
[2026-07-18T01:48:02+00:00] Bookings from calendar: 2
[2026-07-18T01:48:03+00:00] Active deals: 169
[2026-07-18T01:48:03+00:00] Assignments: 2
[2026-07-18T01:48:03+00:00] Link colors: green=62, to-check=0
[2026-07-18T01:48:04+00:00] Cells updated: 2 (clear=0, write=2)
[2026-07-18T01:48:04+00:00] State saved
[2026-07-18T01:48:04+00:00] === end (2.91s) ===
[2026-07-18T01:50:01+00:00] === start ===
[2026-07-18T01:50:01+00:00] Sheet rows: 11, month headers: 2
[2026-07-18T01:50:02+00:00] Columns: {"Тусюк":"B","Муха":"C","Козлянко":"D","Юрченков":"E"}
[2026-07-18T01:50:02+00:00] Tech users: {"57":"Тусюк","65":"Козлянко","67":"Муха","71":"Юрченков"}
[2026-07-18T01:50:02+00:00] Sync window: 2026-07-01 → 2026-09-30
[2026-07-18T01:50:03+00:00] Bookings from calendar: 2
[2026-07-18T01:50:03+00:00] Active deals: 169
[2026-07-18T01:50:03+00:00] Assignments: 2
[2026-07-18T01:50:03+00:00] Link colors: green=62, to-check=0
[2026-07-18T01:50:04+00:00] Cells updated: 2 (clear=0, write=2)
[2026-07-18T01:50:04+00:00] State saved
[2026-07-18T01:50:04+00:00] === end (3.64s) ===
[2026-07-18T01:52:01+00:00] === start ===
[2026-07-18T01:52:02+00:00] Sheet rows: 11, month headers: 2
[2026-07-18T01:52:02+00:00] Columns: {"Тусюк":"B","Муха":"C","Козлянко":"D","Юрченков":"E"}
[2026-07-18T01:52:03+00:00] Tech users: {"57":"Тусюк","65":"Козлянко","67":"Муха","71":"Юрченков"}
[2026-07-18T01:52:03+00:00] Sync window: 2026-07-01 → 2026-09-30
[2026-07-18T01:52:03+00:00] Bookings from calendar: 2
[2026-07-18T01:52:04+00:00] Active deals: 169
[2026-07-18T01:52:04+00:00] Assignments: 2
[2026-07-18T01:52:04+00:00] Link colors: green=62, to-check=0
[2026-07-18T01:52:05+00:00] Cells updated: 2 (clear=0, write=2)
[2026-07-18T01:52:05+00:00] State saved
[2026-07-18T01:52:05+00:00] === end (3.48s) ===
[2026-07-18T01:54:01+00:00] === start ===
[2026-07-18T01:54:01+00:00] Sheet rows: 11, month headers: 2
[2026-07-18T01:54:02+00:00] Columns: {"Тусюк":"B","Муха":"C","Козлянко":"D","Юрченков":"E"}
[2026-07-18T01:54:02+00:00] Tech users: {"57":"Тусюк","65":"Козлянко","67":"Муха","71":"Юрченков"}
[2026-07-18T01:54:02+00:00] Sync window: 2026-07-01 → 2026-09-30
[2026-07-18T01:54:03+00:00] Bookings from calendar: 2
[2026-07-18T01:54:03+00:00] Active deals: 169
[2026-07-18T01:54:03+00:00] Assignments: 2
[2026-07-18T01:54:03+00:00] Link colors: green=62, to-check=0
[2026-07-18T01:54:04+00:00] Cells updated: 2 (clear=0, write=2)
[2026-07-18T01:54:04+00:00] State saved
[2026-07-18T01:54:04+00:00] === end (3.47s) ===
[2026-07-18T01:56:01+00:00] === start ===
[2026-07-18T01:56:02+00:00] Sheet rows: 11, month headers: 2
[2026-07-18T01:56:02+00:00] Columns: {"Тусюк":"B","Муха":"C","Козлянко":"D","Юрченков":"E"}
[2026-07-18T01:56:02+00:00] Tech users: {"57":"Тусюк","65":"Козлянко","67":"Муха","71":"Юрченков"}
[2026-07-18T01:56:02+00:00] Sync window: 2026-07-01 → 2026-09-30
[2026-07-18T01:56:03+00:00] Bookings from calendar: 2
[2026-07-18T01:56:04+00:00] Active deals: 169
[2026-07-18T01:56:04+00:00] Assignments: 2
[2026-07-18T01:56:04+00:00] Link colors: green=62, to-check=0
[2026-07-18T01:56:04+00:00] Cells updated: 2 (clear=0, write=2)
[2026-07-18T01:56:04+00:00] State saved
[2026-07-18T01:56:04+00:00] === end (2.99s) ===
[2026-07-18T01:58:01+00:00] === start ===
[2026-07-18T01:58:02+00:00] Sheet rows: 11, month headers: 2
[2026-07-18T01:58:03+00:00] Columns: {"Тусюк":"B","Муха":"C","Козлянко":"D","Юрченков":"E"}
[2026-07-18T01:58:03+00:00] Tech users: {"57":"Тусюк","65":"Козлянко","67":"Муха","71":"Юрченков"}
[2026-07-18T01:58:03+00:00] Sync window: 2026-07-01 → 2026-09-30
[2026-07-18T01:58:03+00:00] Bookings from calendar: 2
[2026-07-18T01:58:04+00:00] Active deals: 169
[2026-07-18T01:58:04+00:00] Assignments: 2
[2026-07-18T01:58:04+00:00] Link colors: green=62, to-check=0
[2026-07-18T01:58:05+00:00] Cells updated: 2 (clear=0, write=2)
[2026-07-18T01:58:05+00:00] State saved
[2026-07-18T01:58:05+00:00] === end (3.28s) ===
[2026-07-18T02:00:01+00:00] === start ===
[2026-07-18T02:00:01+00:00] Sheet rows: 11, month headers: 2
[2026-07-18T02:00:02+00:00] Columns: {"Тусюк":"B","Муха":"C","Козлянко":"D","Юрченков":"E"}
[2026-07-18T02:00:02+00:00] Tech users: {"57":"Тусюк","65":"Козлянко","67":"Муха","71":"Юрченков"}
[2026-07-18T02:00:02+00:00] Sync window: 2026-07-01 → 2026-09-30
[2026-07-18T02:00:02+00:00] Bookings from calendar: 2
[2026-07-18T02:00:03+00:00] Active deals: 169
[2026-07-18T02:00:03+00:00] Assignments: 2
[2026-07-18T02:00:03+00:00] Link colors: green=62, to-check=0
[2026-07-18T02:00:04+00:00] Cells updated: 2 (clear=0, write=2)
[2026-07-18T02:00:04+00:00] State saved
[2026-07-18T02:00:04+00:00] === end (3.46s) ===
[2026-07-18T02:02:01+00:00] === start ===
[2026-07-18T02:02:02+00:00] Sheet rows: 11, month headers: 2
[2026-07-18T02:02:02+00:00] Columns: {"Тусюк":"B","Муха":"C","Козлянко":"D","Юрченков":"E"}
[2026-07-18T02:02:02+00:00] Tech users: {"57":"Тусюк","65":"Козлянко","67":"Муха","71":"Юрченков"}
[2026-07-18T02:02:02+00:00] Sync window: 2026-07-01 → 2026-09-30
[2026-07-18T02:02:03+00:00] Bookings from calendar: 2
[2026-07-18T02:02:03+00:00] Active deals: 169
[2026-07-18T02:02:03+00:00] Assignments: 2
[2026-07-18T02:02:03+00:00] Link colors: green=62, to-check=0
[2026-07-18T02:02:04+00:00] Cells updated: 2 (clear=0, write=2)
[2026-07-18T02:02:04+00:00] State saved
[2026-07-18T02:02:04+00:00] === end (2.8s) ===
[2026-07-18T02:04:01+00:00] === start ===
[2026-07-18T02:04:02+00:00] Sheet rows: 11, month headers: 2
[2026-07-18T02:04:02+00:00] Columns: {"Тусюк":"B","Муха":"C","Козлянко":"D","Юрченков":"E"}
[2026-07-18T02:04:02+00:00] Tech users: {"57":"Тусюк","65":"Козлянко","67":"Муха","71":"Юрченков"}
[2026-07-18T02:04:02+00:00] Sync window: 2026-07-01 → 2026-09-30
[2026-07-18T02:04:03+00:00] Bookings from calendar: 2
[2026-07-18T02:04:03+00:00] Active deals: 169
[2026-07-18T02:04:03+00:00] Assignments: 2
[2026-07-18T02:04:03+00:00] Link colors: green=62, to-check=0
[2026-07-18T02:04:04+00:00] Cells updated: 2 (clear=0, write=2)
[2026-07-18T02:04:04+00:00] State saved
[2026-07-18T02:04:04+00:00] === end (2.93s) ===
[2026-07-18T02:06:01+00:00] === start ===
[2026-07-18T02:06:02+00:00] Sheet rows: 11, month headers: 2
[2026-07-18T02:06:02+00:00] Columns: {"Тусюк":"B","Муха":"C","Козлянко":"D","Юрченков":"E"}
[2026-07-18T02:06:02+00:00] Tech users: {"57":"Тусюк","65":"Козлянко","67":"Муха","71":"Юрченков"}
[2026-07-18T02:06:02+00:00] Sync window: 2026-07-01 → 2026-09-30
[2026-07-18T02:06:03+00:00] Bookings from calendar: 2
[2026-07-18T02:06:03+00:00] Active deals: 169
[2026-07-18T02:06:03+00:00] Assignments: 2
[2026-07-18T02:06:03+00:00] Link colors: green=62, to-check=0
[2026-07-18T02:06:04+00:00] Cells updated: 2 (clear=0, write=2)
[2026-07-18T02:06:04+00:00] State saved
[2026-07-18T02:06:04+00:00] === end (2.91s) ===
[2026-07-18T02:08:01+00:00] === start ===
[2026-07-18T02:08:01+00:00] Sheet rows: 11, month headers: 2
[2026-07-18T02:08:02+00:00] Columns: {"Тусюк":"B","Муха":"C","Козлянко":"D","Юрченков":"E"}
[2026-07-18T02:08:02+00:00] Tech users: {"57":"Тусюк","65":"Козлянко","67":"Муха","71":"Юрченков"}
[2026-07-18T02:08:02+00:00] Sync window: 2026-07-01 → 2026-09-30
[2026-07-18T02:08:03+00:00] Bookings from calendar: 2
[2026-07-18T02:08:03+00:00] Active deals: 169
[2026-07-18T02:08:03+00:00] Assignments: 2
[2026-07-18T02:08:03+00:00] Link colors: green=62, to-check=0
[2026-07-18T02:08:04+00:00] Cells updated: 2 (clear=0, write=2)
[2026-07-18T02:08:04+00:00] State saved
[2026-07-18T02:08:04+00:00] === end (2.72s) ===
[2026-07-18T02:10:01+00:00] === start ===
[2026-07-18T02:10:01+00:00] Sheet rows: 11, month headers: 2
[2026-07-18T02:10:02+00:00] Columns: {"Тусюк":"B","Муха":"C","Козлянко":"D","Юрченков":"E"}
[2026-07-18T02:10:02+00:00] Tech users: {"57":"Тусюк","65":"Козлянко","67":"Муха","71":"Юрченков"}
[2026-07-18T02:10:02+00:00] Sync window: 2026-07-01 → 2026-09-30
[2026-07-18T02:10:02+00:00] Bookings from calendar: 2
[2026-07-18T02:10:03+00:00] Active deals: 169
[2026-07-18T02:10:03+00:00] Assignments: 2
[2026-07-18T02:10:03+00:00] Link colors: green=62, to-check=0
[2026-07-18T02:10:04+00:00] Cells updated: 2 (clear=0, write=2)
[2026-07-18T02:10:04+00:00] State saved
[2026-07-18T02:10:04+00:00] === end (2.82s) ===
[2026-07-18T02:12:01+00:00] === start ===
[2026-07-18T02:12:01+00:00] Sheet rows: 11, month headers: 2
[2026-07-18T02:12:01+00:00] Columns: {"Тусюк":"B","Муха":"C","Козлянко":"D","Юрченков":"E"}
[2026-07-18T02:12:02+00:00] Tech users: {"57":"Тусюк","65":"Козлянко","67":"Муха","71":"Юрченков"}
[2026-07-18T02:12:02+00:00] Sync window: 2026-07-01 → 2026-09-30
[2026-07-18T02:12:02+00:00] Bookings from calendar: 2
[2026-07-18T02:12:03+00:00] Active deals: 169
[2026-07-18T02:12:03+00:00] Assignments: 2
[2026-07-18T02:12:03+00:00] Link colors: green=62, to-check=0
[2026-07-18T02:12:04+00:00] Cells updated: 2 (clear=0, write=2)
[2026-07-18T02:12:04+00:00] State saved
[2026-07-18T02:12:04+00:00] === end (2.67s) ===
[2026-07-18T02:14:01+00:00] === start ===
[2026-07-18T02:14:01+00:00] Sheet rows: 11, month headers: 2
[2026-07-18T02:14:01+00:00] Columns: {"Тусюк":"B","Муха":"C","Козлянко":"D","Юрченков":"E"}
[2026-07-18T02:14:01+00:00] Tech users: {"57":"Тусюк","65":"Козлянко","67":"Муха","71":"Юрченков"}
[2026-07-18T02:14:01+00:00] Sync window: 2026-07-01 → 2026-09-30
[2026-07-18T02:14:02+00:00] Bookings from calendar: 2
[2026-07-18T02:14:03+00:00] Active deals: 169
[2026-07-18T02:14:03+00:00] Assignments: 2
[2026-07-18T02:14:03+00:00] Link colors: green=62, to-check=0
[2026-07-18T02:14:03+00:00] Cells updated: 2 (clear=0, write=2)
[2026-07-18T02:14:03+00:00] State saved
[2026-07-18T02:14:03+00:00] === end (2.68s) ===
[2026-07-18T02:16:01+00:00] === start ===
[2026-07-18T02:16:01+00:00] Sheet rows: 11, month headers: 2
[2026-07-18T02:16:02+00:00] Columns: {"Тусюк":"B","Муха":"C","Козлянко":"D","Юрченков":"E"}
[2026-07-18T02:16:02+00:00] Tech users: {"57":"Тусюк","65":"Козлянко","67":"Муха","71":"Юрченков"}
[2026-07-18T02:16:02+00:00] Sync window: 2026-07-01 → 2026-09-30
[2026-07-18T02:16:03+00:00] Bookings from calendar: 2
[2026-07-18T02:16:03+00:00] Active deals: 169
[2026-07-18T02:16:03+00:00] Assignments: 2
[2026-07-18T02:16:03+00:00] Link colors: green=62, to-check=0
[2026-07-18T02:16:04+00:00] Cells updated: 2 (clear=0, write=2)
[2026-07-18T02:16:04+00:00] State saved
[2026-07-18T02:16:04+00:00] === end (2.94s) ===
[2026-07-18T02:18:01+00:00] === start ===
[2026-07-18T02:18:01+00:00] Sheet rows: 11, month headers: 2
[2026-07-18T02:18:02+00:00] Columns: {"Тусюк":"B","Муха":"C","Козлянко":"D","Юрченков":"E"}
[2026-07-18T02:18:02+00:00] Tech users: {"57":"Тусюк","65":"Козлянко","67":"Муха","71":"Юрченков"}
[2026-07-18T02:18:02+00:00] Sync window: 2026-07-01 → 2026-09-30
[2026-07-18T02:18:03+00:00] Bookings from calendar: 2
[2026-07-18T02:18:04+00:00] Active deals: 169
[2026-07-18T02:18:04+00:00] Assignments: 2
[2026-07-18T02:18:04+00:00] Link colors: green=62, to-check=0
[2026-07-18T02:18:04+00:00] Cells updated: 2 (clear=0, write=2)
[2026-07-18T02:18:04+00:00] State saved
[2026-07-18T02:18:04+00:00] === end (3.19s) ===
[2026-07-18T02:20:01+00:00] === start ===
[2026-07-18T02:20:02+00:00] Sheet rows: 11, month headers: 2
[2026-07-18T02:20:02+00:00] Columns: {"Тусюк":"B","Муха":"C","Козлянко":"D","Юрченков":"E"}
[2026-07-18T02:20:03+00:00] Tech users: {"57":"Тусюк","65":"Козлянко","67":"Муха","71":"Юрченков"}
[2026-07-18T02:20:03+00:00] Sync window: 2026-07-01 → 2026-09-30
[2026-07-18T02:20:03+00:00] Bookings from calendar: 2
[2026-07-18T02:20:04+00:00] Active deals: 169
[2026-07-18T02:20:04+00:00] Assignments: 2
[2026-07-18T02:20:04+00:00] Link colors: green=62, to-check=0
[2026-07-18T02:20:05+00:00] Cells updated: 2 (clear=0, write=2)
[2026-07-18T02:20:05+00:00] State saved
[2026-07-18T02:20:05+00:00] === end (3.33s) ===
[2026-07-18T02:22:01+00:00] === start ===
[2026-07-18T02:22:01+00:00] Sheet rows: 11, month headers: 2
[2026-07-18T02:22:01+00:00] Columns: {"Тусюк":"B","Муха":"C","Козлянко":"D","Юрченков":"E"}
[2026-07-18T02:22:02+00:00] Tech users: {"57":"Тусюк","65":"Козлянко","67":"Муха","71":"Юрченков"}
[2026-07-18T02:22:02+00:00] Sync window: 2026-07-01 → 2026-09-30
[2026-07-18T02:22:02+00:00] Bookings from calendar: 2
[2026-07-18T02:22:03+00:00] Active deals: 169
[2026-07-18T02:22:03+00:00] Assignments: 2
[2026-07-18T02:22:03+00:00] Link colors: green=62, to-check=0
[2026-07-18T02:22:03+00:00] Cells updated: 2 (clear=0, write=2)
[2026-07-18T02:22:03+00:00] State saved
[2026-07-18T02:22:03+00:00] === end (2.73s) ===
[2026-07-18T02:24:01+00:00] === start ===
[2026-07-18T02:24:02+00:00] Sheet rows: 11, month headers: 2
[2026-07-18T02:24:02+00:00] Columns: {"Тусюк":"B","Муха":"C","Козлянко":"D","Юрченков":"E"}
[2026-07-18T02:24:02+00:00] Tech users: {"57":"Тусюк","65":"Козлянко","67":"Муха","71":"Юрченков"}
[2026-07-18T02:24:02+00:00] Sync window: 2026-07-01 → 2026-09-30
[2026-07-18T02:24:03+00:00] Bookings from calendar: 2
[2026-07-18T02:24:03+00:00] Active deals: 169
[2026-07-18T02:24:03+00:00] Assignments: 2
[2026-07-18T02:24:03+00:00] Link colors: green=62, to-check=0
[2026-07-18T02:24:04+00:00] Cells updated: 2 (clear=0, write=2)
[2026-07-18T02:24:04+00:00] State saved
[2026-07-18T02:24:04+00:00] === end (2.6s) ===
[2026-07-18T02:26:01+00:00] === start ===
[2026-07-18T02:26:02+00:00] Sheet rows: 11, month headers: 2
[2026-07-18T02:26:02+00:00] Columns: {"Тусюк":"B","Муха":"C","Козлянко":"D","Юрченков":"E"}
[2026-07-18T02:26:02+00:00] Tech users: {"57":"Тусюк","65":"Козлянко","67":"Муха","71":"Юрченков"}
[2026-07-18T02:26:02+00:00] Sync window: 2026-07-01 → 2026-09-30
[2026-07-18T02:26:03+00:00] Bookings from calendar: 2
[2026-07-18T02:26:03+00:00] Active deals: 169
[2026-07-18T02:26:03+00:00] Assignments: 2
[2026-07-18T02:26:03+00:00] Link colors: green=62, to-check=0
[2026-07-18T02:26:04+00:00] Cells updated: 2 (clear=0, write=2)
[2026-07-18T02:26:04+00:00] State saved
[2026-07-18T02:26:04+00:00] === end (2.58s) ===
[2026-07-18T02:28:01+00:00] === start ===
[2026-07-18T02:28:01+00:00] Sheet rows: 11, month headers: 2
[2026-07-18T02:28:02+00:00] Columns: {"Тусюк":"B","Муха":"C","Козлянко":"D","Юрченков":"E"}
[2026-07-18T02:28:02+00:00] Tech users: {"57":"Тусюк","65":"Козлянко","67":"Муха","71":"Юрченков"}
[2026-07-18T02:28:02+00:00] Sync window: 2026-07-01 → 2026-09-30
[2026-07-18T02:28:02+00:00] Bookings from calendar: 2
[2026-07-18T02:28:03+00:00] Active deals: 169
[2026-07-18T02:28:03+00:00] Assignments: 2
[2026-07-18T02:28:03+00:00] Link colors: green=62, to-check=0
[2026-07-18T02:28:04+00:00] Cells updated: 2 (clear=0, write=2)
[2026-07-18T02:28:04+00:00] State saved
[2026-07-18T02:28:04+00:00] === end (2.7s) ===
[2026-07-18T02:30:01+00:00] === start ===
[2026-07-18T02:30:01+00:00] Sheet rows: 11, month headers: 2
[2026-07-18T02:30:01+00:00] Columns: {"Тусюк":"B","Муха":"C","Козлянко":"D","Юрченков":"E"}
[2026-07-18T02:30:01+00:00] Tech users: {"57":"Тусюк","65":"Козлянко","67":"Муха","71":"Юрченков"}
[2026-07-18T02:30:01+00:00] Sync window: 2026-07-01 → 2026-09-30
[2026-07-18T02:30:02+00:00] Bookings from calendar: 2
[2026-07-18T02:30:03+00:00] Active deals: 169
[2026-07-18T02:30:03+00:00] Assignments: 2
[2026-07-18T02:30:03+00:00] Link colors: green=62, to-check=0
[2026-07-18T02:30:04+00:00] Cells updated: 2 (clear=0, write=2)
[2026-07-18T02:30:04+00:00] State saved
[2026-07-18T02:30:04+00:00] === end (2.93s) ===
[2026-07-18T02:32:01+00:00] === start ===
[2026-07-18T02:32:01+00:00] Sheet rows: 11, month headers: 2
[2026-07-18T02:32:01+00:00] Columns: {"Тусюк":"B","Муха":"C","Козлянко":"D","Юрченков":"E"}
[2026-07-18T02:32:01+00:00] Tech users: {"57":"Тусюк","65":"Козлянко","67":"Муха","71":"Юрченков"}
[2026-07-18T02:32:01+00:00] Sync window: 2026-07-01 → 2026-09-30
[2026-07-18T02:32:02+00:00] Bookings from calendar: 2
[2026-07-18T02:32:03+00:00] Active deals: 169
[2026-07-18T02:32:03+00:00] Assignments: 2
[2026-07-18T02:32:03+00:00] Link colors: green=62, to-check=0
[2026-07-18T02:32:05+00:00] Cells updated: 2 (clear=0, write=2)
[2026-07-18T02:32:05+00:00] State saved
[2026-07-18T02:32:05+00:00] === end (4.78s) ===
[2026-07-18T02:34:01+00:00] === start ===
[2026-07-18T02:34:02+00:00] Sheet rows: 11, month headers: 2
[2026-07-18T02:34:02+00:00] Columns: {"Тусюк":"B","Муха":"C","Козлянко":"D","Юрченков":"E"}
[2026-07-18T02:34:02+00:00] Tech users: {"57":"Тусюк","65":"Козлянко","67":"Муха","71":"Юрченков"}
[2026-07-18T02:34:02+00:00] Sync window: 2026-07-01 → 2026-09-30
[2026-07-18T02:34:03+00:00] Bookings from calendar: 2
[2026-07-18T02:34:03+00:00] Active deals: 169
[2026-07-18T02:34:03+00:00] Assignments: 2
[2026-07-18T02:34:03+00:00] Link colors: green=62, to-check=0
[2026-07-18T02:34:04+00:00] Cells updated: 2 (clear=0, write=2)
[2026-07-18T02:34:04+00:00] State saved
[2026-07-18T02:34:04+00:00] === end (2.7s) ===
[2026-07-18T02:36:01+00:00] === start ===
[2026-07-18T02:36:02+00:00] Sheet rows: 11, month headers: 2
[2026-07-18T02:36:02+00:00] Columns: {"Тусюк":"B","Муха":"C","Козлянко":"D","Юрченков":"E"}
[2026-07-18T02:36:02+00:00] Tech users: {"57":"Тусюк","65":"Козлянко","67":"Муха","71":"Юрченков"}
[2026-07-18T02:36:02+00:00] Sync window: 2026-07-01 → 2026-09-30
[2026-07-18T02:36:03+00:00] Bookings from calendar: 2
[2026-07-18T02:36:03+00:00] Active deals: 169
[2026-07-18T02:36:03+00:00] Assignments: 2
[2026-07-18T02:36:03+00:00] Link colors: green=62, to-check=0
[2026-07-18T02:36:04+00:00] Cells updated: 2 (clear=0, write=2)
[2026-07-18T02:36:04+00:00] State saved
[2026-07-18T02:36:04+00:00] === end (2.75s) ===
[2026-07-18T02:38:01+00:00] === start ===
[2026-07-18T02:38:01+00:00] Sheet rows: 11, month headers: 2
[2026-07-18T02:38:02+00:00] Columns: {"Тусюк":"B","Муха":"C","Козлянко":"D","Юрченков":"E"}
[2026-07-18T02:38:02+00:00] Tech users: {"57":"Тусюк","65":"Козлянко","67":"Муха","71":"Юрченков"}
[2026-07-18T02:38:02+00:00] Sync window: 2026-07-01 → 2026-09-30
[2026-07-18T02:38:03+00:00] Bookings from calendar: 2
[2026-07-18T02:38:03+00:00] Active deals: 169
[2026-07-18T02:38:03+00:00] Assignments: 2
[2026-07-18T02:38:03+00:00] Link colors: green=62, to-check=0
[2026-07-18T02:38:04+00:00] Cells updated: 2 (clear=0, write=2)
[2026-07-18T02:38:04+00:00] State saved
[2026-07-18T02:38:04+00:00] === end (3.08s) ===
[2026-07-18T02:40:01+00:00] === start ===
[2026-07-18T02:40:02+00:00] Sheet rows: 11, month headers: 2
[2026-07-18T02:40:02+00:00] Columns: {"Тусюк":"B","Муха":"C","Козлянко":"D","Юрченков":"E"}
[2026-07-18T02:40:02+00:00] Tech users: {"57":"Тусюк","65":"Козлянко","67":"Муха","71":"Юрченков"}
[2026-07-18T02:40:02+00:00] Sync window: 2026-07-01 → 2026-09-30
[2026-07-18T02:40:03+00:00] Bookings from calendar: 2
[2026-07-18T02:40:04+00:00] Active deals: 169
[2026-07-18T02:40:04+00:00] Assignments: 2
[2026-07-18T02:40:04+00:00] Link colors: green=62, to-check=0
[2026-07-18T02:40:05+00:00] Cells updated: 2 (clear=0, write=2)
[2026-07-18T02:40:05+00:00] State saved
[2026-07-18T02:40:05+00:00] === end (3.49s) ===
[2026-07-18T02:42:01+00:00] === start ===
[2026-07-18T02:42:01+00:00] Sheet rows: 11, month headers: 2
[2026-07-18T02:42:01+00:00] Columns: {"Тусюк":"B","Муха":"C","Козлянко":"D","Юрченков":"E"}
[2026-07-18T02:42:02+00:00] Tech users: {"57":"Тусюк","65":"Козлянко","67":"Муха","71":"Юрченков"}
[2026-07-18T02:42:02+00:00] Sync window: 2026-07-01 → 2026-09-30
[2026-07-18T02:42:02+00:00] Bookings from calendar: 2
[2026-07-18T02:42:03+00:00] Active deals: 169
[2026-07-18T02:42:03+00:00] Assignments: 2
[2026-07-18T02:42:03+00:00] Link colors: green=62, to-check=0
[2026-07-18T02:42:03+00:00] Cells updated: 2 (clear=0, write=2)
[2026-07-18T02:42:03+00:00] State saved
[2026-07-18T02:42:03+00:00] === end (2.67s) ===
[2026-07-18T02:44:01+00:00] === start ===
[2026-07-18T02:44:02+00:00] Sheet rows: 11, month headers: 2
[2026-07-18T02:44:02+00:00] Columns: {"Тусюк":"B","Муха":"C","Козлянко":"D","Юрченков":"E"}
[2026-07-18T02:44:02+00:00] Tech users: {"57":"Тусюк","65":"Козлянко","67":"Муха","71":"Юрченков"}
[2026-07-18T02:44:02+00:00] Sync window: 2026-07-01 → 2026-09-30
[2026-07-18T02:44:03+00:00] Bookings from calendar: 2
[2026-07-18T02:44:03+00:00] Active deals: 169
[2026-07-18T02:44:03+00:00] Assignments: 2
[2026-07-18T02:44:03+00:00] Link colors: green=62, to-check=0
[2026-07-18T02:44:04+00:00] Cells updated: 2 (clear=0, write=2)
[2026-07-18T02:44:04+00:00] State saved
[2026-07-18T02:44:04+00:00] === end (2.47s) ===
[2026-07-18T02:46:01+00:00] === start ===
[2026-07-18T02:46:01+00:00] Sheet rows: 11, month headers: 2
[2026-07-18T02:46:01+00:00] Columns: {"Тусюк":"B","Муха":"C","Козлянко":"D","Юрченков":"E"}
[2026-07-18T02:46:02+00:00] Tech users: {"57":"Тусюк","65":"Козлянко","67":"Муха","71":"Юрченков"}
[2026-07-18T02:46:02+00:00] Sync window: 2026-07-01 → 2026-09-30
[2026-07-18T02:46:02+00:00] Bookings from calendar: 2
[2026-07-18T02:46:03+00:00] Active deals: 169
[2026-07-18T02:46:03+00:00] Assignments: 2
[2026-07-18T02:46:03+00:00] Link colors: green=62, to-check=0
[2026-07-18T02:46:03+00:00] Cells updated: 2 (clear=0, write=2)
[2026-07-18T02:46:03+00:00] State saved
[2026-07-18T02:46:03+00:00] === end (2.72s) ===
[2026-07-18T02:48:02+00:00] === start ===
[2026-07-18T02:48:02+00:00] Sheet rows: 11, month headers: 2
[2026-07-18T02:48:02+00:00] Columns: {"Тусюк":"B","Муха":"C","Козлянко":"D","Юрченков":"E"}
[2026-07-18T02:48:02+00:00] Tech users: {"57":"Тусюк","65":"Козлянко","67":"Муха","71":"Юрченков"}
[2026-07-18T02:48:02+00:00] Sync window: 2026-07-01 → 2026-09-30
[2026-07-18T02:48:03+00:00] Bookings from calendar: 2
[2026-07-18T02:48:04+00:00] Active deals: 169
[2026-07-18T02:48:04+00:00] Assignments: 2
[2026-07-18T02:48:04+00:00] Link colors: green=62, to-check=0
[2026-07-18T02:48:05+00:00] Cells updated: 2 (clear=0, write=2)
[2026-07-18T02:48:05+00:00] State saved
[2026-07-18T02:48:05+00:00] === end (3.2s) ===
[2026-07-18T02:50:01+00:00] === start ===
[2026-07-18T02:50:02+00:00] Sheet rows: 11, month headers: 2
[2026-07-18T02:50:02+00:00] Columns: {"Тусюк":"B","Муха":"C","Козлянко":"D","Юрченков":"E"}
[2026-07-18T02:50:02+00:00] Tech users: {"57":"Тусюк","65":"Козлянко","67":"Муха","71":"Юрченков"}
[2026-07-18T02:50:02+00:00] Sync window: 2026-07-01 → 2026-09-30
[2026-07-18T02:50:03+00:00] Bookings from calendar: 2
[2026-07-18T02:50:03+00:00] Active deals: 169
[2026-07-18T02:50:03+00:00] Assignments: 2
[2026-07-18T02:50:03+00:00] Link colors: green=62, to-check=0
[2026-07-18T02:50:04+00:00] Cells updated: 2 (clear=0, write=2)
[2026-07-18T02:50:04+00:00] State saved
[2026-07-18T02:50:04+00:00] === end (3.38s) ===
[2026-07-18T02:52:01+00:00] === start ===
[2026-07-18T02:52:02+00:00] Sheet rows: 11, month headers: 2
[2026-07-18T02:52:02+00:00] Columns: {"Тусюк":"B","Муха":"C","Козлянко":"D","Юрченков":"E"}
[2026-07-18T02:52:02+00:00] Tech users: {"57":"Тусюк","65":"Козлянко","67":"Муха","71":"Юрченков"}
[2026-07-18T02:52:02+00:00] Sync window: 2026-07-01 → 2026-09-30
[2026-07-18T02:52:03+00:00] Bookings from calendar: 2
[2026-07-18T02:52:03+00:00] Active deals: 169
[2026-07-18T02:52:03+00:00] Assignments: 2
[2026-07-18T02:52:03+00:00] Link colors: green=62, to-check=0
[2026-07-18T02:52:04+00:00] Cells updated: 2 (clear=0, write=2)
[2026-07-18T02:52:04+00:00] State saved
[2026-07-18T02:52:04+00:00] === end (2.9s) ===
[2026-07-18T02:54:01+00:00] === start ===
[2026-07-18T02:54:02+00:00] Sheet rows: 11, month headers: 2
[2026-07-18T02:54:02+00:00] Columns: {"Тусюк":"B","Муха":"C","Козлянко":"D","Юрченков":"E"}
[2026-07-18T02:54:02+00:00] Tech users: {"57":"Тусюк","65":"Козлянко","67":"Муха","71":"Юрченков"}
[2026-07-18T02:54:02+00:00] Sync window: 2026-07-01 → 2026-09-30
[2026-07-18T02:54:03+00:00] Bookings from calendar: 2
[2026-07-18T02:54:03+00:00] Active deals: 169
[2026-07-18T02:54:03+00:00] Assignments: 2
[2026-07-18T02:54:03+00:00] Link colors: green=62, to-check=0
[2026-07-18T02:54:04+00:00] Cells updated: 2 (clear=0, write=2)
[2026-07-18T02:54:04+00:00] State saved
[2026-07-18T02:54:04+00:00] === end (2.9s) ===
[2026-07-18T02:56:01+00:00] === start ===
[2026-07-18T02:56:02+00:00] Sheet rows: 11, month headers: 2
[2026-07-18T02:56:02+00:00] Columns: {"Тусюк":"B","Муха":"C","Козлянко":"D","Юрченков":"E"}
[2026-07-18T02:56:02+00:00] Tech users: {"57":"Тусюк","65":"Козлянко","67":"Муха","71":"Юрченков"}
[2026-07-18T02:56:02+00:00] Sync window: 2026-07-01 → 2026-09-30
[2026-07-18T02:56:03+00:00] Bookings from calendar: 2
[2026-07-18T02:56:03+00:00] Active deals: 169
[2026-07-18T02:56:03+00:00] Assignments: 2
[2026-07-18T02:56:03+00:00] Link colors: green=62, to-check=0
[2026-07-18T02:56:04+00:00] Cells updated: 2 (clear=0, write=2)
[2026-07-18T02:56:04+00:00] State saved
[2026-07-18T02:56:04+00:00] === end (2.92s) ===
[2026-07-18T02:58:01+00:00] === start ===
[2026-07-18T02:58:01+00:00] Sheet rows: 11, month headers: 2
[2026-07-18T02:58:02+00:00] Columns: {"Тусюк":"B","Муха":"C","Козлянко":"D","Юрченков":"E"}
[2026-07-18T02:58:02+00:00] Tech users: {"57":"Тусюк","65":"Козлянко","67":"Муха","71":"Юрченков"}
[2026-07-18T02:58:02+00:00] Sync window: 2026-07-01 → 2026-09-30
[2026-07-18T02:58:03+00:00] Bookings from calendar: 2
[2026-07-18T02:58:03+00:00] Active deals: 169
[2026-07-18T02:58:03+00:00] Assignments: 2
[2026-07-18T02:58:03+00:00] Link colors: green=62, to-check=0
[2026-07-18T02:58:04+00:00] Cells updated: 2 (clear=0, write=2)
[2026-07-18T02:58:04+00:00] State saved
[2026-07-18T02:58:04+00:00] === end (3.06s) ===
[2026-07-18T03:00:01+00:00] === start ===
[2026-07-18T03:00:02+00:00] Sheet rows: 11, month headers: 2
[2026-07-18T03:00:02+00:00] Columns: {"Тусюк":"B","Муха":"C","Козлянко":"D","Юрченков":"E"}
[2026-07-18T03:00:02+00:00] Tech users: {"57":"Тусюк","65":"Козлянко","67":"Муха","71":"Юрченков"}
[2026-07-18T03:00:02+00:00] Sync window: 2026-07-01 → 2026-09-30
[2026-07-18T03:00:03+00:00] Bookings from calendar: 2
[2026-07-18T03:00:04+00:00] Active deals: 169
[2026-07-18T03:00:04+00:00] Assignments: 2
[2026-07-18T03:00:04+00:00] Link colors: green=62, to-check=0
[2026-07-18T03:00:05+00:00] Cells updated: 2 (clear=0, write=2)
[2026-07-18T03:00:05+00:00] State saved
[2026-07-18T03:00:05+00:00] === end (3.31s) ===
[2026-07-18T03:02:01+00:00] === start ===
[2026-07-18T03:02:01+00:00] Sheet rows: 11, month headers: 2
[2026-07-18T03:02:02+00:00] Columns: {"Тусюк":"B","Муха":"C","Козлянко":"D","Юрченков":"E"}
[2026-07-18T03:02:02+00:00] Tech users: {"57":"Тусюк","65":"Козлянко","67":"Муха","71":"Юрченков"}
[2026-07-18T03:02:02+00:00] Sync window: 2026-07-01 → 2026-09-30
[2026-07-18T03:02:02+00:00] Bookings from calendar: 2
[2026-07-18T03:02:03+00:00] Active deals: 169
[2026-07-18T03:02:03+00:00] Assignments: 2
[2026-07-18T03:02:03+00:00] Link colors: green=62, to-check=0
[2026-07-18T03:02:04+00:00] Cells updated: 2 (clear=0, write=2)
[2026-07-18T03:02:04+00:00] State saved
[2026-07-18T03:02:04+00:00] === end (3.04s) ===
[2026-07-18T03:04:01+00:00] === start ===
[2026-07-18T03:04:01+00:00] Sheet rows: 11, month headers: 2
[2026-07-18T03:04:01+00:00] Columns: {"Тусюк":"B","Муха":"C","Козлянко":"D","Юрченков":"E"}
[2026-07-18T03:04:02+00:00] Tech users: {"57":"Тусюк","65":"Козлянко","67":"Муха","71":"Юрченков"}
[2026-07-18T03:04:02+00:00] Sync window: 2026-07-01 → 2026-09-30
[2026-07-18T03:04:02+00:00] Bookings from calendar: 2
[2026-07-18T03:04:03+00:00] Active deals: 169
[2026-07-18T03:04:03+00:00] Assignments: 2
[2026-07-18T03:04:03+00:00] Link colors: green=62, to-check=0
[2026-07-18T03:04:04+00:00] Cells updated: 2 (clear=0, write=2)
[2026-07-18T03:04:04+00:00] State saved
[2026-07-18T03:04:04+00:00] === end (2.82s) ===
[2026-07-18T03:06:01+00:00] === start ===
[2026-07-18T03:06:01+00:00] Sheet rows: 11, month headers: 2
[2026-07-18T03:06:01+00:00] Columns: {"Тусюк":"B","Муха":"C","Козлянко":"D","Юрченков":"E"}
[2026-07-18T03:06:02+00:00] Tech users: {"57":"Тусюк","65":"Козлянко","67":"Муха","71":"Юрченков"}
[2026-07-18T03:06:02+00:00] Sync window: 2026-07-01 → 2026-09-30
[2026-07-18T03:06:02+00:00] Bookings from calendar: 2
[2026-07-18T03:06:03+00:00] Active deals: 169
[2026-07-18T03:06:03+00:00] Assignments: 2
[2026-07-18T03:06:03+00:00] Link colors: green=62, to-check=0
[2026-07-18T03:06:04+00:00] Cells updated: 2 (clear=0, write=2)
[2026-07-18T03:06:04+00:00] State saved
[2026-07-18T03:06:04+00:00] === end (2.96s) ===
[2026-07-18T03:08:01+00:00] === start ===
[2026-07-18T03:08:01+00:00] Sheet rows: 11, month headers: 2
[2026-07-18T03:08:02+00:00] Columns: {"Тусюк":"B","Муха":"C","Козлянко":"D","Юрченков":"E"}
[2026-07-18T03:08:02+00:00] Tech users: {"57":"Тусюк","65":"Козлянко","67":"Муха","71":"Юрченков"}
[2026-07-18T03:08:02+00:00] Sync window: 2026-07-01 → 2026-09-30
[2026-07-18T03:08:02+00:00] Bookings from calendar: 2
[2026-07-18T03:08:03+00:00] Active deals: 169
[2026-07-18T03:08:03+00:00] Assignments: 2
[2026-07-18T03:08:03+00:00] Link colors: green=62, to-check=0
[2026-07-18T03:08:04+00:00] Cells updated: 2 (clear=0, write=2)
[2026-07-18T03:08:04+00:00] State saved
[2026-07-18T03:08:04+00:00] === end (2.99s) ===
[2026-07-18T03:10:01+00:00] === start ===
[2026-07-18T03:10:02+00:00] Sheet rows: 11, month headers: 2
[2026-07-18T03:10:02+00:00] Columns: {"Тусюк":"B","Муха":"C","Козлянко":"D","Юрченков":"E"}
[2026-07-18T03:10:02+00:00] Tech users: {"57":"Тусюк","65":"Козлянко","67":"Муха","71":"Юрченков"}
[2026-07-18T03:10:02+00:00] Sync window: 2026-07-01 → 2026-09-30
[2026-07-18T03:10:03+00:00] Bookings from calendar: 2
[2026-07-18T03:10:04+00:00] Active deals: 169
[2026-07-18T03:10:04+00:00] Assignments: 2
[2026-07-18T03:10:04+00:00] Link colors: green=62, to-check=0
[2026-07-18T03:10:05+00:00] Cells updated: 2 (clear=0, write=2)
[2026-07-18T03:10:05+00:00] State saved
[2026-07-18T03:10:05+00:00] === end (3.95s) ===
[2026-07-18T03:12:01+00:00] === start ===
[2026-07-18T03:12:01+00:00] Sheet rows: 11, month headers: 2
[2026-07-18T03:12:01+00:00] Columns: {"Тусюк":"B","Муха":"C","Козлянко":"D","Юрченков":"E"}
[2026-07-18T03:12:02+00:00] Tech users: {"57":"Тусюк","65":"Козлянко","67":"Муха","71":"Юрченков"}
[2026-07-18T03:12:02+00:00] Sync window: 2026-07-01 → 2026-09-30
[2026-07-18T03:12:02+00:00] Bookings from calendar: 2
[2026-07-18T03:12:03+00:00] Active deals: 169
[2026-07-18T03:12:03+00:00] Assignments: 2
[2026-07-18T03:12:03+00:00] Link colors: green=62, to-check=0
[2026-07-18T03:12:03+00:00] Cells updated: 2 (clear=0, write=2)
[2026-07-18T03:12:03+00:00] State saved
[2026-07-18T03:12:03+00:00] === end (2.73s) ===
[2026-07-18T03:14:02+00:00] === start ===
[2026-07-18T03:14:02+00:00] Sheet rows: 11, month headers: 2
[2026-07-18T03:14:02+00:00] Columns: {"Тусюк":"B","Муха":"C","Козлянко":"D","Юрченков":"E"}
[2026-07-18T03:14:02+00:00] Tech users: {"57":"Тусюк","65":"Козлянко","67":"Муха","71":"Юрченков"}
[2026-07-18T03:14:02+00:00] Sync window: 2026-07-01 → 2026-09-30
[2026-07-18T03:14:03+00:00] Bookings from calendar: 2
[2026-07-18T03:14:03+00:00] Active deals: 169
[2026-07-18T03:14:03+00:00] Assignments: 2
[2026-07-18T03:14:03+00:00] Link colors: green=62, to-check=0
[2026-07-18T03:14:04+00:00] Cells updated: 2 (clear=0, write=2)
[2026-07-18T03:14:04+00:00] State saved
[2026-07-18T03:14:04+00:00] === end (2.81s) ===
[2026-07-18T03:16:01+00:00] === start ===
[2026-07-18T03:16:01+00:00] Sheet rows: 11, month headers: 2
[2026-07-18T03:16:01+00:00] Columns: {"Тусюк":"B","Муха":"C","Козлянко":"D","Юрченков":"E"}
[2026-07-18T03:16:02+00:00] Tech users: {"57":"Тусюк","65":"Козлянко","67":"Муха","71":"Юрченков"}
[2026-07-18T03:16:02+00:00] Sync window: 2026-07-01 → 2026-09-30
[2026-07-18T03:16:02+00:00] Bookings from calendar: 2
[2026-07-18T03:16:03+00:00] Active deals: 169
[2026-07-18T03:16:03+00:00] Assignments: 2
[2026-07-18T03:16:03+00:00] Link colors: green=62, to-check=0
[2026-07-18T03:16:04+00:00] Cells updated: 2 (clear=0, write=2)
[2026-07-18T03:16:04+00:00] State saved
[2026-07-18T03:16:04+00:00] === end (2.76s) ===
[2026-07-18T03:18:01+00:00] === start ===
[2026-07-18T03:18:01+00:00] Sheet rows: 11, month headers: 2
[2026-07-18T03:18:01+00:00] Columns: {"Тусюк":"B","Муха":"C","Козлянко":"D","Юрченков":"E"}
[2026-07-18T03:18:02+00:00] Tech users: {"57":"Тусюк","65":"Козлянко","67":"Муха","71":"Юрченков"}
[2026-07-18T03:18:02+00:00] Sync window: 2026-07-01 → 2026-09-30
[2026-07-18T03:18:02+00:00] Bookings from calendar: 2
[2026-07-18T03:18:03+00:00] Active deals: 169
[2026-07-18T03:18:03+00:00] Assignments: 2
[2026-07-18T03:18:03+00:00] Link colors: green=62, to-check=0
[2026-07-18T03:18:04+00:00] Cells updated: 2 (clear=0, write=2)
[2026-07-18T03:18:04+00:00] State saved
[2026-07-18T03:18:04+00:00] === end (2.86s) ===
[2026-07-18T03:20:01+00:00] === start ===
[2026-07-18T03:20:01+00:00] Sheet rows: 11, month headers: 2
[2026-07-18T03:20:01+00:00] Columns: {"Тусюк":"B","Муха":"C","Козлянко":"D","Юрченков":"E"}
[2026-07-18T03:20:01+00:00] Tech users: {"57":"Тусюк","65":"Козлянко","67":"Муха","71":"Юрченков"}
[2026-07-18T03:20:01+00:00] Sync window: 2026-07-01 → 2026-09-30
[2026-07-18T03:20:02+00:00] Bookings from calendar: 2
[2026-07-18T03:20:03+00:00] Active deals: 169
[2026-07-18T03:20:03+00:00] Assignments: 2
[2026-07-18T03:20:03+00:00] Link colors: green=62, to-check=0
[2026-07-18T03:20:03+00:00] Cells updated: 2 (clear=0, write=2)
[2026-07-18T03:20:03+00:00] State saved
[2026-07-18T03:20:03+00:00] === end (2.88s) ===
[2026-07-18T03:22:02+00:00] === start ===
[2026-07-18T03:22:02+00:00] Sheet rows: 11, month headers: 2
[2026-07-18T03:22:03+00:00] Columns: {"Тусюк":"B","Муха":"C","Козлянко":"D","Юрченков":"E"}
[2026-07-18T03:22:03+00:00] Tech users: {"57":"Тусюк","65":"Козлянко","67":"Муха","71":"Юрченков"}
[2026-07-18T03:22:03+00:00] Sync window: 2026-07-01 → 2026-09-30
[2026-07-18T03:22:03+00:00] Bookings from calendar: 2
[2026-07-18T03:22:04+00:00] Active deals: 169
[2026-07-18T03:22:04+00:00] Assignments: 2
[2026-07-18T03:22:04+00:00] Link colors: green=62, to-check=0
[2026-07-18T03:22:05+00:00] Cells updated: 2 (clear=0, write=2)
[2026-07-18T03:22:05+00:00] State saved
[2026-07-18T03:22:05+00:00] === end (3.07s) ===
[2026-07-18T03:24:01+00:00] === start ===
[2026-07-18T03:24:01+00:00] Sheet rows: 11, month headers: 2
[2026-07-18T03:24:01+00:00] Columns: {"Тусюк":"B","Муха":"C","Козлянко":"D","Юрченков":"E"}
[2026-07-18T03:24:02+00:00] Tech users: {"57":"Тусюк","65":"Козлянко","67":"Муха","71":"Юрченков"}
[2026-07-18T03:24:02+00:00] Sync window: 2026-07-01 → 2026-09-30
[2026-07-18T03:24:02+00:00] Bookings from calendar: 2
[2026-07-18T03:24:03+00:00] Active deals: 169
[2026-07-18T03:24:03+00:00] Assignments: 2
[2026-07-18T03:24:03+00:00] Link colors: green=62, to-check=0
[2026-07-18T03:24:04+00:00] Cells updated: 2 (clear=0, write=2)
[2026-07-18T03:24:04+00:00] State saved
[2026-07-18T03:24:04+00:00] === end (2.88s) ===
[2026-07-18T03:26:01+00:00] === start ===
[2026-07-18T03:26:01+00:00] Sheet rows: 11, month headers: 2
[2026-07-18T03:26:01+00:00] Columns: {"Тусюк":"B","Муха":"C","Козлянко":"D","Юрченков":"E"}
[2026-07-18T03:26:02+00:00] Tech users: {"57":"Тусюк","65":"Козлянко","67":"Муха","71":"Юрченков"}
[2026-07-18T03:26:02+00:00] Sync window: 2026-07-01 → 2026-09-30
[2026-07-18T03:26:02+00:00] Bookings from calendar: 2
[2026-07-18T03:26:03+00:00] Active deals: 169
[2026-07-18T03:26:03+00:00] Assignments: 2
[2026-07-18T03:26:03+00:00] Link colors: green=62, to-check=0
[2026-07-18T03:26:04+00:00] Cells updated: 2 (clear=0, write=2)
[2026-07-18T03:26:04+00:00] State saved
[2026-07-18T03:26:04+00:00] === end (2.97s) ===
[2026-07-18T03:28:01+00:00] === start ===
[2026-07-18T03:28:01+00:00] Sheet rows: 11, month headers: 2
[2026-07-18T03:28:02+00:00] Columns: {"Тусюк":"B","Муха":"C","Козлянко":"D","Юрченков":"E"}
[2026-07-18T03:28:02+00:00] Tech users: {"57":"Тусюк","65":"Козлянко","67":"Муха","71":"Юрченков"}
[2026-07-18T03:28:02+00:00] Sync window: 2026-07-01 → 2026-09-30
[2026-07-18T03:28:02+00:00] Bookings from calendar: 2
[2026-07-18T03:28:03+00:00] Active deals: 169
[2026-07-18T03:28:03+00:00] Assignments: 2
[2026-07-18T03:28:03+00:00] Link colors: green=62, to-check=0
[2026-07-18T03:28:04+00:00] Cells updated: 2 (clear=0, write=2)
[2026-07-18T03:28:04+00:00] State saved
[2026-07-18T03:28:04+00:00] === end (3.16s) ===
[2026-07-18T03:30:01+00:00] === start ===
[2026-07-18T03:30:01+00:00] Sheet rows: 11, month headers: 2
[2026-07-18T03:30:02+00:00] Columns: {"Тусюк":"B","Муха":"C","Козлянко":"D","Юрченков":"E"}
[2026-07-18T03:30:02+00:00] Tech users: {"57":"Тусюк","65":"Козлянко","67":"Муха","71":"Юрченков"}
[2026-07-18T03:30:02+00:00] Sync window: 2026-07-01 → 2026-09-30
[2026-07-18T03:30:03+00:00] Bookings from calendar: 2
[2026-07-18T03:30:03+00:00] Active deals: 169
[2026-07-18T03:30:03+00:00] Assignments: 2
[2026-07-18T03:30:03+00:00] Link colors: green=62, to-check=0
[2026-07-18T03:30:04+00:00] Cells updated: 2 (clear=0, write=2)
[2026-07-18T03:30:04+00:00] State saved
[2026-07-18T03:30:04+00:00] === end (3.39s) ===
[2026-07-18T03:32:01+00:00] === start ===
[2026-07-18T03:32:02+00:00] Sheet rows: 11, month headers: 2
[2026-07-18T03:32:02+00:00] Columns: {"Тусюк":"B","Муха":"C","Козлянко":"D","Юрченков":"E"}
[2026-07-18T03:32:03+00:00] Tech users: {"57":"Тусюк","65":"Козлянко","67":"Муха","71":"Юрченков"}
[2026-07-18T03:32:03+00:00] Sync window: 2026-07-01 → 2026-09-30
[2026-07-18T03:32:03+00:00] Bookings from calendar: 2
[2026-07-18T03:32:04+00:00] Active deals: 169
[2026-07-18T03:32:04+00:00] Assignments: 2
[2026-07-18T03:32:04+00:00] Link colors: green=62, to-check=0
[2026-07-18T03:32:05+00:00] Cells updated: 2 (clear=0, write=2)
[2026-07-18T03:32:05+00:00] State saved
[2026-07-18T03:32:05+00:00] === end (3.19s) ===
[2026-07-18T03:34:01+00:00] === start ===
[2026-07-18T03:34:01+00:00] Sheet rows: 11, month headers: 2
[2026-07-18T03:34:01+00:00] Columns: {"Тусюк":"B","Муха":"C","Козлянко":"D","Юрченков":"E"}
[2026-07-18T03:34:01+00:00] Tech users: {"57":"Тусюк","65":"Козлянко","67":"Муха","71":"Юрченков"}
[2026-07-18T03:34:01+00:00] Sync window: 2026-07-01 → 2026-09-30
[2026-07-18T03:34:02+00:00] Bookings from calendar: 2
[2026-07-18T03:34:03+00:00] Active deals: 169
[2026-07-18T03:34:03+00:00] Assignments: 2
[2026-07-18T03:34:03+00:00] Link colors: green=62, to-check=0
[2026-07-18T03:34:03+00:00] Cells updated: 2 (clear=0, write=2)
[2026-07-18T03:34:03+00:00] State saved
[2026-07-18T03:34:03+00:00] === end (2.64s) ===
[2026-07-18T03:36:01+00:00] === start ===
[2026-07-18T03:36:02+00:00] Sheet rows: 11, month headers: 2
[2026-07-18T03:36:02+00:00] Columns: {"Тусюк":"B","Муха":"C","Козлянко":"D","Юрченков":"E"}
[2026-07-18T03:36:02+00:00] Tech users: {"57":"Тусюк","65":"Козлянко","67":"Муха","71":"Юрченков"}
[2026-07-18T03:36:02+00:00] Sync window: 2026-07-01 → 2026-09-30
[2026-07-18T03:36:03+00:00] Bookings from calendar: 2
[2026-07-18T03:36:03+00:00] Active deals: 169
[2026-07-18T03:36:03+00:00] Assignments: 2
[2026-07-18T03:36:03+00:00] Link colors: green=62, to-check=0
[2026-07-18T03:36:04+00:00] Cells updated: 2 (clear=0, write=2)
[2026-07-18T03:36:04+00:00] State saved
[2026-07-18T03:36:04+00:00] === end (2.82s) ===
[2026-07-18T03:38:01+00:00] === start ===
[2026-07-18T03:38:02+00:00] Sheet rows: 11, month headers: 2
[2026-07-18T03:38:02+00:00] Columns: {"Тусюк":"B","Муха":"C","Козлянко":"D","Юрченков":"E"}
[2026-07-18T03:38:02+00:00] Tech users: {"57":"Тусюк","65":"Козлянко","67":"Муха","71":"Юрченков"}
[2026-07-18T03:38:02+00:00] Sync window: 2026-07-01 → 2026-09-30
[2026-07-18T03:38:02+00:00] Bookings from calendar: 2
[2026-07-18T03:38:03+00:00] Active deals: 169
[2026-07-18T03:38:03+00:00] Assignments: 2
[2026-07-18T03:38:03+00:00] Link colors: green=62, to-check=0
[2026-07-18T03:38:04+00:00] Cells updated: 2 (clear=0, write=2)
[2026-07-18T03:38:04+00:00] State saved
[2026-07-18T03:38:04+00:00] === end (2.57s) ===
[2026-07-18T03:40:01+00:00] === start ===
[2026-07-18T03:40:01+00:00] Sheet rows: 11, month headers: 2
[2026-07-18T03:40:02+00:00] Columns: {"Тусюк":"B","Муха":"C","Козлянко":"D","Юрченков":"E"}
[2026-07-18T03:40:02+00:00] Tech users: {"57":"Тусюк","65":"Козлянко","67":"Муха","71":"Юрченков"}
[2026-07-18T03:40:02+00:00] Sync window: 2026-07-01 → 2026-09-30
[2026-07-18T03:40:02+00:00] Bookings from calendar: 2
[2026-07-18T03:40:03+00:00] Active deals: 169
[2026-07-18T03:40:03+00:00] Assignments: 2
[2026-07-18T03:40:03+00:00] Link colors: green=62, to-check=0
[2026-07-18T03:40:04+00:00] Cells updated: 2 (clear=0, write=2)
[2026-07-18T03:40:04+00:00] State saved
[2026-07-18T03:40:04+00:00] === end (2.71s) ===
[2026-07-18T03:42:01+00:00] === start ===
[2026-07-18T03:42:01+00:00] Sheet rows: 11, month headers: 2
[2026-07-18T03:42:01+00:00] Columns: {"Тусюк":"B","Муха":"C","Козлянко":"D","Юрченков":"E"}
[2026-07-18T03:42:01+00:00] Tech users: {"57":"Тусюк","65":"Козлянко","67":"Муха","71":"Юрченков"}
[2026-07-18T03:42:01+00:00] Sync window: 2026-07-01 → 2026-09-30
[2026-07-18T03:42:02+00:00] Bookings from calendar: 2
[2026-07-18T03:42:03+00:00] Active deals: 169
[2026-07-18T03:42:03+00:00] Assignments: 2
[2026-07-18T03:42:03+00:00] Link colors: green=62, to-check=0
[2026-07-18T03:42:04+00:00] Cells updated: 2 (clear=0, write=2)
[2026-07-18T03:42:04+00:00] State saved
[2026-07-18T03:42:04+00:00] === end (3.01s) ===
[2026-07-18T03:44:01+00:00] === start ===
[2026-07-18T03:44:01+00:00] Sheet rows: 11, month headers: 2
[2026-07-18T03:44:01+00:00] Columns: {"Тусюк":"B","Муха":"C","Козлянко":"D","Юрченков":"E"}
[2026-07-18T03:44:02+00:00] Tech users: {"57":"Тусюк","65":"Козлянко","67":"Муха","71":"Юрченков"}
[2026-07-18T03:44:02+00:00] Sync window: 2026-07-01 → 2026-09-30
[2026-07-18T03:44:02+00:00] Bookings from calendar: 2
[2026-07-18T03:44:03+00:00] Active deals: 169
[2026-07-18T03:44:03+00:00] Assignments: 2
[2026-07-18T03:44:03+00:00] Link colors: green=62, to-check=0
[2026-07-18T03:44:04+00:00] Cells updated: 2 (clear=0, write=2)
[2026-07-18T03:44:04+00:00] State saved
[2026-07-18T03:44:04+00:00] === end (2.93s) ===
[2026-07-18T03:46:01+00:00] === start ===
[2026-07-18T03:46:01+00:00] Sheet rows: 11, month headers: 2
[2026-07-18T03:46:02+00:00] Columns: {"Тусюк":"B","Муха":"C","Козлянко":"D","Юрченков":"E"}
[2026-07-18T03:46:02+00:00] Tech users: {"57":"Тусюк","65":"Козлянко","67":"Муха","71":"Юрченков"}
[2026-07-18T03:46:02+00:00] Sync window: 2026-07-01 → 2026-09-30
[2026-07-18T03:46:03+00:00] Bookings from calendar: 2
[2026-07-18T03:46:03+00:00] Active deals: 169
[2026-07-18T03:46:03+00:00] Assignments: 2
[2026-07-18T03:46:03+00:00] Link colors: green=62, to-check=0
[2026-07-18T03:46:04+00:00] Cells updated: 2 (clear=0, write=2)
[2026-07-18T03:46:04+00:00] State saved
[2026-07-18T03:46:04+00:00] === end (2.9s) ===
[2026-07-18T03:48:01+00:00] === start ===
[2026-07-18T03:48:01+00:00] Sheet rows: 11, month headers: 2
[2026-07-18T03:48:02+00:00] Columns: {"Тусюк":"B","Муха":"C","Козлянко":"D","Юрченков":"E"}
[2026-07-18T03:48:02+00:00] Tech users: {"57":"Тусюк","65":"Козлянко","67":"Муха","71":"Юрченков"}
[2026-07-18T03:48:02+00:00] Sync window: 2026-07-01 → 2026-09-30
[2026-07-18T03:48:03+00:00] Bookings from calendar: 2
[2026-07-18T03:48:03+00:00] Active deals: 169
[2026-07-18T03:48:03+00:00] Assignments: 2
[2026-07-18T03:48:03+00:00] Link colors: green=62, to-check=0
[2026-07-18T03:48:04+00:00] Cells updated: 2 (clear=0, write=2)
[2026-07-18T03:48:04+00:00] State saved
[2026-07-18T03:48:04+00:00] === end (2.93s) ===
[2026-07-18T03:50:01+00:00] === start ===
[2026-07-18T03:50:02+00:00] Sheet rows: 11, month headers: 2
[2026-07-18T03:50:02+00:00] Columns: {"Тусюк":"B","Муха":"C","Козлянко":"D","Юрченков":"E"}
[2026-07-18T03:50:02+00:00] Tech users: {"57":"Тусюк","65":"Козлянко","67":"Муха","71":"Юрченков"}
[2026-07-18T03:50:02+00:00] Sync window: 2026-07-01 → 2026-09-30
[2026-07-18T03:50:03+00:00] Bookings from calendar: 2
[2026-07-18T03:50:03+00:00] Active deals: 169
[2026-07-18T03:50:03+00:00] Assignments: 2
[2026-07-18T03:50:03+00:00] Link colors: green=62, to-check=0
[2026-07-18T03:50:04+00:00] Cells updated: 2 (clear=0, write=2)
[2026-07-18T03:50:04+00:00] State saved
[2026-07-18T03:50:04+00:00] === end (2.77s) ===
[2026-07-18T03:52:01+00:00] === start ===
[2026-07-18T03:52:01+00:00] Sheet rows: 11, month headers: 2
[2026-07-18T03:52:01+00:00] Columns: {"Тусюк":"B","Муха":"C","Козлянко":"D","Юрченков":"E"}
[2026-07-18T03:52:02+00:00] Tech users: {"57":"Тусюк","65":"Козлянко","67":"Муха","71":"Юрченков"}
[2026-07-18T03:52:02+00:00] Sync window: 2026-07-01 → 2026-09-30
[2026-07-18T03:52:02+00:00] Bookings from calendar: 2
[2026-07-18T03:52:03+00:00] Active deals: 169
[2026-07-18T03:52:03+00:00] Assignments: 2
[2026-07-18T03:52:03+00:00] Link colors: green=62, to-check=0
[2026-07-18T03:52:04+00:00] Cells updated: 2 (clear=0, write=2)
[2026-07-18T03:52:04+00:00] State saved
[2026-07-18T03:52:04+00:00] === end (2.68s) ===
[2026-07-18T03:54:01+00:00] === start ===
[2026-07-18T03:54:01+00:00] Sheet rows: 11, month headers: 2
[2026-07-18T03:54:01+00:00] Columns: {"Тусюк":"B","Муха":"C","Козлянко":"D","Юрченков":"E"}
[2026-07-18T03:54:02+00:00] Tech users: {"57":"Тусюк","65":"Козлянко","67":"Муха","71":"Юрченков"}
[2026-07-18T03:54:02+00:00] Sync window: 2026-07-01 → 2026-09-30
[2026-07-18T03:54:02+00:00] Bookings from calendar: 2
[2026-07-18T03:54:03+00:00] Active deals: 169
[2026-07-18T03:54:03+00:00] Assignments: 2
[2026-07-18T03:54:03+00:00] Link colors: green=62, to-check=0
[2026-07-18T03:54:03+00:00] Cells updated: 2 (clear=0, write=2)
[2026-07-18T03:54:03+00:00] State saved
[2026-07-18T03:54:03+00:00] === end (2.67s) ===
[2026-07-18T03:56:01+00:00] === start ===
[2026-07-18T03:56:02+00:00] Sheet rows: 11, month headers: 2
[2026-07-18T03:56:02+00:00] Columns: {"Тусюк":"B","Муха":"C","Козлянко":"D","Юрченков":"E"}
[2026-07-18T03:56:02+00:00] Tech users: {"57":"Тусюк","65":"Козлянко","67":"Муха","71":"Юрченков"}
[2026-07-18T03:56:02+00:00] Sync window: 2026-07-01 → 2026-09-30
[2026-07-18T03:56:03+00:00] Bookings from calendar: 2
[2026-07-18T03:56:04+00:00] Active deals: 169
[2026-07-18T03:56:04+00:00] Assignments: 2
[2026-07-18T03:56:04+00:00] Link colors: green=62, to-check=0
[2026-07-18T03:56:05+00:00] Cells updated: 2 (clear=0, write=2)
[2026-07-18T03:56:05+00:00] State saved
[2026-07-18T03:56:05+00:00] === end (3.19s) ===
[2026-07-18T03:58:01+00:00] === start ===
[2026-07-18T03:58:01+00:00] Sheet rows: 11, month headers: 2
[2026-07-18T03:58:01+00:00] Columns: {"Тусюк":"B","Муха":"C","Козлянко":"D","Юрченков":"E"}
[2026-07-18T03:58:01+00:00] Tech users: {"57":"Тусюк","65":"Козлянко","67":"Муха","71":"Юрченков"}
[2026-07-18T03:58:01+00:00] Sync window: 2026-07-01 → 2026-09-30
[2026-07-18T03:58:02+00:00] Bookings from calendar: 2
[2026-07-18T03:58:03+00:00] Active deals: 169
[2026-07-18T03:58:03+00:00] Assignments: 2
[2026-07-18T03:58:03+00:00] Link colors: green=62, to-check=0
[2026-07-18T03:58:03+00:00] Cells updated: 2 (clear=0, write=2)
[2026-07-18T03:58:03+00:00] State saved
[2026-07-18T03:58:03+00:00] === end (2.71s) ===
[2026-07-18T04:00:01+00:00] === start ===
[2026-07-18T04:00:02+00:00] Sheet rows: 11, month headers: 2
[2026-07-18T04:00:02+00:00] Columns: {"Тусюк":"B","Муха":"C","Козлянко":"D","Юрченков":"E"}
[2026-07-18T04:00:02+00:00] Tech users: {"57":"Тусюк","65":"Козлянко","67":"Муха","71":"Юрченков"}
[2026-07-18T04:00:02+00:00] Sync window: 2026-07-01 → 2026-09-30
[2026-07-18T04:00:03+00:00] Bookings from calendar: 2
[2026-07-18T04:00:04+00:00] Active deals: 169
[2026-07-18T04:00:04+00:00] Assignments: 2
[2026-07-18T04:00:04+00:00] Link colors: green=62, to-check=0
[2026-07-18T04:00:04+00:00] Cells updated: 2 (clear=0, write=2)
[2026-07-18T04:00:04+00:00] State saved
[2026-07-18T04:00:04+00:00] === end (3.03s) ===
[2026-07-18T04:02:01+00:00] === start ===
[2026-07-18T04:02:02+00:00] Sheet rows: 11, month headers: 2
[2026-07-18T04:02:02+00:00] Columns: {"Тусюк":"B","Муха":"C","Козлянко":"D","Юрченков":"E"}
[2026-07-18T04:02:02+00:00] Tech users: {"57":"Тусюк","65":"Козлянко","67":"Муха","71":"Юрченков"}
[2026-07-18T04:02:02+00:00] Sync window: 2026-07-01 → 2026-09-30
[2026-07-18T04:02:03+00:00] Bookings from calendar: 2
[2026-07-18T04:02:04+00:00] Active deals: 169
[2026-07-18T04:02:04+00:00] Assignments: 2
[2026-07-18T04:02:04+00:00] Link colors: green=62, to-check=0
[2026-07-18T04:02:04+00:00] Cells updated: 2 (clear=0, write=2)
[2026-07-18T04:02:04+00:00] State saved
[2026-07-18T04:02:04+00:00] === end (2.71s) ===
[2026-07-18T04:04:01+00:00] === start ===
[2026-07-18T04:04:02+00:00] Sheet rows: 11, month headers: 2
[2026-07-18T04:04:02+00:00] Columns: {"Тусюк":"B","Муха":"C","Козлянко":"D","Юрченков":"E"}
[2026-07-18T04:04:02+00:00] Tech users: {"57":"Тусюк","65":"Козлянко","67":"Муха","71":"Юрченков"}
[2026-07-18T04:04:02+00:00] Sync window: 2026-07-01 → 2026-09-30
[2026-07-18T04:04:03+00:00] Bookings from calendar: 2
[2026-07-18T04:04:03+00:00] Active deals: 169
[2026-07-18T04:04:03+00:00] Assignments: 2
[2026-07-18T04:04:03+00:00] Link colors: green=62, to-check=0
[2026-07-18T04:04:04+00:00] Cells updated: 2 (clear=0, write=2)
[2026-07-18T04:04:04+00:00] State saved
[2026-07-18T04:04:04+00:00] === end (2.57s) ===
[2026-07-18T04:06:01+00:00] === start ===
[2026-07-18T04:06:01+00:00] Sheet rows: 11, month headers: 2
[2026-07-18T04:06:02+00:00] Columns: {"Тусюк":"B","Муха":"C","Козлянко":"D","Юрченков":"E"}
[2026-07-18T04:06:02+00:00] Tech users: {"57":"Тусюк","65":"Козлянко","67":"Муха","71":"Юрченков"}
[2026-07-18T04:06:02+00:00] Sync window: 2026-07-01 → 2026-09-30
[2026-07-18T04:06:02+00:00] Bookings from calendar: 2
[2026-07-18T04:06:03+00:00] Active deals: 169
[2026-07-18T04:06:03+00:00] Assignments: 2
[2026-07-18T04:06:03+00:00] Link colors: green=62, to-check=0
[2026-07-18T04:06:04+00:00] Cells updated: 2 (clear=0, write=2)
[2026-07-18T04:06:04+00:00] State saved
[2026-07-18T04:06:04+00:00] === end (2.71s) ===
[2026-07-18T04:08:01+00:00] === start ===
[2026-07-18T04:08:01+00:00] Sheet rows: 11, month headers: 2
[2026-07-18T04:08:01+00:00] Columns: {"Тусюк":"B","Муха":"C","Козлянко":"D","Юрченков":"E"}
[2026-07-18T04:08:01+00:00] Tech users: {"57":"Тусюк","65":"Козлянко","67":"Муха","71":"Юрченков"}
[2026-07-18T04:08:01+00:00] Sync window: 2026-07-01 → 2026-09-30
[2026-07-18T04:08:02+00:00] Bookings from calendar: 2
[2026-07-18T04:08:03+00:00] Active deals: 169
[2026-07-18T04:08:03+00:00] Assignments: 2
[2026-07-18T04:08:03+00:00] Link colors: green=62, to-check=0
[2026-07-18T04:08:04+00:00] Cells updated: 2 (clear=0, write=2)
[2026-07-18T04:08:04+00:00] State saved
[2026-07-18T04:08:04+00:00] === end (3.03s) ===
[2026-07-18T04:10:01+00:00] === start ===
[2026-07-18T04:10:01+00:00] Sheet rows: 11, month headers: 2
[2026-07-18T04:10:01+00:00] Columns: {"Тусюк":"B","Муха":"C","Козлянко":"D","Юрченков":"E"}
[2026-07-18T04:10:02+00:00] Tech users: {"57":"Тусюк","65":"Козлянко","67":"Муха","71":"Юрченков"}
[2026-07-18T04:10:02+00:00] Sync window: 2026-07-01 → 2026-09-30
[2026-07-18T04:10:02+00:00] Bookings from calendar: 2
[2026-07-18T04:10:03+00:00] Active deals: 169
[2026-07-18T04:10:03+00:00] Assignments: 2
[2026-07-18T04:10:03+00:00] Link colors: green=62, to-check=0
[2026-07-18T04:10:04+00:00] Cells updated: 2 (clear=0, write=2)
[2026-07-18T04:10:04+00:00] State saved
[2026-07-18T04:10:04+00:00] === end (3s) ===
[2026-07-18T04:12:01+00:00] === start ===
[2026-07-18T04:12:01+00:00] Sheet rows: 11, month headers: 2
[2026-07-18T04:12:02+00:00] Columns: {"Тусюк":"B","Муха":"C","Козлянко":"D","Юрченков":"E"}
[2026-07-18T04:12:02+00:00] Tech users: {"57":"Тусюк","65":"Козлянко","67":"Муха","71":"Юрченков"}
[2026-07-18T04:12:02+00:00] Sync window: 2026-07-01 → 2026-09-30
[2026-07-18T04:12:02+00:00] Bookings from calendar: 2
[2026-07-18T04:12:03+00:00] Active deals: 169
[2026-07-18T04:12:03+00:00] Assignments: 2
[2026-07-18T04:12:03+00:00] Link colors: green=62, to-check=0
[2026-07-18T04:12:04+00:00] Cells updated: 2 (clear=0, write=2)
[2026-07-18T04:12:04+00:00] State saved
[2026-07-18T04:12:04+00:00] === end (2.72s) ===
[2026-07-18T04:14:01+00:00] === start ===
[2026-07-18T04:14:01+00:00] Sheet rows: 11, month headers: 2
[2026-07-18T04:14:01+00:00] Columns: {"Тусюк":"B","Муха":"C","Козлянко":"D","Юрченков":"E"}
[2026-07-18T04:14:01+00:00] Tech users: {"57":"Тусюк","65":"Козлянко","67":"Муха","71":"Юрченков"}
[2026-07-18T04:14:01+00:00] Sync window: 2026-07-01 → 2026-09-30
[2026-07-18T04:14:02+00:00] Bookings from calendar: 2
[2026-07-18T04:14:03+00:00] Active deals: 169
[2026-07-18T04:14:03+00:00] Assignments: 2
[2026-07-18T04:14:03+00:00] Link colors: green=62, to-check=0
[2026-07-18T04:14:03+00:00] Cells updated: 2 (clear=0, write=2)
[2026-07-18T04:14:03+00:00] State saved
[2026-07-18T04:14:03+00:00] === end (2.74s) ===
[2026-07-18T04:16:01+00:00] === start ===
[2026-07-18T04:16:02+00:00] Sheet rows: 11, month headers: 2
[2026-07-18T04:16:02+00:00] Columns: {"Тусюк":"B","Муха":"C","Козлянко":"D","Юрченков":"E"}
[2026-07-18T04:16:02+00:00] Tech users: {"57":"Тусюк","65":"Козлянко","67":"Муха","71":"Юрченков"}
[2026-07-18T04:16:02+00:00] Sync window: 2026-07-01 → 2026-09-30
[2026-07-18T04:16:03+00:00] Bookings from calendar: 2
[2026-07-18T04:16:03+00:00] Active deals: 169
[2026-07-18T04:16:03+00:00] Assignments: 2
[2026-07-18T04:16:03+00:00] Link colors: green=62, to-check=0
[2026-07-18T04:16:04+00:00] Cells updated: 2 (clear=0, write=2)
[2026-07-18T04:16:04+00:00] State saved
[2026-07-18T04:16:04+00:00] === end (2.74s) ===
[2026-07-18T04:18:01+00:00] === start ===
[2026-07-18T04:18:02+00:00] Sheet rows: 11, month headers: 2
[2026-07-18T04:18:02+00:00] Columns: {"Тусюк":"B","Муха":"C","Козлянко":"D","Юрченков":"E"}
[2026-07-18T04:18:02+00:00] Tech users: {"57":"Тусюк","65":"Козлянко","67":"Муха","71":"Юрченков"}
[2026-07-18T04:18:02+00:00] Sync window: 2026-07-01 → 2026-09-30
[2026-07-18T04:18:03+00:00] Bookings from calendar: 2
[2026-07-18T04:18:03+00:00] Active deals: 169
[2026-07-18T04:18:03+00:00] Assignments: 2
[2026-07-18T04:18:03+00:00] Link colors: green=62, to-check=0
[2026-07-18T04:18:04+00:00] Cells updated: 2 (clear=0, write=2)
[2026-07-18T04:18:04+00:00] State saved
[2026-07-18T04:18:04+00:00] === end (3.1s) ===
[2026-07-18T04:20:01+00:00] === start ===
[2026-07-18T04:20:02+00:00] Sheet rows: 11, month headers: 2
[2026-07-18T04:20:02+00:00] Columns: {"Тусюк":"B","Муха":"C","Козлянко":"D","Юрченков":"E"}
[2026-07-18T04:20:02+00:00] Tech users: {"57":"Тусюк","65":"Козлянко","67":"Муха","71":"Юрченков"}
[2026-07-18T04:20:02+00:00] Sync window: 2026-07-01 → 2026-09-30
[2026-07-18T04:20:03+00:00] Bookings from calendar: 2
[2026-07-18T04:20:04+00:00] Active deals: 169
[2026-07-18T04:20:04+00:00] Assignments: 2
[2026-07-18T04:20:04+00:00] Link colors: green=62, to-check=0
[2026-07-18T04:20:04+00:00] Cells updated: 2 (clear=0, write=2)
[2026-07-18T04:20:04+00:00] State saved
[2026-07-18T04:20:04+00:00] === end (2.84s) ===
[2026-07-18T04:22:01+00:00] === start ===
[2026-07-18T04:22:02+00:00] Sheet rows: 11, month headers: 2
[2026-07-18T04:22:02+00:00] Columns: {"Тусюк":"B","Муха":"C","Козлянко":"D","Юрченков":"E"}
[2026-07-18T04:22:02+00:00] Tech users: {"57":"Тусюк","65":"Козлянко","67":"Муха","71":"Юрченков"}
[2026-07-18T04:22:02+00:00] Sync window: 2026-07-01 → 2026-09-30
[2026-07-18T04:22:03+00:00] Bookings from calendar: 2
[2026-07-18T04:22:03+00:00] Active deals: 169
[2026-07-18T04:22:03+00:00] Assignments: 2
[2026-07-18T04:22:03+00:00] Link colors: green=62, to-check=0
[2026-07-18T04:22:04+00:00] Cells updated: 2 (clear=0, write=2)
[2026-07-18T04:22:04+00:00] State saved
[2026-07-18T04:22:04+00:00] === end (2.84s) ===
[2026-07-18T04:24:01+00:00] === start ===
[2026-07-18T04:24:02+00:00] Sheet rows: 11, month headers: 2
[2026-07-18T04:24:02+00:00] Columns: {"Тусюк":"B","Муха":"C","Козлянко":"D","Юрченков":"E"}
[2026-07-18T04:24:02+00:00] Tech users: {"57":"Тусюк","65":"Козлянко","67":"Муха","71":"Юрченков"}
[2026-07-18T04:24:02+00:00] Sync window: 2026-07-01 → 2026-09-30
[2026-07-18T04:24:03+00:00] Bookings from calendar: 2
[2026-07-18T04:24:03+00:00] Active deals: 169
[2026-07-18T04:24:03+00:00] Assignments: 2
[2026-07-18T04:24:03+00:00] Link colors: green=62, to-check=0
[2026-07-18T04:24:04+00:00] Cells updated: 2 (clear=0, write=2)
[2026-07-18T04:24:04+00:00] State saved
[2026-07-18T04:24:04+00:00] === end (2.68s) ===
[2026-07-18T04:26:01+00:00] === start ===
[2026-07-18T04:26:01+00:00] Sheet rows: 11, month headers: 2
[2026-07-18T04:26:02+00:00] Columns: {"Тусюк":"B","Муха":"C","Козлянко":"D","Юрченков":"E"}
[2026-07-18T04:26:02+00:00] Tech users: {"57":"Тусюк","65":"Козлянко","67":"Муха","71":"Юрченков"}
[2026-07-18T04:26:02+00:00] Sync window: 2026-07-01 → 2026-09-30
[2026-07-18T04:26:02+00:00] Bookings from calendar: 2
[2026-07-18T04:26:03+00:00] Active deals: 169
[2026-07-18T04:26:03+00:00] Assignments: 2
[2026-07-18T04:26:03+00:00] Link colors: green=62, to-check=0
[2026-07-18T04:26:03+00:00] Cells updated: 2 (clear=0, write=2)
[2026-07-18T04:26:03+00:00] State saved
[2026-07-18T04:26:03+00:00] === end (2.57s) ===
[2026-07-18T04:28:02+00:00] === start ===
[2026-07-18T04:28:02+00:00] Sheet rows: 11, month headers: 2
[2026-07-18T04:28:02+00:00] Columns: {"Тусюк":"B","Муха":"C","Козлянко":"D","Юрченков":"E"}
[2026-07-18T04:28:02+00:00] Tech users: {"57":"Тусюк","65":"Козлянко","67":"Муха","71":"Юрченков"}
[2026-07-18T04:28:02+00:00] Sync window: 2026-07-01 → 2026-09-30
[2026-07-18T04:28:03+00:00] Bookings from calendar: 2
[2026-07-18T04:28:04+00:00] Active deals: 169
[2026-07-18T04:28:04+00:00] Assignments: 2
[2026-07-18T04:28:04+00:00] Link colors: green=62, to-check=0
[2026-07-18T04:28:04+00:00] Cells updated: 2 (clear=0, write=2)
[2026-07-18T04:28:04+00:00] State saved
[2026-07-18T04:28:04+00:00] === end (2.83s) ===
[2026-07-18T04:30:01+00:00] === start ===
[2026-07-18T04:30:02+00:00] Sheet rows: 11, month headers: 2
[2026-07-18T04:30:02+00:00] Columns: {"Тусюк":"B","Муха":"C","Козлянко":"D","Юрченков":"E"}
[2026-07-18T04:30:02+00:00] Tech users: {"57":"Тусюк","65":"Козлянко","67":"Муха","71":"Юрченков"}
[2026-07-18T04:30:02+00:00] Sync window: 2026-07-01 → 2026-09-30
[2026-07-18T04:30:03+00:00] Bookings from calendar: 2
[2026-07-18T04:30:03+00:00] Active deals: 169
[2026-07-18T04:30:03+00:00] Assignments: 2
[2026-07-18T04:30:03+00:00] Link colors: green=62, to-check=0
[2026-07-18T04:30:04+00:00] Cells updated: 2 (clear=0, write=2)
[2026-07-18T04:30:04+00:00] State saved
[2026-07-18T04:30:04+00:00] === end (2.67s) ===
[2026-07-18T04:32:01+00:00] === start ===
[2026-07-18T04:32:01+00:00] Sheet rows: 11, month headers: 2
[2026-07-18T04:32:02+00:00] Columns: {"Тусюк":"B","Муха":"C","Козлянко":"D","Юрченков":"E"}
[2026-07-18T04:32:02+00:00] Tech users: {"57":"Тусюк","65":"Козлянко","67":"Муха","71":"Юрченков"}
[2026-07-18T04:32:02+00:00] Sync window: 2026-07-01 → 2026-09-30
[2026-07-18T04:32:02+00:00] Bookings from calendar: 2
[2026-07-18T04:32:03+00:00] Active deals: 169
[2026-07-18T04:32:03+00:00] Assignments: 2
[2026-07-18T04:32:03+00:00] Link colors: green=62, to-check=0
[2026-07-18T04:32:04+00:00] Cells updated: 2 (clear=0, write=2)
[2026-07-18T04:32:04+00:00] State saved
[2026-07-18T04:32:04+00:00] === end (2.51s) ===
[2026-07-18T04:34:01+00:00] === start ===
[2026-07-18T04:34:01+00:00] Sheet rows: 11, month headers: 2
[2026-07-18T04:34:01+00:00] Columns: {"Тусюк":"B","Муха":"C","Козлянко":"D","Юрченков":"E"}
[2026-07-18T04:34:01+00:00] Tech users: {"57":"Тусюк","65":"Козлянко","67":"Муха","71":"Юрченков"}
[2026-07-18T04:34:01+00:00] Sync window: 2026-07-01 → 2026-09-30
[2026-07-18T04:34:02+00:00] Bookings from calendar: 2
[2026-07-18T04:34:03+00:00] Active deals: 169
[2026-07-18T04:34:03+00:00] Assignments: 2
[2026-07-18T04:34:03+00:00] Link colors: green=62, to-check=0
[2026-07-18T04:34:03+00:00] Cells updated: 2 (clear=0, write=2)
[2026-07-18T04:34:03+00:00] State saved
[2026-07-18T04:34:03+00:00] === end (2.52s) ===
[2026-07-18T04:36:01+00:00] === start ===
[2026-07-18T04:36:02+00:00] Sheet rows: 11, month headers: 2
[2026-07-18T04:36:02+00:00] Columns: {"Тусюк":"B","Муха":"C","Козлянко":"D","Юрченков":"E"}
[2026-07-18T04:36:02+00:00] Tech users: {"57":"Тусюк","65":"Козлянко","67":"Муха","71":"Юрченков"}
[2026-07-18T04:36:02+00:00] Sync window: 2026-07-01 → 2026-09-30
[2026-07-18T04:36:03+00:00] Bookings from calendar: 2
[2026-07-18T04:36:04+00:00] Active deals: 169
[2026-07-18T04:36:04+00:00] Assignments: 2
[2026-07-18T04:36:04+00:00] Link colors: green=62, to-check=0
[2026-07-18T04:36:05+00:00] Cells updated: 2 (clear=0, write=2)
[2026-07-18T04:36:05+00:00] State saved
[2026-07-18T04:36:05+00:00] === end (3.41s) ===
[2026-07-18T04:38:01+00:00] === start ===
[2026-07-18T04:38:01+00:00] Sheet rows: 11, month headers: 2
[2026-07-18T04:38:01+00:00] Columns: {"Тусюк":"B","Муха":"C","Козлянко":"D","Юрченков":"E"}
[2026-07-18T04:38:02+00:00] Tech users: {"57":"Тусюк","65":"Козлянко","67":"Муха","71":"Юрченков"}
[2026-07-18T04:38:02+00:00] Sync window: 2026-07-01 → 2026-09-30
[2026-07-18T04:38:02+00:00] Bookings from calendar: 2
[2026-07-18T04:38:03+00:00] Active deals: 169
[2026-07-18T04:38:03+00:00] Assignments: 2
[2026-07-18T04:38:03+00:00] Link colors: green=62, to-check=0
[2026-07-18T04:38:03+00:00] Cells updated: 2 (clear=0, write=2)
[2026-07-18T04:38:03+00:00] State saved
[2026-07-18T04:38:03+00:00] === end (2.67s) ===
[2026-07-18T04:40:01+00:00] === start ===
[2026-07-18T04:40:01+00:00] Sheet rows: 11, month headers: 2
[2026-07-18T04:40:01+00:00] Columns: {"Тусюк":"B","Муха":"C","Козлянко":"D","Юрченков":"E"}
[2026-07-18T04:40:01+00:00] Tech users: {"57":"Тусюк","65":"Козлянко","67":"Муха","71":"Юрченков"}
[2026-07-18T04:40:01+00:00] Sync window: 2026-07-01 → 2026-09-30
[2026-07-18T04:40:02+00:00] Bookings from calendar: 2
[2026-07-18T04:40:03+00:00] Active deals: 169
[2026-07-18T04:40:03+00:00] Assignments: 2
[2026-07-18T04:40:03+00:00] Link colors: green=62, to-check=0
[2026-07-18T04:40:03+00:00] Cells updated: 2 (clear=0, write=2)
[2026-07-18T04:40:03+00:00] State saved
[2026-07-18T04:40:03+00:00] === end (2.78s) ===
[2026-07-18T04:42:01+00:00] === start ===
[2026-07-18T04:42:02+00:00] Sheet rows: 11, month headers: 2
[2026-07-18T04:42:02+00:00] Columns: {"Тусюк":"B","Муха":"C","Козлянко":"D","Юрченков":"E"}
[2026-07-18T04:42:02+00:00] Tech users: {"57":"Тусюк","65":"Козлянко","67":"Муха","71":"Юрченков"}
[2026-07-18T04:42:02+00:00] Sync window: 2026-07-01 → 2026-09-30
[2026-07-18T04:42:03+00:00] Bookings from calendar: 2
[2026-07-18T04:42:03+00:00] Active deals: 169
[2026-07-18T04:42:03+00:00] Assignments: 2
[2026-07-18T04:42:03+00:00] Link colors: green=62, to-check=0
[2026-07-18T04:42:04+00:00] Cells updated: 2 (clear=0, write=2)
[2026-07-18T04:42:04+00:00] State saved
[2026-07-18T04:42:04+00:00] === end (2.59s) ===
[2026-07-18T04:44:01+00:00] === start ===
[2026-07-18T04:44:01+00:00] Sheet rows: 11, month headers: 2
[2026-07-18T04:44:02+00:00] Columns: {"Тусюк":"B","Муха":"C","Козлянко":"D","Юрченков":"E"}
[2026-07-18T04:44:02+00:00] Tech users: {"57":"Тусюк","65":"Козлянко","67":"Муха","71":"Юрченков"}
[2026-07-18T04:44:02+00:00] Sync window: 2026-07-01 → 2026-09-30
[2026-07-18T04:44:02+00:00] Bookings from calendar: 2
[2026-07-18T04:44:03+00:00] Active deals: 169
[2026-07-18T04:44:03+00:00] Assignments: 2
[2026-07-18T04:44:03+00:00] Link colors: green=62, to-check=0
[2026-07-18T04:44:04+00:00] Cells updated: 2 (clear=0, write=2)
[2026-07-18T04:44:04+00:00] State saved
[2026-07-18T04:44:04+00:00] === end (2.52s) ===
[2026-07-18T04:46:01+00:00] === start ===
[2026-07-18T04:46:02+00:00] Sheet rows: 11, month headers: 2
[2026-07-18T04:46:02+00:00] Columns: {"Тусюк":"B","Муха":"C","Козлянко":"D","Юрченков":"E"}
[2026-07-18T04:46:02+00:00] Tech users: {"57":"Тусюк","65":"Козлянко","67":"Муха","71":"Юрченков"}
[2026-07-18T04:46:02+00:00] Sync window: 2026-07-01 → 2026-09-30
[2026-07-18T04:46:03+00:00] Bookings from calendar: 2
[2026-07-18T04:46:03+00:00] Active deals: 169
[2026-07-18T04:46:03+00:00] Assignments: 2
[2026-07-18T04:46:03+00:00] Link colors: green=62, to-check=0
[2026-07-18T04:46:04+00:00] Cells updated: 2 (clear=0, write=2)
[2026-07-18T04:46:04+00:00] State saved
[2026-07-18T04:46:04+00:00] === end (2.61s) ===
[2026-07-18T04:48:01+00:00] === start ===
[2026-07-18T04:48:01+00:00] Sheet rows: 11, month headers: 2
[2026-07-18T04:48:02+00:00] Columns: {"Тусюк":"B","Муха":"C","Козлянко":"D","Юрченков":"E"}
[2026-07-18T04:48:02+00:00] Tech users: {"57":"Тусюк","65":"Козлянко","67":"Муха","71":"Юрченков"}
[2026-07-18T04:48:02+00:00] Sync window: 2026-07-01 → 2026-09-30
[2026-07-18T04:48:03+00:00] Bookings from calendar: 2
[2026-07-18T04:48:03+00:00] Active deals: 169
[2026-07-18T04:48:03+00:00] Assignments: 2
[2026-07-18T04:48:03+00:00] Link colors: green=62, to-check=0
[2026-07-18T04:48:04+00:00] Cells updated: 2 (clear=0, write=2)
[2026-07-18T04:48:04+00:00] State saved
[2026-07-18T04:48:04+00:00] === end (2.81s) ===
[2026-07-18T04:50:01+00:00] === start ===
[2026-07-18T04:50:01+00:00] Sheet rows: 11, month headers: 2
[2026-07-18T04:50:02+00:00] Columns: {"Тусюк":"B","Муха":"C","Козлянко":"D","Юрченков":"E"}
[2026-07-18T04:50:02+00:00] Tech users: {"57":"Тусюк","65":"Козлянко","67":"Муха","71":"Юрченков"}
[2026-07-18T04:50:02+00:00] Sync window: 2026-07-01 → 2026-09-30
[2026-07-18T04:50:02+00:00] Bookings from calendar: 2
[2026-07-18T04:50:03+00:00] Active deals: 169
[2026-07-18T04:50:03+00:00] Assignments: 2
[2026-07-18T04:50:03+00:00] Link colors: green=62, to-check=0
[2026-07-18T04:50:04+00:00] Cells updated: 2 (clear=0, write=2)
[2026-07-18T04:50:04+00:00] State saved
[2026-07-18T04:50:04+00:00] === end (2.88s) ===
[2026-07-18T04:52:01+00:00] === start ===
[2026-07-18T04:52:01+00:00] Sheet rows: 11, month headers: 2
[2026-07-18T04:52:01+00:00] Columns: {"Тусюк":"B","Муха":"C","Козлянко":"D","Юрченков":"E"}
[2026-07-18T04:52:02+00:00] Tech users: {"57":"Тусюк","65":"Козлянко","67":"Муха","71":"Юрченков"}
[2026-07-18T04:52:02+00:00] Sync window: 2026-07-01 → 2026-09-30
[2026-07-18T04:52:02+00:00] Bookings from calendar: 2
[2026-07-18T04:52:03+00:00] Active deals: 169
[2026-07-18T04:52:03+00:00] Assignments: 2
[2026-07-18T04:52:03+00:00] Link colors: green=62, to-check=0
[2026-07-18T04:52:04+00:00] Cells updated: 2 (clear=0, write=2)
[2026-07-18T04:52:04+00:00] State saved
[2026-07-18T04:52:04+00:00] === end (2.83s) ===
[2026-07-18T04:54:01+00:00] === start ===
[2026-07-18T04:54:01+00:00] Sheet rows: 11, month headers: 2
[2026-07-18T04:54:01+00:00] Columns: {"Тусюк":"B","Муха":"C","Козлянко":"D","Юрченков":"E"}
[2026-07-18T04:54:02+00:00] Tech users: {"57":"Тусюк","65":"Козлянко","67":"Муха","71":"Юрченков"}
[2026-07-18T04:54:02+00:00] Sync window: 2026-07-01 → 2026-09-30
[2026-07-18T04:54:02+00:00] Bookings from calendar: 2
[2026-07-18T04:54:03+00:00] Active deals: 169
[2026-07-18T04:54:03+00:00] Assignments: 2
[2026-07-18T04:54:03+00:00] Link colors: green=62, to-check=0
[2026-07-18T04:54:03+00:00] Cells updated: 2 (clear=0, write=2)
[2026-07-18T04:54:03+00:00] State saved
[2026-07-18T04:54:03+00:00] === end (2.76s) ===
[2026-07-18T04:56:01+00:00] === start ===
[2026-07-18T04:56:01+00:00] Sheet rows: 11, month headers: 2
[2026-07-18T04:56:01+00:00] Columns: {"Тусюк":"B","Муха":"C","Козлянко":"D","Юрченков":"E"}
[2026-07-18T04:56:01+00:00] Tech users: {"57":"Тусюк","65":"Козлянко","67":"Муха","71":"Юрченков"}
[2026-07-18T04:56:01+00:00] Sync window: 2026-07-01 → 2026-09-30
[2026-07-18T04:56:02+00:00] Bookings from calendar: 2
[2026-07-18T04:56:02+00:00] Active deals: 169
[2026-07-18T04:56:02+00:00] Assignments: 2
[2026-07-18T04:56:02+00:00] Link colors: green=62, to-check=0
[2026-07-18T04:56:03+00:00] Cells updated: 2 (clear=0, write=2)
[2026-07-18T04:56:03+00:00] State saved
[2026-07-18T04:56:03+00:00] === end (2.5s) ===
[2026-07-18T04:58:01+00:00] === start ===
[2026-07-18T04:58:02+00:00] Sheet rows: 11, month headers: 2
[2026-07-18T04:58:02+00:00] Columns: {"Тусюк":"B","Муха":"C","Козлянко":"D","Юрченков":"E"}
[2026-07-18T04:58:02+00:00] Tech users: {"57":"Тусюк","65":"Козлянко","67":"Муха","71":"Юрченков"}
[2026-07-18T04:58:02+00:00] Sync window: 2026-07-01 → 2026-09-30
[2026-07-18T04:58:03+00:00] Bookings from calendar: 2
[2026-07-18T04:58:03+00:00] Active deals: 169
[2026-07-18T04:58:03+00:00] Assignments: 2
[2026-07-18T04:58:03+00:00] Link colors: green=62, to-check=0
[2026-07-18T04:58:04+00:00] Cells updated: 2 (clear=0, write=2)
[2026-07-18T04:58:04+00:00] State saved
[2026-07-18T04:58:04+00:00] === end (2.58s) ===
[2026-07-18T05:00:01+00:00] === start ===
[2026-07-18T05:00:01+00:00] Sheet rows: 11, month headers: 2
[2026-07-18T05:00:02+00:00] Columns: {"Тусюк":"B","Муха":"C","Козлянко":"D","Юрченков":"E"}
[2026-07-18T05:00:02+00:00] Tech users: {"57":"Тусюк","65":"Козлянко","67":"Муха","71":"Юрченков"}
[2026-07-18T05:00:02+00:00] Sync window: 2026-07-01 → 2026-09-30
[2026-07-18T05:00:02+00:00] Bookings from calendar: 2
[2026-07-18T05:00:03+00:00] Active deals: 169
[2026-07-18T05:00:03+00:00] Assignments: 2
[2026-07-18T05:00:03+00:00] Link colors: green=62, to-check=0
[2026-07-18T05:00:04+00:00] Cells updated: 2 (clear=0, write=2)
[2026-07-18T05:00:04+00:00] State saved
[2026-07-18T05:00:04+00:00] === end (3.09s) ===
[2026-07-18T05:02:01+00:00] === start ===
[2026-07-18T05:02:01+00:00] Sheet rows: 11, month headers: 2
[2026-07-18T05:02:02+00:00] Columns: {"Тусюк":"B","Муха":"C","Козлянко":"D","Юрченков":"E"}
[2026-07-18T05:02:02+00:00] Tech users: {"57":"Тусюк","65":"Козлянко","67":"Муха","71":"Юрченков"}
[2026-07-18T05:02:02+00:00] Sync window: 2026-07-01 → 2026-09-30
[2026-07-18T05:02:02+00:00] Bookings from calendar: 2
[2026-07-18T05:02:03+00:00] Active deals: 169
[2026-07-18T05:02:03+00:00] Assignments: 2
[2026-07-18T05:02:03+00:00] Link colors: green=62, to-check=0
[2026-07-18T05:02:04+00:00] Cells updated: 2 (clear=0, write=2)
[2026-07-18T05:02:04+00:00] State saved
[2026-07-18T05:02:04+00:00] === end (2.64s) ===
[2026-07-18T05:04:01+00:00] === start ===
[2026-07-18T05:04:01+00:00] Sheet rows: 11, month headers: 2
[2026-07-18T05:04:01+00:00] Columns: {"Тусюк":"B","Муха":"C","Козлянко":"D","Юрченков":"E"}
[2026-07-18T05:04:01+00:00] Tech users: {"57":"Тусюк","65":"Козлянко","67":"Муха","71":"Юрченков"}
[2026-07-18T05:04:01+00:00] Sync window: 2026-07-01 → 2026-09-30
[2026-07-18T05:04:02+00:00] Bookings from calendar: 2
[2026-07-18T05:04:03+00:00] Active deals: 169
[2026-07-18T05:04:03+00:00] Assignments: 2
[2026-07-18T05:04:03+00:00] Link colors: green=62, to-check=0
[2026-07-18T05:04:03+00:00] Cells updated: 2 (clear=0, write=2)
[2026-07-18T05:04:03+00:00] State saved
[2026-07-18T05:04:03+00:00] === end (2.52s) ===
[2026-07-18T05:06:01+00:00] === start ===
[2026-07-18T05:06:02+00:00] Sheet rows: 11, month headers: 2
[2026-07-18T05:06:02+00:00] Columns: {"Тусюк":"B","Муха":"C","Козлянко":"D","Юрченков":"E"}
[2026-07-18T05:06:02+00:00] Tech users: {"57":"Тусюк","65":"Козлянко","67":"Муха","71":"Юрченков"}
[2026-07-18T05:06:02+00:00] Sync window: 2026-07-01 → 2026-09-30
[2026-07-18T05:06:03+00:00] Bookings from calendar: 2
[2026-07-18T05:06:03+00:00] Active deals: 169
[2026-07-18T05:06:03+00:00] Assignments: 2
[2026-07-18T05:06:03+00:00] Link colors: green=62, to-check=0
[2026-07-18T05:06:04+00:00] Cells updated: 2 (clear=0, write=2)
[2026-07-18T05:06:04+00:00] State saved
[2026-07-18T05:06:04+00:00] === end (2.49s) ===
[2026-07-18T05:08:01+00:00] === start ===
[2026-07-18T05:08:01+00:00] Sheet rows: 11, month headers: 2
[2026-07-18T05:08:01+00:00] Columns: {"Тусюк":"B","Муха":"C","Козлянко":"D","Юрченков":"E"}
[2026-07-18T05:08:02+00:00] Tech users: {"57":"Тусюк","65":"Козлянко","67":"Муха","71":"Юрченков"}
[2026-07-18T05:08:02+00:00] Sync window: 2026-07-01 → 2026-09-30
[2026-07-18T05:08:02+00:00] Bookings from calendar: 2
[2026-07-18T05:08:03+00:00] Active deals: 169
[2026-07-18T05:08:03+00:00] Assignments: 2
[2026-07-18T05:08:03+00:00] Link colors: green=62, to-check=0
[2026-07-18T05:08:03+00:00] Cells updated: 2 (clear=0, write=2)
[2026-07-18T05:08:03+00:00] State saved
[2026-07-18T05:08:03+00:00] === end (2.57s) ===
[2026-07-18T05:10:01+00:00] === start ===
[2026-07-18T05:10:02+00:00] Sheet rows: 11, month headers: 2
[2026-07-18T05:10:02+00:00] Columns: {"Тусюк":"B","Муха":"C","Козлянко":"D","Юрченков":"E"}
[2026-07-18T05:10:03+00:00] Tech users: {"57":"Тусюк","65":"Козлянко","67":"Муха","71":"Юрченков"}
[2026-07-18T05:10:03+00:00] Sync window: 2026-07-01 → 2026-09-30
[2026-07-18T05:10:03+00:00] Bookings from calendar: 2
[2026-07-18T05:10:04+00:00] Active deals: 169
[2026-07-18T05:10:04+00:00] Assignments: 2
[2026-07-18T05:10:04+00:00] Link colors: green=62, to-check=0
[2026-07-18T05:10:04+00:00] Cells updated: 2 (clear=0, write=2)
[2026-07-18T05:10:04+00:00] State saved
[2026-07-18T05:10:04+00:00] === end (2.93s) ===
[2026-07-18T05:12:01+00:00] === start ===
[2026-07-18T05:12:02+00:00] Sheet rows: 11, month headers: 2
[2026-07-18T05:12:02+00:00] Columns: {"Тусюк":"B","Муха":"C","Козлянко":"D","Юрченков":"E"}
[2026-07-18T05:12:02+00:00] Tech users: {"57":"Тусюк","65":"Козлянко","67":"Муха","71":"Юрченков"}
[2026-07-18T05:12:02+00:00] Sync window: 2026-07-01 → 2026-09-30
[2026-07-18T05:12:03+00:00] Bookings from calendar: 2
[2026-07-18T05:12:04+00:00] Active deals: 169
[2026-07-18T05:12:04+00:00] Assignments: 2
[2026-07-18T05:12:04+00:00] Link colors: green=62, to-check=0
[2026-07-18T05:12:04+00:00] Cells updated: 2 (clear=0, write=2)
[2026-07-18T05:12:04+00:00] State saved
[2026-07-18T05:12:04+00:00] === end (2.68s) ===
[2026-07-18T05:14:01+00:00] === start ===
[2026-07-18T05:14:02+00:00] Sheet rows: 11, month headers: 2
[2026-07-18T05:14:02+00:00] Columns: {"Тусюк":"B","Муха":"C","Козлянко":"D","Юрченков":"E"}
[2026-07-18T05:14:02+00:00] Tech users: {"57":"Тусюк","65":"Козлянко","67":"Муха","71":"Юрченков"}
[2026-07-18T05:14:02+00:00] Sync window: 2026-07-01 → 2026-09-30
[2026-07-18T05:14:03+00:00] Bookings from calendar: 2
[2026-07-18T05:14:03+00:00] Active deals: 169
[2026-07-18T05:14:03+00:00] Assignments: 2
[2026-07-18T05:14:03+00:00] Link colors: green=62, to-check=0
[2026-07-18T05:14:04+00:00] Cells updated: 2 (clear=0, write=2)
[2026-07-18T05:14:04+00:00] State saved
[2026-07-18T05:14:04+00:00] === end (2.69s) ===
[2026-07-18T05:16:01+00:00] === start ===
[2026-07-18T05:16:02+00:00] Sheet rows: 11, month headers: 2
[2026-07-18T05:16:02+00:00] Columns: {"Тусюк":"B","Муха":"C","Козлянко":"D","Юрченков":"E"}
[2026-07-18T05:16:02+00:00] Tech users: {"57":"Тусюк","65":"Козлянко","67":"Муха","71":"Юрченков"}
[2026-07-18T05:16:02+00:00] Sync window: 2026-07-01 → 2026-09-30
[2026-07-18T05:16:03+00:00] Bookings from calendar: 2
[2026-07-18T05:16:03+00:00] Active deals: 169
[2026-07-18T05:16:03+00:00] Assignments: 2
[2026-07-18T05:16:03+00:00] Link colors: green=62, to-check=0
[2026-07-18T05:16:04+00:00] Cells updated: 2 (clear=0, write=2)
[2026-07-18T05:16:04+00:00] State saved
[2026-07-18T05:16:04+00:00] === end (2.57s) ===
[2026-07-18T05:18:01+00:00] === start ===
[2026-07-18T05:18:01+00:00] Sheet rows: 11, month headers: 2
[2026-07-18T05:18:02+00:00] Columns: {"Тусюк":"B","Муха":"C","Козлянко":"D","Юрченков":"E"}
[2026-07-18T05:18:02+00:00] Tech users: {"57":"Тусюк","65":"Козлянко","67":"Муха","71":"Юрченков"}
[2026-07-18T05:18:02+00:00] Sync window: 2026-07-01 → 2026-09-30
[2026-07-18T05:18:03+00:00] Bookings from calendar: 2
[2026-07-18T05:18:03+00:00] Active deals: 169
[2026-07-18T05:18:03+00:00] Assignments: 2
[2026-07-18T05:18:03+00:00] Link colors: green=62, to-check=0
[2026-07-18T05:18:04+00:00] Cells updated: 2 (clear=0, write=2)
[2026-07-18T05:18:04+00:00] State saved
[2026-07-18T05:18:04+00:00] === end (2.97s) ===
[2026-07-18T05:20:01+00:00] === start ===
[2026-07-18T05:20:01+00:00] Sheet rows: 11, month headers: 2
[2026-07-18T05:20:02+00:00] Columns: {"Тусюк":"B","Муха":"C","Козлянко":"D","Юрченков":"E"}
[2026-07-18T05:20:02+00:00] Tech users: {"57":"Тусюк","65":"Козлянко","67":"Муха","71":"Юрченков"}
[2026-07-18T05:20:02+00:00] Sync window: 2026-07-01 → 2026-09-30
[2026-07-18T05:20:02+00:00] Bookings from calendar: 2
[2026-07-18T05:20:03+00:00] Active deals: 169
[2026-07-18T05:20:03+00:00] Assignments: 2
[2026-07-18T05:20:03+00:00] Link colors: green=62, to-check=0
[2026-07-18T05:20:04+00:00] Cells updated: 2 (clear=0, write=2)
[2026-07-18T05:20:04+00:00] State saved
[2026-07-18T05:20:04+00:00] === end (2.7s) ===
[2026-07-18T05:22:01+00:00] === start ===
[2026-07-18T05:22:01+00:00] Sheet rows: 11, month headers: 2
[2026-07-18T05:22:01+00:00] Columns: {"Тусюк":"B","Муха":"C","Козлянко":"D","Юрченков":"E"}
[2026-07-18T05:22:01+00:00] Tech users: {"57":"Тусюк","65":"Козлянко","67":"Муха","71":"Юрченков"}
[2026-07-18T05:22:01+00:00] Sync window: 2026-07-01 → 2026-09-30
[2026-07-18T05:22:02+00:00] Bookings from calendar: 2
[2026-07-18T05:22:03+00:00] Active deals: 169
[2026-07-18T05:22:03+00:00] Assignments: 2
[2026-07-18T05:22:03+00:00] Link colors: green=62, to-check=0
[2026-07-18T05:22:03+00:00] Cells updated: 2 (clear=0, write=2)
[2026-07-18T05:22:03+00:00] State saved
[2026-07-18T05:22:03+00:00] === end (2.47s) ===
[2026-07-18T05:24:01+00:00] === start ===
[2026-07-18T05:24:02+00:00] Sheet rows: 11, month headers: 2
[2026-07-18T05:24:02+00:00] Columns: {"Тусюк":"B","Муха":"C","Козлянко":"D","Юрченков":"E"}
[2026-07-18T05:24:02+00:00] Tech users: {"57":"Тусюк","65":"Козлянко","67":"Муха","71":"Юрченков"}
[2026-07-18T05:24:02+00:00] Sync window: 2026-07-01 → 2026-09-30
[2026-07-18T05:24:03+00:00] Bookings from calendar: 2
[2026-07-18T05:24:03+00:00] Active deals: 169
[2026-07-18T05:24:03+00:00] Assignments: 2
[2026-07-18T05:24:03+00:00] Link colors: green=62, to-check=0
[2026-07-18T05:24:04+00:00] Cells updated: 2 (clear=0, write=2)
[2026-07-18T05:24:04+00:00] State saved
[2026-07-18T05:24:04+00:00] === end (2.47s) ===
[2026-07-18T05:26:01+00:00] === start ===
[2026-07-18T05:26:01+00:00] Sheet rows: 11, month headers: 2
[2026-07-18T05:26:01+00:00] Columns: {"Тусюк":"B","Муха":"C","Козлянко":"D","Юрченков":"E"}
[2026-07-18T05:26:02+00:00] Tech users: {"57":"Тусюк","65":"Козлянко","67":"Муха","71":"Юрченков"}
[2026-07-18T05:26:02+00:00] Sync window: 2026-07-01 → 2026-09-30
[2026-07-18T05:26:02+00:00] Bookings from calendar: 2
[2026-07-18T05:26:03+00:00] Active deals: 169
[2026-07-18T05:26:03+00:00] Assignments: 2
[2026-07-18T05:26:03+00:00] Link colors: green=62, to-check=0
[2026-07-18T05:26:03+00:00] Cells updated: 2 (clear=0, write=2)
[2026-07-18T05:26:03+00:00] State saved
[2026-07-18T05:26:03+00:00] === end (2.4s) ===
[2026-07-18T05:28:01+00:00] === start ===
[2026-07-18T05:28:02+00:00] Sheet rows: 11, month headers: 2
[2026-07-18T05:28:02+00:00] Columns: {"Тусюк":"B","Муха":"C","Козлянко":"D","Юрченков":"E"}
[2026-07-18T05:28:02+00:00] Tech users: {"57":"Тусюк","65":"Козлянко","67":"Муха","71":"Юрченков"}
[2026-07-18T05:28:02+00:00] Sync window: 2026-07-01 → 2026-09-30
[2026-07-18T05:28:02+00:00] Bookings from calendar: 2
[2026-07-18T05:28:03+00:00] Active deals: 169
[2026-07-18T05:28:03+00:00] Assignments: 2
[2026-07-18T05:28:03+00:00] Link colors: green=62, to-check=0
[2026-07-18T05:28:04+00:00] Cells updated: 2 (clear=0, write=2)
[2026-07-18T05:28:04+00:00] State saved
[2026-07-18T05:28:04+00:00] === end (2.41s) ===
[2026-07-18T05:30:01+00:00] === start ===
[2026-07-18T05:30:01+00:00] Sheet rows: 11, month headers: 2
[2026-07-18T05:30:01+00:00] Columns: {"Тусюк":"B","Муха":"C","Козлянко":"D","Юрченков":"E"}
[2026-07-18T05:30:02+00:00] Tech users: {"57":"Тусюк","65":"Козлянко","67":"Муха","71":"Юрченков"}
[2026-07-18T05:30:02+00:00] Sync window: 2026-07-01 → 2026-09-30
[2026-07-18T05:30:02+00:00] Bookings from calendar: 2
[2026-07-18T05:30:03+00:00] Active deals: 169
[2026-07-18T05:30:03+00:00] Assignments: 2
[2026-07-18T05:30:03+00:00] Link colors: green=62, to-check=0
[2026-07-18T05:30:04+00:00] Cells updated: 2 (clear=0, write=2)
[2026-07-18T05:30:04+00:00] State saved
[2026-07-18T05:30:04+00:00] === end (3s) ===
[2026-07-18T05:32:01+00:00] === start ===
[2026-07-18T05:32:01+00:00] Sheet rows: 11, month headers: 2
[2026-07-18T05:32:01+00:00] Columns: {"Тусюк":"B","Муха":"C","Козлянко":"D","Юрченков":"E"}
[2026-07-18T05:32:02+00:00] Tech users: {"57":"Тусюк","65":"Козлянко","67":"Муха","71":"Юрченков"}
[2026-07-18T05:32:02+00:00] Sync window: 2026-07-01 → 2026-09-30
[2026-07-18T05:32:02+00:00] Bookings from calendar: 2
[2026-07-18T05:32:03+00:00] Active deals: 169
[2026-07-18T05:32:03+00:00] Assignments: 2
[2026-07-18T05:32:03+00:00] Link colors: green=62, to-check=0
[2026-07-18T05:32:03+00:00] Cells updated: 2 (clear=0, write=2)
[2026-07-18T05:32:03+00:00] State saved
[2026-07-18T05:32:03+00:00] === end (2.45s) ===
[2026-07-18T05:34:01+00:00] === start ===
[2026-07-18T05:34:02+00:00] Sheet rows: 11, month headers: 2
[2026-07-18T05:34:02+00:00] Columns: {"Тусюк":"B","Муха":"C","Козлянко":"D","Юрченков":"E"}
[2026-07-18T05:34:02+00:00] Tech users: {"57":"Тусюк","65":"Козлянко","67":"Муха","71":"Юрченков"}
[2026-07-18T05:34:02+00:00] Sync window: 2026-07-01 → 2026-09-30
[2026-07-18T05:34:03+00:00] Bookings from calendar: 2
[2026-07-18T05:34:03+00:00] Active deals: 169
[2026-07-18T05:34:03+00:00] Assignments: 2
[2026-07-18T05:34:03+00:00] Link colors: green=62, to-check=0
[2026-07-18T05:34:04+00:00] Cells updated: 2 (clear=0, write=2)
[2026-07-18T05:34:04+00:00] State saved
[2026-07-18T05:34:04+00:00] === end (2.65s) ===
[2026-07-18T05:36:01+00:00] === start ===
[2026-07-18T05:36:01+00:00] Sheet rows: 11, month headers: 2
[2026-07-18T05:36:02+00:00] Columns: {"Тусюк":"B","Муха":"C","Козлянко":"D","Юрченков":"E"}
[2026-07-18T05:36:02+00:00] Tech users: {"57":"Тусюк","65":"Козлянко","67":"Муха","71":"Юрченков"}
[2026-07-18T05:36:02+00:00] Sync window: 2026-07-01 → 2026-09-30
[2026-07-18T05:36:02+00:00] Bookings from calendar: 2
[2026-07-18T05:36:03+00:00] Active deals: 169
[2026-07-18T05:36:03+00:00] Assignments: 2
[2026-07-18T05:36:03+00:00] Link colors: green=62, to-check=0
[2026-07-18T05:36:04+00:00] Cells updated: 2 (clear=0, write=2)
[2026-07-18T05:36:04+00:00] State saved
[2026-07-18T05:36:04+00:00] === end (2.64s) ===
[2026-07-18T05:38:01+00:00] === start ===
[2026-07-18T05:38:01+00:00] Sheet rows: 11, month headers: 2
[2026-07-18T05:38:01+00:00] Columns: {"Тусюк":"B","Муха":"C","Козлянко":"D","Юрченков":"E"}
[2026-07-18T05:38:01+00:00] Tech users: {"57":"Тусюк","65":"Козлянко","67":"Муха","71":"Юрченков"}
[2026-07-18T05:38:01+00:00] Sync window: 2026-07-01 → 2026-09-30
[2026-07-18T05:38:02+00:00] Bookings from calendar: 2
[2026-07-18T05:38:03+00:00] Active deals: 169
[2026-07-18T05:38:03+00:00] Assignments: 2
[2026-07-18T05:38:03+00:00] Link colors: green=62, to-check=0
[2026-07-18T05:38:04+00:00] Cells updated: 2 (clear=0, write=2)
[2026-07-18T05:38:04+00:00] State saved
[2026-07-18T05:38:04+00:00] === end (2.77s) ===
[2026-07-18T05:40:01+00:00] === start ===
[2026-07-18T05:40:01+00:00] Sheet rows: 11, month headers: 2
[2026-07-18T05:40:01+00:00] Columns: {"Тусюк":"B","Муха":"C","Козлянко":"D","Юрченков":"E"}
[2026-07-18T05:40:02+00:00] Tech users: {"57":"Тусюк","65":"Козлянко","67":"Муха","71":"Юрченков"}
[2026-07-18T05:40:02+00:00] Sync window: 2026-07-01 → 2026-09-30
[2026-07-18T05:40:02+00:00] Bookings from calendar: 2
[2026-07-18T05:40:03+00:00] Active deals: 169
[2026-07-18T05:40:03+00:00] Assignments: 2
[2026-07-18T05:40:03+00:00] Link colors: green=62, to-check=0
[2026-07-18T05:40:04+00:00] Cells updated: 2 (clear=0, write=2)
[2026-07-18T05:40:04+00:00] State saved
[2026-07-18T05:40:04+00:00] === end (3.02s) ===
[2026-07-18T05:42:01+00:00] === start ===
[2026-07-18T05:42:01+00:00] Sheet rows: 11, month headers: 2
[2026-07-18T05:42:01+00:00] Columns: {"Тусюк":"B","Муха":"C","Козлянко":"D","Юрченков":"E"}
[2026-07-18T05:42:02+00:00] Tech users: {"57":"Тусюк","65":"Козлянко","67":"Муха","71":"Юрченков"}
[2026-07-18T05:42:02+00:00] Sync window: 2026-07-01 → 2026-09-30
[2026-07-18T05:42:02+00:00] Bookings from calendar: 2
[2026-07-18T05:42:03+00:00] Active deals: 169
[2026-07-18T05:42:03+00:00] Assignments: 2
[2026-07-18T05:42:03+00:00] Link colors: green=62, to-check=0
[2026-07-18T05:42:03+00:00] Cells updated: 2 (clear=0, write=2)
[2026-07-18T05:42:03+00:00] State saved
[2026-07-18T05:42:03+00:00] === end (2.75s) ===
[2026-07-18T05:44:02+00:00] === start ===
[2026-07-18T05:44:02+00:00] Sheet rows: 11, month headers: 2
[2026-07-18T05:44:02+00:00] Columns: {"Тусюк":"B","Муха":"C","Козлянко":"D","Юрченков":"E"}
[2026-07-18T05:44:02+00:00] Tech users: {"57":"Тусюк","65":"Козлянко","67":"Муха","71":"Юрченков"}
[2026-07-18T05:44:02+00:00] Sync window: 2026-07-01 → 2026-09-30
[2026-07-18T05:44:03+00:00] Bookings from calendar: 2
[2026-07-18T05:44:03+00:00] Active deals: 169
[2026-07-18T05:44:03+00:00] Assignments: 2
[2026-07-18T05:44:03+00:00] Link colors: green=62, to-check=0
[2026-07-18T05:44:04+00:00] Cells updated: 2 (clear=0, write=2)
[2026-07-18T05:44:04+00:00] State saved
[2026-07-18T05:44:04+00:00] === end (2.93s) ===
[2026-07-18T05:46:01+00:00] === start ===
[2026-07-18T05:46:02+00:00] Sheet rows: 11, month headers: 2
[2026-07-18T05:46:02+00:00] Columns: {"Тусюк":"B","Муха":"C","Козлянко":"D","Юрченков":"E"}
[2026-07-18T05:46:02+00:00] Tech users: {"57":"Тусюк","65":"Козлянко","67":"Муха","71":"Юрченков"}
[2026-07-18T05:46:02+00:00] Sync window: 2026-07-01 → 2026-09-30
[2026-07-18T05:46:02+00:00] Bookings from calendar: 2
[2026-07-18T05:46:03+00:00] Active deals: 169
[2026-07-18T05:46:03+00:00] Assignments: 2
[2026-07-18T05:46:03+00:00] Link colors: green=62, to-check=0
[2026-07-18T05:46:04+00:00] Cells updated: 2 (clear=0, write=2)
[2026-07-18T05:46:04+00:00] State saved
[2026-07-18T05:46:04+00:00] === end (2.41s) ===
[2026-07-18T05:48:01+00:00] === start ===
[2026-07-18T05:48:01+00:00] Sheet rows: 11, month headers: 2
[2026-07-18T05:48:01+00:00] Columns: {"Тусюк":"B","Муха":"C","Козлянко":"D","Юрченков":"E"}
[2026-07-18T05:48:01+00:00] Tech users: {"57":"Тусюк","65":"Козлянко","67":"Муха","71":"Юрченков"}
[2026-07-18T05:48:01+00:00] Sync window: 2026-07-01 → 2026-09-30
[2026-07-18T05:48:02+00:00] Bookings from calendar: 2
[2026-07-18T05:48:03+00:00] Active deals: 169
[2026-07-18T05:48:03+00:00] Assignments: 2
[2026-07-18T05:48:03+00:00] Link colors: green=62, to-check=0
[2026-07-18T05:48:03+00:00] Cells updated: 2 (clear=0, write=2)
[2026-07-18T05:48:03+00:00] State saved
[2026-07-18T05:48:03+00:00] === end (2.45s) ===
[2026-07-18T05:50:01+00:00] === start ===
[2026-07-18T05:50:02+00:00] Sheet rows: 11, month headers: 2
[2026-07-18T05:50:02+00:00] Columns: {"Тусюк":"B","Муха":"C","Козлянко":"D","Юрченков":"E"}
[2026-07-18T05:50:02+00:00] Tech users: {"57":"Тусюк","65":"Козлянко","67":"Муха","71":"Юрченков"}
[2026-07-18T05:50:02+00:00] Sync window: 2026-07-01 → 2026-09-30
[2026-07-18T05:50:03+00:00] Bookings from calendar: 2
[2026-07-18T05:50:03+00:00] Active deals: 169
[2026-07-18T05:50:03+00:00] Assignments: 2
[2026-07-18T05:50:03+00:00] Link colors: green=62, to-check=0
[2026-07-18T05:50:04+00:00] Cells updated: 2 (clear=0, write=2)
[2026-07-18T05:50:04+00:00] State saved
[2026-07-18T05:50:04+00:00] === end (2.84s) ===
[2026-07-18T05:52:01+00:00] === start ===
[2026-07-18T05:52:01+00:00] Sheet rows: 11, month headers: 2
[2026-07-18T05:52:02+00:00] Columns: {"Тусюк":"B","Муха":"C","Козлянко":"D","Юрченков":"E"}
[2026-07-18T05:52:02+00:00] Tech users: {"57":"Тусюк","65":"Козлянко","67":"Муха","71":"Юрченков"}
[2026-07-18T05:52:02+00:00] Sync window: 2026-07-01 → 2026-09-30
[2026-07-18T05:52:02+00:00] Bookings from calendar: 2
[2026-07-18T05:52:03+00:00] Active deals: 169
[2026-07-18T05:52:03+00:00] Assignments: 2
[2026-07-18T05:52:03+00:00] Link colors: green=62, to-check=0
[2026-07-18T05:52:03+00:00] Cells updated: 2 (clear=0, write=2)
[2026-07-18T05:52:03+00:00] State saved
[2026-07-18T05:52:03+00:00] === end (2.38s) ===
[2026-07-18T05:54:02+00:00] === start ===
[2026-07-18T05:54:02+00:00] Sheet rows: 11, month headers: 2
[2026-07-18T05:54:02+00:00] Columns: {"Тусюк":"B","Муха":"C","Козлянко":"D","Юрченков":"E"}
[2026-07-18T05:54:02+00:00] Tech users: {"57":"Тусюк","65":"Козлянко","67":"Муха","71":"Юрченков"}
[2026-07-18T05:54:02+00:00] Sync window: 2026-07-01 → 2026-09-30
[2026-07-18T05:54:03+00:00] Bookings from calendar: 2
[2026-07-18T05:54:04+00:00] Active deals: 169
[2026-07-18T05:54:04+00:00] Assignments: 2
[2026-07-18T05:54:04+00:00] Link colors: green=62, to-check=0
[2026-07-18T05:54:04+00:00] Cells updated: 2 (clear=0, write=2)
[2026-07-18T05:54:04+00:00] State saved
[2026-07-18T05:54:04+00:00] === end (2.71s) ===
[2026-07-18T05:56:01+00:00] === start ===
[2026-07-18T05:56:02+00:00] Sheet rows: 11, month headers: 2
[2026-07-18T05:56:02+00:00] Columns: {"Тусюк":"B","Муха":"C","Козлянко":"D","Юрченков":"E"}
[2026-07-18T05:56:03+00:00] Tech users: {"57":"Тусюк","65":"Козлянко","67":"Муха","71":"Юрченков"}
[2026-07-18T05:56:03+00:00] Sync window: 2026-07-01 → 2026-09-30
[2026-07-18T05:56:03+00:00] Bookings from calendar: 2
[2026-07-18T05:56:04+00:00] Active deals: 169
[2026-07-18T05:56:04+00:00] Assignments: 2
[2026-07-18T05:56:04+00:00] Link colors: green=62, to-check=0
[2026-07-18T05:56:04+00:00] Cells updated: 2 (clear=0, write=2)
[2026-07-18T05:56:04+00:00] State saved
[2026-07-18T05:56:04+00:00] === end (3.05s) ===
[2026-07-18T05:58:01+00:00] === start ===
[2026-07-18T05:58:02+00:00] Sheet rows: 11, month headers: 2
[2026-07-18T05:58:02+00:00] Columns: {"Тусюк":"B","Муха":"C","Козлянко":"D","Юрченков":"E"}
[2026-07-18T05:58:02+00:00] Tech users: {"57":"Тусюк","65":"Козлянко","67":"Муха","71":"Юрченков"}
[2026-07-18T05:58:02+00:00] Sync window: 2026-07-01 → 2026-09-30
[2026-07-18T05:58:03+00:00] Bookings from calendar: 2
[2026-07-18T05:58:03+00:00] Active deals: 169
[2026-07-18T05:58:03+00:00] Assignments: 2
[2026-07-18T05:58:03+00:00] Link colors: green=62, to-check=0
[2026-07-18T05:58:04+00:00] Cells updated: 2 (clear=0, write=2)
[2026-07-18T05:58:04+00:00] State saved
[2026-07-18T05:58:04+00:00] === end (2.67s) ===
[2026-07-18T06:00:01+00:00] === start ===
[2026-07-18T06:00:02+00:00] Sheet rows: 11, month headers: 2
[2026-07-18T06:00:02+00:00] Columns: {"Тусюк":"B","Муха":"C","Козлянко":"D","Юрченков":"E"}
[2026-07-18T06:00:02+00:00] Tech users: {"57":"Тусюк","65":"Козлянко","67":"Муха","71":"Юрченков"}
[2026-07-18T06:00:02+00:00] Sync window: 2026-07-01 → 2026-09-30
[2026-07-18T06:00:03+00:00] Bookings from calendar: 2
[2026-07-18T06:00:03+00:00] Active deals: 169
[2026-07-18T06:00:03+00:00] Assignments: 2
[2026-07-18T06:00:03+00:00] Link colors: green=62, to-check=0
[2026-07-18T06:00:04+00:00] Cells updated: 2 (clear=0, write=2)
[2026-07-18T06:00:04+00:00] State saved
[2026-07-18T06:00:04+00:00] === end (2.73s) ===
[2026-07-18T06:02:01+00:00] === start ===
[2026-07-18T06:02:01+00:00] Sheet rows: 11, month headers: 2
[2026-07-18T06:02:02+00:00] Columns: {"Тусюк":"B","Муха":"C","Козлянко":"D","Юрченков":"E"}
[2026-07-18T06:02:02+00:00] Tech users: {"57":"Тусюк","65":"Козлянко","67":"Муха","71":"Юрченков"}
[2026-07-18T06:02:02+00:00] Sync window: 2026-07-01 → 2026-09-30
[2026-07-18T06:02:02+00:00] Bookings from calendar: 2
[2026-07-18T06:02:03+00:00] Active deals: 169
[2026-07-18T06:02:03+00:00] Assignments: 2
[2026-07-18T06:02:03+00:00] Link colors: green=62, to-check=0
[2026-07-18T06:02:04+00:00] Cells updated: 2 (clear=0, write=2)
[2026-07-18T06:02:04+00:00] State saved
[2026-07-18T06:02:04+00:00] === end (2.51s) ===
[2026-07-18T06:04:01+00:00] === start ===
[2026-07-18T06:04:01+00:00] Sheet rows: 11, month headers: 2
[2026-07-18T06:04:01+00:00] Columns: {"Тусюк":"B","Муха":"C","Козлянко":"D","Юрченков":"E"}
[2026-07-18T06:04:01+00:00] Tech users: {"57":"Тусюк","65":"Козлянко","67":"Муха","71":"Юрченков"}
[2026-07-18T06:04:01+00:00] Sync window: 2026-07-01 → 2026-09-30
[2026-07-18T06:04:02+00:00] Bookings from calendar: 2
[2026-07-18T06:04:03+00:00] Active deals: 169
[2026-07-18T06:04:03+00:00] Assignments: 2
[2026-07-18T06:04:03+00:00] Link colors: green=62, to-check=0
[2026-07-18T06:04:03+00:00] Cells updated: 2 (clear=0, write=2)
[2026-07-18T06:04:03+00:00] State saved
[2026-07-18T06:04:03+00:00] === end (2.71s) ===
[2026-07-18T06:06:01+00:00] === start ===
[2026-07-18T06:06:02+00:00] Sheet rows: 11, month headers: 2
[2026-07-18T06:06:02+00:00] Columns: {"Тусюк":"B","Муха":"C","Козлянко":"D","Юрченков":"E"}
[2026-07-18T06:06:02+00:00] Tech users: {"57":"Тусюк","65":"Козлянко","67":"Муха","71":"Юрченков"}
[2026-07-18T06:06:02+00:00] Sync window: 2026-07-01 → 2026-09-30
[2026-07-18T06:06:03+00:00] Bookings from calendar: 2
[2026-07-18T06:06:04+00:00] Active deals: 169
[2026-07-18T06:06:04+00:00] Assignments: 2
[2026-07-18T06:06:04+00:00] Link colors: green=62, to-check=0
[2026-07-18T06:06:05+00:00] Cells updated: 2 (clear=0, write=2)
[2026-07-18T06:06:05+00:00] State saved
[2026-07-18T06:06:05+00:00] === end (3.56s) ===
[2026-07-18T06:08:01+00:00] === start ===
[2026-07-18T06:08:01+00:00] Sheet rows: 11, month headers: 2
[2026-07-18T06:08:02+00:00] Columns: {"Тусюк":"B","Муха":"C","Козлянко":"D","Юрченков":"E"}
[2026-07-18T06:08:02+00:00] Tech users: {"57":"Тусюк","65":"Козлянко","67":"Муха","71":"Юрченков"}
[2026-07-18T06:08:02+00:00] Sync window: 2026-07-01 → 2026-09-30
[2026-07-18T06:08:02+00:00] Bookings from calendar: 2
[2026-07-18T06:08:03+00:00] Active deals: 169
[2026-07-18T06:08:03+00:00] Assignments: 2
[2026-07-18T06:08:03+00:00] Link colors: green=62, to-check=0
[2026-07-18T06:08:04+00:00] Cells updated: 2 (clear=0, write=2)
[2026-07-18T06:08:04+00:00] State saved
[2026-07-18T06:08:04+00:00] === end (2.51s) ===
[2026-07-18T06:10:01+00:00] === start ===
[2026-07-18T06:10:01+00:00] Sheet rows: 11, month headers: 2
[2026-07-18T06:10:01+00:00] Columns: {"Тусюк":"B","Муха":"C","Козлянко":"D","Юрченков":"E"}
[2026-07-18T06:10:01+00:00] Tech users: {"57":"Тусюк","65":"Козлянко","67":"Муха","71":"Юрченков"}
[2026-07-18T06:10:01+00:00] Sync window: 2026-07-01 → 2026-09-30
[2026-07-18T06:10:02+00:00] Bookings from calendar: 2
[2026-07-18T06:10:02+00:00] Active deals: 169
[2026-07-18T06:10:02+00:00] Assignments: 2
[2026-07-18T06:10:02+00:00] Link colors: green=62, to-check=0
[2026-07-18T06:10:03+00:00] Cells updated: 2 (clear=0, write=2)
[2026-07-18T06:10:03+00:00] State saved
[2026-07-18T06:10:03+00:00] === end (2.5s) ===
[2026-07-18T06:12:01+00:00] === start ===
[2026-07-18T06:12:02+00:00] Sheet rows: 11, month headers: 2
[2026-07-18T06:12:02+00:00] Columns: {"Тусюк":"B","Муха":"C","Козлянко":"D","Юрченков":"E"}
[2026-07-18T06:12:02+00:00] Tech users: {"57":"Тусюк","65":"Козлянко","67":"Муха","71":"Юрченков"}
[2026-07-18T06:12:02+00:00] Sync window: 2026-07-01 → 2026-09-30
[2026-07-18T06:12:03+00:00] Bookings from calendar: 2
[2026-07-18T06:12:04+00:00] Active deals: 169
[2026-07-18T06:12:04+00:00] Assignments: 2
[2026-07-18T06:12:04+00:00] Link colors: green=62, to-check=0
[2026-07-18T06:12:04+00:00] Cells updated: 2 (clear=0, write=2)
[2026-07-18T06:12:04+00:00] State saved
[2026-07-18T06:12:04+00:00] === end (3.07s) ===
[2026-07-18T06:14:01+00:00] === start ===
[2026-07-18T06:14:02+00:00] Sheet rows: 11, month headers: 2
[2026-07-18T06:14:02+00:00] Columns: {"Тусюк":"B","Муха":"C","Козлянко":"D","Юрченков":"E"}
[2026-07-18T06:14:02+00:00] Tech users: {"57":"Тусюк","65":"Козлянко","67":"Муха","71":"Юрченков"}
[2026-07-18T06:14:02+00:00] Sync window: 2026-07-01 → 2026-09-30
[2026-07-18T06:14:03+00:00] Bookings from calendar: 2
[2026-07-18T06:14:03+00:00] Active deals: 169
[2026-07-18T06:14:03+00:00] Assignments: 2
[2026-07-18T06:14:03+00:00] Link colors: green=62, to-check=0
[2026-07-18T06:14:04+00:00] Cells updated: 2 (clear=0, write=2)
[2026-07-18T06:14:04+00:00] State saved
[2026-07-18T06:14:04+00:00] === end (2.43s) ===
[2026-07-18T06:16:01+00:00] === start ===
[2026-07-18T06:16:02+00:00] Sheet rows: 11, month headers: 2
[2026-07-18T06:16:02+00:00] Columns: {"Тусюк":"B","Муха":"C","Козлянко":"D","Юрченков":"E"}
[2026-07-18T06:16:02+00:00] Tech users: {"57":"Тусюк","65":"Козлянко","67":"Муха","71":"Юрченков"}
[2026-07-18T06:16:02+00:00] Sync window: 2026-07-01 → 2026-09-30
[2026-07-18T06:16:03+00:00] Bookings from calendar: 2
[2026-07-18T06:16:03+00:00] Active deals: 169
[2026-07-18T06:16:03+00:00] Assignments: 2
[2026-07-18T06:16:03+00:00] Link colors: green=62, to-check=0
[2026-07-18T06:16:04+00:00] Cells updated: 2 (clear=0, write=2)
[2026-07-18T06:16:04+00:00] State saved
[2026-07-18T06:16:04+00:00] === end (2.52s) ===
[2026-07-18T06:18:01+00:00] === start ===
[2026-07-18T06:18:01+00:00] Sheet rows: 11, month headers: 2
[2026-07-18T06:18:02+00:00] Columns: {"Тусюк":"B","Муха":"C","Козлянко":"D","Юрченков":"E"}
[2026-07-18T06:18:02+00:00] Tech users: {"57":"Тусюк","65":"Козлянко","67":"Муха","71":"Юрченков"}
[2026-07-18T06:18:02+00:00] Sync window: 2026-07-01 → 2026-09-30
[2026-07-18T06:18:03+00:00] Bookings from calendar: 2
[2026-07-18T06:18:03+00:00] Active deals: 169
[2026-07-18T06:18:03+00:00] Assignments: 2
[2026-07-18T06:18:03+00:00] Link colors: green=62, to-check=0
[2026-07-18T06:18:04+00:00] Cells updated: 2 (clear=0, write=2)
[2026-07-18T06:18:04+00:00] State saved
[2026-07-18T06:18:04+00:00] === end (2.99s) ===
[2026-07-18T06:20:01+00:00] === start ===
[2026-07-18T06:20:01+00:00] Sheet rows: 11, month headers: 2
[2026-07-18T06:20:01+00:00] Columns: {"Тусюк":"B","Муха":"C","Козлянко":"D","Юрченков":"E"}
[2026-07-18T06:20:02+00:00] Tech users: {"57":"Тусюк","65":"Козлянко","67":"Муха","71":"Юрченков"}
[2026-07-18T06:20:02+00:00] Sync window: 2026-07-01 → 2026-09-30
[2026-07-18T06:20:02+00:00] Bookings from calendar: 2
[2026-07-18T06:20:03+00:00] Active deals: 169
[2026-07-18T06:20:03+00:00] Assignments: 2
[2026-07-18T06:20:03+00:00] Link colors: green=62, to-check=0
[2026-07-18T06:20:04+00:00] Cells updated: 2 (clear=0, write=2)
[2026-07-18T06:20:04+00:00] State saved
[2026-07-18T06:20:04+00:00] === end (2.78s) ===
[2026-07-18T06:22:01+00:00] === start ===
[2026-07-18T06:22:01+00:00] Sheet rows: 11, month headers: 2
[2026-07-18T06:22:01+00:00] Columns: {"Тусюк":"B","Муха":"C","Козлянко":"D","Юрченков":"E"}
[2026-07-18T06:22:01+00:00] Tech users: {"57":"Тусюк","65":"Козлянко","67":"Муха","71":"Юрченков"}
[2026-07-18T06:22:01+00:00] Sync window: 2026-07-01 → 2026-09-30
[2026-07-18T06:22:02+00:00] Bookings from calendar: 2
[2026-07-18T06:22:03+00:00] Active deals: 169
[2026-07-18T06:22:03+00:00] Assignments: 2
[2026-07-18T06:22:03+00:00] Link colors: green=62, to-check=0
[2026-07-18T06:22:03+00:00] Cells updated: 2 (clear=0, write=2)
[2026-07-18T06:22:03+00:00] State saved
[2026-07-18T06:22:03+00:00] === end (2.73s) ===
[2026-07-18T06:24:01+00:00] === start ===
[2026-07-18T06:24:02+00:00] Sheet rows: 11, month headers: 2
[2026-07-18T06:24:02+00:00] Columns: {"Тусюк":"B","Муха":"C","Козлянко":"D","Юрченков":"E"}
[2026-07-18T06:24:02+00:00] Tech users: {"57":"Тусюк","65":"Козлянко","67":"Муха","71":"Юрченков"}
[2026-07-18T06:24:02+00:00] Sync window: 2026-07-01 → 2026-09-30
[2026-07-18T06:24:03+00:00] Bookings from calendar: 2
[2026-07-18T06:24:04+00:00] Active deals: 169
[2026-07-18T06:24:04+00:00] Assignments: 2
[2026-07-18T06:24:04+00:00] Link colors: green=62, to-check=0
[2026-07-18T06:24:04+00:00] Cells updated: 2 (clear=0, write=2)
[2026-07-18T06:24:04+00:00] State saved
[2026-07-18T06:24:04+00:00] === end (2.67s) ===
[2026-07-18T06:26:01+00:00] === start ===
[2026-07-18T06:26:02+00:00] Sheet rows: 11, month headers: 2
[2026-07-18T06:26:02+00:00] Columns: {"Тусюк":"B","Муха":"C","Козлянко":"D","Юрченков":"E"}
[2026-07-18T06:26:02+00:00] Tech users: {"57":"Тусюк","65":"Козлянко","67":"Муха","71":"Юрченков"}
[2026-07-18T06:26:02+00:00] Sync window: 2026-07-01 → 2026-09-30
[2026-07-18T06:26:03+00:00] Bookings from calendar: 2
[2026-07-18T06:26:03+00:00] Active deals: 169
[2026-07-18T06:26:03+00:00] Assignments: 2
[2026-07-18T06:26:03+00:00] Link colors: green=62, to-check=0
[2026-07-18T06:26:04+00:00] Cells updated: 2 (clear=0, write=2)
[2026-07-18T06:26:04+00:00] State saved
[2026-07-18T06:26:04+00:00] === end (2.71s) ===
[2026-07-18T06:28:01+00:00] === start ===
[2026-07-18T06:28:01+00:00] Sheet rows: 11, month headers: 2
[2026-07-18T06:28:02+00:00] Columns: {"Тусюк":"B","Муха":"C","Козлянко":"D","Юрченков":"E"}
[2026-07-18T06:28:02+00:00] Tech users: {"57":"Тусюк","65":"Козлянко","67":"Муха","71":"Юрченков"}
[2026-07-18T06:28:02+00:00] Sync window: 2026-07-01 → 2026-09-30
[2026-07-18T06:28:02+00:00] Bookings from calendar: 2
[2026-07-18T06:28:03+00:00] Active deals: 169
[2026-07-18T06:28:03+00:00] Assignments: 2
[2026-07-18T06:28:03+00:00] Link colors: green=62, to-check=0
[2026-07-18T06:28:04+00:00] Cells updated: 2 (clear=0, write=2)
[2026-07-18T06:28:04+00:00] State saved
[2026-07-18T06:28:04+00:00] === end (2.5s) ===
[2026-07-18T06:30:01+00:00] === start ===
[2026-07-18T06:30:01+00:00] Sheet rows: 11, month headers: 2
[2026-07-18T06:30:01+00:00] Columns: {"Тусюк":"B","Муха":"C","Козлянко":"D","Юрченков":"E"}
[2026-07-18T06:30:01+00:00] Tech users: {"57":"Тусюк","65":"Козлянко","67":"Муха","71":"Юрченков"}
[2026-07-18T06:30:01+00:00] Sync window: 2026-07-01 → 2026-09-30
[2026-07-18T06:30:02+00:00] Bookings from calendar: 2
[2026-07-18T06:30:03+00:00] Active deals: 169
[2026-07-18T06:30:03+00:00] Assignments: 2
[2026-07-18T06:30:03+00:00] Link colors: green=62, to-check=0
[2026-07-18T06:30:03+00:00] Cells updated: 2 (clear=0, write=2)
[2026-07-18T06:30:03+00:00] State saved
[2026-07-18T06:30:03+00:00] === end (2.67s) ===
[2026-07-18T06:32:01+00:00] === start ===
[2026-07-18T06:32:02+00:00] Sheet rows: 11, month headers: 2
[2026-07-18T06:32:02+00:00] Columns: {"Тусюк":"B","Муха":"C","Козлянко":"D","Юрченков":"E"}
[2026-07-18T06:32:02+00:00] Tech users: {"57":"Тусюк","65":"Козлянко","67":"Муха","71":"Юрченков"}
[2026-07-18T06:32:02+00:00] Sync window: 2026-07-01 → 2026-09-30
[2026-07-18T06:32:03+00:00] Bookings from calendar: 2
[2026-07-18T06:32:03+00:00] Active deals: 169
[2026-07-18T06:32:03+00:00] Assignments: 2
[2026-07-18T06:32:03+00:00] Link colors: green=62, to-check=0
[2026-07-18T06:32:04+00:00] Cells updated: 2 (clear=0, write=2)
[2026-07-18T06:32:04+00:00] State saved
[2026-07-18T06:32:04+00:00] === end (2.74s) ===
[2026-07-18T06:34:01+00:00] === start ===
[2026-07-18T06:34:01+00:00] Sheet rows: 11, month headers: 2
[2026-07-18T06:34:02+00:00] Columns: {"Тусюк":"B","Муха":"C","Козлянко":"D","Юрченков":"E"}
[2026-07-18T06:34:02+00:00] Tech users: {"57":"Тусюк","65":"Козлянко","67":"Муха","71":"Юрченков"}
[2026-07-18T06:34:02+00:00] Sync window: 2026-07-01 → 2026-09-30
[2026-07-18T06:34:02+00:00] Bookings from calendar: 2
[2026-07-18T06:34:03+00:00] Active deals: 169
[2026-07-18T06:34:03+00:00] Assignments: 2
[2026-07-18T06:34:03+00:00] Link colors: green=62, to-check=0
[2026-07-18T06:34:04+00:00] Cells updated: 2 (clear=0, write=2)
[2026-07-18T06:34:04+00:00] State saved
[2026-07-18T06:34:04+00:00] === end (2.55s) ===
[2026-07-18T06:36:01+00:00] === start ===
[2026-07-18T06:36:01+00:00] Sheet rows: 11, month headers: 2
[2026-07-18T06:36:02+00:00] Columns: {"Тусюк":"B","Муха":"C","Козлянко":"D","Юрченков":"E"}
[2026-07-18T06:36:02+00:00] Tech users: {"57":"Тусюк","65":"Козлянко","67":"Муха","71":"Юрченков"}
[2026-07-18T06:36:02+00:00] Sync window: 2026-07-01 → 2026-09-30
[2026-07-18T06:36:02+00:00] Bookings from calendar: 2
[2026-07-18T06:36:03+00:00] Active deals: 169
[2026-07-18T06:36:03+00:00] Assignments: 2
[2026-07-18T06:36:03+00:00] Link colors: green=62, to-check=0
[2026-07-18T06:36:04+00:00] Cells updated: 2 (clear=0, write=2)
[2026-07-18T06:36:04+00:00] State saved
[2026-07-18T06:36:04+00:00] === end (2.77s) ===
[2026-07-18T06:38:01+00:00] === start ===
[2026-07-18T06:38:01+00:00] Sheet rows: 11, month headers: 2
[2026-07-18T06:38:01+00:00] Columns: {"Тусюк":"B","Муха":"C","Козлянко":"D","Юрченков":"E"}
[2026-07-18T06:38:01+00:00] Tech users: {"57":"Тусюк","65":"Козлянко","67":"Муха","71":"Юрченков"}
[2026-07-18T06:38:01+00:00] Sync window: 2026-07-01 → 2026-09-30
[2026-07-18T06:38:02+00:00] Bookings from calendar: 2
[2026-07-18T06:38:03+00:00] Active deals: 169
[2026-07-18T06:38:03+00:00] Assignments: 2
[2026-07-18T06:38:03+00:00] Link colors: green=62, to-check=0
[2026-07-18T06:38:03+00:00] Cells updated: 2 (clear=0, write=2)
[2026-07-18T06:38:03+00:00] State saved
[2026-07-18T06:38:03+00:00] === end (2.74s) ===
[2026-07-18T06:40:01+00:00] === start ===
[2026-07-18T06:40:02+00:00] Sheet rows: 11, month headers: 2
[2026-07-18T06:40:02+00:00] Columns: {"Тусюк":"B","Муха":"C","Козлянко":"D","Юрченков":"E"}
[2026-07-18T06:40:02+00:00] Tech users: {"57":"Тусюк","65":"Козлянко","67":"Муха","71":"Юрченков"}
[2026-07-18T06:40:02+00:00] Sync window: 2026-07-01 → 2026-09-30
[2026-07-18T06:40:03+00:00] Bookings from calendar: 2
[2026-07-18T06:40:03+00:00] Active deals: 169
[2026-07-18T06:40:03+00:00] Assignments: 2
[2026-07-18T06:40:03+00:00] Link colors: green=62, to-check=0
[2026-07-18T06:40:04+00:00] Cells updated: 2 (clear=0, write=2)
[2026-07-18T06:40:04+00:00] State saved
[2026-07-18T06:40:04+00:00] === end (2.53s) ===
[2026-07-18T06:42:01+00:00] === start ===
[2026-07-18T06:42:01+00:00] Sheet rows: 11, month headers: 2
[2026-07-18T06:42:02+00:00] Columns: {"Тусюк":"B","Муха":"C","Козлянко":"D","Юрченков":"E"}
[2026-07-18T06:42:02+00:00] Tech users: {"57":"Тусюк","65":"Козлянко","67":"Муха","71":"Юрченков"}
[2026-07-18T06:42:02+00:00] Sync window: 2026-07-01 → 2026-09-30
[2026-07-18T06:42:02+00:00] Bookings from calendar: 2
[2026-07-18T06:42:03+00:00] Active deals: 169
[2026-07-18T06:42:03+00:00] Assignments: 2
[2026-07-18T06:42:03+00:00] Link colors: green=62, to-check=0
[2026-07-18T06:42:04+00:00] Cells updated: 2 (clear=0, write=2)
[2026-07-18T06:42:04+00:00] State saved
[2026-07-18T06:42:04+00:00] === end (3.18s) ===
[2026-07-18T06:44:01+00:00] === start ===
[2026-07-18T06:44:02+00:00] Sheet rows: 11, month headers: 2
[2026-07-18T06:44:02+00:00] Columns: {"Тусюк":"B","Муха":"C","Козлянко":"D","Юрченков":"E"}
[2026-07-18T06:44:02+00:00] Tech users: {"57":"Тусюк","65":"Козлянко","67":"Муха","71":"Юрченков"}
[2026-07-18T06:44:02+00:00] Sync window: 2026-07-01 → 2026-09-30
[2026-07-18T06:44:03+00:00] Bookings from calendar: 2
[2026-07-18T06:44:04+00:00] Active deals: 169
[2026-07-18T06:44:04+00:00] Assignments: 2
[2026-07-18T06:44:04+00:00] Link colors: green=62, to-check=0
[2026-07-18T06:44:04+00:00] Cells updated: 2 (clear=0, write=2)
[2026-07-18T06:44:04+00:00] State saved
[2026-07-18T06:44:04+00:00] === end (2.99s) ===
[2026-07-18T06:46:01+00:00] === start ===
[2026-07-18T06:46:01+00:00] Sheet rows: 11, month headers: 2
[2026-07-18T06:46:01+00:00] Columns: {"Тусюк":"B","Муха":"C","Козлянко":"D","Юрченков":"E"}
[2026-07-18T06:46:02+00:00] Tech users: {"57":"Тусюк","65":"Козлянко","67":"Муха","71":"Юрченков"}
[2026-07-18T06:46:02+00:00] Sync window: 2026-07-01 → 2026-09-30
[2026-07-18T06:46:02+00:00] Bookings from calendar: 2
[2026-07-18T06:46:03+00:00] Active deals: 169
[2026-07-18T06:46:03+00:00] Assignments: 2
[2026-07-18T06:46:03+00:00] Link colors: green=62, to-check=0
[2026-07-18T06:46:04+00:00] Cells updated: 2 (clear=0, write=2)
[2026-07-18T06:46:04+00:00] State saved
[2026-07-18T06:46:04+00:00] === end (2.88s) ===
[2026-07-18T06:48:01+00:00] === start ===
[2026-07-18T06:48:01+00:00] Sheet rows: 11, month headers: 2
[2026-07-18T06:48:01+00:00] Columns: {"Тусюк":"B","Муха":"C","Козлянко":"D","Юрченков":"E"}
[2026-07-18T06:48:02+00:00] Tech users: {"57":"Тусюк","65":"Козлянко","67":"Муха","71":"Юрченков"}
[2026-07-18T06:48:02+00:00] Sync window: 2026-07-01 → 2026-09-30
[2026-07-18T06:48:02+00:00] Bookings from calendar: 2
[2026-07-18T06:48:03+00:00] Active deals: 169
[2026-07-18T06:48:03+00:00] Assignments: 2
[2026-07-18T06:48:03+00:00] Link colors: green=62, to-check=0
[2026-07-18T06:48:03+00:00] Cells updated: 2 (clear=0, write=2)
[2026-07-18T06:48:03+00:00] State saved
[2026-07-18T06:48:03+00:00] === end (2.69s) ===
[2026-07-18T06:50:01+00:00] === start ===
[2026-07-18T06:50:02+00:00] Sheet rows: 11, month headers: 2
[2026-07-18T06:50:02+00:00] Columns: {"Тусюк":"B","Муха":"C","Козлянко":"D","Юрченков":"E"}
[2026-07-18T06:50:02+00:00] Tech users: {"57":"Тусюк","65":"Козлянко","67":"Муха","71":"Юрченков"}
[2026-07-18T06:50:02+00:00] Sync window: 2026-07-01 → 2026-09-30
[2026-07-18T06:50:03+00:00] Bookings from calendar: 2
[2026-07-18T06:50:04+00:00] Active deals: 169
[2026-07-18T06:50:04+00:00] Assignments: 2
[2026-07-18T06:50:04+00:00] Link colors: green=62, to-check=0
[2026-07-18T06:50:04+00:00] Cells updated: 2 (clear=0, write=2)
[2026-07-18T06:50:04+00:00] State saved
[2026-07-18T06:50:04+00:00] === end (3.01s) ===
[2026-07-18T06:52:02+00:00] === start ===
[2026-07-18T06:52:02+00:00] Sheet rows: 11, month headers: 2
[2026-07-18T06:52:02+00:00] Columns: {"Тусюк":"B","Муха":"C","Козлянко":"D","Юрченков":"E"}
[2026-07-18T06:52:02+00:00] Tech users: {"57":"Тусюк","65":"Козлянко","67":"Муха","71":"Юрченков"}
[2026-07-18T06:52:02+00:00] Sync window: 2026-07-01 → 2026-09-30
[2026-07-18T06:52:03+00:00] Bookings from calendar: 2
[2026-07-18T06:52:04+00:00] Active deals: 169
[2026-07-18T06:52:04+00:00] Assignments: 2
[2026-07-18T06:52:04+00:00] Link colors: green=62, to-check=0
[2026-07-18T06:52:04+00:00] Cells updated: 2 (clear=0, write=2)
[2026-07-18T06:52:04+00:00] State saved
[2026-07-18T06:52:04+00:00] === end (2.79s) ===
[2026-07-18T06:54:01+00:00] === start ===
[2026-07-18T06:54:02+00:00] Sheet rows: 11, month headers: 2
[2026-07-18T06:54:02+00:00] Columns: {"Тусюк":"B","Муха":"C","Козлянко":"D","Юрченков":"E"}
[2026-07-18T06:54:02+00:00] Tech users: {"57":"Тусюк","65":"Козлянко","67":"Муха","71":"Юрченков"}
[2026-07-18T06:54:02+00:00] Sync window: 2026-07-01 → 2026-09-30
[2026-07-18T06:54:03+00:00] Bookings from calendar: 2
[2026-07-18T06:54:04+00:00] Active deals: 169
[2026-07-18T06:54:04+00:00] Assignments: 2
[2026-07-18T06:54:04+00:00] Link colors: green=62, to-check=0
[2026-07-18T06:54:04+00:00] Cells updated: 2 (clear=0, write=2)
[2026-07-18T06:54:04+00:00] State saved
[2026-07-18T06:54:04+00:00] === end (2.78s) ===
[2026-07-18T06:56:01+00:00] === start ===
[2026-07-18T06:56:02+00:00] Sheet rows: 11, month headers: 2
[2026-07-18T06:56:02+00:00] Columns: {"Тусюк":"B","Муха":"C","Козлянко":"D","Юрченков":"E"}
[2026-07-18T06:56:02+00:00] Tech users: {"57":"Тусюк","65":"Козлянко","67":"Муха","71":"Юрченков"}
[2026-07-18T06:56:02+00:00] Sync window: 2026-07-01 → 2026-09-30
[2026-07-18T06:56:03+00:00] Bookings from calendar: 2
[2026-07-18T06:56:04+00:00] Active deals: 169
[2026-07-18T06:56:04+00:00] Assignments: 2
[2026-07-18T06:56:04+00:00] Link colors: green=62, to-check=0
[2026-07-18T06:56:04+00:00] Cells updated: 2 (clear=0, write=2)
[2026-07-18T06:56:04+00:00] State saved
[2026-07-18T06:56:04+00:00] === end (2.95s) ===
[2026-07-18T06:58:01+00:00] === start ===
[2026-07-18T06:58:02+00:00] Sheet rows: 11, month headers: 2
[2026-07-18T06:58:02+00:00] Columns: {"Тусюк":"B","Муха":"C","Козлянко":"D","Юрченков":"E"}
[2026-07-18T06:58:02+00:00] Tech users: {"57":"Тусюк","65":"Козлянко","67":"Муха","71":"Юрченков"}
[2026-07-18T06:58:02+00:00] Sync window: 2026-07-01 → 2026-09-30
[2026-07-18T06:58:03+00:00] Bookings from calendar: 2
[2026-07-18T06:58:03+00:00] Active deals: 169
[2026-07-18T06:58:03+00:00] Assignments: 2
[2026-07-18T06:58:03+00:00] Link colors: green=62, to-check=0
[2026-07-18T06:58:04+00:00] Cells updated: 2 (clear=0, write=2)
[2026-07-18T06:58:04+00:00] State saved
[2026-07-18T06:58:04+00:00] === end (2.57s) ===
[2026-07-18T07:00:01+00:00] === start ===
[2026-07-18T07:00:01+00:00] Sheet rows: 11, month headers: 2
[2026-07-18T07:00:02+00:00] Columns: {"Тусюк":"B","Муха":"C","Козлянко":"D","Юрченков":"E"}
[2026-07-18T07:00:02+00:00] Tech users: {"57":"Тусюк","65":"Козлянко","67":"Муха","71":"Юрченков"}
[2026-07-18T07:00:02+00:00] Sync window: 2026-07-01 → 2026-09-30
[2026-07-18T07:00:03+00:00] Bookings from calendar: 2
[2026-07-18T07:00:03+00:00] Active deals: 169
[2026-07-18T07:00:03+00:00] Assignments: 2
[2026-07-18T07:00:03+00:00] Link colors: green=62, to-check=0
[2026-07-18T07:00:04+00:00] Cells updated: 2 (clear=0, write=2)
[2026-07-18T07:00:04+00:00] State saved
[2026-07-18T07:00:04+00:00] === end (3.45s) ===
[2026-07-18T07:02:01+00:00] === start ===
[2026-07-18T07:02:02+00:00] Sheet rows: 11, month headers: 2
[2026-07-18T07:02:02+00:00] Columns: {"Тусюк":"B","Муха":"C","Козлянко":"D","Юрченков":"E"}
[2026-07-18T07:02:02+00:00] Tech users: {"57":"Тусюк","65":"Козлянко","67":"Муха","71":"Юрченков"}
[2026-07-18T07:02:02+00:00] Sync window: 2026-07-01 → 2026-09-30
[2026-07-18T07:02:03+00:00] Bookings from calendar: 2
[2026-07-18T07:02:03+00:00] Active deals: 169
[2026-07-18T07:02:03+00:00] Assignments: 2
[2026-07-18T07:02:03+00:00] Link colors: green=62, to-check=0
[2026-07-18T07:02:04+00:00] Cells updated: 2 (clear=0, write=2)
[2026-07-18T07:02:04+00:00] State saved
[2026-07-18T07:02:04+00:00] === end (2.56s) ===
[2026-07-18T07:04:01+00:00] === start ===
[2026-07-18T07:04:01+00:00] Sheet rows: 11, month headers: 2
[2026-07-18T07:04:02+00:00] Columns: {"Тусюк":"B","Муха":"C","Козлянко":"D","Юрченков":"E"}
[2026-07-18T07:04:02+00:00] Tech users: {"57":"Тусюк","65":"Козлянко","67":"Муха","71":"Юрченков"}
[2026-07-18T07:04:02+00:00] Sync window: 2026-07-01 → 2026-09-30
[2026-07-18T07:04:02+00:00] Bookings from calendar: 2
[2026-07-18T07:04:03+00:00] Active deals: 169
[2026-07-18T07:04:03+00:00] Assignments: 2
[2026-07-18T07:04:03+00:00] Link colors: green=62, to-check=0
[2026-07-18T07:04:04+00:00] Cells updated: 2 (clear=0, write=2)
[2026-07-18T07:04:04+00:00] State saved
[2026-07-18T07:04:04+00:00] === end (2.81s) ===
[2026-07-18T07:06:01+00:00] === start ===
[2026-07-18T07:06:01+00:00] Sheet rows: 11, month headers: 2
[2026-07-18T07:06:02+00:00] Columns: {"Тусюк":"B","Муха":"C","Козлянко":"D","Юрченков":"E"}
[2026-07-18T07:06:02+00:00] Tech users: {"57":"Тусюк","65":"Козлянко","67":"Муха","71":"Юрченков"}
[2026-07-18T07:06:02+00:00] Sync window: 2026-07-01 → 2026-09-30
[2026-07-18T07:06:02+00:00] Bookings from calendar: 2
[2026-07-18T07:06:03+00:00] Active deals: 169
[2026-07-18T07:06:03+00:00] Assignments: 2
[2026-07-18T07:06:03+00:00] Link colors: green=62, to-check=0
[2026-07-18T07:06:04+00:00] Cells updated: 2 (clear=0, write=2)
[2026-07-18T07:06:04+00:00] State saved
[2026-07-18T07:06:04+00:00] === end (2.94s) ===
[2026-07-18T07:08:01+00:00] === start ===
[2026-07-18T07:08:01+00:00] Sheet rows: 11, month headers: 2
[2026-07-18T07:08:02+00:00] Columns: {"Тусюк":"B","Муха":"C","Козлянко":"D","Юрченков":"E"}
[2026-07-18T07:08:02+00:00] Tech users: {"57":"Тусюк","65":"Козлянко","67":"Муха","71":"Юрченков"}
[2026-07-18T07:08:02+00:00] Sync window: 2026-07-01 → 2026-09-30
[2026-07-18T07:08:02+00:00] Bookings from calendar: 2
[2026-07-18T07:08:03+00:00] Active deals: 169
[2026-07-18T07:08:03+00:00] Assignments: 2
[2026-07-18T07:08:03+00:00] Link colors: green=62, to-check=0
[2026-07-18T07:08:04+00:00] Cells updated: 2 (clear=0, write=2)
[2026-07-18T07:08:04+00:00] State saved
[2026-07-18T07:08:04+00:00] === end (3.17s) ===
[2026-07-18T07:10:01+00:00] === start ===
[2026-07-18T07:10:02+00:00] Sheet rows: 11, month headers: 2
[2026-07-18T07:10:02+00:00] Columns: {"Тусюк":"B","Муха":"C","Козлянко":"D","Юрченков":"E"}
[2026-07-18T07:10:02+00:00] Tech users: {"57":"Тусюк","65":"Козлянко","67":"Муха","71":"Юрченков"}
[2026-07-18T07:10:02+00:00] Sync window: 2026-07-01 → 2026-09-30
[2026-07-18T07:10:03+00:00] Bookings from calendar: 2
[2026-07-18T07:10:03+00:00] Active deals: 169
[2026-07-18T07:10:03+00:00] Assignments: 2
[2026-07-18T07:10:03+00:00] Link colors: green=62, to-check=0
[2026-07-18T07:10:04+00:00] Cells updated: 2 (clear=0, write=2)
[2026-07-18T07:10:04+00:00] State saved
[2026-07-18T07:10:04+00:00] === end (2.88s) ===
[2026-07-18T07:12:01+00:00] === start ===
[2026-07-18T07:12:02+00:00] Sheet rows: 11, month headers: 2
[2026-07-18T07:12:02+00:00] Columns: {"Тусюк":"B","Муха":"C","Козлянко":"D","Юрченков":"E"}
[2026-07-18T07:12:03+00:00] Tech users: {"57":"Тусюк","65":"Козлянко","67":"Муха","71":"Юрченков"}
[2026-07-18T07:12:03+00:00] Sync window: 2026-07-01 → 2026-09-30
[2026-07-18T07:12:03+00:00] Bookings from calendar: 2
[2026-07-18T07:12:04+00:00] Active deals: 169
[2026-07-18T07:12:04+00:00] Assignments: 2
[2026-07-18T07:12:04+00:00] Link colors: green=62, to-check=0
[2026-07-18T07:12:05+00:00] Cells updated: 2 (clear=0, write=2)
[2026-07-18T07:12:05+00:00] State saved
[2026-07-18T07:12:05+00:00] === end (3.67s) ===
[2026-07-18T07:14:01+00:00] === start ===
[2026-07-18T07:14:01+00:00] Sheet rows: 11, month headers: 2
[2026-07-18T07:14:01+00:00] Columns: {"Тусюк":"B","Муха":"C","Козлянко":"D","Юрченков":"E"}
[2026-07-18T07:14:02+00:00] Tech users: {"57":"Тусюк","65":"Козлянко","67":"Муха","71":"Юрченков"}
[2026-07-18T07:14:02+00:00] Sync window: 2026-07-01 → 2026-09-30
[2026-07-18T07:14:02+00:00] Bookings from calendar: 2
[2026-07-18T07:14:03+00:00] Active deals: 169
[2026-07-18T07:14:03+00:00] Assignments: 2
[2026-07-18T07:14:03+00:00] Link colors: green=62, to-check=0
[2026-07-18T07:14:04+00:00] Cells updated: 2 (clear=0, write=2)
[2026-07-18T07:14:04+00:00] State saved
[2026-07-18T07:14:04+00:00] === end (2.77s) ===
[2026-07-18T07:16:01+00:00] === start ===
[2026-07-18T07:16:01+00:00] Sheet rows: 11, month headers: 2
[2026-07-18T07:16:02+00:00] Columns: {"Тусюк":"B","Муха":"C","Козлянко":"D","Юрченков":"E"}
[2026-07-18T07:16:02+00:00] Tech users: {"57":"Тусюк","65":"Козлянко","67":"Муха","71":"Юрченков"}
[2026-07-18T07:16:02+00:00] Sync window: 2026-07-01 → 2026-09-30
[2026-07-18T07:16:03+00:00] Bookings from calendar: 2
[2026-07-18T07:16:03+00:00] Active deals: 169
[2026-07-18T07:16:03+00:00] Assignments: 2
[2026-07-18T07:16:03+00:00] Link colors: green=62, to-check=0
[2026-07-18T07:16:04+00:00] Cells updated: 2 (clear=0, write=2)
[2026-07-18T07:16:04+00:00] State saved
[2026-07-18T07:16:04+00:00] === end (2.79s) ===
[2026-07-18T07:18:01+00:00] === start ===
[2026-07-18T07:18:01+00:00] Sheet rows: 11, month headers: 2
[2026-07-18T07:18:02+00:00] Columns: {"Тусюк":"B","Муха":"C","Козлянко":"D","Юрченков":"E"}
[2026-07-18T07:18:02+00:00] Tech users: {"57":"Тусюк","65":"Козлянко","67":"Муха","71":"Юрченков"}
[2026-07-18T07:18:02+00:00] Sync window: 2026-07-01 → 2026-09-30
[2026-07-18T07:18:03+00:00] Bookings from calendar: 2
[2026-07-18T07:18:04+00:00] Active deals: 169
[2026-07-18T07:18:04+00:00] Assignments: 2
[2026-07-18T07:18:04+00:00] Link colors: green=62, to-check=0
[2026-07-18T07:18:04+00:00] Cells updated: 2 (clear=0, write=2)
[2026-07-18T07:18:04+00:00] State saved
[2026-07-18T07:18:04+00:00] === end (3.49s) ===
[2026-07-18T07:20:02+00:00] === start ===
[2026-07-18T07:20:02+00:00] Sheet rows: 11, month headers: 2
[2026-07-18T07:20:02+00:00] Columns: {"Тусюк":"B","Муха":"C","Козлянко":"D","Юрченков":"E"}
[2026-07-18T07:20:02+00:00] Tech users: {"57":"Тусюк","65":"Козлянко","67":"Муха","71":"Юрченков"}
[2026-07-18T07:20:02+00:00] Sync window: 2026-07-01 → 2026-09-30
[2026-07-18T07:20:03+00:00] Bookings from calendar: 2
[2026-07-18T07:20:04+00:00] Active deals: 169
[2026-07-18T07:20:04+00:00] Assignments: 2
[2026-07-18T07:20:04+00:00] Link colors: green=62, to-check=0
[2026-07-18T07:20:05+00:00] Cells updated: 2 (clear=0, write=2)
[2026-07-18T07:20:05+00:00] State saved
[2026-07-18T07:20:05+00:00] === end (3.02s) ===
[2026-07-18T07:22:01+00:00] === start ===
[2026-07-18T07:22:01+00:00] Sheet rows: 11, month headers: 2
[2026-07-18T07:22:01+00:00] Columns: {"Тусюк":"B","Муха":"C","Козлянко":"D","Юрченков":"E"}
[2026-07-18T07:22:01+00:00] Tech users: {"57":"Тусюк","65":"Козлянко","67":"Муха","71":"Юрченков"}
[2026-07-18T07:22:01+00:00] Sync window: 2026-07-01 → 2026-09-30
[2026-07-18T07:22:02+00:00] Bookings from calendar: 2
[2026-07-18T07:22:03+00:00] Active deals: 169
[2026-07-18T07:22:03+00:00] Assignments: 2
[2026-07-18T07:22:03+00:00] Link colors: green=62, to-check=0
[2026-07-18T07:22:03+00:00] Cells updated: 2 (clear=0, write=2)
[2026-07-18T07:22:03+00:00] State saved
[2026-07-18T07:22:03+00:00] === end (2.66s) ===
[2026-07-18T07:24:01+00:00] === start ===
[2026-07-18T07:24:02+00:00] Sheet rows: 11, month headers: 2
[2026-07-18T07:24:02+00:00] Columns: {"Тусюк":"B","Муха":"C","Козлянко":"D","Юрченков":"E"}
[2026-07-18T07:24:02+00:00] Tech users: {"57":"Тусюк","65":"Козлянко","67":"Муха","71":"Юрченков"}
[2026-07-18T07:24:02+00:00] Sync window: 2026-07-01 → 2026-09-30
[2026-07-18T07:24:03+00:00] Bookings from calendar: 2
[2026-07-18T07:24:04+00:00] Active deals: 169
[2026-07-18T07:24:04+00:00] Assignments: 2
[2026-07-18T07:24:04+00:00] Link colors: green=62, to-check=0
[2026-07-18T07:24:05+00:00] Cells updated: 2 (clear=0, write=2)
[2026-07-18T07:24:05+00:00] State saved
[2026-07-18T07:24:05+00:00] === end (3.57s) ===
[2026-07-18T07:26:01+00:00] === start ===
[2026-07-18T07:26:01+00:00] Sheet rows: 11, month headers: 2
[2026-07-18T07:26:02+00:00] Columns: {"Тусюк":"B","Муха":"C","Козлянко":"D","Юрченков":"E"}
[2026-07-18T07:26:02+00:00] Tech users: {"57":"Тусюк","65":"Козлянко","67":"Муха","71":"Юрченков"}
[2026-07-18T07:26:02+00:00] Sync window: 2026-07-01 → 2026-09-30
[2026-07-18T07:26:03+00:00] Bookings from calendar: 2
[2026-07-18T07:26:03+00:00] Active deals: 169
[2026-07-18T07:26:03+00:00] Assignments: 2
[2026-07-18T07:26:03+00:00] Link colors: green=62, to-check=0
[2026-07-18T07:26:04+00:00] Cells updated: 2 (clear=0, write=2)
[2026-07-18T07:26:04+00:00] State saved
[2026-07-18T07:26:04+00:00] === end (2.88s) ===
[2026-07-18T07:28:01+00:00] === start ===
[2026-07-18T07:28:01+00:00] Sheet rows: 11, month headers: 2
[2026-07-18T07:28:02+00:00] Columns: {"Тусюк":"B","Муха":"C","Козлянко":"D","Юрченков":"E"}
[2026-07-18T07:28:02+00:00] Tech users: {"57":"Тусюк","65":"Козлянко","67":"Муха","71":"Юрченков"}
[2026-07-18T07:28:02+00:00] Sync window: 2026-07-01 → 2026-09-30
[2026-07-18T07:28:02+00:00] Bookings from calendar: 2
[2026-07-18T07:28:03+00:00] Active deals: 169
[2026-07-18T07:28:03+00:00] Assignments: 2
[2026-07-18T07:28:03+00:00] Link colors: green=62, to-check=0
[2026-07-18T07:28:04+00:00] Cells updated: 2 (clear=0, write=2)
[2026-07-18T07:28:04+00:00] State saved
[2026-07-18T07:28:04+00:00] === end (2.75s) ===
[2026-07-18T07:30:01+00:00] === start ===
[2026-07-18T07:30:01+00:00] Sheet rows: 11, month headers: 2
[2026-07-18T07:30:01+00:00] Columns: {"Тусюк":"B","Муха":"C","Козлянко":"D","Юрченков":"E"}
[2026-07-18T07:30:02+00:00] Tech users: {"57":"Тусюк","65":"Козлянко","67":"Муха","71":"Юрченков"}
[2026-07-18T07:30:02+00:00] Sync window: 2026-07-01 → 2026-09-30
[2026-07-18T07:30:02+00:00] Bookings from calendar: 2
[2026-07-18T07:30:03+00:00] Active deals: 169
[2026-07-18T07:30:03+00:00] Assignments: 2
[2026-07-18T07:30:03+00:00] Link colors: green=62, to-check=0
[2026-07-18T07:30:04+00:00] Cells updated: 2 (clear=0, write=2)
[2026-07-18T07:30:04+00:00] State saved
[2026-07-18T07:30:04+00:00] === end (3.18s) ===
[2026-07-18T07:32:01+00:00] === start ===
[2026-07-18T07:32:01+00:00] Sheet rows: 11, month headers: 2
[2026-07-18T07:32:02+00:00] Columns: {"Тусюк":"B","Муха":"C","Козлянко":"D","Юрченков":"E"}
[2026-07-18T07:32:02+00:00] Tech users: {"57":"Тусюк","65":"Козлянко","67":"Муха","71":"Юрченков"}
[2026-07-18T07:32:02+00:00] Sync window: 2026-07-01 → 2026-09-30
[2026-07-18T07:32:02+00:00] Bookings from calendar: 2
[2026-07-18T07:32:03+00:00] Active deals: 169
[2026-07-18T07:32:03+00:00] Assignments: 2
[2026-07-18T07:32:03+00:00] Link colors: green=62, to-check=0
[2026-07-18T07:32:04+00:00] Cells updated: 2 (clear=0, write=2)
[2026-07-18T07:32:04+00:00] State saved
[2026-07-18T07:32:04+00:00] === end (2.76s) ===
[2026-07-18T07:34:01+00:00] === start ===
[2026-07-18T07:34:01+00:00] Sheet rows: 11, month headers: 2
[2026-07-18T07:34:01+00:00] Columns: {"Тусюк":"B","Муха":"C","Козлянко":"D","Юрченков":"E"}
[2026-07-18T07:34:02+00:00] Tech users: {"57":"Тусюк","65":"Козлянко","67":"Муха","71":"Юрченков"}
[2026-07-18T07:34:02+00:00] Sync window: 2026-07-01 → 2026-09-30
[2026-07-18T07:34:02+00:00] Bookings from calendar: 2
[2026-07-18T07:34:03+00:00] Active deals: 169
[2026-07-18T07:34:03+00:00] Assignments: 2
[2026-07-18T07:34:03+00:00] Link colors: green=62, to-check=0
[2026-07-18T07:34:04+00:00] Cells updated: 2 (clear=0, write=2)
[2026-07-18T07:34:04+00:00] State saved
[2026-07-18T07:34:04+00:00] === end (2.99s) ===
[2026-07-18T07:36:01+00:00] === start ===
[2026-07-18T07:36:01+00:00] Sheet rows: 11, month headers: 2
[2026-07-18T07:36:02+00:00] Columns: {"Тусюк":"B","Муха":"C","Козлянко":"D","Юрченков":"E"}
[2026-07-18T07:36:02+00:00] Tech users: {"57":"Тусюк","65":"Козлянко","67":"Муха","71":"Юрченков"}
[2026-07-18T07:36:02+00:00] Sync window: 2026-07-01 → 2026-09-30
[2026-07-18T07:36:02+00:00] Bookings from calendar: 2
[2026-07-18T07:36:03+00:00] Active deals: 169
[2026-07-18T07:36:03+00:00] Assignments: 2
[2026-07-18T07:36:03+00:00] Link colors: green=62, to-check=0
[2026-07-18T07:36:04+00:00] Cells updated: 2 (clear=0, write=2)
[2026-07-18T07:36:04+00:00] State saved
[2026-07-18T07:36:04+00:00] === end (2.68s) ===
[2026-07-18T07:38:01+00:00] === start ===
[2026-07-18T07:38:01+00:00] Sheet rows: 11, month headers: 2
[2026-07-18T07:38:01+00:00] Columns: {"Тусюк":"B","Муха":"C","Козлянко":"D","Юрченков":"E"}
[2026-07-18T07:38:01+00:00] Tech users: {"57":"Тусюк","65":"Козлянко","67":"Муха","71":"Юрченков"}
[2026-07-18T07:38:01+00:00] Sync window: 2026-07-01 → 2026-09-30
[2026-07-18T07:38:02+00:00] Bookings from calendar: 2
[2026-07-18T07:38:03+00:00] Active deals: 169
[2026-07-18T07:38:03+00:00] Assignments: 2
[2026-07-18T07:38:03+00:00] Link colors: green=62, to-check=0
[2026-07-18T07:38:04+00:00] Cells updated: 2 (clear=0, write=2)
[2026-07-18T07:38:04+00:00] State saved
[2026-07-18T07:38:04+00:00] === end (2.93s) ===
[2026-07-18T07:40:01+00:00] === start ===
[2026-07-18T07:40:01+00:00] Sheet rows: 11, month headers: 2
[2026-07-18T07:40:01+00:00] Columns: {"Тусюк":"B","Муха":"C","Козлянко":"D","Юрченков":"E"}
[2026-07-18T07:40:01+00:00] Tech users: {"57":"Тусюк","65":"Козлянко","67":"Муха","71":"Юрченков"}
[2026-07-18T07:40:01+00:00] Sync window: 2026-07-01 → 2026-09-30
[2026-07-18T07:40:02+00:00] Bookings from calendar: 2
[2026-07-18T07:40:03+00:00] Active deals: 169
[2026-07-18T07:40:03+00:00] Assignments: 2
[2026-07-18T07:40:03+00:00] Link colors: green=62, to-check=0
[2026-07-18T07:40:03+00:00] Cells updated: 2 (clear=0, write=2)
[2026-07-18T07:40:03+00:00] State saved
[2026-07-18T07:40:03+00:00] === end (2.81s) ===
[2026-07-18T07:42:01+00:00] === start ===
[2026-07-18T07:42:02+00:00] Sheet rows: 11, month headers: 2
[2026-07-18T07:42:02+00:00] Columns: {"Тусюк":"B","Муха":"C","Козлянко":"D","Юрченков":"E"}
[2026-07-18T07:42:02+00:00] Tech users: {"57":"Тусюк","65":"Козлянко","67":"Муха","71":"Юрченков"}
[2026-07-18T07:42:02+00:00] Sync window: 2026-07-01 → 2026-09-30
[2026-07-18T07:42:03+00:00] Bookings from calendar: 2
[2026-07-18T07:42:04+00:00] Active deals: 169
[2026-07-18T07:42:04+00:00] Assignments: 2
[2026-07-18T07:42:04+00:00] Link colors: green=62, to-check=0
[2026-07-18T07:42:04+00:00] Cells updated: 2 (clear=0, write=2)
[2026-07-18T07:42:04+00:00] State saved
[2026-07-18T07:42:04+00:00] === end (2.96s) ===
[2026-07-18T07:44:01+00:00] === start ===
[2026-07-18T07:44:02+00:00] Sheet rows: 11, month headers: 2
[2026-07-18T07:44:02+00:00] Columns: {"Тусюк":"B","Муха":"C","Козлянко":"D","Юрченков":"E"}
[2026-07-18T07:44:02+00:00] Tech users: {"57":"Тусюк","65":"Козлянко","67":"Муха","71":"Юрченков"}
[2026-07-18T07:44:02+00:00] Sync window: 2026-07-01 → 2026-09-30
[2026-07-18T07:44:03+00:00] Bookings from calendar: 2
[2026-07-18T07:44:04+00:00] Active deals: 169
[2026-07-18T07:44:04+00:00] Assignments: 2
[2026-07-18T07:44:04+00:00] Link colors: green=62, to-check=0
[2026-07-18T07:44:04+00:00] Cells updated: 2 (clear=0, write=2)
[2026-07-18T07:44:04+00:00] State saved
[2026-07-18T07:44:04+00:00] === end (2.83s) ===
[2026-07-18T07:46:01+00:00] === start ===
[2026-07-18T07:46:01+00:00] Sheet rows: 11, month headers: 2
[2026-07-18T07:46:01+00:00] Columns: {"Тусюк":"B","Муха":"C","Козлянко":"D","Юрченков":"E"}
[2026-07-18T07:46:02+00:00] Tech users: {"57":"Тусюк","65":"Козлянко","67":"Муха","71":"Юрченков"}
[2026-07-18T07:46:02+00:00] Sync window: 2026-07-01 → 2026-09-30
[2026-07-18T07:46:02+00:00] Bookings from calendar: 2
[2026-07-18T07:46:03+00:00] Active deals: 169
[2026-07-18T07:46:03+00:00] Assignments: 2
[2026-07-18T07:46:03+00:00] Link colors: green=62, to-check=0
[2026-07-18T07:46:03+00:00] Cells updated: 2 (clear=0, write=2)
[2026-07-18T07:46:03+00:00] State saved
[2026-07-18T07:46:03+00:00] === end (2.62s) ===
[2026-07-18T07:48:02+00:00] === start ===
[2026-07-18T07:48:02+00:00] Sheet rows: 11, month headers: 2
[2026-07-18T07:48:02+00:00] Columns: {"Тусюк":"B","Муха":"C","Козлянко":"D","Юрченков":"E"}
[2026-07-18T07:48:02+00:00] Tech users: {"57":"Тусюк","65":"Козлянко","67":"Муха","71":"Юрченков"}
[2026-07-18T07:48:02+00:00] Sync window: 2026-07-01 → 2026-09-30
[2026-07-18T07:48:03+00:00] Bookings from calendar: 2
[2026-07-18T07:48:04+00:00] Active deals: 169
[2026-07-18T07:48:04+00:00] Assignments: 2
[2026-07-18T07:48:04+00:00] Link colors: green=62, to-check=0
[2026-07-18T07:48:04+00:00] Cells updated: 2 (clear=0, write=2)
[2026-07-18T07:48:04+00:00] State saved
[2026-07-18T07:48:04+00:00] === end (2.69s) ===
[2026-07-18T07:50:01+00:00] === start ===
[2026-07-18T07:50:02+00:00] Sheet rows: 11, month headers: 2
[2026-07-18T07:50:02+00:00] Columns: {"Тусюк":"B","Муха":"C","Козлянко":"D","Юрченков":"E"}
[2026-07-18T07:50:02+00:00] Tech users: {"57":"Тусюк","65":"Козлянко","67":"Муха","71":"Юрченков"}
[2026-07-18T07:50:02+00:00] Sync window: 2026-07-01 → 2026-09-30
[2026-07-18T07:50:03+00:00] Bookings from calendar: 2
[2026-07-18T07:50:03+00:00] Active deals: 169
[2026-07-18T07:50:03+00:00] Assignments: 2
[2026-07-18T07:50:03+00:00] Link colors: green=62, to-check=0
[2026-07-18T07:50:04+00:00] Cells updated: 2 (clear=0, write=2)
[2026-07-18T07:50:04+00:00] State saved
[2026-07-18T07:50:04+00:00] === end (2.76s) ===
[2026-07-18T07:52:01+00:00] === start ===
[2026-07-18T07:52:01+00:00] Sheet rows: 11, month headers: 2
[2026-07-18T07:52:02+00:00] Columns: {"Тусюк":"B","Муха":"C","Козлянко":"D","Юрченков":"E"}
[2026-07-18T07:52:02+00:00] Tech users: {"57":"Тусюк","65":"Козлянко","67":"Муха","71":"Юрченков"}
[2026-07-18T07:52:02+00:00] Sync window: 2026-07-01 → 2026-09-30
[2026-07-18T07:52:03+00:00] Bookings from calendar: 2
[2026-07-18T07:52:03+00:00] Active deals: 169
[2026-07-18T07:52:03+00:00] Assignments: 2
[2026-07-18T07:52:03+00:00] Link colors: green=62, to-check=0
[2026-07-18T07:52:04+00:00] Cells updated: 2 (clear=0, write=2)
[2026-07-18T07:52:04+00:00] State saved
[2026-07-18T07:52:04+00:00] === end (2.75s) ===
[2026-07-18T07:54:01+00:00] === start ===
[2026-07-18T07:54:01+00:00] Sheet rows: 11, month headers: 2
[2026-07-18T07:54:02+00:00] Columns: {"Тусюк":"B","Муха":"C","Козлянко":"D","Юрченков":"E"}
[2026-07-18T07:54:02+00:00] Tech users: {"57":"Тусюк","65":"Козлянко","67":"Муха","71":"Юрченков"}
[2026-07-18T07:54:02+00:00] Sync window: 2026-07-01 → 2026-09-30
[2026-07-18T07:54:03+00:00] Bookings from calendar: 2
[2026-07-18T07:54:03+00:00] Active deals: 169
[2026-07-18T07:54:03+00:00] Assignments: 2
[2026-07-18T07:54:03+00:00] Link colors: green=62, to-check=0
[2026-07-18T07:54:05+00:00] Cells updated: 2 (clear=0, write=2)
[2026-07-18T07:54:05+00:00] State saved
[2026-07-18T07:54:05+00:00] === end (3.63s) ===
[2026-07-18T07:56:01+00:00] === start ===
[2026-07-18T07:56:01+00:00] Sheet rows: 11, month headers: 2
[2026-07-18T07:56:01+00:00] Columns: {"Тусюк":"B","Муха":"C","Козлянко":"D","Юрченков":"E"}
[2026-07-18T07:56:02+00:00] Tech users: {"57":"Тусюк","65":"Козлянко","67":"Муха","71":"Юрченков"}
[2026-07-18T07:56:02+00:00] Sync window: 2026-07-01 → 2026-09-30
[2026-07-18T07:56:02+00:00] Bookings from calendar: 2
[2026-07-18T07:56:03+00:00] Active deals: 169
[2026-07-18T07:56:03+00:00] Assignments: 2
[2026-07-18T07:56:03+00:00] Link colors: green=62, to-check=0
[2026-07-18T07:56:04+00:00] Cells updated: 2 (clear=0, write=2)
[2026-07-18T07:56:04+00:00] State saved
[2026-07-18T07:56:04+00:00] === end (3.2s) ===
[2026-07-18T07:58:01+00:00] === start ===
[2026-07-18T07:58:01+00:00] Sheet rows: 11, month headers: 2
[2026-07-18T07:58:01+00:00] Columns: {"Тусюк":"B","Муха":"C","Козлянко":"D","Юрченков":"E"}
[2026-07-18T07:58:02+00:00] Tech users: {"57":"Тусюк","65":"Козлянко","67":"Муха","71":"Юрченков"}
[2026-07-18T07:58:02+00:00] Sync window: 2026-07-01 → 2026-09-30
[2026-07-18T07:58:02+00:00] Bookings from calendar: 2
[2026-07-18T07:58:03+00:00] Active deals: 169
[2026-07-18T07:58:03+00:00] Assignments: 2
[2026-07-18T07:58:03+00:00] Link colors: green=62, to-check=0
[2026-07-18T07:58:04+00:00] Cells updated: 2 (clear=0, write=2)
[2026-07-18T07:58:04+00:00] State saved
[2026-07-18T07:58:04+00:00] === end (2.94s) ===
[2026-07-18T08:00:01+00:00] === start ===
[2026-07-18T08:00:01+00:00] Sheet rows: 11, month headers: 2
[2026-07-18T08:00:02+00:00] Columns: {"Тусюк":"B","Муха":"C","Козлянко":"D","Юрченков":"E"}
[2026-07-18T08:00:02+00:00] Tech users: {"57":"Тусюк","65":"Козлянко","67":"Муха","71":"Юрченков"}
[2026-07-18T08:00:02+00:00] Sync window: 2026-07-01 → 2026-09-30
[2026-07-18T08:00:03+00:00] Bookings from calendar: 2
[2026-07-18T08:00:03+00:00] Active deals: 169
[2026-07-18T08:00:03+00:00] Assignments: 2
[2026-07-18T08:00:03+00:00] Link colors: green=62, to-check=0
[2026-07-18T08:00:04+00:00] Cells updated: 2 (clear=0, write=2)
[2026-07-18T08:00:04+00:00] State saved
[2026-07-18T08:00:04+00:00] === end (2.9s) ===
[2026-07-18T08:02:01+00:00] === start ===
[2026-07-18T08:02:01+00:00] Sheet rows: 11, month headers: 2
[2026-07-18T08:02:01+00:00] Columns: {"Тусюк":"B","Муха":"C","Козлянко":"D","Юрченков":"E"}
[2026-07-18T08:02:02+00:00] Tech users: {"57":"Тусюк","65":"Козлянко","67":"Муха","71":"Юрченков"}
[2026-07-18T08:02:02+00:00] Sync window: 2026-07-01 → 2026-09-30
[2026-07-18T08:02:02+00:00] Bookings from calendar: 2
[2026-07-18T08:02:03+00:00] Active deals: 169
[2026-07-18T08:02:03+00:00] Assignments: 2
[2026-07-18T08:02:03+00:00] Link colors: green=62, to-check=0
[2026-07-18T08:02:04+00:00] Cells updated: 2 (clear=0, write=2)
[2026-07-18T08:02:04+00:00] State saved
[2026-07-18T08:02:04+00:00] === end (2.79s) ===
[2026-07-18T08:04:01+00:00] === start ===
[2026-07-18T08:04:01+00:00] Sheet rows: 11, month headers: 2
[2026-07-18T08:04:01+00:00] Columns: {"Тусюк":"B","Муха":"C","Козлянко":"D","Юрченков":"E"}
[2026-07-18T08:04:02+00:00] Tech users: {"57":"Тусюк","65":"Козлянко","67":"Муха","71":"Юрченков"}
[2026-07-18T08:04:02+00:00] Sync window: 2026-07-01 → 2026-09-30
[2026-07-18T08:04:02+00:00] Bookings from calendar: 2
[2026-07-18T08:04:03+00:00] Active deals: 169
[2026-07-18T08:04:03+00:00] Assignments: 2
[2026-07-18T08:04:03+00:00] Link colors: green=62, to-check=0
[2026-07-18T08:04:04+00:00] Cells updated: 2 (clear=0, write=2)
[2026-07-18T08:04:04+00:00] State saved
[2026-07-18T08:04:04+00:00] === end (2.82s) ===
[2026-07-18T08:06:01+00:00] === start ===
[2026-07-18T08:06:01+00:00] Sheet rows: 11, month headers: 2
[2026-07-18T08:06:01+00:00] Columns: {"Тусюк":"B","Муха":"C","Козлянко":"D","Юрченков":"E"}
[2026-07-18T08:06:01+00:00] Tech users: {"57":"Тусюк","65":"Козлянко","67":"Муха","71":"Юрченков"}
[2026-07-18T08:06:01+00:00] Sync window: 2026-07-01 → 2026-09-30
[2026-07-18T08:06:02+00:00] Bookings from calendar: 2
[2026-07-18T08:06:03+00:00] Active deals: 169
[2026-07-18T08:06:03+00:00] Assignments: 2
[2026-07-18T08:06:03+00:00] Link colors: green=62, to-check=0
[2026-07-18T08:06:03+00:00] Cells updated: 2 (clear=0, write=2)
[2026-07-18T08:06:03+00:00] State saved
[2026-07-18T08:06:03+00:00] === end (2.81s) ===
[2026-07-18T08:08:01+00:00] === start ===
[2026-07-18T08:08:02+00:00] Sheet rows: 11, month headers: 2
[2026-07-18T08:08:02+00:00] Columns: {"Тусюк":"B","Муха":"C","Козлянко":"D","Юрченков":"E"}
[2026-07-18T08:08:02+00:00] Tech users: {"57":"Тусюк","65":"Козлянко","67":"Муха","71":"Юрченков"}
[2026-07-18T08:08:02+00:00] Sync window: 2026-07-01 → 2026-09-30
[2026-07-18T08:08:03+00:00] Bookings from calendar: 2
[2026-07-18T08:08:03+00:00] Active deals: 169
[2026-07-18T08:08:03+00:00] Assignments: 2
[2026-07-18T08:08:03+00:00] Link colors: green=62, to-check=0
[2026-07-18T08:08:04+00:00] Cells updated: 2 (clear=0, write=2)
[2026-07-18T08:08:04+00:00] State saved
[2026-07-18T08:08:04+00:00] === end (2.69s) ===
[2026-07-18T08:10:01+00:00] === start ===
[2026-07-18T08:10:02+00:00] Sheet rows: 11, month headers: 2
[2026-07-18T08:10:02+00:00] Columns: {"Тусюк":"B","Муха":"C","Козлянко":"D","Юрченков":"E"}
[2026-07-18T08:10:02+00:00] Tech users: {"57":"Тусюк","65":"Козлянко","67":"Муха","71":"Юрченков"}
[2026-07-18T08:10:02+00:00] Sync window: 2026-07-01 → 2026-09-30
[2026-07-18T08:10:03+00:00] Bookings from calendar: 2
[2026-07-18T08:10:03+00:00] Active deals: 169
[2026-07-18T08:10:03+00:00] Assignments: 2
[2026-07-18T08:10:03+00:00] Link colors: green=62, to-check=0
[2026-07-18T08:10:04+00:00] Cells updated: 2 (clear=0, write=2)
[2026-07-18T08:10:04+00:00] State saved
[2026-07-18T08:10:04+00:00] === end (2.85s) ===
[2026-07-18T08:12:01+00:00] === start ===
[2026-07-18T08:12:02+00:00] Sheet rows: 11, month headers: 2
[2026-07-18T08:12:02+00:00] Columns: {"Тусюк":"B","Муха":"C","Козлянко":"D","Юрченков":"E"}
[2026-07-18T08:12:02+00:00] Tech users: {"57":"Тусюк","65":"Козлянко","67":"Муха","71":"Юрченков"}
[2026-07-18T08:12:02+00:00] Sync window: 2026-07-01 → 2026-09-30
[2026-07-18T08:12:03+00:00] Bookings from calendar: 2
[2026-07-18T08:12:04+00:00] Active deals: 169
[2026-07-18T08:12:04+00:00] Assignments: 2
[2026-07-18T08:12:04+00:00] Link colors: green=62, to-check=0
[2026-07-18T08:12:04+00:00] Cells updated: 2 (clear=0, write=2)
[2026-07-18T08:12:04+00:00] State saved
[2026-07-18T08:12:04+00:00] === end (2.99s) ===
[2026-07-18T08:14:01+00:00] === start ===
[2026-07-18T08:14:02+00:00] Sheet rows: 11, month headers: 2
[2026-07-18T08:14:02+00:00] Columns: {"Тусюк":"B","Муха":"C","Козлянко":"D","Юрченков":"E"}
[2026-07-18T08:14:02+00:00] Tech users: {"57":"Тусюк","65":"Козлянко","67":"Муха","71":"Юрченков"}
[2026-07-18T08:14:02+00:00] Sync window: 2026-07-01 → 2026-09-30
[2026-07-18T08:14:03+00:00] Bookings from calendar: 2
[2026-07-18T08:14:03+00:00] Active deals: 169
[2026-07-18T08:14:03+00:00] Assignments: 2
[2026-07-18T08:14:03+00:00] Link colors: green=62, to-check=0
[2026-07-18T08:14:04+00:00] Cells updated: 2 (clear=0, write=2)
[2026-07-18T08:14:04+00:00] State saved
[2026-07-18T08:14:04+00:00] === end (2.62s) ===
[2026-07-18T08:16:01+00:00] === start ===
[2026-07-18T08:16:02+00:00] Sheet rows: 11, month headers: 2
[2026-07-18T08:16:03+00:00] Columns: {"Тусюк":"B","Муха":"C","Козлянко":"D","Юрченков":"E"}
[2026-07-18T08:16:03+00:00] Tech users: {"57":"Тусюк","65":"Козлянко","67":"Муха","71":"Юрченков"}
[2026-07-18T08:16:03+00:00] Sync window: 2026-07-01 → 2026-09-30
[2026-07-18T08:16:03+00:00] Bookings from calendar: 2
[2026-07-18T08:16:04+00:00] Active deals: 169
[2026-07-18T08:16:04+00:00] Assignments: 2
[2026-07-18T08:16:04+00:00] Link colors: green=62, to-check=0
[2026-07-18T08:16:05+00:00] Cells updated: 2 (clear=0, write=2)
[2026-07-18T08:16:05+00:00] State saved
[2026-07-18T08:16:05+00:00] === end (3.27s) ===
[2026-07-18T08:18:01+00:00] === start ===
[2026-07-18T08:18:01+00:00] Sheet rows: 11, month headers: 2
[2026-07-18T08:18:02+00:00] Columns: {"Тусюк":"B","Муха":"C","Козлянко":"D","Юрченков":"E"}
[2026-07-18T08:18:02+00:00] Tech users: {"57":"Тусюк","65":"Козлянко","67":"Муха","71":"Юрченков"}
[2026-07-18T08:18:02+00:00] Sync window: 2026-07-01 → 2026-09-30
[2026-07-18T08:18:02+00:00] Bookings from calendar: 2
[2026-07-18T08:18:03+00:00] Active deals: 169
[2026-07-18T08:18:03+00:00] Assignments: 2
[2026-07-18T08:18:03+00:00] Link colors: green=62, to-check=0
[2026-07-18T08:18:04+00:00] Cells updated: 2 (clear=0, write=2)
[2026-07-18T08:18:04+00:00] State saved
[2026-07-18T08:18:04+00:00] === end (3.03s) ===
[2026-07-18T08:20:01+00:00] === start ===
[2026-07-18T08:20:01+00:00] Sheet rows: 11, month headers: 2
[2026-07-18T08:20:02+00:00] Columns: {"Тусюк":"B","Муха":"C","Козлянко":"D","Юрченков":"E"}
[2026-07-18T08:20:02+00:00] Tech users: {"57":"Тусюк","65":"Козлянко","67":"Муха","71":"Юрченков"}
[2026-07-18T08:20:02+00:00] Sync window: 2026-07-01 → 2026-09-30
[2026-07-18T08:20:02+00:00] Bookings from calendar: 2
[2026-07-18T08:20:03+00:00] Active deals: 169
[2026-07-18T08:20:03+00:00] Assignments: 2
[2026-07-18T08:20:03+00:00] Link colors: green=62, to-check=0
[2026-07-18T08:20:04+00:00] Cells updated: 2 (clear=0, write=2)
[2026-07-18T08:20:04+00:00] State saved
[2026-07-18T08:20:04+00:00] === end (2.75s) ===
[2026-07-18T08:22:01+00:00] === start ===
[2026-07-18T08:22:01+00:00] Sheet rows: 11, month headers: 2
[2026-07-18T08:22:01+00:00] Columns: {"Тусюк":"B","Муха":"C","Козлянко":"D","Юрченков":"E"}
[2026-07-18T08:22:02+00:00] Tech users: {"57":"Тусюк","65":"Козлянко","67":"Муха","71":"Юрченков"}
[2026-07-18T08:22:02+00:00] Sync window: 2026-07-01 → 2026-09-30
[2026-07-18T08:22:02+00:00] Bookings from calendar: 2
[2026-07-18T08:22:03+00:00] Active deals: 169
[2026-07-18T08:22:03+00:00] Assignments: 2
[2026-07-18T08:22:03+00:00] Link colors: green=62, to-check=0
[2026-07-18T08:22:04+00:00] Cells updated: 2 (clear=0, write=2)
[2026-07-18T08:22:04+00:00] State saved
[2026-07-18T08:22:04+00:00] === end (3.29s) ===
[2026-07-18T08:24:01+00:00] === start ===
[2026-07-18T08:24:02+00:00] Sheet rows: 11, month headers: 2
[2026-07-18T08:24:02+00:00] Columns: {"Тусюк":"B","Муха":"C","Козлянко":"D","Юрченков":"E"}
[2026-07-18T08:24:02+00:00] Tech users: {"57":"Тусюк","65":"Козлянко","67":"Муха","71":"Юрченков"}
[2026-07-18T08:24:02+00:00] Sync window: 2026-07-01 → 2026-09-30
[2026-07-18T08:24:03+00:00] Bookings from calendar: 2
[2026-07-18T08:24:03+00:00] Active deals: 169
[2026-07-18T08:24:03+00:00] Assignments: 2
[2026-07-18T08:24:03+00:00] Link colors: green=62, to-check=0
[2026-07-18T08:24:04+00:00] Cells updated: 2 (clear=0, write=2)
[2026-07-18T08:24:04+00:00] State saved
[2026-07-18T08:24:04+00:00] === end (2.96s) ===
[2026-07-18T08:26:01+00:00] === start ===
[2026-07-18T08:26:01+00:00] Sheet rows: 11, month headers: 2
[2026-07-18T08:26:02+00:00] Columns: {"Тусюк":"B","Муха":"C","Козлянко":"D","Юрченков":"E"}
[2026-07-18T08:26:02+00:00] Tech users: {"57":"Тусюк","65":"Козлянко","67":"Муха","71":"Юрченков"}
[2026-07-18T08:26:02+00:00] Sync window: 2026-07-01 → 2026-09-30
[2026-07-18T08:26:03+00:00] Bookings from calendar: 2
[2026-07-18T08:26:03+00:00] Active deals: 169
[2026-07-18T08:26:03+00:00] Assignments: 2
[2026-07-18T08:26:03+00:00] Link colors: green=62, to-check=0
[2026-07-18T08:26:04+00:00] Cells updated: 2 (clear=0, write=2)
[2026-07-18T08:26:04+00:00] State saved
[2026-07-18T08:26:04+00:00] === end (3.07s) ===
[2026-07-18T08:28:01+00:00] === start ===
[2026-07-18T08:28:02+00:00] Sheet rows: 11, month headers: 2
[2026-07-18T08:28:02+00:00] Columns: {"Тусюк":"B","Муха":"C","Козлянко":"D","Юрченков":"E"}
[2026-07-18T08:28:02+00:00] Tech users: {"57":"Тусюк","65":"Козлянко","67":"Муха","71":"Юрченков"}
[2026-07-18T08:28:02+00:00] Sync window: 2026-07-01 → 2026-09-30
[2026-07-18T08:28:03+00:00] Bookings from calendar: 2
[2026-07-18T08:28:03+00:00] Active deals: 169
[2026-07-18T08:28:03+00:00] Assignments: 2
[2026-07-18T08:28:03+00:00] Link colors: green=62, to-check=0
[2026-07-18T08:28:04+00:00] Cells updated: 2 (clear=0, write=2)
[2026-07-18T08:28:04+00:00] State saved
[2026-07-18T08:28:04+00:00] === end (3.04s) ===
[2026-07-18T08:30:01+00:00] === start ===
[2026-07-18T08:30:02+00:00] Sheet rows: 11, month headers: 2
[2026-07-18T08:30:02+00:00] Columns: {"Тусюк":"B","Муха":"C","Козлянко":"D","Юрченков":"E"}
[2026-07-18T08:30:02+00:00] Tech users: {"57":"Тусюк","65":"Козлянко","67":"Муха","71":"Юрченков"}
[2026-07-18T08:30:02+00:00] Sync window: 2026-07-01 → 2026-09-30
[2026-07-18T08:30:03+00:00] Bookings from calendar: 2
[2026-07-18T08:30:04+00:00] Active deals: 169
[2026-07-18T08:30:04+00:00] Assignments: 2
[2026-07-18T08:30:04+00:00] Link colors: green=62, to-check=0
[2026-07-18T08:30:04+00:00] Cells updated: 2 (clear=0, write=2)
[2026-07-18T08:30:04+00:00] State saved
[2026-07-18T08:30:04+00:00] === end (2.91s) ===
[2026-07-18T08:32:01+00:00] === start ===
[2026-07-18T08:32:02+00:00] Sheet rows: 11, month headers: 2
[2026-07-18T08:32:02+00:00] Columns: {"Тусюк":"B","Муха":"C","Козлянко":"D","Юрченков":"E"}
[2026-07-18T08:32:02+00:00] Tech users: {"57":"Тусюк","65":"Козлянко","67":"Муха","71":"Юрченков"}
[2026-07-18T08:32:02+00:00] Sync window: 2026-07-01 → 2026-09-30
[2026-07-18T08:32:03+00:00] Bookings from calendar: 2
[2026-07-18T08:32:04+00:00] Active deals: 169
[2026-07-18T08:32:04+00:00] Assignments: 2
[2026-07-18T08:32:04+00:00] Link colors: green=62, to-check=0
[2026-07-18T08:32:05+00:00] Cells updated: 2 (clear=0, write=2)
[2026-07-18T08:32:05+00:00] State saved
[2026-07-18T08:32:05+00:00] === end (3.36s) ===
[2026-07-18T08:34:01+00:00] === start ===
[2026-07-18T08:34:01+00:00] Sheet rows: 11, month headers: 2
[2026-07-18T08:34:01+00:00] Columns: {"Тусюк":"B","Муха":"C","Козлянко":"D","Юрченков":"E"}
[2026-07-18T08:34:02+00:00] Tech users: {"57":"Тусюк","65":"Козлянко","67":"Муха","71":"Юрченков"}
[2026-07-18T08:34:02+00:00] Sync window: 2026-07-01 → 2026-09-30
[2026-07-18T08:34:02+00:00] Bookings from calendar: 2
[2026-07-18T08:34:03+00:00] Active deals: 169
[2026-07-18T08:34:03+00:00] Assignments: 2
[2026-07-18T08:34:03+00:00] Link colors: green=62, to-check=0
[2026-07-18T08:34:04+00:00] Cells updated: 2 (clear=0, write=2)
[2026-07-18T08:34:04+00:00] State saved
[2026-07-18T08:34:04+00:00] === end (2.77s) ===
[2026-07-18T08:36:01+00:00] === start ===
[2026-07-18T08:36:01+00:00] Sheet rows: 11, month headers: 2
[2026-07-18T08:36:01+00:00] Columns: {"Тусюк":"B","Муха":"C","Козлянко":"D","Юрченков":"E"}
[2026-07-18T08:36:01+00:00] Tech users: {"57":"Тусюк","65":"Козлянко","67":"Муха","71":"Юрченков"}
[2026-07-18T08:36:01+00:00] Sync window: 2026-07-01 → 2026-09-30
[2026-07-18T08:36:02+00:00] Bookings from calendar: 2
[2026-07-18T08:36:03+00:00] Active deals: 169
[2026-07-18T08:36:03+00:00] Assignments: 2
[2026-07-18T08:36:03+00:00] Link colors: green=62, to-check=0
[2026-07-18T08:36:03+00:00] Cells updated: 2 (clear=0, write=2)
[2026-07-18T08:36:03+00:00] State saved
[2026-07-18T08:36:03+00:00] === end (2.84s) ===
[2026-07-18T08:38:01+00:00] === start ===
[2026-07-18T08:38:02+00:00] Sheet rows: 11, month headers: 2
[2026-07-18T08:38:02+00:00] Columns: {"Тусюк":"B","Муха":"C","Козлянко":"D","Юрченков":"E"}
[2026-07-18T08:38:02+00:00] Tech users: {"57":"Тусюк","65":"Козлянко","67":"Муха","71":"Юрченков"}
[2026-07-18T08:38:02+00:00] Sync window: 2026-07-01 → 2026-09-30
[2026-07-18T08:38:03+00:00] Bookings from calendar: 2
[2026-07-18T08:38:04+00:00] Active deals: 169
[2026-07-18T08:38:04+00:00] Assignments: 2
[2026-07-18T08:38:04+00:00] Link colors: green=62, to-check=0
[2026-07-18T08:38:04+00:00] Cells updated: 2 (clear=0, write=2)
[2026-07-18T08:38:04+00:00] State saved
[2026-07-18T08:38:04+00:00] === end (2.96s) ===
[2026-07-18T08:40:02+00:00] === start ===
[2026-07-18T08:40:02+00:00] Sheet rows: 11, month headers: 2
[2026-07-18T08:40:02+00:00] Columns: {"Тусюк":"B","Муха":"C","Козлянко":"D","Юрченков":"E"}
[2026-07-18T08:40:02+00:00] Tech users: {"57":"Тусюк","65":"Козлянко","67":"Муха","71":"Юрченков"}
[2026-07-18T08:40:02+00:00] Sync window: 2026-07-01 → 2026-09-30
[2026-07-18T08:40:03+00:00] Bookings from calendar: 2
[2026-07-18T08:40:04+00:00] Active deals: 169
[2026-07-18T08:40:04+00:00] Assignments: 2
[2026-07-18T08:40:04+00:00] Link colors: green=62, to-check=0
[2026-07-18T08:40:04+00:00] Cells updated: 2 (clear=0, write=2)
[2026-07-18T08:40:04+00:00] State saved
[2026-07-18T08:40:04+00:00] === end (2.92s) ===
[2026-07-18T08:42:02+00:00] === start ===
[2026-07-18T08:42:02+00:00] Sheet rows: 11, month headers: 2
[2026-07-18T08:42:02+00:00] Columns: {"Тусюк":"B","Муха":"C","Козлянко":"D","Юрченков":"E"}
[2026-07-18T08:42:02+00:00] Tech users: {"57":"Тусюк","65":"Козлянко","67":"Муха","71":"Юрченков"}
[2026-07-18T08:42:02+00:00] Sync window: 2026-07-01 → 2026-09-30
[2026-07-18T08:42:03+00:00] Bookings from calendar: 2
[2026-07-18T08:42:03+00:00] Active deals: 169
[2026-07-18T08:42:03+00:00] Assignments: 2
[2026-07-18T08:42:03+00:00] Link colors: green=62, to-check=0
[2026-07-18T08:42:04+00:00] Cells updated: 2 (clear=0, write=2)
[2026-07-18T08:42:04+00:00] State saved
[2026-07-18T08:42:04+00:00] === end (2.59s) ===
[2026-07-18T08:44:01+00:00] === start ===
[2026-07-18T08:44:02+00:00] Sheet rows: 11, month headers: 2
[2026-07-18T08:44:02+00:00] Columns: {"Тусюк":"B","Муха":"C","Козлянко":"D","Юрченков":"E"}
[2026-07-18T08:44:02+00:00] Tech users: {"57":"Тусюк","65":"Козлянко","67":"Муха","71":"Юрченков"}
[2026-07-18T08:44:02+00:00] Sync window: 2026-07-01 → 2026-09-30
[2026-07-18T08:44:03+00:00] Bookings from calendar: 2
[2026-07-18T08:44:03+00:00] Active deals: 169
[2026-07-18T08:44:03+00:00] Assignments: 2
[2026-07-18T08:44:03+00:00] Link colors: green=62, to-check=0
[2026-07-18T08:44:04+00:00] Cells updated: 2 (clear=0, write=2)
[2026-07-18T08:44:04+00:00] State saved
[2026-07-18T08:44:04+00:00] === end (2.83s) ===
[2026-07-18T08:46:01+00:00] === start ===
[2026-07-18T08:46:01+00:00] Sheet rows: 11, month headers: 2
[2026-07-18T08:46:01+00:00] Columns: {"Тусюк":"B","Муха":"C","Козлянко":"D","Юрченков":"E"}
[2026-07-18T08:46:01+00:00] Tech users: {"57":"Тусюк","65":"Козлянко","67":"Муха","71":"Юрченков"}
[2026-07-18T08:46:01+00:00] Sync window: 2026-07-01 → 2026-09-30
[2026-07-18T08:46:02+00:00] Bookings from calendar: 2
[2026-07-18T08:46:03+00:00] Active deals: 169
[2026-07-18T08:46:03+00:00] Assignments: 2
[2026-07-18T08:46:03+00:00] Link colors: green=62, to-check=0
[2026-07-18T08:46:03+00:00] Cells updated: 2 (clear=0, write=2)
[2026-07-18T08:46:03+00:00] State saved
[2026-07-18T08:46:03+00:00] === end (2.79s) ===
[2026-07-18T08:48:01+00:00] === start ===
[2026-07-18T08:48:02+00:00] Sheet rows: 11, month headers: 2
[2026-07-18T08:48:02+00:00] Columns: {"Тусюк":"B","Муха":"C","Козлянко":"D","Юрченков":"E"}
[2026-07-18T08:48:02+00:00] Tech users: {"57":"Тусюк","65":"Козлянко","67":"Муха","71":"Юрченков"}
[2026-07-18T08:48:02+00:00] Sync window: 2026-07-01 → 2026-09-30
[2026-07-18T08:48:03+00:00] Bookings from calendar: 2
[2026-07-18T08:48:03+00:00] Active deals: 169
[2026-07-18T08:48:03+00:00] Assignments: 2
[2026-07-18T08:48:03+00:00] Link colors: green=62, to-check=0
[2026-07-18T08:48:04+00:00] Cells updated: 2 (clear=0, write=2)
[2026-07-18T08:48:04+00:00] State saved
[2026-07-18T08:48:04+00:00] === end (2.61s) ===
[2026-07-18T08:50:01+00:00] === start ===
[2026-07-18T08:50:01+00:00] Sheet rows: 11, month headers: 2
[2026-07-18T08:50:02+00:00] Columns: {"Тусюк":"B","Муха":"C","Козлянко":"D","Юрченков":"E"}
[2026-07-18T08:50:02+00:00] Tech users: {"57":"Тусюк","65":"Козлянко","67":"Муха","71":"Юрченков"}
[2026-07-18T08:50:02+00:00] Sync window: 2026-07-01 → 2026-09-30
[2026-07-18T08:50:02+00:00] Bookings from calendar: 2
[2026-07-18T08:50:03+00:00] Active deals: 169
[2026-07-18T08:50:03+00:00] Assignments: 2
[2026-07-18T08:50:03+00:00] Link colors: green=62, to-check=0
[2026-07-18T08:50:04+00:00] Cells updated: 2 (clear=0, write=2)
[2026-07-18T08:50:04+00:00] State saved
[2026-07-18T08:50:04+00:00] === end (2.67s) ===
[2026-07-18T08:52:01+00:00] === start ===
[2026-07-18T08:52:01+00:00] Sheet rows: 11, month headers: 2
[2026-07-18T08:52:02+00:00] Columns: {"Тусюк":"B","Муха":"C","Козлянко":"D","Юрченков":"E"}
[2026-07-18T08:52:02+00:00] Tech users: {"57":"Тусюк","65":"Козлянко","67":"Муха","71":"Юрченков"}
[2026-07-18T08:52:02+00:00] Sync window: 2026-07-01 → 2026-09-30
[2026-07-18T08:52:02+00:00] Bookings from calendar: 2
[2026-07-18T08:52:03+00:00] Active deals: 169
[2026-07-18T08:52:03+00:00] Assignments: 2
[2026-07-18T08:52:03+00:00] Link colors: green=62, to-check=0
[2026-07-18T08:52:04+00:00] Cells updated: 2 (clear=0, write=2)
[2026-07-18T08:52:04+00:00] State saved
[2026-07-18T08:52:04+00:00] === end (2.9s) ===
[2026-07-18T08:54:01+00:00] === start ===
[2026-07-18T08:54:01+00:00] Sheet rows: 11, month headers: 2
[2026-07-18T08:54:01+00:00] Columns: {"Тусюк":"B","Муха":"C","Козлянко":"D","Юрченков":"E"}
[2026-07-18T08:54:02+00:00] Tech users: {"57":"Тусюк","65":"Козлянко","67":"Муха","71":"Юрченков"}
[2026-07-18T08:54:02+00:00] Sync window: 2026-07-01 → 2026-09-30
[2026-07-18T08:54:02+00:00] Bookings from calendar: 2
[2026-07-18T08:54:03+00:00] Active deals: 169
[2026-07-18T08:54:03+00:00] Assignments: 2
[2026-07-18T08:54:03+00:00] Link colors: green=62, to-check=0
[2026-07-18T08:54:04+00:00] Cells updated: 2 (clear=0, write=2)
[2026-07-18T08:54:04+00:00] State saved
[2026-07-18T08:54:04+00:00] === end (2.7s) ===
[2026-07-18T08:56:01+00:00] === start ===
[2026-07-18T08:56:01+00:00] Sheet rows: 11, month headers: 2
[2026-07-18T08:56:01+00:00] Columns: {"Тусюк":"B","Муха":"C","Козлянко":"D","Юрченков":"E"}
[2026-07-18T08:56:01+00:00] Tech users: {"57":"Тусюк","65":"Козлянко","67":"Муха","71":"Юрченков"}
[2026-07-18T08:56:01+00:00] Sync window: 2026-07-01 → 2026-09-30
[2026-07-18T08:56:02+00:00] Bookings from calendar: 2
[2026-07-18T08:56:03+00:00] Active deals: 169
[2026-07-18T08:56:03+00:00] Assignments: 2
[2026-07-18T08:56:03+00:00] Link colors: green=62, to-check=0
[2026-07-18T08:56:03+00:00] Cells updated: 2 (clear=0, write=2)
[2026-07-18T08:56:03+00:00] State saved
[2026-07-18T08:56:03+00:00] === end (2.64s) ===
[2026-07-18T08:58:01+00:00] === start ===
[2026-07-18T08:58:02+00:00] Sheet rows: 11, month headers: 2
[2026-07-18T08:58:02+00:00] Columns: {"Тусюк":"B","Муха":"C","Козлянко":"D","Юрченков":"E"}
[2026-07-18T08:58:02+00:00] Tech users: {"57":"Тусюк","65":"Козлянко","67":"Муха","71":"Юрченков"}
[2026-07-18T08:58:02+00:00] Sync window: 2026-07-01 → 2026-09-30
[2026-07-18T08:58:03+00:00] Bookings from calendar: 2
[2026-07-18T08:58:03+00:00] Active deals: 169
[2026-07-18T08:58:03+00:00] Assignments: 2
[2026-07-18T08:58:03+00:00] Link colors: green=62, to-check=0
[2026-07-18T08:58:04+00:00] Cells updated: 2 (clear=0, write=2)
[2026-07-18T08:58:04+00:00] State saved
[2026-07-18T08:58:04+00:00] === end (2.76s) ===
[2026-07-18T09:00:01+00:00] === start ===
[2026-07-18T09:00:02+00:00] Sheet rows: 11, month headers: 2
[2026-07-18T09:00:02+00:00] Columns: {"Тусюк":"B","Муха":"C","Козлянко":"D","Юрченков":"E"}
[2026-07-18T09:00:02+00:00] Tech users: {"57":"Тусюк","65":"Козлянко","67":"Муха","71":"Юрченков"}
[2026-07-18T09:00:02+00:00] Sync window: 2026-07-01 → 2026-09-30
[2026-07-18T09:00:03+00:00] Bookings from calendar: 2
[2026-07-18T09:00:03+00:00] Active deals: 169
[2026-07-18T09:00:03+00:00] Assignments: 2
[2026-07-18T09:00:03+00:00] Link colors: green=62, to-check=0
[2026-07-18T09:00:04+00:00] Cells updated: 2 (clear=0, write=2)
[2026-07-18T09:00:04+00:00] State saved
[2026-07-18T09:00:04+00:00] === end (2.81s) ===
[2026-07-18T09:02:01+00:00] === start ===
[2026-07-18T09:02:01+00:00] Sheet rows: 11, month headers: 2
[2026-07-18T09:02:02+00:00] Columns: {"Тусюк":"B","Муха":"C","Козлянко":"D","Юрченков":"E"}
[2026-07-18T09:02:02+00:00] Tech users: {"57":"Тусюк","65":"Козлянко","67":"Муха","71":"Юрченков"}
[2026-07-18T09:02:02+00:00] Sync window: 2026-07-01 → 2026-09-30
[2026-07-18T09:02:03+00:00] Bookings from calendar: 2
[2026-07-18T09:02:03+00:00] Active deals: 169
[2026-07-18T09:02:03+00:00] Assignments: 2
[2026-07-18T09:02:03+00:00] Link colors: green=62, to-check=0
[2026-07-18T09:02:04+00:00] Cells updated: 2 (clear=0, write=2)
[2026-07-18T09:02:04+00:00] State saved
[2026-07-18T09:02:04+00:00] === end (2.89s) ===
[2026-07-18T09:04:01+00:00] === start ===
[2026-07-18T09:04:01+00:00] Sheet rows: 11, month headers: 2
[2026-07-18T09:04:02+00:00] Columns: {"Тусюк":"B","Муха":"C","Козлянко":"D","Юрченков":"E"}
[2026-07-18T09:04:02+00:00] Tech users: {"57":"Тусюк","65":"Козлянко","67":"Муха","71":"Юрченков"}
[2026-07-18T09:04:02+00:00] Sync window: 2026-07-01 → 2026-09-30
[2026-07-18T09:04:03+00:00] Bookings from calendar: 2
[2026-07-18T09:04:04+00:00] Active deals: 169
[2026-07-18T09:04:04+00:00] Assignments: 2
[2026-07-18T09:04:04+00:00] Link colors: green=62, to-check=0
[2026-07-18T09:04:04+00:00] Cells updated: 2 (clear=0, write=2)
[2026-07-18T09:04:04+00:00] State saved
[2026-07-18T09:04:04+00:00] === end (3.25s) ===
[2026-07-18T09:06:01+00:00] === start ===
[2026-07-18T09:06:02+00:00] Sheet rows: 11, month headers: 2
[2026-07-18T09:06:02+00:00] Columns: {"Тусюк":"B","Муха":"C","Козлянко":"D","Юрченков":"E"}
[2026-07-18T09:06:02+00:00] Tech users: {"57":"Тусюк","65":"Козлянко","67":"Муха","71":"Юрченков"}
[2026-07-18T09:06:02+00:00] Sync window: 2026-07-01 → 2026-09-30
[2026-07-18T09:06:03+00:00] Bookings from calendar: 2
[2026-07-18T09:06:04+00:00] Active deals: 169
[2026-07-18T09:06:04+00:00] Assignments: 2
[2026-07-18T09:06:04+00:00] Link colors: green=62, to-check=0
[2026-07-18T09:06:04+00:00] Cells updated: 2 (clear=0, write=2)
[2026-07-18T09:06:04+00:00] State saved
[2026-07-18T09:06:04+00:00] === end (2.98s) ===
[2026-07-18T09:08:01+00:00] === start ===
[2026-07-18T09:08:02+00:00] Sheet rows: 11, month headers: 2
[2026-07-18T09:08:02+00:00] Columns: {"Тусюк":"B","Муха":"C","Козлянко":"D","Юрченков":"E"}
[2026-07-18T09:08:02+00:00] Tech users: {"57":"Тусюк","65":"Козлянко","67":"Муха","71":"Юрченков"}
[2026-07-18T09:08:02+00:00] Sync window: 2026-07-01 → 2026-09-30
[2026-07-18T09:08:03+00:00] Bookings from calendar: 2
[2026-07-18T09:08:03+00:00] Active deals: 169
[2026-07-18T09:08:03+00:00] Assignments: 2
[2026-07-18T09:08:03+00:00] Link colors: green=62, to-check=0
[2026-07-18T09:08:04+00:00] Cells updated: 2 (clear=0, write=2)
[2026-07-18T09:08:04+00:00] State saved
[2026-07-18T09:08:04+00:00] === end (2.76s) ===
[2026-07-18T09:10:01+00:00] === start ===
[2026-07-18T09:10:02+00:00] Sheet rows: 11, month headers: 2
[2026-07-18T09:10:02+00:00] Columns: {"Тусюк":"B","Муха":"C","Козлянко":"D","Юрченков":"E"}
[2026-07-18T09:10:02+00:00] Tech users: {"57":"Тусюк","65":"Козлянко","67":"Муха","71":"Юрченков"}
[2026-07-18T09:10:02+00:00] Sync window: 2026-07-01 → 2026-09-30
[2026-07-18T09:10:03+00:00] Bookings from calendar: 2
[2026-07-18T09:10:04+00:00] Active deals: 169
[2026-07-18T09:10:04+00:00] Assignments: 2
[2026-07-18T09:10:04+00:00] Link colors: green=62, to-check=0
[2026-07-18T09:10:04+00:00] Cells updated: 2 (clear=0, write=2)
[2026-07-18T09:10:04+00:00] State saved
[2026-07-18T09:10:04+00:00] === end (2.97s) ===
[2026-07-18T09:12:01+00:00] === start ===
[2026-07-18T09:12:02+00:00] Sheet rows: 11, month headers: 2
[2026-07-18T09:12:02+00:00] Columns: {"Тусюк":"B","Муха":"C","Козлянко":"D","Юрченков":"E"}
[2026-07-18T09:12:02+00:00] Tech users: {"57":"Тусюк","65":"Козлянко","67":"Муха","71":"Юрченков"}
[2026-07-18T09:12:02+00:00] Sync window: 2026-07-01 → 2026-09-30
[2026-07-18T09:12:03+00:00] Bookings from calendar: 2
[2026-07-18T09:12:03+00:00] Active deals: 169
[2026-07-18T09:12:03+00:00] Assignments: 2
[2026-07-18T09:12:03+00:00] Link colors: green=62, to-check=0
[2026-07-18T09:12:05+00:00] Cells updated: 2 (clear=0, write=2)
[2026-07-18T09:12:05+00:00] State saved
[2026-07-18T09:12:05+00:00] === end (3.33s) ===
[2026-07-18T09:14:01+00:00] === start ===
[2026-07-18T09:14:01+00:00] Sheet rows: 11, month headers: 2
[2026-07-18T09:14:01+00:00] Columns: {"Тусюк":"B","Муха":"C","Козлянко":"D","Юрченков":"E"}
[2026-07-18T09:14:01+00:00] Tech users: {"57":"Тусюк","65":"Козлянко","67":"Муха","71":"Юрченков"}
[2026-07-18T09:14:01+00:00] Sync window: 2026-07-01 → 2026-09-30
[2026-07-18T09:14:02+00:00] Bookings from calendar: 2
[2026-07-18T09:14:03+00:00] Active deals: 169
[2026-07-18T09:14:03+00:00] Assignments: 2
[2026-07-18T09:14:03+00:00] Link colors: green=62, to-check=0
[2026-07-18T09:14:03+00:00] Cells updated: 2 (clear=0, write=2)
[2026-07-18T09:14:03+00:00] State saved
[2026-07-18T09:14:03+00:00] === end (2.73s) ===
[2026-07-18T09:16:01+00:00] === start ===
[2026-07-18T09:16:01+00:00] Sheet rows: 11, month headers: 2
[2026-07-18T09:16:02+00:00] Columns: {"Тусюк":"B","Муха":"C","Козлянко":"D","Юрченков":"E"}
[2026-07-18T09:16:02+00:00] Tech users: {"57":"Тусюк","65":"Козлянко","67":"Муха","71":"Юрченков"}
[2026-07-18T09:16:02+00:00] Sync window: 2026-07-01 → 2026-09-30
[2026-07-18T09:16:02+00:00] Bookings from calendar: 2
[2026-07-18T09:16:03+00:00] Active deals: 169
[2026-07-18T09:16:03+00:00] Assignments: 2
[2026-07-18T09:16:03+00:00] Link colors: green=62, to-check=0
[2026-07-18T09:16:03+00:00] Cells updated: 2 (clear=0, write=2)
[2026-07-18T09:16:03+00:00] State saved
[2026-07-18T09:16:03+00:00] === end (2.48s) ===
[2026-07-18T09:18:01+00:00] === start ===
[2026-07-18T09:18:02+00:00] Sheet rows: 11, month headers: 2
[2026-07-18T09:18:02+00:00] Columns: {"Тусюк":"B","Муха":"C","Козлянко":"D","Юрченков":"E"}
[2026-07-18T09:18:02+00:00] Tech users: {"57":"Тусюк","65":"Козлянко","67":"Муха","71":"Юрченков"}
[2026-07-18T09:18:02+00:00] Sync window: 2026-07-01 → 2026-09-30
[2026-07-18T09:18:03+00:00] Bookings from calendar: 2
[2026-07-18T09:18:04+00:00] Active deals: 169
[2026-07-18T09:18:04+00:00] Assignments: 2
[2026-07-18T09:18:04+00:00] Link colors: green=62, to-check=0
[2026-07-18T09:18:04+00:00] Cells updated: 2 (clear=0, write=2)
[2026-07-18T09:18:04+00:00] State saved
[2026-07-18T09:18:04+00:00] === end (2.82s) ===
[2026-07-18T09:20:01+00:00] === start ===
[2026-07-18T09:20:02+00:00] Sheet rows: 11, month headers: 2
[2026-07-18T09:20:02+00:00] Columns: {"Тусюк":"B","Муха":"C","Козлянко":"D","Юрченков":"E"}
[2026-07-18T09:20:02+00:00] Tech users: {"57":"Тусюк","65":"Козлянко","67":"Муха","71":"Юрченков"}
[2026-07-18T09:20:02+00:00] Sync window: 2026-07-01 → 2026-09-30
[2026-07-18T09:20:03+00:00] Bookings from calendar: 2
[2026-07-18T09:20:03+00:00] Active deals: 169
[2026-07-18T09:20:03+00:00] Assignments: 2
[2026-07-18T09:20:03+00:00] Link colors: green=62, to-check=0
[2026-07-18T09:20:04+00:00] Cells updated: 2 (clear=0, write=2)
[2026-07-18T09:20:04+00:00] State saved
[2026-07-18T09:20:04+00:00] === end (2.77s) ===
[2026-07-18T09:22:01+00:00] === start ===
[2026-07-18T09:22:02+00:00] Sheet rows: 11, month headers: 2
[2026-07-18T09:22:02+00:00] Columns: {"Тусюк":"B","Муха":"C","Козлянко":"D","Юрченков":"E"}
[2026-07-18T09:22:02+00:00] Tech users: {"57":"Тусюк","65":"Козлянко","67":"Муха","71":"Юрченков"}
[2026-07-18T09:22:02+00:00] Sync window: 2026-07-01 → 2026-09-30
[2026-07-18T09:22:03+00:00] Bookings from calendar: 2
[2026-07-18T09:22:03+00:00] Active deals: 169
[2026-07-18T09:22:03+00:00] Assignments: 2
[2026-07-18T09:22:03+00:00] Link colors: green=62, to-check=0
[2026-07-18T09:22:04+00:00] Cells updated: 2 (clear=0, write=2)
[2026-07-18T09:22:04+00:00] State saved
[2026-07-18T09:22:04+00:00] === end (2.53s) ===
[2026-07-18T09:24:01+00:00] === start ===
[2026-07-18T09:24:02+00:00] Sheet rows: 11, month headers: 2
[2026-07-18T09:24:02+00:00] Columns: {"Тусюк":"B","Муха":"C","Козлянко":"D","Юрченков":"E"}
[2026-07-18T09:24:02+00:00] Tech users: {"57":"Тусюк","65":"Козлянко","67":"Муха","71":"Юрченков"}
[2026-07-18T09:24:02+00:00] Sync window: 2026-07-01 → 2026-09-30
[2026-07-18T09:24:03+00:00] Bookings from calendar: 2
[2026-07-18T09:24:03+00:00] Active deals: 169
[2026-07-18T09:24:03+00:00] Assignments: 2
[2026-07-18T09:24:03+00:00] Link colors: green=62, to-check=0
[2026-07-18T09:24:04+00:00] Cells updated: 2 (clear=0, write=2)
[2026-07-18T09:24:04+00:00] State saved
[2026-07-18T09:24:04+00:00] === end (3.22s) ===
[2026-07-18T09:26:01+00:00] === start ===
[2026-07-18T09:26:01+00:00] Sheet rows: 11, month headers: 2
[2026-07-18T09:26:02+00:00] Columns: {"Тусюк":"B","Муха":"C","Козлянко":"D","Юрченков":"E"}
[2026-07-18T09:26:02+00:00] Tech users: {"57":"Тусюк","65":"Козлянко","67":"Муха","71":"Юрченков"}
[2026-07-18T09:26:02+00:00] Sync window: 2026-07-01 → 2026-09-30
[2026-07-18T09:26:03+00:00] Bookings from calendar: 2
[2026-07-18T09:26:03+00:00] Active deals: 169
[2026-07-18T09:26:03+00:00] Assignments: 2
[2026-07-18T09:26:03+00:00] Link colors: green=62, to-check=0
[2026-07-18T09:26:04+00:00] Cells updated: 2 (clear=0, write=2)
[2026-07-18T09:26:04+00:00] State saved
[2026-07-18T09:26:04+00:00] === end (2.78s) ===
[2026-07-18T09:28:01+00:00] === start ===
[2026-07-18T09:28:01+00:00] Sheet rows: 11, month headers: 2
[2026-07-18T09:28:01+00:00] Columns: {"Тусюк":"B","Муха":"C","Козлянко":"D","Юрченков":"E"}
[2026-07-18T09:28:02+00:00] Tech users: {"57":"Тусюк","65":"Козлянко","67":"Муха","71":"Юрченков"}
[2026-07-18T09:28:02+00:00] Sync window: 2026-07-01 → 2026-09-30
[2026-07-18T09:28:02+00:00] Bookings from calendar: 2
[2026-07-18T09:28:03+00:00] Active deals: 169
[2026-07-18T09:28:03+00:00] Assignments: 2
[2026-07-18T09:28:03+00:00] Link colors: green=62, to-check=0
[2026-07-18T09:28:04+00:00] Cells updated: 2 (clear=0, write=2)
[2026-07-18T09:28:04+00:00] State saved
[2026-07-18T09:28:04+00:00] === end (2.77s) ===
[2026-07-18T09:30:01+00:00] === start ===
[2026-07-18T09:30:01+00:00] Sheet rows: 11, month headers: 2
[2026-07-18T09:30:01+00:00] Columns: {"Тусюк":"B","Муха":"C","Козлянко":"D","Юрченков":"E"}
[2026-07-18T09:30:01+00:00] Tech users: {"57":"Тусюк","65":"Козлянко","67":"Муха","71":"Юрченков"}
[2026-07-18T09:30:01+00:00] Sync window: 2026-07-01 → 2026-09-30
[2026-07-18T09:30:02+00:00] Bookings from calendar: 2
[2026-07-18T09:30:03+00:00] Active deals: 169
[2026-07-18T09:30:03+00:00] Assignments: 2
[2026-07-18T09:30:03+00:00] Link colors: green=62, to-check=0
[2026-07-18T09:30:03+00:00] Cells updated: 2 (clear=0, write=2)
[2026-07-18T09:30:03+00:00] State saved
[2026-07-18T09:30:03+00:00] === end (2.6s) ===
[2026-07-18T09:32:01+00:00] === start ===
[2026-07-18T09:32:02+00:00] Sheet rows: 11, month headers: 2
[2026-07-18T09:32:02+00:00] Columns: {"Тусюк":"B","Муха":"C","Козлянко":"D","Юрченков":"E"}
[2026-07-18T09:32:02+00:00] Tech users: {"57":"Тусюк","65":"Козлянко","67":"Муха","71":"Юрченков"}
[2026-07-18T09:32:02+00:00] Sync window: 2026-07-01 → 2026-09-30
[2026-07-18T09:32:03+00:00] Bookings from calendar: 2
[2026-07-18T09:32:03+00:00] Active deals: 169
[2026-07-18T09:32:03+00:00] Assignments: 2
[2026-07-18T09:32:03+00:00] Link colors: green=62, to-check=0
[2026-07-18T09:32:04+00:00] Cells updated: 2 (clear=0, write=2)
[2026-07-18T09:32:04+00:00] State saved
[2026-07-18T09:32:04+00:00] === end (2.7s) ===
[2026-07-18T09:34:01+00:00] === start ===
[2026-07-18T09:34:02+00:00] Sheet rows: 11, month headers: 2
[2026-07-18T09:34:02+00:00] Columns: {"Тусюк":"B","Муха":"C","Козлянко":"D","Юрченков":"E"}
[2026-07-18T09:34:02+00:00] Tech users: {"57":"Тусюк","65":"Козлянко","67":"Муха","71":"Юрченков"}
[2026-07-18T09:34:02+00:00] Sync window: 2026-07-01 → 2026-09-30
[2026-07-18T09:34:03+00:00] Bookings from calendar: 2
[2026-07-18T09:34:03+00:00] Active deals: 169
[2026-07-18T09:34:03+00:00] Assignments: 2
[2026-07-18T09:34:03+00:00] Link colors: green=62, to-check=0
[2026-07-18T09:34:04+00:00] Cells updated: 2 (clear=0, write=2)
[2026-07-18T09:34:04+00:00] State saved
[2026-07-18T09:34:04+00:00] === end (2.98s) ===
[2026-07-18T09:36:01+00:00] === start ===
[2026-07-18T09:36:02+00:00] Sheet rows: 11, month headers: 2
[2026-07-18T09:36:02+00:00] Columns: {"Тусюк":"B","Муха":"C","Козлянко":"D","Юрченков":"E"}
[2026-07-18T09:36:02+00:00] Tech users: {"57":"Тусюк","65":"Козлянко","67":"Муха","71":"Юрченков"}
[2026-07-18T09:36:02+00:00] Sync window: 2026-07-01 → 2026-09-30
[2026-07-18T09:36:03+00:00] Bookings from calendar: 2
[2026-07-18T09:36:03+00:00] Active deals: 169
[2026-07-18T09:36:03+00:00] Assignments: 2
[2026-07-18T09:36:03+00:00] Link colors: green=62, to-check=0
[2026-07-18T09:36:04+00:00] Cells updated: 2 (clear=0, write=2)
[2026-07-18T09:36:04+00:00] State saved
[2026-07-18T09:36:04+00:00] === end (2.61s) ===
[2026-07-18T09:38:01+00:00] === start ===
[2026-07-18T09:38:01+00:00] Sheet rows: 11, month headers: 2
[2026-07-18T09:38:02+00:00] Columns: {"Тусюк":"B","Муха":"C","Козлянко":"D","Юрченков":"E"}
[2026-07-18T09:38:02+00:00] Tech users: {"57":"Тусюк","65":"Козлянко","67":"Муха","71":"Юрченков"}
[2026-07-18T09:38:02+00:00] Sync window: 2026-07-01 → 2026-09-30
[2026-07-18T09:38:02+00:00] Bookings from calendar: 2
[2026-07-18T09:38:03+00:00] Active deals: 169
[2026-07-18T09:38:03+00:00] Assignments: 2
[2026-07-18T09:38:03+00:00] Link colors: green=62, to-check=0
[2026-07-18T09:38:04+00:00] Cells updated: 2 (clear=0, write=2)
[2026-07-18T09:38:04+00:00] State saved
[2026-07-18T09:38:04+00:00] === end (2.81s) ===
[2026-07-18T09:40:01+00:00] === start ===
[2026-07-18T09:40:02+00:00] Sheet rows: 11, month headers: 2
[2026-07-18T09:40:02+00:00] Columns: {"Тусюк":"B","Муха":"C","Козлянко":"D","Юрченков":"E"}
[2026-07-18T09:40:02+00:00] Tech users: {"57":"Тусюк","65":"Козлянко","67":"Муха","71":"Юрченков"}
[2026-07-18T09:40:02+00:00] Sync window: 2026-07-01 → 2026-09-30
[2026-07-18T09:40:03+00:00] Bookings from calendar: 2
[2026-07-18T09:40:03+00:00] Active deals: 169
[2026-07-18T09:40:03+00:00] Assignments: 2
[2026-07-18T09:40:03+00:00] Link colors: green=62, to-check=0
[2026-07-18T09:40:04+00:00] Cells updated: 2 (clear=0, write=2)
[2026-07-18T09:40:04+00:00] State saved
[2026-07-18T09:40:04+00:00] === end (3.15s) ===
[2026-07-18T09:42:01+00:00] === start ===
[2026-07-18T09:42:01+00:00] Sheet rows: 11, month headers: 2
[2026-07-18T09:42:02+00:00] Columns: {"Тусюк":"B","Муха":"C","Козлянко":"D","Юрченков":"E"}
[2026-07-18T09:42:02+00:00] Tech users: {"57":"Тусюк","65":"Козлянко","67":"Муха","71":"Юрченков"}
[2026-07-18T09:42:02+00:00] Sync window: 2026-07-01 → 2026-09-30
[2026-07-18T09:42:02+00:00] Bookings from calendar: 2
[2026-07-18T09:42:03+00:00] Active deals: 169
[2026-07-18T09:42:03+00:00] Assignments: 2
[2026-07-18T09:42:03+00:00] Link colors: green=62, to-check=0
[2026-07-18T09:42:04+00:00] Cells updated: 2 (clear=0, write=2)
[2026-07-18T09:42:04+00:00] State saved
[2026-07-18T09:42:04+00:00] === end (2.55s) ===
[2026-07-18T09:44:01+00:00] === start ===
[2026-07-18T09:44:01+00:00] Sheet rows: 11, month headers: 2
[2026-07-18T09:44:01+00:00] Columns: {"Тусюк":"B","Муха":"C","Козлянко":"D","Юрченков":"E"}
[2026-07-18T09:44:01+00:00] Tech users: {"57":"Тусюк","65":"Козлянко","67":"Муха","71":"Юрченков"}
[2026-07-18T09:44:01+00:00] Sync window: 2026-07-01 → 2026-09-30
[2026-07-18T09:44:02+00:00] Bookings from calendar: 2
[2026-07-18T09:44:03+00:00] Active deals: 169
[2026-07-18T09:44:03+00:00] Assignments: 2
[2026-07-18T09:44:03+00:00] Link colors: green=62, to-check=0
[2026-07-18T09:44:03+00:00] Cells updated: 2 (clear=0, write=2)
[2026-07-18T09:44:03+00:00] State saved
[2026-07-18T09:44:03+00:00] === end (2.69s) ===
[2026-07-18T09:46:01+00:00] === start ===
[2026-07-18T09:46:01+00:00] Sheet rows: 11, month headers: 2
[2026-07-18T09:46:01+00:00] Columns: {"Тусюк":"B","Муха":"C","Козлянко":"D","Юрченков":"E"}
[2026-07-18T09:46:02+00:00] Tech users: {"57":"Тусюк","65":"Козлянко","67":"Муха","71":"Юрченков"}
[2026-07-18T09:46:02+00:00] Sync window: 2026-07-01 → 2026-09-30
[2026-07-18T09:46:02+00:00] Bookings from calendar: 2
[2026-07-18T09:46:03+00:00] Active deals: 169
[2026-07-18T09:46:03+00:00] Assignments: 2
[2026-07-18T09:46:03+00:00] Link colors: green=62, to-check=0
[2026-07-18T09:46:04+00:00] Cells updated: 2 (clear=0, write=2)
[2026-07-18T09:46:04+00:00] State saved
[2026-07-18T09:46:04+00:00] === end (2.76s) ===
[2026-07-18T09:48:01+00:00] === start ===
[2026-07-18T09:48:01+00:00] Sheet rows: 11, month headers: 2
[2026-07-18T09:48:01+00:00] Columns: {"Тусюк":"B","Муха":"C","Козлянко":"D","Юрченков":"E"}
[2026-07-18T09:48:02+00:00] Tech users: {"57":"Тусюк","65":"Козлянко","67":"Муха","71":"Юрченков"}
[2026-07-18T09:48:02+00:00] Sync window: 2026-07-01 → 2026-09-30
[2026-07-18T09:48:02+00:00] Bookings from calendar: 2
[2026-07-18T09:48:03+00:00] Active deals: 169
[2026-07-18T09:48:03+00:00] Assignments: 2
[2026-07-18T09:48:03+00:00] Link colors: green=62, to-check=0
[2026-07-18T09:48:04+00:00] Cells updated: 2 (clear=0, write=2)
[2026-07-18T09:48:04+00:00] State saved
[2026-07-18T09:48:04+00:00] === end (2.76s) ===
[2026-07-18T09:50:01+00:00] === start ===
[2026-07-18T09:50:01+00:00] Sheet rows: 11, month headers: 2
[2026-07-18T09:50:01+00:00] Columns: {"Тусюк":"B","Муха":"C","Козлянко":"D","Юрченков":"E"}
[2026-07-18T09:50:01+00:00] Tech users: {"57":"Тусюк","65":"Козлянко","67":"Муха","71":"Юрченков"}
[2026-07-18T09:50:01+00:00] Sync window: 2026-07-01 → 2026-09-30
[2026-07-18T09:50:02+00:00] Bookings from calendar: 2
[2026-07-18T09:50:03+00:00] Active deals: 169
[2026-07-18T09:50:03+00:00] Assignments: 2
[2026-07-18T09:50:03+00:00] Link colors: green=62, to-check=0
[2026-07-18T09:50:03+00:00] Cells updated: 2 (clear=0, write=2)
[2026-07-18T09:50:03+00:00] State saved
[2026-07-18T09:50:03+00:00] === end (2.77s) ===
[2026-07-18T09:52:01+00:00] === start ===
[2026-07-18T09:52:02+00:00] Sheet rows: 11, month headers: 2
[2026-07-18T09:52:02+00:00] Columns: {"Тусюк":"B","Муха":"C","Козлянко":"D","Юрченков":"E"}
[2026-07-18T09:52:02+00:00] Tech users: {"57":"Тусюк","65":"Козлянко","67":"Муха","71":"Юрченков"}
[2026-07-18T09:52:02+00:00] Sync window: 2026-07-01 → 2026-09-30
[2026-07-18T09:52:03+00:00] Bookings from calendar: 2
[2026-07-18T09:52:04+00:00] Active deals: 169
[2026-07-18T09:52:04+00:00] Assignments: 2
[2026-07-18T09:52:04+00:00] Link colors: green=62, to-check=0
[2026-07-18T09:52:04+00:00] Cells updated: 2 (clear=0, write=2)
[2026-07-18T09:52:04+00:00] State saved
[2026-07-18T09:52:04+00:00] === end (2.86s) ===
[2026-07-18T09:54:01+00:00] === start ===
[2026-07-18T09:54:02+00:00] Sheet rows: 11, month headers: 2
[2026-07-18T09:54:02+00:00] Columns: {"Тусюк":"B","Муха":"C","Козлянко":"D","Юрченков":"E"}
[2026-07-18T09:54:02+00:00] Tech users: {"57":"Тусюк","65":"Козлянко","67":"Муха","71":"Юрченков"}
[2026-07-18T09:54:02+00:00] Sync window: 2026-07-01 → 2026-09-30
[2026-07-18T09:54:03+00:00] Bookings from calendar: 2
[2026-07-18T09:54:03+00:00] Active deals: 169
[2026-07-18T09:54:03+00:00] Assignments: 2
[2026-07-18T09:54:03+00:00] Link colors: green=62, to-check=0
[2026-07-18T09:54:04+00:00] Cells updated: 2 (clear=0, write=2)
[2026-07-18T09:54:04+00:00] State saved
[2026-07-18T09:54:04+00:00] === end (2.49s) ===
[2026-07-18T09:56:01+00:00] === start ===
[2026-07-18T09:56:01+00:00] Sheet rows: 11, month headers: 2
[2026-07-18T09:56:02+00:00] Columns: {"Тусюк":"B","Муха":"C","Козлянко":"D","Юрченков":"E"}
[2026-07-18T09:56:02+00:00] Tech users: {"57":"Тусюк","65":"Козлянко","67":"Муха","71":"Юрченков"}
[2026-07-18T09:56:02+00:00] Sync window: 2026-07-01 → 2026-09-30
[2026-07-18T09:56:02+00:00] Bookings from calendar: 2
[2026-07-18T09:56:03+00:00] Active deals: 169
[2026-07-18T09:56:03+00:00] Assignments: 2
[2026-07-18T09:56:03+00:00] Link colors: green=62, to-check=0
[2026-07-18T09:56:04+00:00] Cells updated: 2 (clear=0, write=2)
[2026-07-18T09:56:04+00:00] State saved
[2026-07-18T09:56:04+00:00] === end (2.78s) ===
[2026-07-18T09:58:01+00:00] === start ===
[2026-07-18T09:58:01+00:00] Sheet rows: 11, month headers: 2
[2026-07-18T09:58:01+00:00] Columns: {"Тусюк":"B","Муха":"C","Козлянко":"D","Юрченков":"E"}
[2026-07-18T09:58:01+00:00] Tech users: {"57":"Тусюк","65":"Козлянко","67":"Муха","71":"Юрченков"}
[2026-07-18T09:58:01+00:00] Sync window: 2026-07-01 → 2026-09-30
[2026-07-18T09:58:02+00:00] Bookings from calendar: 2
[2026-07-18T09:58:03+00:00] Active deals: 169
[2026-07-18T09:58:03+00:00] Assignments: 2
[2026-07-18T09:58:03+00:00] Link colors: green=62, to-check=0
[2026-07-18T09:58:03+00:00] Cells updated: 2 (clear=0, write=2)
[2026-07-18T09:58:03+00:00] State saved
[2026-07-18T09:58:03+00:00] === end (2.75s) ===
[2026-07-18T10:00:02+00:00] === start ===
[2026-07-18T10:00:02+00:00] Sheet rows: 11, month headers: 2
[2026-07-18T10:00:02+00:00] Columns: {"Тусюк":"B","Муха":"C","Козлянко":"D","Юрченков":"E"}
[2026-07-18T10:00:02+00:00] Tech users: {"57":"Тусюк","65":"Козлянко","67":"Муха","71":"Юрченков"}
[2026-07-18T10:00:02+00:00] Sync window: 2026-07-01 → 2026-09-30
[2026-07-18T10:00:03+00:00] Bookings from calendar: 2
[2026-07-18T10:00:04+00:00] Active deals: 169
[2026-07-18T10:00:04+00:00] Assignments: 2
[2026-07-18T10:00:04+00:00] Link colors: green=62, to-check=0
[2026-07-18T10:00:04+00:00] Cells updated: 2 (clear=0, write=2)
[2026-07-18T10:00:04+00:00] State saved
[2026-07-18T10:00:04+00:00] === end (2.66s) ===
[2026-07-18T10:02:01+00:00] === start ===
[2026-07-18T10:02:02+00:00] Sheet rows: 11, month headers: 2
[2026-07-18T10:02:02+00:00] Columns: {"Тусюк":"B","Муха":"C","Козлянко":"D","Юрченков":"E"}
[2026-07-18T10:02:02+00:00] Tech users: {"57":"Тусюк","65":"Козлянко","67":"Муха","71":"Юрченков"}
[2026-07-18T10:02:02+00:00] Sync window: 2026-07-01 → 2026-09-30
[2026-07-18T10:02:03+00:00] Bookings from calendar: 2
[2026-07-18T10:02:03+00:00] Active deals: 169
[2026-07-18T10:02:03+00:00] Assignments: 2
[2026-07-18T10:02:03+00:00] Link colors: green=62, to-check=0
[2026-07-18T10:02:04+00:00] Cells updated: 2 (clear=0, write=2)
[2026-07-18T10:02:04+00:00] State saved
[2026-07-18T10:02:04+00:00] === end (2.86s) ===
[2026-07-18T10:04:01+00:00] === start ===
[2026-07-18T10:04:02+00:00] Sheet rows: 11, month headers: 2
[2026-07-18T10:04:02+00:00] Columns: {"Тусюк":"B","Муха":"C","Козлянко":"D","Юрченков":"E"}
[2026-07-18T10:04:02+00:00] Tech users: {"57":"Тусюк","65":"Козлянко","67":"Муха","71":"Юрченков"}
[2026-07-18T10:04:02+00:00] Sync window: 2026-07-01 → 2026-09-30
[2026-07-18T10:04:03+00:00] Bookings from calendar: 2
[2026-07-18T10:04:03+00:00] Active deals: 169
[2026-07-18T10:04:03+00:00] Assignments: 2
[2026-07-18T10:04:03+00:00] Link colors: green=62, to-check=0
[2026-07-18T10:04:04+00:00] Cells updated: 2 (clear=0, write=2)
[2026-07-18T10:04:04+00:00] State saved
[2026-07-18T10:04:04+00:00] === end (2.69s) ===
[2026-07-18T10:06:01+00:00] === start ===
[2026-07-18T10:06:01+00:00] Sheet rows: 11, month headers: 2
[2026-07-18T10:06:02+00:00] Columns: {"Тусюк":"B","Муха":"C","Козлянко":"D","Юрченков":"E"}
[2026-07-18T10:06:02+00:00] Tech users: {"57":"Тусюк","65":"Козлянко","67":"Муха","71":"Юрченков"}
[2026-07-18T10:06:02+00:00] Sync window: 2026-07-01 → 2026-09-30
[2026-07-18T10:06:02+00:00] Bookings from calendar: 2
[2026-07-18T10:06:03+00:00] Active deals: 169
[2026-07-18T10:06:03+00:00] Assignments: 2
[2026-07-18T10:06:03+00:00] Link colors: green=62, to-check=0
[2026-07-18T10:06:04+00:00] Cells updated: 2 (clear=0, write=2)
[2026-07-18T10:06:04+00:00] State saved
[2026-07-18T10:06:04+00:00] === end (2.71s) ===
[2026-07-18T10:08:01+00:00] === start ===
[2026-07-18T10:08:01+00:00] Sheet rows: 11, month headers: 2
[2026-07-18T10:08:01+00:00] Columns: {"Тусюк":"B","Муха":"C","Козлянко":"D","Юрченков":"E"}
[2026-07-18T10:08:02+00:00] Tech users: {"57":"Тусюк","65":"Козлянко","67":"Муха","71":"Юрченков"}
[2026-07-18T10:08:02+00:00] Sync window: 2026-07-01 → 2026-09-30
[2026-07-18T10:08:02+00:00] Bookings from calendar: 2
[2026-07-18T10:08:03+00:00] Active deals: 169
[2026-07-18T10:08:03+00:00] Assignments: 2
[2026-07-18T10:08:03+00:00] Link colors: green=62, to-check=0
[2026-07-18T10:08:04+00:00] Cells updated: 2 (clear=0, write=2)
[2026-07-18T10:08:04+00:00] State saved
[2026-07-18T10:08:04+00:00] === end (2.91s) ===
[2026-07-18T10:10:01+00:00] === start ===
[2026-07-18T10:10:01+00:00] Sheet rows: 11, month headers: 2
[2026-07-18T10:10:01+00:00] Columns: {"Тусюк":"B","Муха":"C","Козлянко":"D","Юрченков":"E"}
[2026-07-18T10:10:01+00:00] Tech users: {"57":"Тусюк","65":"Козлянко","67":"Муха","71":"Юрченков"}
[2026-07-18T10:10:01+00:00] Sync window: 2026-07-01 → 2026-09-30
[2026-07-18T10:10:02+00:00] Bookings from calendar: 2
[2026-07-18T10:10:03+00:00] Active deals: 169
[2026-07-18T10:10:03+00:00] Assignments: 2
[2026-07-18T10:10:03+00:00] Link colors: green=62, to-check=0
[2026-07-18T10:10:03+00:00] Cells updated: 2 (clear=0, write=2)
[2026-07-18T10:10:03+00:00] State saved
[2026-07-18T10:10:03+00:00] === end (2.79s) ===
[2026-07-18T10:12:01+00:00] === start ===
[2026-07-18T10:12:01+00:00] Sheet rows: 11, month headers: 2
[2026-07-18T10:12:01+00:00] Columns: {"Тусюк":"B","Муха":"C","Козлянко":"D","Юрченков":"E"}
[2026-07-18T10:12:02+00:00] Tech users: {"57":"Тусюк","65":"Козлянко","67":"Муха","71":"Юрченков"}
[2026-07-18T10:12:02+00:00] Sync window: 2026-07-01 → 2026-09-30
[2026-07-18T10:12:02+00:00] Bookings from calendar: 2
[2026-07-18T10:12:03+00:00] Active deals: 169
[2026-07-18T10:12:03+00:00] Assignments: 2
[2026-07-18T10:12:03+00:00] Link colors: green=62, to-check=0
[2026-07-18T10:12:03+00:00] Cells updated: 2 (clear=0, write=2)
[2026-07-18T10:12:03+00:00] State saved
[2026-07-18T10:12:03+00:00] === end (2.92s) ===
[2026-07-18T10:14:02+00:00] === start ===
[2026-07-18T10:14:02+00:00] Sheet rows: 11, month headers: 2
[2026-07-18T10:14:02+00:00] Columns: {"Тусюк":"B","Муха":"C","Козлянко":"D","Юрченков":"E"}
[2026-07-18T10:14:02+00:00] Tech users: {"57":"Тусюк","65":"Козлянко","67":"Муха","71":"Юрченков"}
[2026-07-18T10:14:02+00:00] Sync window: 2026-07-01 → 2026-09-30
[2026-07-18T10:14:03+00:00] Bookings from calendar: 2
[2026-07-18T10:14:03+00:00] Active deals: 169
[2026-07-18T10:14:03+00:00] Assignments: 2
[2026-07-18T10:14:03+00:00] Link colors: green=62, to-check=0
[2026-07-18T10:14:04+00:00] Cells updated: 2 (clear=0, write=2)
[2026-07-18T10:14:04+00:00] State saved
[2026-07-18T10:14:04+00:00] === end (2.57s) ===
[2026-07-18T10:16:01+00:00] === start ===
[2026-07-18T10:16:01+00:00] Sheet rows: 11, month headers: 2
[2026-07-18T10:16:01+00:00] Columns: {"Тусюк":"B","Муха":"C","Козлянко":"D","Юрченков":"E"}
[2026-07-18T10:16:01+00:00] Tech users: {"57":"Тусюк","65":"Козлянко","67":"Муха","71":"Юрченков"}
[2026-07-18T10:16:01+00:00] Sync window: 2026-07-01 → 2026-09-30
[2026-07-18T10:16:02+00:00] Bookings from calendar: 2
[2026-07-18T10:16:03+00:00] Active deals: 169
[2026-07-18T10:16:03+00:00] Assignments: 2
[2026-07-18T10:16:03+00:00] Link colors: green=62, to-check=0
[2026-07-18T10:16:03+00:00] Cells updated: 2 (clear=0, write=2)
[2026-07-18T10:16:03+00:00] State saved
[2026-07-18T10:16:03+00:00] === end (2.67s) ===
[2026-07-18T10:18:01+00:00] === start ===
[2026-07-18T10:18:02+00:00] Sheet rows: 11, month headers: 2
[2026-07-18T10:18:02+00:00] Columns: {"Тусюк":"B","Муха":"C","Козлянко":"D","Юрченков":"E"}
[2026-07-18T10:18:02+00:00] Tech users: {"57":"Тусюк","65":"Козлянко","67":"Муха","71":"Юрченков"}
[2026-07-18T10:18:02+00:00] Sync window: 2026-07-01 → 2026-09-30
[2026-07-18T10:18:03+00:00] Bookings from calendar: 2
[2026-07-18T10:18:04+00:00] Active deals: 169
[2026-07-18T10:18:04+00:00] Assignments: 2
[2026-07-18T10:18:04+00:00] Link colors: green=62, to-check=0
[2026-07-18T10:18:04+00:00] Cells updated: 2 (clear=0, write=2)
[2026-07-18T10:18:04+00:00] State saved
[2026-07-18T10:18:04+00:00] === end (2.97s) ===
[2026-07-18T10:20:01+00:00] === start ===
[2026-07-18T10:20:02+00:00] Sheet rows: 11, month headers: 2
[2026-07-18T10:20:02+00:00] Columns: {"Тусюк":"B","Муха":"C","Козлянко":"D","Юрченков":"E"}
[2026-07-18T10:20:02+00:00] Tech users: {"57":"Тусюк","65":"Козлянко","67":"Муха","71":"Юрченков"}
[2026-07-18T10:20:02+00:00] Sync window: 2026-07-01 → 2026-09-30
[2026-07-18T10:20:03+00:00] Bookings from calendar: 2
[2026-07-18T10:20:04+00:00] Active deals: 169
[2026-07-18T10:20:04+00:00] Assignments: 2
[2026-07-18T10:20:04+00:00] Link colors: green=62, to-check=0
[2026-07-18T10:20:05+00:00] Cells updated: 2 (clear=0, write=2)
[2026-07-18T10:20:05+00:00] State saved
[2026-07-18T10:20:05+00:00] === end (3.25s) ===
[2026-07-18T10:22:01+00:00] === start ===
[2026-07-18T10:22:01+00:00] Sheet rows: 11, month headers: 2
[2026-07-18T10:22:02+00:00] Columns: {"Тусюк":"B","Муха":"C","Козлянко":"D","Юрченков":"E"}
[2026-07-18T10:22:02+00:00] Tech users: {"57":"Тусюк","65":"Козлянко","67":"Муха","71":"Юрченков"}
[2026-07-18T10:22:02+00:00] Sync window: 2026-07-01 → 2026-09-30
[2026-07-18T10:22:02+00:00] Bookings from calendar: 2
[2026-07-18T10:22:03+00:00] Active deals: 169
[2026-07-18T10:22:03+00:00] Assignments: 2
[2026-07-18T10:22:03+00:00] Link colors: green=62, to-check=0
[2026-07-18T10:22:04+00:00] Cells updated: 2 (clear=0, write=2)
[2026-07-18T10:22:04+00:00] State saved
[2026-07-18T10:22:04+00:00] === end (2.8s) ===
[2026-07-18T10:24:01+00:00] === start ===
[2026-07-18T10:24:01+00:00] Sheet rows: 11, month headers: 2
[2026-07-18T10:24:01+00:00] Columns: {"Тусюк":"B","Муха":"C","Козлянко":"D","Юрченков":"E"}
[2026-07-18T10:24:01+00:00] Tech users: {"57":"Тусюк","65":"Козлянко","67":"Муха","71":"Юрченков"}
[2026-07-18T10:24:01+00:00] Sync window: 2026-07-01 → 2026-09-30
[2026-07-18T10:24:02+00:00] Bookings from calendar: 2
[2026-07-18T10:24:03+00:00] Active deals: 169
[2026-07-18T10:24:03+00:00] Assignments: 2
[2026-07-18T10:24:03+00:00] Link colors: green=62, to-check=0
[2026-07-18T10:24:04+00:00] Cells updated: 2 (clear=0, write=2)
[2026-07-18T10:24:04+00:00] State saved
[2026-07-18T10:24:04+00:00] === end (3.29s) ===
[2026-07-18T10:26:01+00:00] === start ===
[2026-07-18T10:26:01+00:00] Sheet rows: 11, month headers: 2
[2026-07-18T10:26:02+00:00] Columns: {"Тусюк":"B","Муха":"C","Козлянко":"D","Юрченков":"E"}
[2026-07-18T10:26:02+00:00] Tech users: {"57":"Тусюк","65":"Козлянко","67":"Муха","71":"Юрченков"}
[2026-07-18T10:26:02+00:00] Sync window: 2026-07-01 → 2026-09-30
[2026-07-18T10:26:02+00:00] Bookings from calendar: 2
[2026-07-18T10:26:03+00:00] Active deals: 169
[2026-07-18T10:26:03+00:00] Assignments: 2
[2026-07-18T10:26:03+00:00] Link colors: green=62, to-check=0
[2026-07-18T10:26:04+00:00] Cells updated: 2 (clear=0, write=2)
[2026-07-18T10:26:04+00:00] State saved
[2026-07-18T10:26:04+00:00] === end (2.63s) ===
[2026-07-18T10:28:01+00:00] === start ===
[2026-07-18T10:28:01+00:00] Sheet rows: 11, month headers: 2
[2026-07-18T10:28:01+00:00] Columns: {"Тусюк":"B","Муха":"C","Козлянко":"D","Юрченков":"E"}
[2026-07-18T10:28:02+00:00] Tech users: {"57":"Тусюк","65":"Козлянко","67":"Муха","71":"Юрченков"}
[2026-07-18T10:28:02+00:00] Sync window: 2026-07-01 → 2026-09-30
[2026-07-18T10:28:02+00:00] Bookings from calendar: 2
[2026-07-18T10:28:03+00:00] Active deals: 169
[2026-07-18T10:28:03+00:00] Assignments: 2
[2026-07-18T10:28:03+00:00] Link colors: green=62, to-check=0
[2026-07-18T10:28:03+00:00] Cells updated: 2 (clear=0, write=2)
[2026-07-18T10:28:03+00:00] State saved
[2026-07-18T10:28:03+00:00] === end (2.79s) ===
[2026-07-18T10:30:02+00:00] === start ===
[2026-07-18T10:30:02+00:00] Sheet rows: 11, month headers: 2
[2026-07-18T10:30:02+00:00] Columns: {"Тусюк":"B","Муха":"C","Козлянко":"D","Юрченков":"E"}
[2026-07-18T10:30:02+00:00] Tech users: {"57":"Тусюк","65":"Козлянко","67":"Муха","71":"Юрченков"}
[2026-07-18T10:30:02+00:00] Sync window: 2026-07-01 → 2026-09-30
[2026-07-18T10:30:03+00:00] Bookings from calendar: 2
[2026-07-18T10:30:03+00:00] Active deals: 169
[2026-07-18T10:30:03+00:00] Assignments: 2
[2026-07-18T10:30:03+00:00] Link colors: green=62, to-check=0
[2026-07-18T10:30:04+00:00] Cells updated: 2 (clear=0, write=2)
[2026-07-18T10:30:04+00:00] State saved
[2026-07-18T10:30:04+00:00] === end (2.58s) ===
[2026-07-18T10:32:01+00:00] === start ===
[2026-07-18T10:32:01+00:00] Sheet rows: 11, month headers: 2
[2026-07-18T10:32:02+00:00] Columns: {"Тусюк":"B","Муха":"C","Козлянко":"D","Юрченков":"E"}
[2026-07-18T10:32:02+00:00] Tech users: {"57":"Тусюк","65":"Козлянко","67":"Муха","71":"Юрченков"}
[2026-07-18T10:32:02+00:00] Sync window: 2026-07-01 → 2026-09-30
[2026-07-18T10:32:03+00:00] Bookings from calendar: 2
[2026-07-18T10:32:03+00:00] Active deals: 169
[2026-07-18T10:32:03+00:00] Assignments: 2
[2026-07-18T10:32:03+00:00] Link colors: green=62, to-check=0
[2026-07-18T10:32:04+00:00] Cells updated: 2 (clear=0, write=2)
[2026-07-18T10:32:04+00:00] State saved
[2026-07-18T10:32:04+00:00] === end (2.75s) ===
[2026-07-18T10:34:01+00:00] === start ===
[2026-07-18T10:34:01+00:00] Sheet rows: 11, month headers: 2
[2026-07-18T10:34:02+00:00] Columns: {"Тусюк":"B","Муха":"C","Козлянко":"D","Юрченков":"E"}
[2026-07-18T10:34:02+00:00] Tech users: {"57":"Тусюк","65":"Козлянко","67":"Муха","71":"Юрченков"}
[2026-07-18T10:34:02+00:00] Sync window: 2026-07-01 → 2026-09-30
[2026-07-18T10:34:03+00:00] Bookings from calendar: 2
[2026-07-18T10:34:03+00:00] Active deals: 169
[2026-07-18T10:34:03+00:00] Assignments: 2
[2026-07-18T10:34:03+00:00] Link colors: green=62, to-check=0
[2026-07-18T10:34:04+00:00] Cells updated: 2 (clear=0, write=2)
[2026-07-18T10:34:04+00:00] State saved
[2026-07-18T10:34:04+00:00] === end (2.91s) ===
[2026-07-18T10:36:01+00:00] === start ===
[2026-07-18T10:36:01+00:00] Sheet rows: 11, month headers: 2
[2026-07-18T10:36:02+00:00] Columns: {"Тусюк":"B","Муха":"C","Козлянко":"D","Юрченков":"E"}
[2026-07-18T10:36:02+00:00] Tech users: {"57":"Тусюк","65":"Козлянко","67":"Муха","71":"Юрченков"}
[2026-07-18T10:36:02+00:00] Sync window: 2026-07-01 → 2026-09-30
[2026-07-18T10:36:03+00:00] Bookings from calendar: 2
[2026-07-18T10:36:03+00:00] Active deals: 169
[2026-07-18T10:36:03+00:00] Assignments: 2
[2026-07-18T10:36:03+00:00] Link colors: green=62, to-check=0
[2026-07-18T10:36:04+00:00] Cells updated: 2 (clear=0, write=2)
[2026-07-18T10:36:04+00:00] State saved
[2026-07-18T10:36:04+00:00] === end (2.91s) ===
[2026-07-18T10:38:01+00:00] === start ===
[2026-07-18T10:38:01+00:00] Sheet rows: 11, month headers: 2
[2026-07-18T10:38:02+00:00] Columns: {"Тусюк":"B","Муха":"C","Козлянко":"D","Юрченков":"E"}
[2026-07-18T10:38:02+00:00] Tech users: {"57":"Тусюк","65":"Козлянко","67":"Муха","71":"Юрченков"}
[2026-07-18T10:38:02+00:00] Sync window: 2026-07-01 → 2026-09-30
[2026-07-18T10:38:02+00:00] Bookings from calendar: 2
[2026-07-18T10:38:03+00:00] Active deals: 169
[2026-07-18T10:38:03+00:00] Assignments: 2
[2026-07-18T10:38:03+00:00] Link colors: green=62, to-check=0
[2026-07-18T10:38:04+00:00] Cells updated: 2 (clear=0, write=2)
[2026-07-18T10:38:04+00:00] State saved
[2026-07-18T10:38:04+00:00] === end (2.85s) ===
[2026-07-18T10:40:01+00:00] === start ===
[2026-07-18T10:40:01+00:00] Sheet rows: 11, month headers: 2
[2026-07-18T10:40:02+00:00] Columns: {"Тусюк":"B","Муха":"C","Козлянко":"D","Юрченков":"E"}
[2026-07-18T10:40:02+00:00] Tech users: {"57":"Тусюк","65":"Козлянко","67":"Муха","71":"Юрченков"}
[2026-07-18T10:40:02+00:00] Sync window: 2026-07-01 → 2026-09-30
[2026-07-18T10:40:02+00:00] Bookings from calendar: 2
[2026-07-18T10:40:03+00:00] Active deals: 169
[2026-07-18T10:40:03+00:00] Assignments: 2
[2026-07-18T10:40:03+00:00] Link colors: green=62, to-check=0
[2026-07-18T10:40:04+00:00] Cells updated: 2 (clear=0, write=2)
[2026-07-18T10:40:04+00:00] State saved
[2026-07-18T10:40:04+00:00] === end (2.96s) ===
[2026-07-18T10:42:01+00:00] === start ===
[2026-07-18T10:42:01+00:00] Sheet rows: 11, month headers: 2
[2026-07-18T10:42:01+00:00] Columns: {"Тусюк":"B","Муха":"C","Козлянко":"D","Юрченков":"E"}
[2026-07-18T10:42:02+00:00] Tech users: {"57":"Тусюк","65":"Козлянко","67":"Муха","71":"Юрченков"}
[2026-07-18T10:42:02+00:00] Sync window: 2026-07-01 → 2026-09-30
[2026-07-18T10:42:02+00:00] Bookings from calendar: 2
[2026-07-18T10:42:03+00:00] Active deals: 169
[2026-07-18T10:42:03+00:00] Assignments: 2
[2026-07-18T10:42:03+00:00] Link colors: green=62, to-check=0
[2026-07-18T10:42:03+00:00] Cells updated: 2 (clear=0, write=2)
[2026-07-18T10:42:03+00:00] State saved
[2026-07-18T10:42:03+00:00] === end (2.65s) ===
[2026-07-18T10:44:02+00:00] === start ===
[2026-07-18T10:44:02+00:00] Sheet rows: 11, month headers: 2
[2026-07-18T10:44:02+00:00] Columns: {"Тусюк":"B","Муха":"C","Козлянко":"D","Юрченков":"E"}
[2026-07-18T10:44:02+00:00] Tech users: {"57":"Тусюк","65":"Козлянко","67":"Муха","71":"Юрченков"}
[2026-07-18T10:44:02+00:00] Sync window: 2026-07-01 → 2026-09-30
[2026-07-18T10:44:03+00:00] Bookings from calendar: 2
[2026-07-18T10:44:04+00:00] Active deals: 169
[2026-07-18T10:44:04+00:00] Assignments: 2
[2026-07-18T10:44:04+00:00] Link colors: green=62, to-check=0
[2026-07-18T10:44:04+00:00] Cells updated: 2 (clear=0, write=2)
[2026-07-18T10:44:04+00:00] State saved
[2026-07-18T10:44:04+00:00] === end (2.73s) ===
[2026-07-18T10:46:01+00:00] === start ===
[2026-07-18T10:46:01+00:00] Sheet rows: 11, month headers: 2
[2026-07-18T10:46:02+00:00] Columns: {"Тусюк":"B","Муха":"C","Козлянко":"D","Юрченков":"E"}
[2026-07-18T10:46:02+00:00] Tech users: {"57":"Тусюк","65":"Козлянко","67":"Муха","71":"Юрченков"}
[2026-07-18T10:46:02+00:00] Sync window: 2026-07-01 → 2026-09-30
[2026-07-18T10:46:02+00:00] Bookings from calendar: 2
[2026-07-18T10:46:03+00:00] Active deals: 169
[2026-07-18T10:46:03+00:00] Assignments: 2
[2026-07-18T10:46:03+00:00] Link colors: green=62, to-check=0
[2026-07-18T10:46:04+00:00] Cells updated: 2 (clear=0, write=2)
[2026-07-18T10:46:04+00:00] State saved
[2026-07-18T10:46:04+00:00] === end (2.61s) ===
[2026-07-18T10:48:01+00:00] === start ===
[2026-07-18T10:48:01+00:00] Sheet rows: 11, month headers: 2
[2026-07-18T10:48:01+00:00] Columns: {"Тусюк":"B","Муха":"C","Козлянко":"D","Юрченков":"E"}
[2026-07-18T10:48:01+00:00] Tech users: {"57":"Тусюк","65":"Козлянко","67":"Муха","71":"Юрченков"}
[2026-07-18T10:48:01+00:00] Sync window: 2026-07-01 → 2026-09-30
[2026-07-18T10:48:02+00:00] Bookings from calendar: 2
[2026-07-18T10:48:03+00:00] Active deals: 169
[2026-07-18T10:48:03+00:00] Assignments: 2
[2026-07-18T10:48:03+00:00] Link colors: green=62, to-check=0
[2026-07-18T10:48:03+00:00] Cells updated: 2 (clear=0, write=2)
[2026-07-18T10:48:03+00:00] State saved
[2026-07-18T10:48:03+00:00] === end (2.67s) ===
[2026-07-18T10:50:01+00:00] === start ===
[2026-07-18T10:50:02+00:00] Sheet rows: 11, month headers: 2
[2026-07-18T10:50:02+00:00] Columns: {"Тусюк":"B","Муха":"C","Козлянко":"D","Юрченков":"E"}
[2026-07-18T10:50:02+00:00] Tech users: {"57":"Тусюк","65":"Козлянко","67":"Муха","71":"Юрченков"}
[2026-07-18T10:50:02+00:00] Sync window: 2026-07-01 → 2026-09-30
[2026-07-18T10:50:03+00:00] Bookings from calendar: 2
[2026-07-18T10:50:04+00:00] Active deals: 169
[2026-07-18T10:50:04+00:00] Assignments: 2
[2026-07-18T10:50:04+00:00] Link colors: green=62, to-check=0
[2026-07-18T10:50:05+00:00] Cells updated: 2 (clear=0, write=2)
[2026-07-18T10:50:05+00:00] State saved
[2026-07-18T10:50:05+00:00] === end (3.24s) ===
[2026-07-18T10:52:01+00:00] === start ===
[2026-07-18T10:52:01+00:00] Sheet rows: 11, month headers: 2
[2026-07-18T10:52:01+00:00] Columns: {"Тусюк":"B","Муха":"C","Козлянко":"D","Юрченков":"E"}
[2026-07-18T10:52:02+00:00] Tech users: {"57":"Тусюк","65":"Козлянко","67":"Муха","71":"Юрченков"}
[2026-07-18T10:52:02+00:00] Sync window: 2026-07-01 → 2026-09-30
[2026-07-18T10:52:02+00:00] Bookings from calendar: 2
[2026-07-18T10:52:03+00:00] Active deals: 169
[2026-07-18T10:52:03+00:00] Assignments: 2
[2026-07-18T10:52:03+00:00] Link colors: green=62, to-check=0
[2026-07-18T10:52:04+00:00] Cells updated: 2 (clear=0, write=2)
[2026-07-18T10:52:04+00:00] State saved
[2026-07-18T10:52:04+00:00] === end (2.93s) ===
[2026-07-18T10:54:01+00:00] === start ===
[2026-07-18T10:54:01+00:00] Sheet rows: 11, month headers: 2
[2026-07-18T10:54:01+00:00] Columns: {"Тусюк":"B","Муха":"C","Козлянко":"D","Юрченков":"E"}
[2026-07-18T10:54:02+00:00] Tech users: {"57":"Тусюк","65":"Козлянко","67":"Муха","71":"Юрченков"}
[2026-07-18T10:54:02+00:00] Sync window: 2026-07-01 → 2026-09-30
[2026-07-18T10:54:02+00:00] Bookings from calendar: 2
[2026-07-18T10:54:03+00:00] Active deals: 169
[2026-07-18T10:54:03+00:00] Assignments: 2
[2026-07-18T10:54:03+00:00] Link colors: green=62, to-check=0
[2026-07-18T10:54:04+00:00] Cells updated: 2 (clear=0, write=2)
[2026-07-18T10:54:04+00:00] State saved
[2026-07-18T10:54:04+00:00] === end (3.13s) ===
[2026-07-18T10:56:01+00:00] === start ===
[2026-07-18T10:56:01+00:00] Sheet rows: 11, month headers: 2
[2026-07-18T10:56:02+00:00] Columns: {"Тусюк":"B","Муха":"C","Козлянко":"D","Юрченков":"E"}
[2026-07-18T10:56:02+00:00] Tech users: {"57":"Тусюк","65":"Козлянко","67":"Муха","71":"Юрченков"}
[2026-07-18T10:56:02+00:00] Sync window: 2026-07-01 → 2026-09-30
[2026-07-18T10:56:02+00:00] Bookings from calendar: 2
[2026-07-18T10:56:03+00:00] Active deals: 169
[2026-07-18T10:56:03+00:00] Assignments: 2
[2026-07-18T10:56:03+00:00] Link colors: green=62, to-check=0
[2026-07-18T10:56:04+00:00] Cells updated: 2 (clear=0, write=2)
[2026-07-18T10:56:04+00:00] State saved
[2026-07-18T10:56:04+00:00] === end (2.99s) ===
[2026-07-18T10:58:01+00:00] === start ===
[2026-07-18T10:58:01+00:00] Sheet rows: 11, month headers: 2
[2026-07-18T10:58:02+00:00] Columns: {"Тусюк":"B","Муха":"C","Козлянко":"D","Юрченков":"E"}
[2026-07-18T10:58:02+00:00] Tech users: {"57":"Тусюк","65":"Козлянко","67":"Муха","71":"Юрченков"}
[2026-07-18T10:58:02+00:00] Sync window: 2026-07-01 → 2026-09-30
[2026-07-18T10:58:02+00:00] Bookings from calendar: 2
[2026-07-18T10:58:03+00:00] Active deals: 169
[2026-07-18T10:58:03+00:00] Assignments: 2
[2026-07-18T10:58:03+00:00] Link colors: green=62, to-check=0
[2026-07-18T10:58:04+00:00] Cells updated: 2 (clear=0, write=2)
[2026-07-18T10:58:04+00:00] State saved
[2026-07-18T10:58:04+00:00] === end (2.81s) ===
[2026-07-18T11:00:01+00:00] === start ===
[2026-07-18T11:00:01+00:00] Sheet rows: 11, month headers: 2
[2026-07-18T11:00:02+00:00] Columns: {"Тусюк":"B","Муха":"C","Козлянко":"D","Юрченков":"E"}
[2026-07-18T11:00:02+00:00] Tech users: {"57":"Тусюк","65":"Козлянко","67":"Муха","71":"Юрченков"}
[2026-07-18T11:00:02+00:00] Sync window: 2026-07-01 → 2026-09-30
[2026-07-18T11:00:03+00:00] Bookings from calendar: 2
[2026-07-18T11:00:03+00:00] Active deals: 169
[2026-07-18T11:00:03+00:00] Assignments: 2
[2026-07-18T11:00:03+00:00] Link colors: green=62, to-check=0
[2026-07-18T11:00:05+00:00] Cells updated: 2 (clear=0, write=2)
[2026-07-18T11:00:05+00:00] State saved
[2026-07-18T11:00:05+00:00] === end (3.79s) ===
[2026-07-18T11:02:01+00:00] === start ===
[2026-07-18T11:02:01+00:00] Sheet rows: 11, month headers: 2
[2026-07-18T11:02:02+00:00] Columns: {"Тусюк":"B","Муха":"C","Козлянко":"D","Юрченков":"E"}
[2026-07-18T11:02:02+00:00] Tech users: {"57":"Тусюк","65":"Козлянко","67":"Муха","71":"Юрченков"}
[2026-07-18T11:02:02+00:00] Sync window: 2026-07-01 → 2026-09-30
[2026-07-18T11:02:03+00:00] Bookings from calendar: 2
[2026-07-18T11:02:03+00:00] Active deals: 169
[2026-07-18T11:02:03+00:00] Assignments: 2
[2026-07-18T11:02:03+00:00] Link colors: green=62, to-check=0
[2026-07-18T11:02:04+00:00] Cells updated: 2 (clear=0, write=2)
[2026-07-18T11:02:04+00:00] State saved
[2026-07-18T11:02:04+00:00] === end (3.48s) ===
[2026-07-18T11:04:01+00:00] === start ===
[2026-07-18T11:04:02+00:00] Sheet rows: 11, month headers: 2
[2026-07-18T11:04:02+00:00] Columns: {"Тусюк":"B","Муха":"C","Козлянко":"D","Юрченков":"E"}
[2026-07-18T11:04:02+00:00] Tech users: {"57":"Тусюк","65":"Козлянко","67":"Муха","71":"Юрченков"}
[2026-07-18T11:04:02+00:00] Sync window: 2026-07-01 → 2026-09-30
[2026-07-18T11:04:03+00:00] Bookings from calendar: 2
[2026-07-18T11:04:03+00:00] Active deals: 169
[2026-07-18T11:04:03+00:00] Assignments: 2
[2026-07-18T11:04:03+00:00] Link colors: green=62, to-check=0
[2026-07-18T11:04:05+00:00] Cells updated: 2 (clear=0, write=2)
[2026-07-18T11:04:05+00:00] State saved
[2026-07-18T11:04:05+00:00] === end (3.44s) ===
[2026-07-18T11:06:01+00:00] === start ===
[2026-07-18T11:06:01+00:00] Sheet rows: 11, month headers: 2
[2026-07-18T11:06:02+00:00] Columns: {"Тусюк":"B","Муха":"C","Козлянко":"D","Юрченков":"E"}
[2026-07-18T11:06:02+00:00] Tech users: {"57":"Тусюк","65":"Козлянко","67":"Муха","71":"Юрченков"}
[2026-07-18T11:06:02+00:00] Sync window: 2026-07-01 → 2026-09-30
[2026-07-18T11:06:03+00:00] Bookings from calendar: 2
[2026-07-18T11:06:03+00:00] Active deals: 169
[2026-07-18T11:06:03+00:00] Assignments: 2
[2026-07-18T11:06:03+00:00] Link colors: green=62, to-check=0
[2026-07-18T11:06:04+00:00] Cells updated: 2 (clear=0, write=2)
[2026-07-18T11:06:04+00:00] State saved
[2026-07-18T11:06:04+00:00] === end (3.22s) ===
[2026-07-18T11:08:01+00:00] === start ===
[2026-07-18T11:08:02+00:00] Sheet rows: 11, month headers: 2
[2026-07-18T11:08:02+00:00] Columns: {"Тусюк":"B","Муха":"C","Козлянко":"D","Юрченков":"E"}
[2026-07-18T11:08:02+00:00] Tech users: {"57":"Тусюк","65":"Козлянко","67":"Муха","71":"Юрченков"}
[2026-07-18T11:08:02+00:00] Sync window: 2026-07-01 → 2026-09-30
[2026-07-18T11:08:03+00:00] Bookings from calendar: 2
[2026-07-18T11:08:04+00:00] Active deals: 169
[2026-07-18T11:08:04+00:00] Assignments: 2
[2026-07-18T11:08:04+00:00] Link colors: green=62, to-check=0
[2026-07-18T11:08:04+00:00] Cells updated: 2 (clear=0, write=2)
[2026-07-18T11:08:04+00:00] State saved
[2026-07-18T11:08:04+00:00] === end (3.42s) ===
[2026-07-18T11:10:01+00:00] === start ===
[2026-07-18T11:10:02+00:00] Sheet rows: 11, month headers: 2
[2026-07-18T11:10:03+00:00] Columns: {"Тусюк":"B","Муха":"C","Козлянко":"D","Юрченков":"E"}
[2026-07-18T11:10:03+00:00] Tech users: {"57":"Тусюк","65":"Козлянко","67":"Муха","71":"Юрченков"}
[2026-07-18T11:10:03+00:00] Sync window: 2026-07-01 → 2026-09-30
[2026-07-18T11:10:03+00:00] Bookings from calendar: 2
[2026-07-18T11:10:04+00:00] Active deals: 169
[2026-07-18T11:10:04+00:00] Assignments: 2
[2026-07-18T11:10:04+00:00] Link colors: green=62, to-check=0
[2026-07-18T11:10:05+00:00] Cells updated: 2 (clear=0, write=2)
[2026-07-18T11:10:05+00:00] State saved
[2026-07-18T11:10:05+00:00] === end (3.3s) ===
[2026-07-18T11:12:01+00:00] === start ===
[2026-07-18T11:12:01+00:00] Sheet rows: 11, month headers: 2
[2026-07-18T11:12:02+00:00] Columns: {"Тусюк":"B","Муха":"C","Козлянко":"D","Юрченков":"E"}
[2026-07-18T11:12:02+00:00] Tech users: {"57":"Тусюк","65":"Козлянко","67":"Муха","71":"Юрченков"}
[2026-07-18T11:12:02+00:00] Sync window: 2026-07-01 → 2026-09-30
[2026-07-18T11:12:03+00:00] Bookings from calendar: 2
[2026-07-18T11:12:04+00:00] Active deals: 169
[2026-07-18T11:12:04+00:00] Assignments: 2
[2026-07-18T11:12:04+00:00] Link colors: green=62, to-check=0
[2026-07-18T11:12:04+00:00] Cells updated: 2 (clear=0, write=2)
[2026-07-18T11:12:04+00:00] State saved
[2026-07-18T11:12:04+00:00] === end (3.38s) ===
[2026-07-18T11:14:01+00:00] === start ===
[2026-07-18T11:14:02+00:00] Sheet rows: 11, month headers: 2
[2026-07-18T11:14:02+00:00] Columns: {"Тусюк":"B","Муха":"C","Козлянко":"D","Юрченков":"E"}
[2026-07-18T11:14:02+00:00] Tech users: {"57":"Тусюк","65":"Козлянко","67":"Муха","71":"Юрченков"}
[2026-07-18T11:14:02+00:00] Sync window: 2026-07-01 → 2026-09-30
[2026-07-18T11:14:03+00:00] Bookings from calendar: 2
[2026-07-18T11:14:04+00:00] Active deals: 169
[2026-07-18T11:14:04+00:00] Assignments: 2
[2026-07-18T11:14:04+00:00] Link colors: green=62, to-check=0
[2026-07-18T11:14:04+00:00] Cells updated: 2 (clear=0, write=2)
[2026-07-18T11:14:04+00:00] State saved
[2026-07-18T11:14:04+00:00] === end (2.84s) ===
[2026-07-18T11:16:01+00:00] === start ===
[2026-07-18T11:16:01+00:00] Sheet rows: 11, month headers: 2
[2026-07-18T11:16:02+00:00] Columns: {"Тусюк":"B","Муха":"C","Козлянко":"D","Юрченков":"E"}
[2026-07-18T11:16:02+00:00] Tech users: {"57":"Тусюк","65":"Козлянко","67":"Муха","71":"Юрченков"}
[2026-07-18T11:16:02+00:00] Sync window: 2026-07-01 → 2026-09-30
[2026-07-18T11:16:02+00:00] Bookings from calendar: 2
[2026-07-18T11:16:03+00:00] Active deals: 169
[2026-07-18T11:16:03+00:00] Assignments: 2
[2026-07-18T11:16:03+00:00] Link colors: green=62, to-check=0
[2026-07-18T11:16:04+00:00] Cells updated: 2 (clear=0, write=2)
[2026-07-18T11:16:04+00:00] State saved
[2026-07-18T11:16:04+00:00] === end (2.8s) ===
[2026-07-18T11:18:01+00:00] === start ===
[2026-07-18T11:18:03+00:00] Sheet rows: 11, month headers: 2
[2026-07-18T11:18:04+00:00] Columns: {"Тусюк":"B","Муха":"C","Козлянко":"D","Юрченков":"E"}
[2026-07-18T11:18:04+00:00] Tech users: {"57":"Тусюк","65":"Козлянко","67":"Муха","71":"Юрченков"}
[2026-07-18T11:18:04+00:00] Sync window: 2026-07-01 → 2026-09-30
[2026-07-18T11:18:05+00:00] Bookings from calendar: 2
[2026-07-18T11:18:05+00:00] Active deals: 169
[2026-07-18T11:18:05+00:00] Assignments: 2
[2026-07-18T11:18:05+00:00] Link colors: green=62, to-check=0
[2026-07-18T11:18:06+00:00] Cells updated: 2 (clear=0, write=2)
[2026-07-18T11:18:06+00:00] State saved
[2026-07-18T11:18:06+00:00] === end (5.53s) ===
[2026-07-18T11:20:01+00:00] === start ===
[2026-07-18T11:20:03+00:00] Sheet rows: 11, month headers: 2
[2026-07-18T11:20:03+00:00] Columns: {"Тусюк":"B","Муха":"C","Козлянко":"D","Юрченков":"E"}
[2026-07-18T11:20:03+00:00] Tech users: {"57":"Тусюк","65":"Козлянко","67":"Муха","71":"Юрченков"}
[2026-07-18T11:20:03+00:00] Sync window: 2026-07-01 → 2026-09-30
[2026-07-18T11:20:04+00:00] Bookings from calendar: 2
[2026-07-18T11:20:05+00:00] Active deals: 169
[2026-07-18T11:20:05+00:00] Assignments: 2
[2026-07-18T11:20:05+00:00] Link colors: green=62, to-check=0
[2026-07-18T11:20:06+00:00] Cells updated: 2 (clear=0, write=2)
[2026-07-18T11:20:06+00:00] State saved
[2026-07-18T11:20:06+00:00] === end (4.9s) ===
[2026-07-18T11:22:01+00:00] === start ===
[2026-07-18T11:22:02+00:00] Sheet rows: 11, month headers: 2
[2026-07-18T11:22:02+00:00] Columns: {"Тусюк":"B","Муха":"C","Козлянко":"D","Юрченков":"E"}
[2026-07-18T11:22:02+00:00] Tech users: {"57":"Тусюк","65":"Козлянко","67":"Муха","71":"Юрченков"}
[2026-07-18T11:22:02+00:00] Sync window: 2026-07-01 → 2026-09-30
[2026-07-18T11:22:03+00:00] Bookings from calendar: 2
[2026-07-18T11:22:03+00:00] Active deals: 169
[2026-07-18T11:22:03+00:00] Assignments: 2
[2026-07-18T11:22:03+00:00] Link colors: green=62, to-check=0
[2026-07-18T11:22:04+00:00] Cells updated: 2 (clear=0, write=2)
[2026-07-18T11:22:04+00:00] State saved
[2026-07-18T11:22:04+00:00] === end (2.59s) ===
[2026-07-18T11:24:01+00:00] === start ===
[2026-07-18T11:24:02+00:00] Sheet rows: 11, month headers: 2
[2026-07-18T11:24:02+00:00] Columns: {"Тусюк":"B","Муха":"C","Козлянко":"D","Юрченков":"E"}
[2026-07-18T11:24:02+00:00] Tech users: {"57":"Тусюк","65":"Козлянко","67":"Муха","71":"Юрченков"}
[2026-07-18T11:24:02+00:00] Sync window: 2026-07-01 → 2026-09-30
[2026-07-18T11:24:03+00:00] Bookings from calendar: 2
[2026-07-18T11:24:03+00:00] Active deals: 169
[2026-07-18T11:24:03+00:00] Assignments: 2
[2026-07-18T11:24:03+00:00] Link colors: green=62, to-check=0
[2026-07-18T11:24:04+00:00] Cells updated: 2 (clear=0, write=2)
[2026-07-18T11:24:04+00:00] State saved
[2026-07-18T11:24:04+00:00] === end (3.16s) ===
[2026-07-18T11:26:01+00:00] === start ===
[2026-07-18T11:26:02+00:00] Sheet rows: 11, month headers: 2
[2026-07-18T11:26:02+00:00] Columns: {"Тусюк":"B","Муха":"C","Козлянко":"D","Юрченков":"E"}
[2026-07-18T11:26:02+00:00] Tech users: {"57":"Тусюк","65":"Козлянко","67":"Муха","71":"Юрченков"}
[2026-07-18T11:26:02+00:00] Sync window: 2026-07-01 → 2026-09-30
[2026-07-18T11:26:03+00:00] Bookings from calendar: 2
[2026-07-18T11:26:03+00:00] Active deals: 169
[2026-07-18T11:26:03+00:00] Assignments: 2
[2026-07-18T11:26:03+00:00] Link colors: green=62, to-check=0
[2026-07-18T11:26:04+00:00] Cells updated: 2 (clear=0, write=2)
[2026-07-18T11:26:04+00:00] State saved
[2026-07-18T11:26:04+00:00] === end (2.51s) ===
[2026-07-18T11:28:01+00:00] === start ===
[2026-07-18T11:28:01+00:00] Sheet rows: 11, month headers: 2
[2026-07-18T11:28:02+00:00] Columns: {"Тусюк":"B","Муха":"C","Козлянко":"D","Юрченков":"E"}
[2026-07-18T11:28:02+00:00] Tech users: {"57":"Тусюк","65":"Козлянко","67":"Муха","71":"Юрченков"}
[2026-07-18T11:28:02+00:00] Sync window: 2026-07-01 → 2026-09-30
[2026-07-18T11:28:02+00:00] Bookings from calendar: 2
[2026-07-18T11:28:03+00:00] Active deals: 169
[2026-07-18T11:28:03+00:00] Assignments: 2
[2026-07-18T11:28:03+00:00] Link colors: green=62, to-check=0
[2026-07-18T11:28:04+00:00] Cells updated: 2 (clear=0, write=2)
[2026-07-18T11:28:04+00:00] State saved
[2026-07-18T11:28:04+00:00] === end (2.95s) ===
[2026-07-18T11:30:01+00:00] === start ===
[2026-07-18T11:30:01+00:00] Sheet rows: 11, month headers: 2
[2026-07-18T11:30:02+00:00] Columns: {"Тусюк":"B","Муха":"C","Козлянко":"D","Юрченков":"E"}
[2026-07-18T11:30:02+00:00] Tech users: {"57":"Тусюк","65":"Козлянко","67":"Муха","71":"Юрченков"}
[2026-07-18T11:30:02+00:00] Sync window: 2026-07-01 → 2026-09-30
[2026-07-18T11:30:03+00:00] Bookings from calendar: 2
[2026-07-18T11:30:03+00:00] Active deals: 169
[2026-07-18T11:30:03+00:00] Assignments: 2
[2026-07-18T11:30:03+00:00] Link colors: green=62, to-check=0
[2026-07-18T11:30:04+00:00] Cells updated: 2 (clear=0, write=2)
[2026-07-18T11:30:04+00:00] State saved
[2026-07-18T11:30:04+00:00] === end (2.99s) ===
[2026-07-18T11:32:01+00:00] === start ===
[2026-07-18T11:32:01+00:00] Sheet rows: 11, month headers: 2
[2026-07-18T11:32:02+00:00] Columns: {"Тусюк":"B","Муха":"C","Козлянко":"D","Юрченков":"E"}
[2026-07-18T11:32:02+00:00] Tech users: {"57":"Тусюк","65":"Козлянко","67":"Муха","71":"Юрченков"}
[2026-07-18T11:32:02+00:00] Sync window: 2026-07-01 → 2026-09-30
[2026-07-18T11:32:03+00:00] Bookings from calendar: 2
[2026-07-18T11:32:03+00:00] Active deals: 169
[2026-07-18T11:32:03+00:00] Assignments: 2
[2026-07-18T11:32:03+00:00] Link colors: green=62, to-check=0
[2026-07-18T11:32:04+00:00] Cells updated: 2 (clear=0, write=2)
[2026-07-18T11:32:04+00:00] State saved
[2026-07-18T11:32:04+00:00] === end (2.91s) ===
[2026-07-18T11:34:01+00:00] === start ===
[2026-07-18T11:34:01+00:00] Sheet rows: 11, month headers: 2
[2026-07-18T11:34:02+00:00] Columns: {"Тусюк":"B","Муха":"C","Козлянко":"D","Юрченков":"E"}
[2026-07-18T11:34:02+00:00] Tech users: {"57":"Тусюк","65":"Козлянко","67":"Муха","71":"Юрченков"}
[2026-07-18T11:34:02+00:00] Sync window: 2026-07-01 → 2026-09-30
[2026-07-18T11:34:02+00:00] Bookings from calendar: 2
[2026-07-18T11:34:03+00:00] Active deals: 169
[2026-07-18T11:34:03+00:00] Assignments: 2
[2026-07-18T11:34:03+00:00] Link colors: green=62, to-check=0
[2026-07-18T11:34:04+00:00] Cells updated: 2 (clear=0, write=2)
[2026-07-18T11:34:04+00:00] State saved
[2026-07-18T11:34:04+00:00] === end (2.59s) ===
[2026-07-18T11:36:01+00:00] === start ===
[2026-07-18T11:36:01+00:00] Sheet rows: 11, month headers: 2
[2026-07-18T11:36:01+00:00] Columns: {"Тусюк":"B","Муха":"C","Козлянко":"D","Юрченков":"E"}
[2026-07-18T11:36:01+00:00] Tech users: {"57":"Тусюк","65":"Козлянко","67":"Муха","71":"Юрченков"}
[2026-07-18T11:36:01+00:00] Sync window: 2026-07-01 → 2026-09-30
[2026-07-18T11:36:02+00:00] Bookings from calendar: 2
[2026-07-18T11:36:03+00:00] Active deals: 169
[2026-07-18T11:36:03+00:00] Assignments: 2
[2026-07-18T11:36:03+00:00] Link colors: green=62, to-check=0
[2026-07-18T11:36:03+00:00] Cells updated: 2 (clear=0, write=2)
[2026-07-18T11:36:03+00:00] State saved
[2026-07-18T11:36:03+00:00] === end (2.87s) ===
[2026-07-18T11:38:02+00:00] === start ===
[2026-07-18T11:38:02+00:00] Sheet rows: 11, month headers: 2
[2026-07-18T11:38:02+00:00] Columns: {"Тусюк":"B","Муха":"C","Козлянко":"D","Юрченков":"E"}
[2026-07-18T11:38:02+00:00] Tech users: {"57":"Тусюк","65":"Козлянко","67":"Муха","71":"Юрченков"}
[2026-07-18T11:38:02+00:00] Sync window: 2026-07-01 → 2026-09-30
[2026-07-18T11:38:03+00:00] Bookings from calendar: 2
[2026-07-18T11:38:04+00:00] Active deals: 169
[2026-07-18T11:38:04+00:00] Assignments: 2
[2026-07-18T11:38:04+00:00] Link colors: green=62, to-check=0
[2026-07-18T11:38:04+00:00] Cells updated: 2 (clear=0, write=2)
[2026-07-18T11:38:04+00:00] State saved
[2026-07-18T11:38:04+00:00] === end (2.65s) ===
[2026-07-18T11:40:01+00:00] === start ===
[2026-07-18T11:40:02+00:00] Sheet rows: 11, month headers: 2
[2026-07-18T11:40:02+00:00] Columns: {"Тусюк":"B","Муха":"C","Козлянко":"D","Юрченков":"E"}
[2026-07-18T11:40:02+00:00] Tech users: {"57":"Тусюк","65":"Козлянко","67":"Муха","71":"Юрченков"}
[2026-07-18T11:40:02+00:00] Sync window: 2026-07-01 → 2026-09-30
[2026-07-18T11:40:03+00:00] Bookings from calendar: 2
[2026-07-18T11:40:03+00:00] Active deals: 169
[2026-07-18T11:40:03+00:00] Assignments: 2
[2026-07-18T11:40:03+00:00] Link colors: green=62, to-check=0
[2026-07-18T11:40:04+00:00] Cells updated: 2 (clear=0, write=2)
[2026-07-18T11:40:04+00:00] State saved
[2026-07-18T11:40:04+00:00] === end (2.74s) ===
[2026-07-18T11:42:01+00:00] === start ===
[2026-07-18T11:42:01+00:00] Sheet rows: 11, month headers: 2
[2026-07-18T11:42:02+00:00] Columns: {"Тусюк":"B","Муха":"C","Козлянко":"D","Юрченков":"E"}
[2026-07-18T11:42:02+00:00] Tech users: {"57":"Тусюк","65":"Козлянко","67":"Муха","71":"Юрченков"}
[2026-07-18T11:42:02+00:00] Sync window: 2026-07-01 → 2026-09-30
[2026-07-18T11:42:02+00:00] Bookings from calendar: 2
[2026-07-18T11:42:03+00:00] Active deals: 169
[2026-07-18T11:42:03+00:00] Assignments: 2
[2026-07-18T11:42:03+00:00] Link colors: green=62, to-check=0
[2026-07-18T11:42:04+00:00] Cells updated: 2 (clear=0, write=2)
[2026-07-18T11:42:04+00:00] State saved
[2026-07-18T11:42:04+00:00] === end (2.68s) ===
[2026-07-18T11:44:01+00:00] === start ===
[2026-07-18T11:44:01+00:00] Sheet rows: 11, month headers: 2
[2026-07-18T11:44:01+00:00] Columns: {"Тусюк":"B","Муха":"C","Козлянко":"D","Юрченков":"E"}
[2026-07-18T11:44:02+00:00] Tech users: {"57":"Тусюк","65":"Козлянко","67":"Муха","71":"Юрченков"}
[2026-07-18T11:44:02+00:00] Sync window: 2026-07-01 → 2026-09-30
[2026-07-18T11:44:02+00:00] Bookings from calendar: 2
[2026-07-18T11:44:03+00:00] Active deals: 169
[2026-07-18T11:44:03+00:00] Assignments: 2
[2026-07-18T11:44:03+00:00] Link colors: green=62, to-check=0
[2026-07-18T11:44:04+00:00] Cells updated: 2 (clear=0, write=2)
[2026-07-18T11:44:04+00:00] State saved
[2026-07-18T11:44:04+00:00] === end (2.85s) ===
[2026-07-18T11:46:01+00:00] === start ===
[2026-07-18T11:46:01+00:00] Sheet rows: 11, month headers: 2
[2026-07-18T11:46:02+00:00] Columns: {"Тусюк":"B","Муха":"C","Козлянко":"D","Юрченков":"E"}
[2026-07-18T11:46:02+00:00] Tech users: {"57":"Тусюк","65":"Козлянко","67":"Муха","71":"Юрченков"}
[2026-07-18T11:46:02+00:00] Sync window: 2026-07-01 → 2026-09-30
[2026-07-18T11:46:03+00:00] Bookings from calendar: 2
[2026-07-18T11:46:03+00:00] Active deals: 169
[2026-07-18T11:46:03+00:00] Assignments: 2
[2026-07-18T11:46:03+00:00] Link colors: green=62, to-check=0
[2026-07-18T11:46:04+00:00] Cells updated: 2 (clear=0, write=2)
[2026-07-18T11:46:04+00:00] State saved
[2026-07-18T11:46:04+00:00] === end (2.68s) ===
[2026-07-18T11:48:01+00:00] === start ===
[2026-07-18T11:48:01+00:00] Sheet rows: 11, month headers: 2
[2026-07-18T11:48:02+00:00] Columns: {"Тусюк":"B","Муха":"C","Козлянко":"D","Юрченков":"E"}
[2026-07-18T11:48:02+00:00] Tech users: {"57":"Тусюк","65":"Козлянко","67":"Муха","71":"Юрченков"}
[2026-07-18T11:48:02+00:00] Sync window: 2026-07-01 → 2026-09-30
[2026-07-18T11:48:02+00:00] Bookings from calendar: 2
[2026-07-18T11:48:03+00:00] Active deals: 169
[2026-07-18T11:48:03+00:00] Assignments: 2
[2026-07-18T11:48:03+00:00] Link colors: green=62, to-check=0
[2026-07-18T11:48:04+00:00] Cells updated: 2 (clear=0, write=2)
[2026-07-18T11:48:04+00:00] State saved
[2026-07-18T11:48:04+00:00] === end (2.79s) ===
[2026-07-18T11:50:01+00:00] === start ===
[2026-07-18T11:50:01+00:00] Sheet rows: 11, month headers: 2
[2026-07-18T11:50:01+00:00] Columns: {"Тусюк":"B","Муха":"C","Козлянко":"D","Юрченков":"E"}
[2026-07-18T11:50:02+00:00] Tech users: {"57":"Тусюк","65":"Козлянко","67":"Муха","71":"Юрченков"}
[2026-07-18T11:50:02+00:00] Sync window: 2026-07-01 → 2026-09-30
[2026-07-18T11:50:02+00:00] Bookings from calendar: 2
[2026-07-18T11:50:03+00:00] Active deals: 169
[2026-07-18T11:50:03+00:00] Assignments: 2
[2026-07-18T11:50:03+00:00] Link colors: green=62, to-check=0
[2026-07-18T11:50:03+00:00] Cells updated: 2 (clear=0, write=2)
[2026-07-18T11:50:03+00:00] State saved
[2026-07-18T11:50:03+00:00] === end (2.68s) ===
[2026-07-18T11:52:01+00:00] === start ===
[2026-07-18T11:52:02+00:00] Sheet rows: 11, month headers: 2
[2026-07-18T11:52:03+00:00] Columns: {"Тусюк":"B","Муха":"C","Козлянко":"D","Юрченков":"E"}
[2026-07-18T11:52:03+00:00] Tech users: {"57":"Тусюк","65":"Козлянко","67":"Муха","71":"Юрченков"}
[2026-07-18T11:52:03+00:00] Sync window: 2026-07-01 → 2026-09-30
[2026-07-18T11:52:03+00:00] Bookings from calendar: 2
[2026-07-18T11:52:04+00:00] Active deals: 169
[2026-07-18T11:52:04+00:00] Assignments: 2
[2026-07-18T11:52:04+00:00] Link colors: green=62, to-check=0
[2026-07-18T11:52:05+00:00] Cells updated: 2 (clear=0, write=2)
[2026-07-18T11:52:05+00:00] State saved
[2026-07-18T11:52:05+00:00] === end (3.09s) ===
[2026-07-18T11:54:01+00:00] === start ===
[2026-07-18T11:54:01+00:00] Sheet rows: 11, month headers: 2
[2026-07-18T11:54:01+00:00] Columns: {"Тусюк":"B","Муха":"C","Козлянко":"D","Юрченков":"E"}
[2026-07-18T11:54:01+00:00] Tech users: {"57":"Тусюк","65":"Козлянко","67":"Муха","71":"Юрченков"}
[2026-07-18T11:54:01+00:00] Sync window: 2026-07-01 → 2026-09-30
[2026-07-18T11:54:02+00:00] Bookings from calendar: 2
[2026-07-18T11:54:03+00:00] Active deals: 169
[2026-07-18T11:54:03+00:00] Assignments: 2
[2026-07-18T11:54:03+00:00] Link colors: green=62, to-check=0
[2026-07-18T11:54:03+00:00] Cells updated: 2 (clear=0, write=2)
[2026-07-18T11:54:03+00:00] State saved
[2026-07-18T11:54:03+00:00] === end (2.61s) ===
[2026-07-18T11:56:01+00:00] === start ===
[2026-07-18T11:56:02+00:00] Sheet rows: 11, month headers: 2
[2026-07-18T11:56:02+00:00] Columns: {"Тусюк":"B","Муха":"C","Козлянко":"D","Юрченков":"E"}
[2026-07-18T11:56:03+00:00] Tech users: {"57":"Тусюк","65":"Козлянко","67":"Муха","71":"Юрченков"}
[2026-07-18T11:56:03+00:00] Sync window: 2026-07-01 → 2026-09-30
[2026-07-18T11:56:03+00:00] Bookings from calendar: 2
[2026-07-18T11:56:04+00:00] Active deals: 169
[2026-07-18T11:56:04+00:00] Assignments: 2
[2026-07-18T11:56:04+00:00] Link colors: green=62, to-check=0
[2026-07-18T11:56:05+00:00] Cells updated: 2 (clear=0, write=2)
[2026-07-18T11:56:05+00:00] State saved
[2026-07-18T11:56:05+00:00] === end (3.31s) ===
[2026-07-18T11:58:01+00:00] === start ===
[2026-07-18T11:58:01+00:00] Sheet rows: 11, month headers: 2
[2026-07-18T11:58:01+00:00] Columns: {"Тусюк":"B","Муха":"C","Козлянко":"D","Юрченков":"E"}
[2026-07-18T11:58:02+00:00] Tech users: {"57":"Тусюк","65":"Козлянко","67":"Муха","71":"Юрченков"}
[2026-07-18T11:58:02+00:00] Sync window: 2026-07-01 → 2026-09-30
[2026-07-18T11:58:02+00:00] Bookings from calendar: 2
[2026-07-18T11:58:03+00:00] Active deals: 169
[2026-07-18T11:58:03+00:00] Assignments: 2
[2026-07-18T11:58:03+00:00] Link colors: green=62, to-check=0
[2026-07-18T11:58:04+00:00] Cells updated: 2 (clear=0, write=2)
[2026-07-18T11:58:04+00:00] State saved
[2026-07-18T11:58:04+00:00] === end (2.96s) ===
[2026-07-18T12:00:01+00:00] === start ===
[2026-07-18T12:00:01+00:00] Sheet rows: 11, month headers: 2
[2026-07-18T12:00:02+00:00] Columns: {"Тусюк":"B","Муха":"C","Козлянко":"D","Юрченков":"E"}
[2026-07-18T12:00:02+00:00] Tech users: {"57":"Тусюк","65":"Козлянко","67":"Муха","71":"Юрченков"}
[2026-07-18T12:00:02+00:00] Sync window: 2026-07-01 → 2026-09-30
[2026-07-18T12:00:02+00:00] Bookings from calendar: 2
[2026-07-18T12:00:03+00:00] Active deals: 169
[2026-07-18T12:00:03+00:00] Assignments: 2
[2026-07-18T12:00:03+00:00] Link colors: green=62, to-check=0
[2026-07-18T12:00:04+00:00] Cells updated: 2 (clear=0, write=2)
[2026-07-18T12:00:04+00:00] State saved
[2026-07-18T12:00:04+00:00] === end (3.1s) ===
[2026-07-18T12:02:01+00:00] === start ===
[2026-07-18T12:02:01+00:00] Sheet rows: 11, month headers: 2
[2026-07-18T12:02:01+00:00] Columns: {"Тусюк":"B","Муха":"C","Козлянко":"D","Юрченков":"E"}
[2026-07-18T12:02:02+00:00] Tech users: {"57":"Тусюк","65":"Козлянко","67":"Муха","71":"Юрченков"}
[2026-07-18T12:02:02+00:00] Sync window: 2026-07-01 → 2026-09-30
[2026-07-18T12:02:02+00:00] Bookings from calendar: 2
[2026-07-18T12:02:03+00:00] Active deals: 169
[2026-07-18T12:02:03+00:00] Assignments: 2
[2026-07-18T12:02:03+00:00] Link colors: green=62, to-check=0
[2026-07-18T12:02:04+00:00] Cells updated: 2 (clear=0, write=2)
[2026-07-18T12:02:04+00:00] State saved
[2026-07-18T12:02:04+00:00] === end (2.88s) ===
[2026-07-18T12:04:01+00:00] === start ===
[2026-07-18T12:04:01+00:00] Sheet rows: 11, month headers: 2
[2026-07-18T12:04:01+00:00] Columns: {"Тусюк":"B","Муха":"C","Козлянко":"D","Юрченков":"E"}
[2026-07-18T12:04:02+00:00] Tech users: {"57":"Тусюк","65":"Козлянко","67":"Муха","71":"Юрченков"}
[2026-07-18T12:04:02+00:00] Sync window: 2026-07-01 → 2026-09-30
[2026-07-18T12:04:02+00:00] Bookings from calendar: 2
[2026-07-18T12:04:03+00:00] Active deals: 169
[2026-07-18T12:04:03+00:00] Assignments: 2
[2026-07-18T12:04:03+00:00] Link colors: green=62, to-check=0
[2026-07-18T12:04:04+00:00] Cells updated: 2 (clear=0, write=2)
[2026-07-18T12:04:04+00:00] State saved
[2026-07-18T12:04:04+00:00] === end (2.74s) ===
[2026-07-18T12:06:01+00:00] === start ===
[2026-07-18T12:06:01+00:00] Sheet rows: 11, month headers: 2
[2026-07-18T12:06:01+00:00] Columns: {"Тусюк":"B","Муха":"C","Козлянко":"D","Юрченков":"E"}
[2026-07-18T12:06:01+00:00] Tech users: {"57":"Тусюк","65":"Козлянко","67":"Муха","71":"Юрченков"}
[2026-07-18T12:06:01+00:00] Sync window: 2026-07-01 → 2026-09-30
[2026-07-18T12:06:02+00:00] Bookings from calendar: 2
[2026-07-18T12:06:03+00:00] Active deals: 169
[2026-07-18T12:06:03+00:00] Assignments: 2
[2026-07-18T12:06:03+00:00] Link colors: green=62, to-check=0
[2026-07-18T12:06:03+00:00] Cells updated: 2 (clear=0, write=2)
[2026-07-18T12:06:03+00:00] State saved
[2026-07-18T12:06:03+00:00] === end (2.84s) ===
[2026-07-18T12:08:02+00:00] === start ===
[2026-07-18T12:08:02+00:00] Sheet rows: 11, month headers: 2
[2026-07-18T12:08:02+00:00] Columns: {"Тусюк":"B","Муха":"C","Козлянко":"D","Юрченков":"E"}
[2026-07-18T12:08:02+00:00] Tech users: {"57":"Тусюк","65":"Козлянко","67":"Муха","71":"Юрченков"}
[2026-07-18T12:08:02+00:00] Sync window: 2026-07-01 → 2026-09-30
[2026-07-18T12:08:03+00:00] Bookings from calendar: 2
[2026-07-18T12:08:04+00:00] Active deals: 169
[2026-07-18T12:08:04+00:00] Assignments: 2
[2026-07-18T12:08:04+00:00] Link colors: green=62, to-check=0
[2026-07-18T12:08:04+00:00] Cells updated: 2 (clear=0, write=2)
[2026-07-18T12:08:04+00:00] State saved
[2026-07-18T12:08:04+00:00] === end (2.84s) ===
[2026-07-18T12:10:01+00:00] === start ===
[2026-07-18T12:10:02+00:00] Sheet rows: 11, month headers: 2
[2026-07-18T12:10:02+00:00] Columns: {"Тусюк":"B","Муха":"C","Козлянко":"D","Юрченков":"E"}
[2026-07-18T12:10:02+00:00] Tech users: {"57":"Тусюк","65":"Козлянко","67":"Муха","71":"Юрченков"}
[2026-07-18T12:10:02+00:00] Sync window: 2026-07-01 → 2026-09-30
[2026-07-18T12:10:03+00:00] Bookings from calendar: 2
[2026-07-18T12:10:04+00:00] Active deals: 169
[2026-07-18T12:10:04+00:00] Assignments: 2
[2026-07-18T12:10:04+00:00] Link colors: green=62, to-check=0
[2026-07-18T12:10:04+00:00] Cells updated: 2 (clear=0, write=2)
[2026-07-18T12:10:04+00:00] State saved
[2026-07-18T12:10:04+00:00] === end (2.87s) ===
[2026-07-18T12:12:01+00:00] === start ===
[2026-07-18T12:12:02+00:00] Sheet rows: 11, month headers: 2
[2026-07-18T12:12:02+00:00] Columns: {"Тусюк":"B","Муха":"C","Козлянко":"D","Юрченков":"E"}
[2026-07-18T12:12:02+00:00] Tech users: {"57":"Тусюк","65":"Козлянко","67":"Муха","71":"Юрченков"}
[2026-07-18T12:12:02+00:00] Sync window: 2026-07-01 → 2026-09-30
[2026-07-18T12:12:03+00:00] Bookings from calendar: 2
[2026-07-18T12:12:03+00:00] Active deals: 169
[2026-07-18T12:12:03+00:00] Assignments: 2
[2026-07-18T12:12:03+00:00] Link colors: green=62, to-check=0
[2026-07-18T12:12:04+00:00] Cells updated: 2 (clear=0, write=2)
[2026-07-18T12:12:04+00:00] State saved
[2026-07-18T12:12:04+00:00] === end (2.74s) ===
[2026-07-18T12:14:01+00:00] === start ===
[2026-07-18T12:14:02+00:00] Sheet rows: 11, month headers: 2
[2026-07-18T12:14:02+00:00] Columns: {"Тусюк":"B","Муха":"C","Козлянко":"D","Юрченков":"E"}
[2026-07-18T12:14:02+00:00] Tech users: {"57":"Тусюк","65":"Козлянко","67":"Муха","71":"Юрченков"}
[2026-07-18T12:14:02+00:00] Sync window: 2026-07-01 → 2026-09-30
[2026-07-18T12:14:03+00:00] Bookings from calendar: 2
[2026-07-18T12:14:04+00:00] Active deals: 169
[2026-07-18T12:14:04+00:00] Assignments: 2
[2026-07-18T12:14:04+00:00] Link colors: green=62, to-check=0
[2026-07-18T12:14:04+00:00] Cells updated: 2 (clear=0, write=2)
[2026-07-18T12:14:04+00:00] State saved
[2026-07-18T12:14:04+00:00] === end (3.12s) ===
[2026-07-18T12:16:01+00:00] === start ===
[2026-07-18T12:16:01+00:00] Sheet rows: 11, month headers: 2
[2026-07-18T12:16:01+00:00] Columns: {"Тусюк":"B","Муха":"C","Козлянко":"D","Юрченков":"E"}
[2026-07-18T12:16:02+00:00] Tech users: {"57":"Тусюк","65":"Козлянко","67":"Муха","71":"Юрченков"}
[2026-07-18T12:16:02+00:00] Sync window: 2026-07-01 → 2026-09-30
[2026-07-18T12:16:02+00:00] Bookings from calendar: 2
[2026-07-18T12:16:03+00:00] Active deals: 169
[2026-07-18T12:16:03+00:00] Assignments: 2
[2026-07-18T12:16:03+00:00] Link colors: green=62, to-check=0
[2026-07-18T12:16:03+00:00] Cells updated: 2 (clear=0, write=2)
[2026-07-18T12:16:03+00:00] State saved
[2026-07-18T12:16:03+00:00] === end (2.57s) ===
[2026-07-18T12:18:01+00:00] === start ===
[2026-07-18T12:18:02+00:00] Sheet rows: 11, month headers: 2
[2026-07-18T12:18:02+00:00] Columns: {"Тусюк":"B","Муха":"C","Козлянко":"D","Юрченков":"E"}
[2026-07-18T12:18:02+00:00] Tech users: {"57":"Тусюк","65":"Козлянко","67":"Муха","71":"Юрченков"}
[2026-07-18T12:18:02+00:00] Sync window: 2026-07-01 → 2026-09-30
[2026-07-18T12:18:03+00:00] Bookings from calendar: 2
[2026-07-18T12:18:04+00:00] Active deals: 169
[2026-07-18T12:18:04+00:00] Assignments: 2
[2026-07-18T12:18:04+00:00] Link colors: green=62, to-check=0
[2026-07-18T12:18:04+00:00] Cells updated: 2 (clear=0, write=2)
[2026-07-18T12:18:04+00:00] State saved
[2026-07-18T12:18:04+00:00] === end (2.91s) ===
[2026-07-18T12:20:01+00:00] === start ===
[2026-07-18T12:20:02+00:00] Sheet rows: 11, month headers: 2
[2026-07-18T12:20:02+00:00] Columns: {"Тусюк":"B","Муха":"C","Козлянко":"D","Юрченков":"E"}
[2026-07-18T12:20:02+00:00] Tech users: {"57":"Тусюк","65":"Козлянко","67":"Муха","71":"Юрченков"}
[2026-07-18T12:20:02+00:00] Sync window: 2026-07-01 → 2026-09-30
[2026-07-18T12:20:03+00:00] Bookings from calendar: 2
[2026-07-18T12:20:04+00:00] Active deals: 169
[2026-07-18T12:20:04+00:00] Assignments: 2
[2026-07-18T12:20:04+00:00] Link colors: green=62, to-check=0
[2026-07-18T12:20:04+00:00] Cells updated: 2 (clear=0, write=2)
[2026-07-18T12:20:04+00:00] State saved
[2026-07-18T12:20:04+00:00] === end (2.78s) ===
[2026-07-18T12:22:01+00:00] === start ===
[2026-07-18T12:22:02+00:00] Sheet rows: 11, month headers: 2
[2026-07-18T12:22:02+00:00] Columns: {"Тусюк":"B","Муха":"C","Козлянко":"D","Юрченков":"E"}
[2026-07-18T12:22:02+00:00] Tech users: {"57":"Тусюк","65":"Козлянко","67":"Муха","71":"Юрченков"}
[2026-07-18T12:22:02+00:00] Sync window: 2026-07-01 → 2026-09-30
[2026-07-18T12:22:03+00:00] Bookings from calendar: 2
[2026-07-18T12:22:03+00:00] Active deals: 169
[2026-07-18T12:22:03+00:00] Assignments: 2
[2026-07-18T12:22:03+00:00] Link colors: green=62, to-check=0
[2026-07-18T12:22:04+00:00] Cells updated: 2 (clear=0, write=2)
[2026-07-18T12:22:04+00:00] State saved
[2026-07-18T12:22:04+00:00] === end (3.18s) ===
[2026-07-18T12:24:01+00:00] === start ===
[2026-07-18T12:24:01+00:00] Sheet rows: 11, month headers: 2
[2026-07-18T12:24:01+00:00] Columns: {"Тусюк":"B","Муха":"C","Козлянко":"D","Юрченков":"E"}
[2026-07-18T12:24:01+00:00] Tech users: {"57":"Тусюк","65":"Козлянко","67":"Муха","71":"Юрченков"}
[2026-07-18T12:24:01+00:00] Sync window: 2026-07-01 → 2026-09-30
[2026-07-18T12:24:02+00:00] Bookings from calendar: 2
[2026-07-18T12:24:03+00:00] Active deals: 169
[2026-07-18T12:24:03+00:00] Assignments: 2
[2026-07-18T12:24:03+00:00] Link colors: green=62, to-check=0
[2026-07-18T12:24:04+00:00] Cells updated: 2 (clear=0, write=2)
[2026-07-18T12:24:04+00:00] State saved
[2026-07-18T12:24:04+00:00] === end (3.09s) ===
[2026-07-18T12:26:01+00:00] === start ===
[2026-07-18T12:26:01+00:00] Sheet rows: 11, month headers: 2
[2026-07-18T12:26:01+00:00] Columns: {"Тусюк":"B","Муха":"C","Козлянко":"D","Юрченков":"E"}
[2026-07-18T12:26:02+00:00] Tech users: {"57":"Тусюк","65":"Козлянко","67":"Муха","71":"Юрченков"}
[2026-07-18T12:26:02+00:00] Sync window: 2026-07-01 → 2026-09-30
[2026-07-18T12:26:02+00:00] Bookings from calendar: 2
[2026-07-18T12:26:03+00:00] Active deals: 169
[2026-07-18T12:26:03+00:00] Assignments: 2
[2026-07-18T12:26:03+00:00] Link colors: green=62, to-check=0
[2026-07-18T12:26:04+00:00] Cells updated: 2 (clear=0, write=2)
[2026-07-18T12:26:04+00:00] State saved
[2026-07-18T12:26:04+00:00] === end (3.16s) ===
[2026-07-18T12:28:01+00:00] === start ===
[2026-07-18T12:28:01+00:00] Sheet rows: 11, month headers: 2
[2026-07-18T12:28:02+00:00] Columns: {"Тусюк":"B","Муха":"C","Козлянко":"D","Юрченков":"E"}
[2026-07-18T12:28:02+00:00] Tech users: {"57":"Тусюк","65":"Козлянко","67":"Муха","71":"Юрченков"}
[2026-07-18T12:28:02+00:00] Sync window: 2026-07-01 → 2026-09-30
[2026-07-18T12:28:02+00:00] Bookings from calendar: 2
[2026-07-18T12:28:03+00:00] Active deals: 169
[2026-07-18T12:28:03+00:00] Assignments: 2
[2026-07-18T12:28:03+00:00] Link colors: green=62, to-check=0
[2026-07-18T12:28:04+00:00] Cells updated: 2 (clear=0, write=2)
[2026-07-18T12:28:04+00:00] State saved
[2026-07-18T12:28:04+00:00] === end (2.88s) ===
[2026-07-18T12:30:01+00:00] === start ===
[2026-07-18T12:30:01+00:00] Sheet rows: 11, month headers: 2
[2026-07-18T12:30:02+00:00] Columns: {"Тусюк":"B","Муха":"C","Козлянко":"D","Юрченков":"E"}
[2026-07-18T12:30:02+00:00] Tech users: {"57":"Тусюк","65":"Козлянко","67":"Муха","71":"Юрченков"}
[2026-07-18T12:30:02+00:00] Sync window: 2026-07-01 → 2026-09-30
[2026-07-18T12:30:03+00:00] Bookings from calendar: 2
[2026-07-18T12:30:03+00:00] Active deals: 169
[2026-07-18T12:30:03+00:00] Assignments: 2
[2026-07-18T12:30:03+00:00] Link colors: green=62, to-check=0
[2026-07-18T12:30:04+00:00] Cells updated: 2 (clear=0, write=2)
[2026-07-18T12:30:04+00:00] State saved
[2026-07-18T12:30:04+00:00] === end (3.09s) ===
[2026-07-18T12:32:01+00:00] === start ===
[2026-07-18T12:32:01+00:00] Sheet rows: 11, month headers: 2
[2026-07-18T12:32:02+00:00] Columns: {"Тусюк":"B","Муха":"C","Козлянко":"D","Юрченков":"E"}
[2026-07-18T12:32:02+00:00] Tech users: {"57":"Тусюк","65":"Козлянко","67":"Муха","71":"Юрченков"}
[2026-07-18T12:32:02+00:00] Sync window: 2026-07-01 → 2026-09-30
[2026-07-18T12:32:03+00:00] Bookings from calendar: 2
[2026-07-18T12:32:03+00:00] Active deals: 169
[2026-07-18T12:32:03+00:00] Assignments: 2
[2026-07-18T12:32:03+00:00] Link colors: green=62, to-check=0
[2026-07-18T12:32:04+00:00] Cells updated: 2 (clear=0, write=2)
[2026-07-18T12:32:04+00:00] State saved
[2026-07-18T12:32:04+00:00] === end (2.84s) ===
[2026-07-18T12:34:01+00:00] === start ===
[2026-07-18T12:34:01+00:00] Sheet rows: 11, month headers: 2
[2026-07-18T12:34:02+00:00] Columns: {"Тусюк":"B","Муха":"C","Козлянко":"D","Юрченков":"E"}
[2026-07-18T12:34:02+00:00] Tech users: {"57":"Тусюк","65":"Козлянко","67":"Муха","71":"Юрченков"}
[2026-07-18T12:34:02+00:00] Sync window: 2026-07-01 → 2026-09-30
[2026-07-18T12:34:03+00:00] Bookings from calendar: 2
[2026-07-18T12:34:03+00:00] Active deals: 169
[2026-07-18T12:34:03+00:00] Assignments: 2
[2026-07-18T12:34:03+00:00] Link colors: green=62, to-check=0
[2026-07-18T12:34:04+00:00] Cells updated: 2 (clear=0, write=2)
[2026-07-18T12:34:04+00:00] State saved
[2026-07-18T12:34:04+00:00] === end (3.13s) ===
[2026-07-18T12:36:01+00:00] === start ===
[2026-07-18T12:36:01+00:00] Sheet rows: 11, month headers: 2
[2026-07-18T12:36:02+00:00] Columns: {"Тусюк":"B","Муха":"C","Козлянко":"D","Юрченков":"E"}
[2026-07-18T12:36:02+00:00] Tech users: {"57":"Тусюк","65":"Козлянко","67":"Муха","71":"Юрченков"}
[2026-07-18T12:36:02+00:00] Sync window: 2026-07-01 → 2026-09-30
[2026-07-18T12:36:03+00:00] Bookings from calendar: 2
[2026-07-18T12:36:03+00:00] Active deals: 169
[2026-07-18T12:36:03+00:00] Assignments: 2
[2026-07-18T12:36:03+00:00] Link colors: green=62, to-check=0
[2026-07-18T12:36:04+00:00] Cells updated: 2 (clear=0, write=2)
[2026-07-18T12:36:04+00:00] State saved
[2026-07-18T12:36:04+00:00] === end (3.05s) ===
[2026-07-18T12:38:01+00:00] === start ===
[2026-07-18T12:38:02+00:00] Sheet rows: 11, month headers: 2
[2026-07-18T12:38:02+00:00] Columns: {"Тусюк":"B","Муха":"C","Козлянко":"D","Юрченков":"E"}
[2026-07-18T12:38:02+00:00] Tech users: {"57":"Тусюк","65":"Козлянко","67":"Муха","71":"Юрченков"}
[2026-07-18T12:38:02+00:00] Sync window: 2026-07-01 → 2026-09-30
[2026-07-18T12:38:03+00:00] Bookings from calendar: 2
[2026-07-18T12:38:04+00:00] Active deals: 169
[2026-07-18T12:38:04+00:00] Assignments: 2
[2026-07-18T12:38:04+00:00] Link colors: green=62, to-check=0
[2026-07-18T12:38:04+00:00] Cells updated: 2 (clear=0, write=2)
[2026-07-18T12:38:04+00:00] State saved
[2026-07-18T12:38:04+00:00] === end (2.94s) ===
[2026-07-18T12:40:01+00:00] === start ===
[2026-07-18T12:40:02+00:00] Sheet rows: 11, month headers: 2
[2026-07-18T12:40:02+00:00] Columns: {"Тусюк":"B","Муха":"C","Козлянко":"D","Юрченков":"E"}
[2026-07-18T12:40:02+00:00] Tech users: {"57":"Тусюк","65":"Козлянко","67":"Муха","71":"Юрченков"}
[2026-07-18T12:40:02+00:00] Sync window: 2026-07-01 → 2026-09-30
[2026-07-18T12:40:03+00:00] Bookings from calendar: 2
[2026-07-18T12:40:03+00:00] Active deals: 169
[2026-07-18T12:40:03+00:00] Assignments: 2
[2026-07-18T12:40:03+00:00] Link colors: green=62, to-check=0
[2026-07-18T12:40:04+00:00] Cells updated: 2 (clear=0, write=2)
[2026-07-18T12:40:04+00:00] State saved
[2026-07-18T12:40:04+00:00] === end (2.5s) ===
[2026-07-18T12:42:01+00:00] === start ===
[2026-07-18T12:42:01+00:00] Sheet rows: 11, month headers: 2
[2026-07-18T12:42:02+00:00] Columns: {"Тусюк":"B","Муха":"C","Козлянко":"D","Юрченков":"E"}
[2026-07-18T12:42:02+00:00] Tech users: {"57":"Тусюк","65":"Козлянко","67":"Муха","71":"Юрченков"}
[2026-07-18T12:42:02+00:00] Sync window: 2026-07-01 → 2026-09-30
[2026-07-18T12:42:02+00:00] Bookings from calendar: 2
[2026-07-18T12:42:03+00:00] Active deals: 169
[2026-07-18T12:42:03+00:00] Assignments: 2
[2026-07-18T12:42:03+00:00] Link colors: green=62, to-check=0
[2026-07-18T12:42:04+00:00] Cells updated: 2 (clear=0, write=2)
[2026-07-18T12:42:04+00:00] State saved
[2026-07-18T12:42:04+00:00] === end (2.73s) ===
[2026-07-18T12:44:01+00:00] === start ===
[2026-07-18T12:44:01+00:00] Sheet rows: 11, month headers: 2
[2026-07-18T12:44:01+00:00] Columns: {"Тусюк":"B","Муха":"C","Козлянко":"D","Юрченков":"E"}
[2026-07-18T12:44:01+00:00] Tech users: {"57":"Тусюк","65":"Козлянко","67":"Муха","71":"Юрченков"}
[2026-07-18T12:44:01+00:00] Sync window: 2026-07-01 → 2026-09-30
[2026-07-18T12:44:02+00:00] Bookings from calendar: 2
[2026-07-18T12:44:03+00:00] Active deals: 169
[2026-07-18T12:44:03+00:00] Assignments: 2
[2026-07-18T12:44:03+00:00] Link colors: green=62, to-check=0
[2026-07-18T12:44:04+00:00] Cells updated: 2 (clear=0, write=2)
[2026-07-18T12:44:04+00:00] State saved
[2026-07-18T12:44:04+00:00] === end (2.89s) ===
[2026-07-18T12:46:01+00:00] === start ===
[2026-07-18T12:46:02+00:00] Sheet rows: 11, month headers: 2
[2026-07-18T12:46:02+00:00] Columns: {"Тусюк":"B","Муха":"C","Козлянко":"D","Юрченков":"E"}
[2026-07-18T12:46:02+00:00] Tech users: {"57":"Тусюк","65":"Козлянко","67":"Муха","71":"Юрченков"}
[2026-07-18T12:46:02+00:00] Sync window: 2026-07-01 → 2026-09-30
[2026-07-18T12:46:03+00:00] Bookings from calendar: 2
[2026-07-18T12:46:03+00:00] Active deals: 169
[2026-07-18T12:46:03+00:00] Assignments: 2
[2026-07-18T12:46:03+00:00] Link colors: green=62, to-check=0
[2026-07-18T12:46:04+00:00] Cells updated: 2 (clear=0, write=2)
[2026-07-18T12:46:04+00:00] State saved
[2026-07-18T12:46:04+00:00] === end (2.71s) ===
[2026-07-18T12:48:01+00:00] === start ===
[2026-07-18T12:48:02+00:00] Sheet rows: 11, month headers: 2
[2026-07-18T12:48:02+00:00] Columns: {"Тусюк":"B","Муха":"C","Козлянко":"D","Юрченков":"E"}
[2026-07-18T12:48:02+00:00] Tech users: {"57":"Тусюк","65":"Козлянко","67":"Муха","71":"Юрченков"}
[2026-07-18T12:48:02+00:00] Sync window: 2026-07-01 → 2026-09-30
[2026-07-18T12:48:03+00:00] Bookings from calendar: 2
[2026-07-18T12:48:03+00:00] Active deals: 169
[2026-07-18T12:48:03+00:00] Assignments: 2
[2026-07-18T12:48:03+00:00] Link colors: green=62, to-check=0
[2026-07-18T12:48:04+00:00] Cells updated: 2 (clear=0, write=2)
[2026-07-18T12:48:04+00:00] State saved
[2026-07-18T12:48:04+00:00] === end (2.83s) ===
[2026-07-18T12:50:01+00:00] === start ===
[2026-07-18T12:50:01+00:00] Sheet rows: 11, month headers: 2
[2026-07-18T12:50:02+00:00] Columns: {"Тусюк":"B","Муха":"C","Козлянко":"D","Юрченков":"E"}
[2026-07-18T12:50:02+00:00] Tech users: {"57":"Тусюк","65":"Козлянко","67":"Муха","71":"Юрченков"}
[2026-07-18T12:50:02+00:00] Sync window: 2026-07-01 → 2026-09-30
[2026-07-18T12:50:02+00:00] Bookings from calendar: 2
[2026-07-18T12:50:03+00:00] Active deals: 169
[2026-07-18T12:50:03+00:00] Assignments: 2
[2026-07-18T12:50:03+00:00] Link colors: green=62, to-check=0
[2026-07-18T12:50:04+00:00] Cells updated: 2 (clear=0, write=2)
[2026-07-18T12:50:04+00:00] State saved
[2026-07-18T12:50:04+00:00] === end (2.66s) ===
[2026-07-18T12:52:01+00:00] === start ===
[2026-07-18T12:52:01+00:00] Sheet rows: 11, month headers: 2
[2026-07-18T12:52:01+00:00] Columns: {"Тусюк":"B","Муха":"C","Козлянко":"D","Юрченков":"E"}
[2026-07-18T12:52:01+00:00] Tech users: {"57":"Тусюк","65":"Козлянко","67":"Муха","71":"Юрченков"}
[2026-07-18T12:52:01+00:00] Sync window: 2026-07-01 → 2026-09-30
[2026-07-18T12:52:02+00:00] Bookings from calendar: 2
[2026-07-18T12:52:03+00:00] Active deals: 169
[2026-07-18T12:52:03+00:00] Assignments: 2
[2026-07-18T12:52:03+00:00] Link colors: green=62, to-check=0
[2026-07-18T12:52:03+00:00] Cells updated: 2 (clear=0, write=2)
[2026-07-18T12:52:03+00:00] State saved
[2026-07-18T12:52:03+00:00] === end (2.6s) ===
[2026-07-18T12:54:01+00:00] === start ===
[2026-07-18T12:54:02+00:00] Sheet rows: 11, month headers: 2
[2026-07-18T12:54:02+00:00] Columns: {"Тусюк":"B","Муха":"C","Козлянко":"D","Юрченков":"E"}
[2026-07-18T12:54:02+00:00] Tech users: {"57":"Тусюк","65":"Козлянко","67":"Муха","71":"Юрченков"}
[2026-07-18T12:54:02+00:00] Sync window: 2026-07-01 → 2026-09-30
[2026-07-18T12:54:03+00:00] Bookings from calendar: 2
[2026-07-18T12:54:03+00:00] Active deals: 169
[2026-07-18T12:54:03+00:00] Assignments: 2
[2026-07-18T12:54:03+00:00] Link colors: green=62, to-check=0
[2026-07-18T12:54:04+00:00] Cells updated: 2 (clear=0, write=2)
[2026-07-18T12:54:04+00:00] State saved
[2026-07-18T12:54:04+00:00] === end (2.73s) ===
[2026-07-18T12:56:01+00:00] === start ===
[2026-07-18T12:56:01+00:00] Sheet rows: 11, month headers: 2
[2026-07-18T12:56:02+00:00] Columns: {"Тусюк":"B","Муха":"C","Козлянко":"D","Юрченков":"E"}
[2026-07-18T12:56:02+00:00] Tech users: {"57":"Тусюк","65":"Козлянко","67":"Муха","71":"Юрченков"}
[2026-07-18T12:56:02+00:00] Sync window: 2026-07-01 → 2026-09-30
[2026-07-18T12:56:02+00:00] Bookings from calendar: 2
[2026-07-18T12:56:03+00:00] Active deals: 169
[2026-07-18T12:56:03+00:00] Assignments: 2
[2026-07-18T12:56:03+00:00] Link colors: green=62, to-check=0
[2026-07-18T12:56:04+00:00] Cells updated: 2 (clear=0, write=2)
[2026-07-18T12:56:04+00:00] State saved
[2026-07-18T12:56:04+00:00] === end (2.57s) ===
[2026-07-18T12:58:01+00:00] === start ===
[2026-07-18T12:58:01+00:00] Sheet rows: 11, month headers: 2
[2026-07-18T12:58:02+00:00] Columns: {"Тусюк":"B","Муха":"C","Козлянко":"D","Юрченков":"E"}
[2026-07-18T12:58:02+00:00] Tech users: {"57":"Тусюк","65":"Козлянко","67":"Муха","71":"Юрченков"}
[2026-07-18T12:58:02+00:00] Sync window: 2026-07-01 → 2026-09-30
[2026-07-18T12:58:03+00:00] Bookings from calendar: 2
[2026-07-18T12:58:03+00:00] Active deals: 169
[2026-07-18T12:58:03+00:00] Assignments: 2
[2026-07-18T12:58:03+00:00] Link colors: green=62, to-check=0
[2026-07-18T12:58:04+00:00] Cells updated: 2 (clear=0, write=2)
[2026-07-18T12:58:04+00:00] State saved
[2026-07-18T12:58:04+00:00] === end (3.34s) ===
[2026-07-18T13:00:01+00:00] === start ===
[2026-07-18T13:00:01+00:00] Sheet rows: 11, month headers: 2
[2026-07-18T13:00:02+00:00] Columns: {"Тусюк":"B","Муха":"C","Козлянко":"D","Юрченков":"E"}
[2026-07-18T13:00:02+00:00] Tech users: {"57":"Тусюк","65":"Козлянко","67":"Муха","71":"Юрченков"}
[2026-07-18T13:00:02+00:00] Sync window: 2026-07-01 → 2026-09-30
[2026-07-18T13:00:03+00:00] Bookings from calendar: 2
[2026-07-18T13:00:03+00:00] Active deals: 169
[2026-07-18T13:00:03+00:00] Assignments: 2
[2026-07-18T13:00:03+00:00] Link colors: green=62, to-check=0
[2026-07-18T13:00:04+00:00] Cells updated: 2 (clear=0, write=2)
[2026-07-18T13:00:04+00:00] State saved
[2026-07-18T13:00:04+00:00] === end (2.94s) ===
[2026-07-18T13:02:01+00:00] === start ===
[2026-07-18T13:02:01+00:00] Sheet rows: 11, month headers: 2
[2026-07-18T13:02:02+00:00] Columns: {"Тусюк":"B","Муха":"C","Козлянко":"D","Юрченков":"E"}
[2026-07-18T13:02:02+00:00] Tech users: {"57":"Тусюк","65":"Козлянко","67":"Муха","71":"Юрченков"}
[2026-07-18T13:02:02+00:00] Sync window: 2026-07-01 → 2026-09-30
[2026-07-18T13:02:03+00:00] Bookings from calendar: 2
[2026-07-18T13:02:04+00:00] Active deals: 169
[2026-07-18T13:02:04+00:00] Assignments: 2
[2026-07-18T13:02:04+00:00] Link colors: green=62, to-check=0
[2026-07-18T13:02:05+00:00] Cells updated: 2 (clear=0, write=2)
[2026-07-18T13:02:05+00:00] State saved
[2026-07-18T13:02:05+00:00] === end (3.66s) ===
[2026-07-18T13:04:01+00:00] === start ===
[2026-07-18T13:04:01+00:00] Sheet rows: 11, month headers: 2
[2026-07-18T13:04:02+00:00] Columns: {"Тусюк":"B","Муха":"C","Козлянко":"D","Юрченков":"E"}
[2026-07-18T13:04:02+00:00] Tech users: {"57":"Тусюк","65":"Козлянко","67":"Муха","71":"Юрченков"}
[2026-07-18T13:04:02+00:00] Sync window: 2026-07-01 → 2026-09-30
[2026-07-18T13:04:03+00:00] Bookings from calendar: 2
[2026-07-18T13:04:03+00:00] Active deals: 169
[2026-07-18T13:04:03+00:00] Assignments: 2
[2026-07-18T13:04:03+00:00] Link colors: green=62, to-check=0
[2026-07-18T13:04:04+00:00] Cells updated: 2 (clear=0, write=2)
[2026-07-18T13:04:04+00:00] State saved
[2026-07-18T13:04:04+00:00] === end (3.08s) ===
[2026-07-18T13:06:01+00:00] === start ===
[2026-07-18T13:06:02+00:00] Sheet rows: 11, month headers: 2
[2026-07-18T13:06:02+00:00] Columns: {"Тусюк":"B","Муха":"C","Козлянко":"D","Юрченков":"E"}
[2026-07-18T13:06:02+00:00] Tech users: {"57":"Тусюк","65":"Козлянко","67":"Муха","71":"Юрченков"}
[2026-07-18T13:06:02+00:00] Sync window: 2026-07-01 → 2026-09-30
[2026-07-18T13:06:03+00:00] Bookings from calendar: 2
[2026-07-18T13:06:03+00:00] Active deals: 169
[2026-07-18T13:06:03+00:00] Assignments: 2
[2026-07-18T13:06:03+00:00] Link colors: green=62, to-check=0
[2026-07-18T13:06:04+00:00] Cells updated: 2 (clear=0, write=2)
[2026-07-18T13:06:04+00:00] State saved
[2026-07-18T13:06:04+00:00] === end (3.36s) ===
[2026-07-18T13:08:01+00:00] === start ===
[2026-07-18T13:08:02+00:00] Sheet rows: 11, month headers: 2
[2026-07-18T13:08:02+00:00] Columns: {"Тусюк":"B","Муха":"C","Козлянко":"D","Юрченков":"E"}
[2026-07-18T13:08:02+00:00] Tech users: {"57":"Тусюк","65":"Козлянко","67":"Муха","71":"Юрченков"}
[2026-07-18T13:08:02+00:00] Sync window: 2026-07-01 → 2026-09-30
[2026-07-18T13:08:03+00:00] Bookings from calendar: 2
[2026-07-18T13:08:03+00:00] Active deals: 169
[2026-07-18T13:08:03+00:00] Assignments: 2
[2026-07-18T13:08:03+00:00] Link colors: green=62, to-check=0
[2026-07-18T13:08:04+00:00] Cells updated: 2 (clear=0, write=2)
[2026-07-18T13:08:04+00:00] State saved
[2026-07-18T13:08:04+00:00] === end (2.94s) ===
[2026-07-18T13:10:01+00:00] === start ===
[2026-07-18T13:10:02+00:00] Sheet rows: 11, month headers: 2
[2026-07-18T13:10:02+00:00] Columns: {"Тусюк":"B","Муха":"C","Козлянко":"D","Юрченков":"E"}
[2026-07-18T13:10:02+00:00] Tech users: {"57":"Тусюк","65":"Козлянко","67":"Муха","71":"Юрченков"}
[2026-07-18T13:10:02+00:00] Sync window: 2026-07-01 → 2026-09-30
[2026-07-18T13:10:03+00:00] Bookings from calendar: 2
[2026-07-18T13:10:04+00:00] Active deals: 169
[2026-07-18T13:10:04+00:00] Assignments: 2
[2026-07-18T13:10:04+00:00] Link colors: green=62, to-check=0
[2026-07-18T13:10:04+00:00] Cells updated: 2 (clear=0, write=2)
[2026-07-18T13:10:04+00:00] State saved
[2026-07-18T13:10:04+00:00] === end (2.79s) ===
[2026-07-18T13:12:01+00:00] === start ===
[2026-07-18T13:12:02+00:00] Sheet rows: 11, month headers: 2
[2026-07-18T13:12:02+00:00] Columns: {"Тусюк":"B","Муха":"C","Козлянко":"D","Юрченков":"E"}
[2026-07-18T13:12:02+00:00] Tech users: {"57":"Тусюк","65":"Козлянко","67":"Муха","71":"Юрченков"}
[2026-07-18T13:12:02+00:00] Sync window: 2026-07-01 → 2026-09-30
[2026-07-18T13:12:03+00:00] Bookings from calendar: 2
[2026-07-18T13:12:03+00:00] Active deals: 169
[2026-07-18T13:12:03+00:00] Assignments: 2
[2026-07-18T13:12:03+00:00] Link colors: green=62, to-check=0
[2026-07-18T13:12:04+00:00] Cells updated: 2 (clear=0, write=2)
[2026-07-18T13:12:04+00:00] State saved
[2026-07-18T13:12:04+00:00] === end (2.76s) ===
[2026-07-18T13:14:01+00:00] === start ===
[2026-07-18T13:14:01+00:00] Sheet rows: 11, month headers: 2
[2026-07-18T13:14:02+00:00] Columns: {"Тусюк":"B","Муха":"C","Козлянко":"D","Юрченков":"E"}
[2026-07-18T13:14:02+00:00] Tech users: {"57":"Тусюк","65":"Козлянко","67":"Муха","71":"Юрченков"}
[2026-07-18T13:14:02+00:00] Sync window: 2026-07-01 → 2026-09-30
[2026-07-18T13:14:03+00:00] Bookings from calendar: 2
[2026-07-18T13:14:03+00:00] Active deals: 169
[2026-07-18T13:14:03+00:00] Assignments: 2
[2026-07-18T13:14:03+00:00] Link colors: green=62, to-check=0
[2026-07-18T13:14:04+00:00] Cells updated: 2 (clear=0, write=2)
[2026-07-18T13:14:04+00:00] State saved
[2026-07-18T13:14:04+00:00] === end (2.86s) ===
[2026-07-18T13:16:02+00:00] === start ===
[2026-07-18T13:16:02+00:00] Sheet rows: 11, month headers: 2
[2026-07-18T13:16:02+00:00] Columns: {"Тусюк":"B","Муха":"C","Козлянко":"D","Юрченков":"E"}
[2026-07-18T13:16:02+00:00] Tech users: {"57":"Тусюк","65":"Козлянко","67":"Муха","71":"Юрченков"}
[2026-07-18T13:16:02+00:00] Sync window: 2026-07-01 → 2026-09-30
[2026-07-18T13:16:03+00:00] Bookings from calendar: 2
[2026-07-18T13:16:04+00:00] Active deals: 169
[2026-07-18T13:16:04+00:00] Assignments: 2
[2026-07-18T13:16:04+00:00] Link colors: green=62, to-check=0
[2026-07-18T13:16:05+00:00] Cells updated: 2 (clear=0, write=2)
[2026-07-18T13:16:05+00:00] State saved
[2026-07-18T13:16:05+00:00] === end (3.19s) ===
[2026-07-18T13:18:01+00:00] === start ===
[2026-07-18T13:18:01+00:00] Sheet rows: 11, month headers: 2
[2026-07-18T13:18:02+00:00] Columns: {"Тусюк":"B","Муха":"C","Козлянко":"D","Юрченков":"E"}
[2026-07-18T13:18:02+00:00] Tech users: {"57":"Тусюк","65":"Козлянко","67":"Муха","71":"Юрченков"}
[2026-07-18T13:18:02+00:00] Sync window: 2026-07-01 → 2026-09-30
[2026-07-18T13:18:02+00:00] Bookings from calendar: 2
[2026-07-18T13:18:03+00:00] Active deals: 169
[2026-07-18T13:18:03+00:00] Assignments: 2
[2026-07-18T13:18:03+00:00] Link colors: green=62, to-check=0
[2026-07-18T13:18:04+00:00] Cells updated: 2 (clear=0, write=2)
[2026-07-18T13:18:04+00:00] State saved
[2026-07-18T13:18:04+00:00] === end (2.97s) ===
[2026-07-18T13:20:01+00:00] === start ===
[2026-07-18T13:20:01+00:00] Sheet rows: 11, month headers: 2
[2026-07-18T13:20:02+00:00] Columns: {"Тусюк":"B","Муха":"C","Козлянко":"D","Юрченков":"E"}
[2026-07-18T13:20:02+00:00] Tech users: {"57":"Тусюк","65":"Козлянко","67":"Муха","71":"Юрченков"}
[2026-07-18T13:20:02+00:00] Sync window: 2026-07-01 → 2026-09-30
[2026-07-18T13:20:02+00:00] Bookings from calendar: 2
[2026-07-18T13:20:03+00:00] Active deals: 169
[2026-07-18T13:20:03+00:00] Assignments: 2
[2026-07-18T13:20:03+00:00] Link colors: green=62, to-check=0
[2026-07-18T13:20:04+00:00] Cells updated: 2 (clear=0, write=2)
[2026-07-18T13:20:04+00:00] State saved
[2026-07-18T13:20:04+00:00] === end (3.01s) ===
[2026-07-18T13:22:01+00:00] === start ===
[2026-07-18T13:22:01+00:00] Sheet rows: 11, month headers: 2
[2026-07-18T13:22:02+00:00] Columns: {"Тусюк":"B","Муха":"C","Козлянко":"D","Юрченков":"E"}
[2026-07-18T13:22:02+00:00] Tech users: {"57":"Тусюк","65":"Козлянко","67":"Муха","71":"Юрченков"}
[2026-07-18T13:22:02+00:00] Sync window: 2026-07-01 → 2026-09-30
[2026-07-18T13:22:02+00:00] Bookings from calendar: 2
[2026-07-18T13:22:03+00:00] Active deals: 169
[2026-07-18T13:22:03+00:00] Assignments: 2
[2026-07-18T13:22:03+00:00] Link colors: green=62, to-check=0
[2026-07-18T13:22:04+00:00] Cells updated: 2 (clear=0, write=2)
[2026-07-18T13:22:04+00:00] State saved
[2026-07-18T13:22:04+00:00] === end (2.58s) ===
[2026-07-18T13:24:01+00:00] === start ===
[2026-07-18T13:24:01+00:00] Sheet rows: 11, month headers: 2
[2026-07-18T13:24:02+00:00] Columns: {"Тусюк":"B","Муха":"C","Козлянко":"D","Юрченков":"E"}
[2026-07-18T13:24:02+00:00] Tech users: {"57":"Тусюк","65":"Козлянко","67":"Муха","71":"Юрченков"}
[2026-07-18T13:24:02+00:00] Sync window: 2026-07-01 → 2026-09-30
[2026-07-18T13:24:02+00:00] Bookings from calendar: 2
[2026-07-18T13:24:03+00:00] Active deals: 169
[2026-07-18T13:24:03+00:00] Assignments: 2
[2026-07-18T13:24:03+00:00] Link colors: green=62, to-check=0
[2026-07-18T13:24:04+00:00] Cells updated: 2 (clear=0, write=2)
[2026-07-18T13:24:04+00:00] State saved
[2026-07-18T13:24:04+00:00] === end (3.1s) ===
[2026-07-18T13:26:01+00:00] === start ===
[2026-07-18T13:26:01+00:00] Sheet rows: 11, month headers: 2
[2026-07-18T13:26:02+00:00] Columns: {"Тусюк":"B","Муха":"C","Козлянко":"D","Юрченков":"E"}
[2026-07-18T13:26:02+00:00] Tech users: {"57":"Тусюк","65":"Козлянко","67":"Муха","71":"Юрченков"}
[2026-07-18T13:26:02+00:00] Sync window: 2026-07-01 → 2026-09-30
[2026-07-18T13:26:03+00:00] Bookings from calendar: 2
[2026-07-18T13:26:03+00:00] Active deals: 169
[2026-07-18T13:26:03+00:00] Assignments: 2
[2026-07-18T13:26:03+00:00] Link colors: green=62, to-check=0
[2026-07-18T13:26:05+00:00] Cells updated: 2 (clear=0, write=2)
[2026-07-18T13:26:05+00:00] State saved
[2026-07-18T13:26:05+00:00] === end (3.74s) ===
[2026-07-18T13:28:01+00:00] === start ===
[2026-07-18T13:28:01+00:00] Sheet rows: 11, month headers: 2
[2026-07-18T13:28:01+00:00] Columns: {"Тусюк":"B","Муха":"C","Козлянко":"D","Юрченков":"E"}
[2026-07-18T13:28:02+00:00] Tech users: {"57":"Тусюк","65":"Козлянко","67":"Муха","71":"Юрченков"}
[2026-07-18T13:28:02+00:00] Sync window: 2026-07-01 → 2026-09-30
[2026-07-18T13:28:02+00:00] Bookings from calendar: 2
[2026-07-18T13:28:03+00:00] Active deals: 169
[2026-07-18T13:28:03+00:00] Assignments: 2
[2026-07-18T13:28:03+00:00] Link colors: green=62, to-check=0
[2026-07-18T13:28:04+00:00] Cells updated: 2 (clear=0, write=2)
[2026-07-18T13:28:04+00:00] State saved
[2026-07-18T13:28:04+00:00] === end (3.31s) ===
[2026-07-18T13:30:01+00:00] === start ===
[2026-07-18T13:30:02+00:00] Sheet rows: 11, month headers: 2
[2026-07-18T13:30:02+00:00] Columns: {"Тусюк":"B","Муха":"C","Козлянко":"D","Юрченков":"E"}
[2026-07-18T13:30:02+00:00] Tech users: {"57":"Тусюк","65":"Козлянко","67":"Муха","71":"Юрченков"}
[2026-07-18T13:30:02+00:00] Sync window: 2026-07-01 → 2026-09-30
[2026-07-18T13:30:03+00:00] Bookings from calendar: 2
[2026-07-18T13:30:04+00:00] Active deals: 169
[2026-07-18T13:30:04+00:00] Assignments: 2
[2026-07-18T13:30:04+00:00] Link colors: green=62, to-check=0
[2026-07-18T13:30:04+00:00] Cells updated: 2 (clear=0, write=2)
[2026-07-18T13:30:04+00:00] State saved
[2026-07-18T13:30:04+00:00] === end (3.33s) ===
[2026-07-18T13:32:01+00:00] === start ===
[2026-07-18T13:32:02+00:00] Sheet rows: 11, month headers: 2
[2026-07-18T13:32:02+00:00] Columns: {"Тусюк":"B","Муха":"C","Козлянко":"D","Юрченков":"E"}
[2026-07-18T13:32:02+00:00] Tech users: {"57":"Тусюк","65":"Козлянко","67":"Муха","71":"Юрченков"}
[2026-07-18T13:32:02+00:00] Sync window: 2026-07-01 → 2026-09-30
[2026-07-18T13:32:03+00:00] Bookings from calendar: 2
[2026-07-18T13:32:04+00:00] Active deals: 169
[2026-07-18T13:32:04+00:00] Assignments: 2
[2026-07-18T13:32:04+00:00] Link colors: green=62, to-check=0
[2026-07-18T13:32:04+00:00] Cells updated: 2 (clear=0, write=2)
[2026-07-18T13:32:04+00:00] State saved
[2026-07-18T13:32:04+00:00] === end (3.03s) ===
[2026-07-18T13:34:02+00:00] === start ===
[2026-07-18T13:34:02+00:00] Sheet rows: 11, month headers: 2
[2026-07-18T13:34:02+00:00] Columns: {"Тусюк":"B","Муха":"C","Козлянко":"D","Юрченков":"E"}
[2026-07-18T13:34:02+00:00] Tech users: {"57":"Тусюк","65":"Козлянко","67":"Муха","71":"Юрченков"}
[2026-07-18T13:34:02+00:00] Sync window: 2026-07-01 → 2026-09-30
[2026-07-18T13:34:03+00:00] Bookings from calendar: 2
[2026-07-18T13:34:03+00:00] Active deals: 169
[2026-07-18T13:34:03+00:00] Assignments: 2
[2026-07-18T13:34:03+00:00] Link colors: green=62, to-check=0
[2026-07-18T13:34:04+00:00] Cells updated: 2 (clear=0, write=2)
[2026-07-18T13:34:04+00:00] State saved
[2026-07-18T13:34:04+00:00] === end (2.61s) ===
[2026-07-18T13:36:01+00:00] === start ===
[2026-07-18T13:36:02+00:00] Sheet rows: 11, month headers: 2
[2026-07-18T13:36:02+00:00] Columns: {"Тусюк":"B","Муха":"C","Козлянко":"D","Юрченков":"E"}
[2026-07-18T13:36:02+00:00] Tech users: {"57":"Тусюк","65":"Козлянко","67":"Муха","71":"Юрченков"}
[2026-07-18T13:36:02+00:00] Sync window: 2026-07-01 → 2026-09-30
[2026-07-18T13:36:03+00:00] Bookings from calendar: 2
[2026-07-18T13:36:04+00:00] Active deals: 169
[2026-07-18T13:36:04+00:00] Assignments: 2
[2026-07-18T13:36:04+00:00] Link colors: green=62, to-check=0
[2026-07-18T13:36:04+00:00] Cells updated: 2 (clear=0, write=2)
[2026-07-18T13:36:04+00:00] State saved
[2026-07-18T13:36:04+00:00] === end (3.02s) ===
[2026-07-18T13:38:01+00:00] === start ===
[2026-07-18T13:38:02+00:00] Sheet rows: 11, month headers: 2
[2026-07-18T13:38:02+00:00] Columns: {"Тусюк":"B","Муха":"C","Козлянко":"D","Юрченков":"E"}
[2026-07-18T13:38:02+00:00] Tech users: {"57":"Тусюк","65":"Козлянко","67":"Муха","71":"Юрченков"}
[2026-07-18T13:38:02+00:00] Sync window: 2026-07-01 → 2026-09-30
[2026-07-18T13:38:03+00:00] Bookings from calendar: 2
[2026-07-18T13:38:03+00:00] Active deals: 169
[2026-07-18T13:38:03+00:00] Assignments: 2
[2026-07-18T13:38:03+00:00] Link colors: green=62, to-check=0
[2026-07-18T13:38:04+00:00] Cells updated: 2 (clear=0, write=2)
[2026-07-18T13:38:04+00:00] State saved
[2026-07-18T13:38:04+00:00] === end (2.73s) ===
[2026-07-18T13:40:01+00:00] === start ===
[2026-07-18T13:40:01+00:00] Sheet rows: 11, month headers: 2
[2026-07-18T13:40:02+00:00] Columns: {"Тусюк":"B","Муха":"C","Козлянко":"D","Юрченков":"E"}
[2026-07-18T13:40:02+00:00] Tech users: {"57":"Тусюк","65":"Козлянко","67":"Муха","71":"Юрченков"}
[2026-07-18T13:40:02+00:00] Sync window: 2026-07-01 → 2026-09-30
[2026-07-18T13:40:03+00:00] Bookings from calendar: 2
[2026-07-18T13:40:03+00:00] Active deals: 169
[2026-07-18T13:40:03+00:00] Assignments: 2
[2026-07-18T13:40:03+00:00] Link colors: green=62, to-check=0
[2026-07-18T13:40:04+00:00] Cells updated: 2 (clear=0, write=2)
[2026-07-18T13:40:04+00:00] State saved
[2026-07-18T13:40:04+00:00] === end (3s) ===
[2026-07-18T13:42:01+00:00] === start ===
[2026-07-18T13:42:02+00:00] Sheet rows: 11, month headers: 2
[2026-07-18T13:42:02+00:00] Columns: {"Тусюк":"B","Муха":"C","Козлянко":"D","Юрченков":"E"}
[2026-07-18T13:42:02+00:00] Tech users: {"57":"Тусюк","65":"Козлянко","67":"Муха","71":"Юрченков"}
[2026-07-18T13:42:02+00:00] Sync window: 2026-07-01 → 2026-09-30
[2026-07-18T13:42:03+00:00] Bookings from calendar: 2
[2026-07-18T13:42:04+00:00] Active deals: 169
[2026-07-18T13:42:04+00:00] Assignments: 2
[2026-07-18T13:42:04+00:00] Link colors: green=62, to-check=0
[2026-07-18T13:42:05+00:00] Cells updated: 2 (clear=0, write=2)
[2026-07-18T13:42:05+00:00] State saved
[2026-07-18T13:42:05+00:00] === end (3.33s) ===
[2026-07-18T13:44:01+00:00] === start ===
[2026-07-18T13:44:01+00:00] Sheet rows: 11, month headers: 2
[2026-07-18T13:44:01+00:00] Columns: {"Тусюк":"B","Муха":"C","Козлянко":"D","Юрченков":"E"}
[2026-07-18T13:44:01+00:00] Tech users: {"57":"Тусюк","65":"Козлянко","67":"Муха","71":"Юрченков"}
[2026-07-18T13:44:01+00:00] Sync window: 2026-07-01 → 2026-09-30
[2026-07-18T13:44:02+00:00] Bookings from calendar: 2
[2026-07-18T13:44:03+00:00] Active deals: 169
[2026-07-18T13:44:03+00:00] Assignments: 2
[2026-07-18T13:44:03+00:00] Link colors: green=62, to-check=0
[2026-07-18T13:44:04+00:00] Cells updated: 2 (clear=0, write=2)
[2026-07-18T13:44:04+00:00] State saved
[2026-07-18T13:44:04+00:00] === end (3.25s) ===
[2026-07-18T13:46:01+00:00] === start ===
[2026-07-18T13:46:02+00:00] Sheet rows: 11, month headers: 2
[2026-07-18T13:46:02+00:00] Columns: {"Тусюк":"B","Муха":"C","Козлянко":"D","Юрченков":"E"}
[2026-07-18T13:46:03+00:00] Tech users: {"57":"Тусюк","65":"Козлянко","67":"Муха","71":"Юрченков"}
[2026-07-18T13:46:03+00:00] Sync window: 2026-07-01 → 2026-09-30
[2026-07-18T13:46:04+00:00] Bookings from calendar: 2
[2026-07-18T13:46:04+00:00] Active deals: 169
[2026-07-18T13:46:04+00:00] Assignments: 2
[2026-07-18T13:46:04+00:00] Link colors: green=62, to-check=0
[2026-07-18T13:46:05+00:00] Cells updated: 2 (clear=0, write=2)
[2026-07-18T13:46:05+00:00] State saved
[2026-07-18T13:46:05+00:00] === end (4.08s) ===
[2026-07-18T13:48:01+00:00] === start ===
[2026-07-18T13:48:02+00:00] Sheet rows: 11, month headers: 2
[2026-07-18T13:48:02+00:00] Columns: {"Тусюк":"B","Муха":"C","Козлянко":"D","Юрченков":"E"}
[2026-07-18T13:48:02+00:00] Tech users: {"57":"Тусюк","65":"Козлянко","67":"Муха","71":"Юрченков"}
[2026-07-18T13:48:02+00:00] Sync window: 2026-07-01 → 2026-09-30
[2026-07-18T13:48:03+00:00] Bookings from calendar: 2
[2026-07-18T13:48:04+00:00] Active deals: 169
[2026-07-18T13:48:04+00:00] Assignments: 2
[2026-07-18T13:48:04+00:00] Link colors: green=62, to-check=0
[2026-07-18T13:48:05+00:00] Cells updated: 2 (clear=0, write=2)
[2026-07-18T13:48:05+00:00] State saved
[2026-07-18T13:48:05+00:00] === end (3.71s) ===
[2026-07-18T13:50:01+00:00] === start ===
[2026-07-18T13:50:01+00:00] Sheet rows: 11, month headers: 2
[2026-07-18T13:50:01+00:00] Columns: {"Тусюк":"B","Муха":"C","Козлянко":"D","Юрченков":"E"}
[2026-07-18T13:50:02+00:00] Tech users: {"57":"Тусюк","65":"Козлянко","67":"Муха","71":"Юрченков"}
[2026-07-18T13:50:02+00:00] Sync window: 2026-07-01 → 2026-09-30
[2026-07-18T13:50:02+00:00] Bookings from calendar: 2
[2026-07-18T13:50:03+00:00] Active deals: 169
[2026-07-18T13:50:03+00:00] Assignments: 2
[2026-07-18T13:50:03+00:00] Link colors: green=62, to-check=0
[2026-07-18T13:50:04+00:00] Cells updated: 2 (clear=0, write=2)
[2026-07-18T13:50:04+00:00] State saved
[2026-07-18T13:50:04+00:00] === end (2.8s) ===
[2026-07-18T13:52:01+00:00] === start ===
[2026-07-18T13:52:01+00:00] Sheet rows: 11, month headers: 2
[2026-07-18T13:52:01+00:00] Columns: {"Тусюк":"B","Муха":"C","Козлянко":"D","Юрченков":"E"}
[2026-07-18T13:52:02+00:00] Tech users: {"57":"Тусюк","65":"Козлянко","67":"Муха","71":"Юрченков"}
[2026-07-18T13:52:02+00:00] Sync window: 2026-07-01 → 2026-09-30
[2026-07-18T13:52:02+00:00] Bookings from calendar: 2
[2026-07-18T13:52:03+00:00] Active deals: 169
[2026-07-18T13:52:03+00:00] Assignments: 2
[2026-07-18T13:52:03+00:00] Link colors: green=62, to-check=0
[2026-07-18T13:52:04+00:00] Cells updated: 2 (clear=0, write=2)
[2026-07-18T13:52:04+00:00] State saved
[2026-07-18T13:52:04+00:00] === end (2.97s) ===
[2026-07-18T13:54:01+00:00] === start ===
[2026-07-18T13:54:01+00:00] Sheet rows: 11, month headers: 2
[2026-07-18T13:54:01+00:00] Columns: {"Тусюк":"B","Муха":"C","Козлянко":"D","Юрченков":"E"}
[2026-07-18T13:54:02+00:00] Tech users: {"57":"Тусюк","65":"Козлянко","67":"Муха","71":"Юрченков"}
[2026-07-18T13:54:02+00:00] Sync window: 2026-07-01 → 2026-09-30
[2026-07-18T13:54:02+00:00] Bookings from calendar: 2
[2026-07-18T13:54:03+00:00] Active deals: 169
[2026-07-18T13:54:03+00:00] Assignments: 2
[2026-07-18T13:54:03+00:00] Link colors: green=62, to-check=0
[2026-07-18T13:54:04+00:00] Cells updated: 2 (clear=0, write=2)
[2026-07-18T13:54:04+00:00] State saved
[2026-07-18T13:54:04+00:00] === end (3.05s) ===
[2026-07-18T13:56:01+00:00] === start ===
[2026-07-18T13:56:01+00:00] Sheet rows: 11, month headers: 2
[2026-07-18T13:56:01+00:00] Columns: {"Тусюк":"B","Муха":"C","Козлянко":"D","Юрченков":"E"}
[2026-07-18T13:56:02+00:00] Tech users: {"57":"Тусюк","65":"Козлянко","67":"Муха","71":"Юрченков"}
[2026-07-18T13:56:02+00:00] Sync window: 2026-07-01 → 2026-09-30
[2026-07-18T13:56:02+00:00] Bookings from calendar: 2
[2026-07-18T13:56:03+00:00] Active deals: 169
[2026-07-18T13:56:03+00:00] Assignments: 2
[2026-07-18T13:56:03+00:00] Link colors: green=62, to-check=0
[2026-07-18T13:56:03+00:00] Cells updated: 2 (clear=0, write=2)
[2026-07-18T13:56:03+00:00] State saved
[2026-07-18T13:56:03+00:00] === end (2.64s) ===
[2026-07-18T13:58:02+00:00] === start ===
[2026-07-18T13:58:02+00:00] Sheet rows: 11, month headers: 2
[2026-07-18T13:58:02+00:00] Columns: {"Тусюк":"B","Муха":"C","Козлянко":"D","Юрченков":"E"}
[2026-07-18T13:58:02+00:00] Tech users: {"57":"Тусюк","65":"Козлянко","67":"Муха","71":"Юрченков"}
[2026-07-18T13:58:02+00:00] Sync window: 2026-07-01 → 2026-09-30
[2026-07-18T13:58:03+00:00] Bookings from calendar: 2
[2026-07-18T13:58:04+00:00] Active deals: 169
[2026-07-18T13:58:04+00:00] Assignments: 2
[2026-07-18T13:58:04+00:00] Link colors: green=62, to-check=0
[2026-07-18T13:58:05+00:00] Cells updated: 2 (clear=0, write=2)
[2026-07-18T13:58:05+00:00] State saved
[2026-07-18T13:58:05+00:00] === end (3.06s) ===
[2026-07-18T14:00:01+00:00] === start ===
[2026-07-18T14:00:01+00:00] Sheet rows: 11, month headers: 2
[2026-07-18T14:00:02+00:00] Columns: {"Тусюк":"B","Муха":"C","Козлянко":"D","Юрченков":"E"}
[2026-07-18T14:00:02+00:00] Tech users: {"57":"Тусюк","65":"Козлянко","67":"Муха","71":"Юрченков"}
[2026-07-18T14:00:02+00:00] Sync window: 2026-07-01 → 2026-09-30
[2026-07-18T14:00:03+00:00] Bookings from calendar: 2
[2026-07-18T14:00:03+00:00] Active deals: 169
[2026-07-18T14:00:03+00:00] Assignments: 2
[2026-07-18T14:00:03+00:00] Link colors: green=62, to-check=0
[2026-07-18T14:00:04+00:00] Cells updated: 2 (clear=0, write=2)
[2026-07-18T14:00:04+00:00] State saved
[2026-07-18T14:00:04+00:00] === end (3.51s) ===
[2026-07-18T14:02:01+00:00] === start ===
[2026-07-18T14:02:02+00:00] Sheet rows: 11, month headers: 2
[2026-07-18T14:02:02+00:00] Columns: {"Тусюк":"B","Муха":"C","Козлянко":"D","Юрченков":"E"}
[2026-07-18T14:02:02+00:00] Tech users: {"57":"Тусюк","65":"Козлянко","67":"Муха","71":"Юрченков"}
[2026-07-18T14:02:02+00:00] Sync window: 2026-07-01 → 2026-09-30
[2026-07-18T14:02:03+00:00] Bookings from calendar: 2
[2026-07-18T14:02:03+00:00] Active deals: 169
[2026-07-18T14:02:03+00:00] Assignments: 2
[2026-07-18T14:02:03+00:00] Link colors: green=62, to-check=0
[2026-07-18T14:02:04+00:00] Cells updated: 2 (clear=0, write=2)
[2026-07-18T14:02:04+00:00] State saved
[2026-07-18T14:02:04+00:00] === end (2.9s) ===
[2026-07-18T14:04:01+00:00] === start ===
[2026-07-18T14:04:02+00:00] Sheet rows: 11, month headers: 2
[2026-07-18T14:04:02+00:00] Columns: {"Тусюк":"B","Муха":"C","Козлянко":"D","Юрченков":"E"}
[2026-07-18T14:04:02+00:00] Tech users: {"57":"Тусюк","65":"Козлянко","67":"Муха","71":"Юрченков"}
[2026-07-18T14:04:02+00:00] Sync window: 2026-07-01 → 2026-09-30
[2026-07-18T14:04:03+00:00] Bookings from calendar: 2
[2026-07-18T14:04:03+00:00] Active deals: 169
[2026-07-18T14:04:03+00:00] Assignments: 2
[2026-07-18T14:04:03+00:00] Link colors: green=62, to-check=0
[2026-07-18T14:04:04+00:00] Cells updated: 2 (clear=0, write=2)
[2026-07-18T14:04:04+00:00] State saved
[2026-07-18T14:04:04+00:00] === end (2.99s) ===
[2026-07-18T14:06:01+00:00] === start ===
[2026-07-18T14:06:02+00:00] Sheet rows: 11, month headers: 2
[2026-07-18T14:06:02+00:00] Columns: {"Тусюк":"B","Муха":"C","Козлянко":"D","Юрченков":"E"}
[2026-07-18T14:06:02+00:00] Tech users: {"57":"Тусюк","65":"Козлянко","67":"Муха","71":"Юрченков"}
[2026-07-18T14:06:02+00:00] Sync window: 2026-07-01 → 2026-09-30
[2026-07-18T14:06:03+00:00] Bookings from calendar: 2
[2026-07-18T14:06:03+00:00] Active deals: 169
[2026-07-18T14:06:03+00:00] Assignments: 2
[2026-07-18T14:06:03+00:00] Link colors: green=62, to-check=0
[2026-07-18T14:06:04+00:00] Cells updated: 2 (clear=0, write=2)
[2026-07-18T14:06:04+00:00] State saved
[2026-07-18T14:06:04+00:00] === end (3.2s) ===
[2026-07-18T14:08:01+00:00] === start ===
[2026-07-18T14:08:01+00:00] Sheet rows: 11, month headers: 2
[2026-07-18T14:08:01+00:00] Columns: {"Тусюк":"B","Муха":"C","Козлянко":"D","Юрченков":"E"}
[2026-07-18T14:08:01+00:00] Tech users: {"57":"Тусюк","65":"Козлянко","67":"Муха","71":"Юрченков"}
[2026-07-18T14:08:01+00:00] Sync window: 2026-07-01 → 2026-09-30
[2026-07-18T14:08:02+00:00] Bookings from calendar: 2
[2026-07-18T14:08:03+00:00] Active deals: 169
[2026-07-18T14:08:03+00:00] Assignments: 2
[2026-07-18T14:08:03+00:00] Link colors: green=62, to-check=0
[2026-07-18T14:08:03+00:00] Cells updated: 2 (clear=0, write=2)
[2026-07-18T14:08:03+00:00] State saved
[2026-07-18T14:08:03+00:00] === end (2.88s) ===
[2026-07-18T14:10:02+00:00] === start ===
[2026-07-18T14:10:02+00:00] Sheet rows: 11, month headers: 2
[2026-07-18T14:10:02+00:00] Columns: {"Тусюк":"B","Муха":"C","Козлянко":"D","Юрченков":"E"}
[2026-07-18T14:10:02+00:00] Tech users: {"57":"Тусюк","65":"Козлянко","67":"Муха","71":"Юрченков"}
[2026-07-18T14:10:02+00:00] Sync window: 2026-07-01 → 2026-09-30
[2026-07-18T14:10:03+00:00] Bookings from calendar: 2
[2026-07-18T14:10:04+00:00] Active deals: 169
[2026-07-18T14:10:04+00:00] Assignments: 2
[2026-07-18T14:10:04+00:00] Link colors: green=62, to-check=0
[2026-07-18T14:10:06+00:00] Cells updated: 2 (clear=0, write=2)
[2026-07-18T14:10:06+00:00] State saved
[2026-07-18T14:10:06+00:00] === end (4.04s) ===
[2026-07-18T14:12:01+00:00] === start ===
[2026-07-18T14:12:01+00:00] Sheet rows: 11, month headers: 2
[2026-07-18T14:12:01+00:00] Columns: {"Тусюк":"B","Муха":"C","Козлянко":"D","Юрченков":"E"}
[2026-07-18T14:12:02+00:00] Tech users: {"57":"Тусюк","65":"Козлянко","67":"Муха","71":"Юрченков"}
[2026-07-18T14:12:02+00:00] Sync window: 2026-07-01 → 2026-09-30
[2026-07-18T14:12:02+00:00] Bookings from calendar: 2
[2026-07-18T14:12:03+00:00] Active deals: 169
[2026-07-18T14:12:03+00:00] Assignments: 2
[2026-07-18T14:12:03+00:00] Link colors: green=62, to-check=0
[2026-07-18T14:12:04+00:00] Cells updated: 2 (clear=0, write=2)
[2026-07-18T14:12:04+00:00] State saved
[2026-07-18T14:12:04+00:00] === end (3.05s) ===
[2026-07-18T14:14:01+00:00] === start ===
[2026-07-18T14:14:01+00:00] Sheet rows: 11, month headers: 2
[2026-07-18T14:14:01+00:00] Columns: {"Тусюк":"B","Муха":"C","Козлянко":"D","Юрченков":"E"}
[2026-07-18T14:14:02+00:00] Tech users: {"57":"Тусюк","65":"Козлянко","67":"Муха","71":"Юрченков"}
[2026-07-18T14:14:02+00:00] Sync window: 2026-07-01 → 2026-09-30
[2026-07-18T14:14:02+00:00] Bookings from calendar: 2
[2026-07-18T14:14:03+00:00] Active deals: 169
[2026-07-18T14:14:03+00:00] Assignments: 2
[2026-07-18T14:14:03+00:00] Link colors: green=62, to-check=0
[2026-07-18T14:14:04+00:00] Cells updated: 2 (clear=0, write=2)
[2026-07-18T14:14:04+00:00] State saved
[2026-07-18T14:14:04+00:00] === end (2.8s) ===
[2026-07-18T14:16:01+00:00] === start ===
[2026-07-18T14:16:02+00:00] Sheet rows: 11, month headers: 2
[2026-07-18T14:16:02+00:00] Columns: {"Тусюк":"B","Муха":"C","Козлянко":"D","Юрченков":"E"}
[2026-07-18T14:16:02+00:00] Tech users: {"57":"Тусюк","65":"Козлянко","67":"Муха","71":"Юрченков"}
[2026-07-18T14:16:02+00:00] Sync window: 2026-07-01 → 2026-09-30
[2026-07-18T14:16:03+00:00] Bookings from calendar: 2
[2026-07-18T14:16:03+00:00] Active deals: 169
[2026-07-18T14:16:03+00:00] Assignments: 2
[2026-07-18T14:16:03+00:00] Link colors: green=62, to-check=0
[2026-07-18T14:16:04+00:00] Cells updated: 2 (clear=0, write=2)
[2026-07-18T14:16:04+00:00] State saved
[2026-07-18T14:16:04+00:00] === end (2.6s) ===
[2026-07-18T14:18:01+00:00] === start ===
[2026-07-18T14:18:01+00:00] Sheet rows: 11, month headers: 2
[2026-07-18T14:18:02+00:00] Columns: {"Тусюк":"B","Муха":"C","Козлянко":"D","Юрченков":"E"}
[2026-07-18T14:18:02+00:00] Tech users: {"57":"Тусюк","65":"Козлянко","67":"Муха","71":"Юрченков"}
[2026-07-18T14:18:02+00:00] Sync window: 2026-07-01 → 2026-09-30
[2026-07-18T14:18:03+00:00] Bookings from calendar: 2
[2026-07-18T14:18:03+00:00] Active deals: 169
[2026-07-18T14:18:03+00:00] Assignments: 2
[2026-07-18T14:18:03+00:00] Link colors: green=62, to-check=0
[2026-07-18T14:18:04+00:00] Cells updated: 2 (clear=0, write=2)
[2026-07-18T14:18:04+00:00] State saved
[2026-07-18T14:18:04+00:00] === end (3.3s) ===
[2026-07-18T14:20:01+00:00] === start ===
[2026-07-18T14:20:02+00:00] Sheet rows: 11, month headers: 2
[2026-07-18T14:20:02+00:00] Columns: {"Тусюк":"B","Муха":"C","Козлянко":"D","Юрченков":"E"}
[2026-07-18T14:20:02+00:00] Tech users: {"57":"Тусюк","65":"Козлянко","67":"Муха","71":"Юрченков"}
[2026-07-18T14:20:02+00:00] Sync window: 2026-07-01 → 2026-09-30
[2026-07-18T14:20:03+00:00] Bookings from calendar: 2
[2026-07-18T14:20:03+00:00] Active deals: 169
[2026-07-18T14:20:03+00:00] Assignments: 2
[2026-07-18T14:20:03+00:00] Link colors: green=62, to-check=0
[2026-07-18T14:20:04+00:00] Cells updated: 2 (clear=0, write=2)
[2026-07-18T14:20:04+00:00] State saved
[2026-07-18T14:20:04+00:00] === end (2.67s) ===
[2026-07-18T14:22:01+00:00] === start ===
[2026-07-18T14:22:01+00:00] Sheet rows: 11, month headers: 2
[2026-07-18T14:22:02+00:00] Columns: {"Тусюк":"B","Муха":"C","Козлянко":"D","Юрченков":"E"}
[2026-07-18T14:22:02+00:00] Tech users: {"57":"Тусюк","65":"Козлянко","67":"Муха","71":"Юрченков"}
[2026-07-18T14:22:02+00:00] Sync window: 2026-07-01 → 2026-09-30
[2026-07-18T14:22:03+00:00] Bookings from calendar: 2
[2026-07-18T14:22:03+00:00] Active deals: 169
[2026-07-18T14:22:03+00:00] Assignments: 2
[2026-07-18T14:22:03+00:00] Link colors: green=62, to-check=0
[2026-07-18T14:22:04+00:00] Cells updated: 2 (clear=0, write=2)
[2026-07-18T14:22:04+00:00] State saved
[2026-07-18T14:22:04+00:00] === end (3.14s) ===
[2026-07-18T14:24:01+00:00] === start ===
[2026-07-18T14:24:02+00:00] Sheet rows: 11, month headers: 2
[2026-07-18T14:24:02+00:00] Columns: {"Тусюк":"B","Муха":"C","Козлянко":"D","Юрченков":"E"}
[2026-07-18T14:24:02+00:00] Tech users: {"57":"Тусюк","65":"Козлянко","67":"Муха","71":"Юрченков"}
[2026-07-18T14:24:02+00:00] Sync window: 2026-07-01 → 2026-09-30
[2026-07-18T14:24:03+00:00] Bookings from calendar: 2
[2026-07-18T14:24:03+00:00] Active deals: 169
[2026-07-18T14:24:03+00:00] Assignments: 2
[2026-07-18T14:24:03+00:00] Link colors: green=62, to-check=0
[2026-07-18T14:24:04+00:00] Cells updated: 2 (clear=0, write=2)
[2026-07-18T14:24:04+00:00] State saved
[2026-07-18T14:24:04+00:00] === end (2.82s) ===
[2026-07-18T14:26:01+00:00] === start ===
[2026-07-18T14:26:02+00:00] Sheet rows: 11, month headers: 2
[2026-07-18T14:26:02+00:00] Columns: {"Тусюк":"B","Муха":"C","Козлянко":"D","Юрченков":"E"}
[2026-07-18T14:26:02+00:00] Tech users: {"57":"Тусюк","65":"Козлянко","67":"Муха","71":"Юрченков"}
[2026-07-18T14:26:02+00:00] Sync window: 2026-07-01 → 2026-09-30
[2026-07-18T14:26:03+00:00] Bookings from calendar: 2
[2026-07-18T14:26:03+00:00] Active deals: 169
[2026-07-18T14:26:03+00:00] Assignments: 2
[2026-07-18T14:26:03+00:00] Link colors: green=62, to-check=0
[2026-07-18T14:26:04+00:00] Cells updated: 2 (clear=0, write=2)
[2026-07-18T14:26:04+00:00] State saved
[2026-07-18T14:26:04+00:00] === end (2.81s) ===
[2026-07-18T14:28:01+00:00] === start ===
[2026-07-18T14:28:01+00:00] Sheet rows: 11, month headers: 2
[2026-07-18T14:28:02+00:00] Columns: {"Тусюк":"B","Муха":"C","Козлянко":"D","Юрченков":"E"}
[2026-07-18T14:28:02+00:00] Tech users: {"57":"Тусюк","65":"Козлянко","67":"Муха","71":"Юрченков"}
[2026-07-18T14:28:02+00:00] Sync window: 2026-07-01 → 2026-09-30
[2026-07-18T14:28:03+00:00] Bookings from calendar: 2
[2026-07-18T14:28:03+00:00] Active deals: 169
[2026-07-18T14:28:03+00:00] Assignments: 2
[2026-07-18T14:28:03+00:00] Link colors: green=62, to-check=0
[2026-07-18T14:28:04+00:00] Cells updated: 2 (clear=0, write=2)
[2026-07-18T14:28:04+00:00] State saved
[2026-07-18T14:28:04+00:00] === end (2.84s) ===
[2026-07-18T14:30:01+00:00] === start ===
[2026-07-18T14:30:02+00:00] Sheet rows: 11, month headers: 2
[2026-07-18T14:30:02+00:00] Columns: {"Тусюк":"B","Муха":"C","Козлянко":"D","Юрченков":"E"}
[2026-07-18T14:30:02+00:00] Tech users: {"57":"Тусюк","65":"Козлянко","67":"Муха","71":"Юрченков"}
[2026-07-18T14:30:02+00:00] Sync window: 2026-07-01 → 2026-09-30
[2026-07-18T14:30:03+00:00] Bookings from calendar: 2
[2026-07-18T14:30:04+00:00] Active deals: 169
[2026-07-18T14:30:04+00:00] Assignments: 2
[2026-07-18T14:30:04+00:00] Link colors: green=62, to-check=0
[2026-07-18T14:30:04+00:00] Cells updated: 2 (clear=0, write=2)
[2026-07-18T14:30:04+00:00] State saved
[2026-07-18T14:30:04+00:00] === end (3.17s) ===
[2026-07-18T14:32:01+00:00] === start ===
[2026-07-18T14:32:02+00:00] Sheet rows: 11, month headers: 2
[2026-07-18T14:32:02+00:00] Columns: {"Тусюк":"B","Муха":"C","Козлянко":"D","Юрченков":"E"}
[2026-07-18T14:32:02+00:00] Tech users: {"57":"Тусюк","65":"Козлянко","67":"Муха","71":"Юрченков"}
[2026-07-18T14:32:02+00:00] Sync window: 2026-07-01 → 2026-09-30
[2026-07-18T14:32:03+00:00] Bookings from calendar: 2
[2026-07-18T14:32:03+00:00] Active deals: 169
[2026-07-18T14:32:03+00:00] Assignments: 2
[2026-07-18T14:32:03+00:00] Link colors: green=62, to-check=0
[2026-07-18T14:32:04+00:00] Cells updated: 2 (clear=0, write=2)
[2026-07-18T14:32:04+00:00] State saved
[2026-07-18T14:32:04+00:00] === end (2.6s) ===
[2026-07-18T14:34:01+00:00] === start ===
[2026-07-18T14:34:01+00:00] Sheet rows: 11, month headers: 2
[2026-07-18T14:34:02+00:00] Columns: {"Тусюк":"B","Муха":"C","Козлянко":"D","Юрченков":"E"}
[2026-07-18T14:34:02+00:00] Tech users: {"57":"Тусюк","65":"Козлянко","67":"Муха","71":"Юрченков"}
[2026-07-18T14:34:02+00:00] Sync window: 2026-07-01 → 2026-09-30
[2026-07-18T14:34:02+00:00] Bookings from calendar: 2
[2026-07-18T14:34:03+00:00] Active deals: 169
[2026-07-18T14:34:03+00:00] Assignments: 2
[2026-07-18T14:34:03+00:00] Link colors: green=62, to-check=0
[2026-07-18T14:34:04+00:00] Cells updated: 2 (clear=0, write=2)
[2026-07-18T14:34:04+00:00] State saved
[2026-07-18T14:34:04+00:00] === end (2.71s) ===
[2026-07-18T14:36:01+00:00] === start ===
[2026-07-18T14:36:01+00:00] Sheet rows: 11, month headers: 2
[2026-07-18T14:36:01+00:00] Columns: {"Тусюк":"B","Муха":"C","Козлянко":"D","Юрченков":"E"}
[2026-07-18T14:36:02+00:00] Tech users: {"57":"Тусюк","65":"Козлянко","67":"Муха","71":"Юрченков"}
[2026-07-18T14:36:02+00:00] Sync window: 2026-07-01 → 2026-09-30
[2026-07-18T14:36:02+00:00] Bookings from calendar: 2
[2026-07-18T14:36:03+00:00] Active deals: 169
[2026-07-18T14:36:03+00:00] Assignments: 2
[2026-07-18T14:36:03+00:00] Link colors: green=62, to-check=0
[2026-07-18T14:36:04+00:00] Cells updated: 2 (clear=0, write=2)
[2026-07-18T14:36:04+00:00] State saved
[2026-07-18T14:36:04+00:00] === end (2.85s) ===
[2026-07-18T14:38:01+00:00] === start ===
[2026-07-18T14:38:01+00:00] Sheet rows: 11, month headers: 2
[2026-07-18T14:38:01+00:00] Columns: {"Тусюк":"B","Муха":"C","Козлянко":"D","Юрченков":"E"}
[2026-07-18T14:38:01+00:00] Tech users: {"57":"Тусюк","65":"Козлянко","67":"Муха","71":"Юрченков"}
[2026-07-18T14:38:01+00:00] Sync window: 2026-07-01 → 2026-09-30
[2026-07-18T14:38:02+00:00] Bookings from calendar: 2
[2026-07-18T14:38:03+00:00] Active deals: 169
[2026-07-18T14:38:03+00:00] Assignments: 2
[2026-07-18T14:38:03+00:00] Link colors: green=62, to-check=0
[2026-07-18T14:38:04+00:00] Cells updated: 2 (clear=0, write=2)
[2026-07-18T14:38:04+00:00] State saved
[2026-07-18T14:38:04+00:00] === end (3.07s) ===
[2026-07-18T14:40:01+00:00] === start ===
[2026-07-18T14:40:01+00:00] Sheet rows: 11, month headers: 2
[2026-07-18T14:40:02+00:00] Columns: {"Тусюк":"B","Муха":"C","Козлянко":"D","Юрченков":"E"}
[2026-07-18T14:40:02+00:00] Tech users: {"57":"Тусюк","65":"Козлянко","67":"Муха","71":"Юрченков"}
[2026-07-18T14:40:02+00:00] Sync window: 2026-07-01 → 2026-09-30
[2026-07-18T14:40:03+00:00] Bookings from calendar: 2
[2026-07-18T14:40:03+00:00] Active deals: 169
[2026-07-18T14:40:03+00:00] Assignments: 2
[2026-07-18T14:40:03+00:00] Link colors: green=62, to-check=0
[2026-07-18T14:40:04+00:00] Cells updated: 2 (clear=0, write=2)
[2026-07-18T14:40:04+00:00] State saved
[2026-07-18T14:40:04+00:00] === end (3.23s) ===
[2026-07-18T14:42:01+00:00] === start ===
[2026-07-18T14:42:02+00:00] Sheet rows: 11, month headers: 2
[2026-07-18T14:42:02+00:00] Columns: {"Тусюк":"B","Муха":"C","Козлянко":"D","Юрченков":"E"}
[2026-07-18T14:42:02+00:00] Tech users: {"57":"Тусюк","65":"Козлянко","67":"Муха","71":"Юрченков"}
[2026-07-18T14:42:02+00:00] Sync window: 2026-07-01 → 2026-09-30
[2026-07-18T14:42:03+00:00] Bookings from calendar: 2
[2026-07-18T14:42:03+00:00] Active deals: 169
[2026-07-18T14:42:03+00:00] Assignments: 2
[2026-07-18T14:42:03+00:00] Link colors: green=62, to-check=0
[2026-07-18T14:42:04+00:00] Cells updated: 2 (clear=0, write=2)
[2026-07-18T14:42:04+00:00] State saved
[2026-07-18T14:42:04+00:00] === end (3.21s) ===
[2026-07-18T14:44:01+00:00] === start ===
[2026-07-18T14:44:02+00:00] Sheet rows: 11, month headers: 2
[2026-07-18T14:44:02+00:00] Columns: {"Тусюк":"B","Муха":"C","Козлянко":"D","Юрченков":"E"}
[2026-07-18T14:44:02+00:00] Tech users: {"57":"Тусюк","65":"Козлянко","67":"Муха","71":"Юрченков"}
[2026-07-18T14:44:02+00:00] Sync window: 2026-07-01 → 2026-09-30
[2026-07-18T14:44:03+00:00] Bookings from calendar: 2
[2026-07-18T14:44:04+00:00] Active deals: 169
[2026-07-18T14:44:04+00:00] Assignments: 2
[2026-07-18T14:44:04+00:00] Link colors: green=62, to-check=0
[2026-07-18T14:44:04+00:00] Cells updated: 2 (clear=0, write=2)
[2026-07-18T14:44:04+00:00] State saved
[2026-07-18T14:44:04+00:00] === end (2.9s) ===
[2026-07-18T14:46:01+00:00] === start ===
[2026-07-18T14:46:01+00:00] Sheet rows: 11, month headers: 2
[2026-07-18T14:46:01+00:00] Columns: {"Тусюк":"B","Муха":"C","Козлянко":"D","Юрченков":"E"}
[2026-07-18T14:46:02+00:00] Tech users: {"57":"Тусюк","65":"Козлянко","67":"Муха","71":"Юрченков"}
[2026-07-18T14:46:02+00:00] Sync window: 2026-07-01 → 2026-09-30
[2026-07-18T14:46:02+00:00] Bookings from calendar: 2
[2026-07-18T14:46:03+00:00] Active deals: 169
[2026-07-18T14:46:03+00:00] Assignments: 2
[2026-07-18T14:46:03+00:00] Link colors: green=62, to-check=0
[2026-07-18T14:46:04+00:00] Cells updated: 2 (clear=0, write=2)
[2026-07-18T14:46:04+00:00] State saved
[2026-07-18T14:46:04+00:00] === end (2.87s) ===
[2026-07-18T14:48:01+00:00] === start ===
[2026-07-18T14:48:01+00:00] Sheet rows: 11, month headers: 2
[2026-07-18T14:48:02+00:00] Columns: {"Тусюк":"B","Муха":"C","Козлянко":"D","Юрченков":"E"}
[2026-07-18T14:48:02+00:00] Tech users: {"57":"Тусюк","65":"Козлянко","67":"Муха","71":"Юрченков"}
[2026-07-18T14:48:02+00:00] Sync window: 2026-07-01 → 2026-09-30
[2026-07-18T14:48:02+00:00] Bookings from calendar: 2
[2026-07-18T14:48:03+00:00] Active deals: 169
[2026-07-18T14:48:03+00:00] Assignments: 2
[2026-07-18T14:48:03+00:00] Link colors: green=62, to-check=0
[2026-07-18T14:48:04+00:00] Cells updated: 2 (clear=0, write=2)
[2026-07-18T14:48:04+00:00] State saved
[2026-07-18T14:48:04+00:00] === end (2.86s) ===
[2026-07-18T14:50:01+00:00] === start ===
[2026-07-18T14:50:01+00:00] Sheet rows: 11, month headers: 2
[2026-07-18T14:50:01+00:00] Columns: {"Тусюк":"B","Муха":"C","Козлянко":"D","Юрченков":"E"}
[2026-07-18T14:50:02+00:00] Tech users: {"57":"Тусюк","65":"Козлянко","67":"Муха","71":"Юрченков"}
[2026-07-18T14:50:02+00:00] Sync window: 2026-07-01 → 2026-09-30
[2026-07-18T14:50:02+00:00] Bookings from calendar: 2
[2026-07-18T14:50:03+00:00] Active deals: 169
[2026-07-18T14:50:03+00:00] Assignments: 2
[2026-07-18T14:50:03+00:00] Link colors: green=62, to-check=0
[2026-07-18T14:50:03+00:00] Cells updated: 2 (clear=0, write=2)
[2026-07-18T14:50:03+00:00] State saved
[2026-07-18T14:50:03+00:00] === end (2.6s) ===
[2026-07-18T14:52:01+00:00] === start ===
[2026-07-18T14:52:02+00:00] Sheet rows: 11, month headers: 2
[2026-07-18T14:52:02+00:00] Columns: {"Тусюк":"B","Муха":"C","Козлянко":"D","Юрченков":"E"}
[2026-07-18T14:52:02+00:00] Tech users: {"57":"Тусюк","65":"Козлянко","67":"Муха","71":"Юрченков"}
[2026-07-18T14:52:02+00:00] Sync window: 2026-07-01 → 2026-09-30
[2026-07-18T14:52:03+00:00] Bookings from calendar: 2
[2026-07-18T14:52:04+00:00] Active deals: 169
[2026-07-18T14:52:04+00:00] Assignments: 2
[2026-07-18T14:52:04+00:00] Link colors: green=62, to-check=0
[2026-07-18T14:52:05+00:00] Cells updated: 2 (clear=0, write=2)
[2026-07-18T14:52:05+00:00] State saved
[2026-07-18T14:52:05+00:00] === end (3.52s) ===
[2026-07-18T14:54:01+00:00] === start ===
[2026-07-18T14:54:01+00:00] Sheet rows: 11, month headers: 2
[2026-07-18T14:54:02+00:00] Columns: {"Тусюк":"B","Муха":"C","Козлянко":"D","Юрченков":"E"}
[2026-07-18T14:54:02+00:00] Tech users: {"57":"Тусюк","65":"Козлянко","67":"Муха","71":"Юрченков"}
[2026-07-18T14:54:02+00:00] Sync window: 2026-07-01 → 2026-09-30
[2026-07-18T14:54:03+00:00] Bookings from calendar: 2
[2026-07-18T14:54:04+00:00] Active deals: 169
[2026-07-18T14:54:04+00:00] Assignments: 2
[2026-07-18T14:54:04+00:00] Link colors: green=62, to-check=0
[2026-07-18T14:54:04+00:00] Cells updated: 2 (clear=0, write=2)
[2026-07-18T14:54:04+00:00] State saved
[2026-07-18T14:54:04+00:00] === end (3.29s) ===
[2026-07-18T14:56:01+00:00] === start ===
[2026-07-18T14:56:02+00:00] Sheet rows: 11, month headers: 2
[2026-07-18T14:56:02+00:00] Columns: {"Тусюк":"B","Муха":"C","Козлянко":"D","Юрченков":"E"}
[2026-07-18T14:56:02+00:00] Tech users: {"57":"Тусюк","65":"Козлянко","67":"Муха","71":"Юрченков"}
[2026-07-18T14:56:02+00:00] Sync window: 2026-07-01 → 2026-09-30
[2026-07-18T14:56:03+00:00] Bookings from calendar: 2
[2026-07-18T14:56:03+00:00] Active deals: 169
[2026-07-18T14:56:03+00:00] Assignments: 2
[2026-07-18T14:56:03+00:00] Link colors: green=62, to-check=0
[2026-07-18T14:56:04+00:00] Cells updated: 2 (clear=0, write=2)
[2026-07-18T14:56:04+00:00] State saved
[2026-07-18T14:56:04+00:00] === end (3.03s) ===
[2026-07-18T14:58:01+00:00] === start ===
[2026-07-18T14:58:02+00:00] Sheet rows: 11, month headers: 2
[2026-07-18T14:58:02+00:00] Columns: {"Тусюк":"B","Муха":"C","Козлянко":"D","Юрченков":"E"}
[2026-07-18T14:58:03+00:00] Tech users: {"57":"Тусюк","65":"Козлянко","67":"Муха","71":"Юрченков"}
[2026-07-18T14:58:03+00:00] Sync window: 2026-07-01 → 2026-09-30
[2026-07-18T14:58:03+00:00] Bookings from calendar: 2
[2026-07-18T14:58:04+00:00] Active deals: 169
[2026-07-18T14:58:04+00:00] Assignments: 2
[2026-07-18T14:58:04+00:00] Link colors: green=62, to-check=0
[2026-07-18T14:58:05+00:00] Cells updated: 2 (clear=0, write=2)
[2026-07-18T14:58:05+00:00] State saved
[2026-07-18T14:58:05+00:00] === end (3.24s) ===
[2026-07-18T15:00:01+00:00] === start ===
[2026-07-18T15:00:01+00:00] Sheet rows: 11, month headers: 2
[2026-07-18T15:00:02+00:00] Columns: {"Тусюк":"B","Муха":"C","Козлянко":"D","Юрченков":"E"}
[2026-07-18T15:00:02+00:00] Tech users: {"57":"Тусюк","65":"Козлянко","67":"Муха","71":"Юрченков"}
[2026-07-18T15:00:02+00:00] Sync window: 2026-07-01 → 2026-09-30
[2026-07-18T15:00:02+00:00] Bookings from calendar: 2
[2026-07-18T15:00:03+00:00] Active deals: 169
[2026-07-18T15:00:03+00:00] Assignments: 2
[2026-07-18T15:00:03+00:00] Link colors: green=62, to-check=0
[2026-07-18T15:00:04+00:00] Cells updated: 2 (clear=0, write=2)
[2026-07-18T15:00:04+00:00] State saved
[2026-07-18T15:00:04+00:00] === end (3.34s) ===
[2026-07-18T15:02:01+00:00] === start ===
[2026-07-18T15:02:02+00:00] Sheet rows: 11, month headers: 2
[2026-07-18T15:02:02+00:00] Columns: {"Тусюк":"B","Муха":"C","Козлянко":"D","Юрченков":"E"}
[2026-07-18T15:02:02+00:00] Tech users: {"57":"Тусюк","65":"Козлянко","67":"Муха","71":"Юрченков"}
[2026-07-18T15:02:02+00:00] Sync window: 2026-07-01 → 2026-09-30
[2026-07-18T15:02:03+00:00] Bookings from calendar: 2
[2026-07-18T15:02:03+00:00] Active deals: 169
[2026-07-18T15:02:03+00:00] Assignments: 2
[2026-07-18T15:02:03+00:00] Link colors: green=62, to-check=0
[2026-07-18T15:02:04+00:00] Cells updated: 2 (clear=0, write=2)
[2026-07-18T15:02:04+00:00] State saved
[2026-07-18T15:02:04+00:00] === end (2.69s) ===
[2026-07-18T15:04:01+00:00] === start ===
[2026-07-18T15:04:01+00:00] Sheet rows: 11, month headers: 2
[2026-07-18T15:04:02+00:00] Columns: {"Тусюк":"B","Муха":"C","Козлянко":"D","Юрченков":"E"}
[2026-07-18T15:04:02+00:00] Tech users: {"57":"Тусюк","65":"Козлянко","67":"Муха","71":"Юрченков"}
[2026-07-18T15:04:02+00:00] Sync window: 2026-07-01 → 2026-09-30
[2026-07-18T15:04:03+00:00] Bookings from calendar: 2
[2026-07-18T15:04:03+00:00] Active deals: 169
[2026-07-18T15:04:03+00:00] Assignments: 2
[2026-07-18T15:04:03+00:00] Link colors: green=62, to-check=0
[2026-07-18T15:04:04+00:00] Cells updated: 2 (clear=0, write=2)
[2026-07-18T15:04:04+00:00] State saved
[2026-07-18T15:04:04+00:00] === end (3.04s) ===
[2026-07-18T15:06:01+00:00] === start ===
[2026-07-18T15:06:02+00:00] Sheet rows: 11, month headers: 2
[2026-07-18T15:06:02+00:00] Columns: {"Тусюк":"B","Муха":"C","Козлянко":"D","Юрченков":"E"}
[2026-07-18T15:06:02+00:00] Tech users: {"57":"Тусюк","65":"Козлянко","67":"Муха","71":"Юрченков"}
[2026-07-18T15:06:02+00:00] Sync window: 2026-07-01 → 2026-09-30
[2026-07-18T15:06:03+00:00] Bookings from calendar: 2
[2026-07-18T15:06:03+00:00] Active deals: 169
[2026-07-18T15:06:03+00:00] Assignments: 2
[2026-07-18T15:06:03+00:00] Link colors: green=62, to-check=0
[2026-07-18T15:06:04+00:00] Cells updated: 2 (clear=0, write=2)
[2026-07-18T15:06:04+00:00] State saved
[2026-07-18T15:06:04+00:00] === end (2.87s) ===
[2026-07-18T15:08:01+00:00] === start ===
[2026-07-18T15:08:01+00:00] Sheet rows: 11, month headers: 2
[2026-07-18T15:08:02+00:00] Columns: {"Тусюк":"B","Муха":"C","Козлянко":"D","Юрченков":"E"}
[2026-07-18T15:08:02+00:00] Tech users: {"57":"Тусюк","65":"Козлянко","67":"Муха","71":"Юрченков"}
[2026-07-18T15:08:02+00:00] Sync window: 2026-07-01 → 2026-09-30
[2026-07-18T15:08:02+00:00] Bookings from calendar: 2
[2026-07-18T15:08:03+00:00] Active deals: 169
[2026-07-18T15:08:03+00:00] Assignments: 2
[2026-07-18T15:08:03+00:00] Link colors: green=62, to-check=0
[2026-07-18T15:08:04+00:00] Cells updated: 2 (clear=0, write=2)
[2026-07-18T15:08:04+00:00] State saved
[2026-07-18T15:08:04+00:00] === end (2.66s) ===
[2026-07-18T15:10:01+00:00] === start ===
[2026-07-18T15:10:01+00:00] Sheet rows: 11, month headers: 2
[2026-07-18T15:10:01+00:00] Columns: {"Тусюк":"B","Муха":"C","Козлянко":"D","Юрченков":"E"}
[2026-07-18T15:10:02+00:00] Tech users: {"57":"Тусюк","65":"Козлянко","67":"Муха","71":"Юрченков"}
[2026-07-18T15:10:02+00:00] Sync window: 2026-07-01 → 2026-09-30
[2026-07-18T15:10:02+00:00] Bookings from calendar: 2
[2026-07-18T15:10:03+00:00] Active deals: 169
[2026-07-18T15:10:03+00:00] Assignments: 2
[2026-07-18T15:10:03+00:00] Link colors: green=62, to-check=0
[2026-07-18T15:10:04+00:00] Cells updated: 2 (clear=0, write=2)
[2026-07-18T15:10:04+00:00] State saved
[2026-07-18T15:10:04+00:00] === end (2.73s) ===
[2026-07-18T15:12:01+00:00] === start ===
[2026-07-18T15:12:01+00:00] Sheet rows: 11, month headers: 2
[2026-07-18T15:12:01+00:00] Columns: {"Тусюк":"B","Муха":"C","Козлянко":"D","Юрченков":"E"}
[2026-07-18T15:12:02+00:00] Tech users: {"57":"Тусюк","65":"Козлянко","67":"Муха","71":"Юрченков"}
[2026-07-18T15:12:02+00:00] Sync window: 2026-07-01 → 2026-09-30
[2026-07-18T15:12:02+00:00] Bookings from calendar: 2
[2026-07-18T15:12:03+00:00] Active deals: 169
[2026-07-18T15:12:03+00:00] Assignments: 2
[2026-07-18T15:12:03+00:00] Link colors: green=62, to-check=0
[2026-07-18T15:12:04+00:00] Cells updated: 2 (clear=0, write=2)
[2026-07-18T15:12:04+00:00] State saved
[2026-07-18T15:12:04+00:00] === end (2.97s) ===
[2026-07-18T15:14:01+00:00] === start ===
[2026-07-18T15:14:01+00:00] Sheet rows: 11, month headers: 2
[2026-07-18T15:14:01+00:00] Columns: {"Тусюк":"B","Муха":"C","Козлянко":"D","Юрченков":"E"}
[2026-07-18T15:14:02+00:00] Tech users: {"57":"Тусюк","65":"Козлянко","67":"Муха","71":"Юрченков"}
[2026-07-18T15:14:02+00:00] Sync window: 2026-07-01 → 2026-09-30
[2026-07-18T15:14:02+00:00] Bookings from calendar: 2
[2026-07-18T15:14:03+00:00] Active deals: 169
[2026-07-18T15:14:03+00:00] Assignments: 2
[2026-07-18T15:14:03+00:00] Link colors: green=62, to-check=0
[2026-07-18T15:14:04+00:00] Cells updated: 2 (clear=0, write=2)
[2026-07-18T15:14:04+00:00] State saved
[2026-07-18T15:14:04+00:00] === end (3.11s) ===
[2026-07-18T15:16:01+00:00] === start ===
[2026-07-18T15:16:02+00:00] Sheet rows: 11, month headers: 2
[2026-07-18T15:16:02+00:00] Columns: {"Тусюк":"B","Муха":"C","Козлянко":"D","Юрченков":"E"}
[2026-07-18T15:16:02+00:00] Tech users: {"57":"Тусюк","65":"Козлянко","67":"Муха","71":"Юрченков"}
[2026-07-18T15:16:02+00:00] Sync window: 2026-07-01 → 2026-09-30
[2026-07-18T15:16:03+00:00] Bookings from calendar: 2
[2026-07-18T15:16:04+00:00] Active deals: 169
[2026-07-18T15:16:04+00:00] Assignments: 2
[2026-07-18T15:16:04+00:00] Link colors: green=62, to-check=0
[2026-07-18T15:16:04+00:00] Cells updated: 2 (clear=0, write=2)
[2026-07-18T15:16:04+00:00] State saved
[2026-07-18T15:16:04+00:00] === end (2.91s) ===
[2026-07-18T15:18:01+00:00] === start ===
[2026-07-18T15:18:02+00:00] Sheet rows: 11, month headers: 2
[2026-07-18T15:18:02+00:00] Columns: {"Тусюк":"B","Муха":"C","Козлянко":"D","Юрченков":"E"}
[2026-07-18T15:18:02+00:00] Tech users: {"57":"Тусюк","65":"Козлянко","67":"Муха","71":"Юрченков"}
[2026-07-18T15:18:02+00:00] Sync window: 2026-07-01 → 2026-09-30
[2026-07-18T15:18:03+00:00] Bookings from calendar: 2
[2026-07-18T15:18:03+00:00] Active deals: 169
[2026-07-18T15:18:03+00:00] Assignments: 2
[2026-07-18T15:18:03+00:00] Link colors: green=62, to-check=0
[2026-07-18T15:18:04+00:00] Cells updated: 2 (clear=0, write=2)
[2026-07-18T15:18:04+00:00] State saved
[2026-07-18T15:18:04+00:00] === end (2.76s) ===
[2026-07-18T15:20:01+00:00] === start ===
[2026-07-18T15:20:02+00:00] Sheet rows: 11, month headers: 2
[2026-07-18T15:20:02+00:00] Columns: {"Тусюк":"B","Муха":"C","Козлянко":"D","Юрченков":"E"}
[2026-07-18T15:20:02+00:00] Tech users: {"57":"Тусюк","65":"Козлянко","67":"Муха","71":"Юрченков"}
[2026-07-18T15:20:02+00:00] Sync window: 2026-07-01 → 2026-09-30
[2026-07-18T15:20:03+00:00] Bookings from calendar: 2
[2026-07-18T15:20:03+00:00] Active deals: 169
[2026-07-18T15:20:03+00:00] Assignments: 2
[2026-07-18T15:20:03+00:00] Link colors: green=62, to-check=0
[2026-07-18T15:20:04+00:00] Cells updated: 2 (clear=0, write=2)
[2026-07-18T15:20:04+00:00] State saved
[2026-07-18T15:20:04+00:00] === end (2.76s) ===
[2026-07-18T15:22:01+00:00] === start ===
[2026-07-18T15:22:01+00:00] Sheet rows: 11, month headers: 2
[2026-07-18T15:22:02+00:00] Columns: {"Тусюк":"B","Муха":"C","Козлянко":"D","Юрченков":"E"}
[2026-07-18T15:22:02+00:00] Tech users: {"57":"Тусюк","65":"Козлянко","67":"Муха","71":"Юрченков"}
[2026-07-18T15:22:02+00:00] Sync window: 2026-07-01 → 2026-09-30
[2026-07-18T15:22:02+00:00] Bookings from calendar: 2
[2026-07-18T15:22:03+00:00] Active deals: 169
[2026-07-18T15:22:03+00:00] Assignments: 2
[2026-07-18T15:22:03+00:00] Link colors: green=62, to-check=0
[2026-07-18T15:22:04+00:00] Cells updated: 2 (clear=0, write=2)
[2026-07-18T15:22:04+00:00] State saved
[2026-07-18T15:22:04+00:00] === end (2.6s) ===
[2026-07-18T15:24:01+00:00] === start ===
[2026-07-18T15:24:01+00:00] Sheet rows: 11, month headers: 2
[2026-07-18T15:24:01+00:00] Columns: {"Тусюк":"B","Муха":"C","Козлянко":"D","Юрченков":"E"}
[2026-07-18T15:24:02+00:00] Tech users: {"57":"Тусюк","65":"Козлянко","67":"Муха","71":"Юрченков"}
[2026-07-18T15:24:02+00:00] Sync window: 2026-07-01 → 2026-09-30
[2026-07-18T15:24:02+00:00] Bookings from calendar: 2
[2026-07-18T15:24:03+00:00] Active deals: 169
[2026-07-18T15:24:03+00:00] Assignments: 2
[2026-07-18T15:24:03+00:00] Link colors: green=62, to-check=0
[2026-07-18T15:24:04+00:00] Cells updated: 2 (clear=0, write=2)
[2026-07-18T15:24:04+00:00] State saved
[2026-07-18T15:24:04+00:00] === end (2.78s) ===
[2026-07-18T15:26:01+00:00] === start ===
[2026-07-18T15:26:01+00:00] Sheet rows: 11, month headers: 2
[2026-07-18T15:26:01+00:00] Columns: {"Тусюк":"B","Муха":"C","Козлянко":"D","Юрченков":"E"}
[2026-07-18T15:26:02+00:00] Tech users: {"57":"Тусюк","65":"Козлянко","67":"Муха","71":"Юрченков"}
[2026-07-18T15:26:02+00:00] Sync window: 2026-07-01 → 2026-09-30
[2026-07-18T15:26:02+00:00] Bookings from calendar: 2
[2026-07-18T15:26:03+00:00] Active deals: 169
[2026-07-18T15:26:03+00:00] Assignments: 2
[2026-07-18T15:26:03+00:00] Link colors: green=62, to-check=0
[2026-07-18T15:26:03+00:00] Cells updated: 2 (clear=0, write=2)
[2026-07-18T15:26:03+00:00] State saved
[2026-07-18T15:26:03+00:00] === end (2.79s) ===
[2026-07-18T15:28:01+00:00] === start ===
[2026-07-18T15:28:02+00:00] Sheet rows: 11, month headers: 2
[2026-07-18T15:28:02+00:00] Columns: {"Тусюк":"B","Муха":"C","Козлянко":"D","Юрченков":"E"}
[2026-07-18T15:28:02+00:00] Tech users: {"57":"Тусюк","65":"Козлянко","67":"Муха","71":"Юрченков"}
[2026-07-18T15:28:02+00:00] Sync window: 2026-07-01 → 2026-09-30
[2026-07-18T15:28:03+00:00] Bookings from calendar: 2
[2026-07-18T15:28:04+00:00] Active deals: 169
[2026-07-18T15:28:04+00:00] Assignments: 2
[2026-07-18T15:28:04+00:00] Link colors: green=62, to-check=0
[2026-07-18T15:28:04+00:00] Cells updated: 2 (clear=0, write=2)
[2026-07-18T15:28:04+00:00] State saved
[2026-07-18T15:28:04+00:00] === end (2.86s) ===
[2026-07-18T15:30:01+00:00] === start ===
[2026-07-18T15:30:02+00:00] Sheet rows: 11, month headers: 2
[2026-07-18T15:30:02+00:00] Columns: {"Тусюк":"B","Муха":"C","Козлянко":"D","Юрченков":"E"}
[2026-07-18T15:30:03+00:00] Tech users: {"57":"Тусюк","65":"Козлянко","67":"Муха","71":"Юрченков"}
[2026-07-18T15:30:03+00:00] Sync window: 2026-07-01 → 2026-09-30
[2026-07-18T15:30:03+00:00] Bookings from calendar: 2
[2026-07-18T15:30:04+00:00] Active deals: 169
[2026-07-18T15:30:04+00:00] Assignments: 2
[2026-07-18T15:30:04+00:00] Link colors: green=62, to-check=0
[2026-07-18T15:30:04+00:00] Cells updated: 2 (clear=0, write=2)
[2026-07-18T15:30:04+00:00] State saved
[2026-07-18T15:30:04+00:00] === end (3s) ===
[2026-07-18T15:32:02+00:00] === start ===
[2026-07-18T15:32:02+00:00] Sheet rows: 11, month headers: 2
[2026-07-18T15:32:02+00:00] Columns: {"Тусюк":"B","Муха":"C","Козлянко":"D","Юрченков":"E"}
[2026-07-18T15:32:02+00:00] Tech users: {"57":"Тусюк","65":"Козлянко","67":"Муха","71":"Юрченков"}
[2026-07-18T15:32:02+00:00] Sync window: 2026-07-01 → 2026-09-30
[2026-07-18T15:32:03+00:00] Bookings from calendar: 2
[2026-07-18T15:32:04+00:00] Active deals: 169
[2026-07-18T15:32:04+00:00] Assignments: 2
[2026-07-18T15:32:04+00:00] Link colors: green=62, to-check=0
[2026-07-18T15:32:04+00:00] Cells updated: 2 (clear=0, write=2)
[2026-07-18T15:32:04+00:00] State saved
[2026-07-18T15:32:04+00:00] === end (2.89s) ===
[2026-07-18T15:34:02+00:00] === start ===
[2026-07-18T15:34:02+00:00] Sheet rows: 11, month headers: 2
[2026-07-18T15:34:02+00:00] Columns: {"Тусюк":"B","Муха":"C","Козлянко":"D","Юрченков":"E"}
[2026-07-18T15:34:02+00:00] Tech users: {"57":"Тусюк","65":"Козлянко","67":"Муха","71":"Юрченков"}
[2026-07-18T15:34:02+00:00] Sync window: 2026-07-01 → 2026-09-30
[2026-07-18T15:34:03+00:00] Bookings from calendar: 2
[2026-07-18T15:34:03+00:00] Active deals: 169
[2026-07-18T15:34:03+00:00] Assignments: 2
[2026-07-18T15:34:03+00:00] Link colors: green=62, to-check=0
[2026-07-18T15:34:04+00:00] Cells updated: 2 (clear=0, write=2)
[2026-07-18T15:34:04+00:00] State saved
[2026-07-18T15:34:04+00:00] === end (2.57s) ===
[2026-07-18T15:36:01+00:00] === start ===
[2026-07-18T15:36:02+00:00] Sheet rows: 11, month headers: 2
[2026-07-18T15:36:02+00:00] Columns: {"Тусюк":"B","Муха":"C","Козлянко":"D","Юрченков":"E"}
[2026-07-18T15:36:02+00:00] Tech users: {"57":"Тусюк","65":"Козлянко","67":"Муха","71":"Юрченков"}
[2026-07-18T15:36:02+00:00] Sync window: 2026-07-01 → 2026-09-30
[2026-07-18T15:36:03+00:00] Bookings from calendar: 2
[2026-07-18T15:36:03+00:00] Active deals: 169
[2026-07-18T15:36:03+00:00] Assignments: 2
[2026-07-18T15:36:03+00:00] Link colors: green=62, to-check=0
[2026-07-18T15:36:04+00:00] Cells updated: 2 (clear=0, write=2)
[2026-07-18T15:36:04+00:00] State saved
[2026-07-18T15:36:04+00:00] === end (2.62s) ===
[2026-07-18T15:38:01+00:00] === start ===
[2026-07-18T15:38:01+00:00] Sheet rows: 11, month headers: 2
[2026-07-18T15:38:02+00:00] Columns: {"Тусюк":"B","Муха":"C","Козлянко":"D","Юрченков":"E"}
[2026-07-18T15:38:02+00:00] Tech users: {"57":"Тусюк","65":"Козлянко","67":"Муха","71":"Юрченков"}
[2026-07-18T15:38:02+00:00] Sync window: 2026-07-01 → 2026-09-30
[2026-07-18T15:38:02+00:00] Bookings from calendar: 2
[2026-07-18T15:38:03+00:00] Active deals: 169
[2026-07-18T15:38:03+00:00] Assignments: 2
[2026-07-18T15:38:03+00:00] Link colors: green=62, to-check=0
[2026-07-18T15:38:04+00:00] Cells updated: 2 (clear=0, write=2)
[2026-07-18T15:38:04+00:00] State saved
[2026-07-18T15:38:04+00:00] === end (2.92s) ===
[2026-07-18T15:40:01+00:00] === start ===
[2026-07-18T15:40:01+00:00] Sheet rows: 11, month headers: 2
[2026-07-18T15:40:02+00:00] Columns: {"Тусюк":"B","Муха":"C","Козлянко":"D","Юрченков":"E"}
[2026-07-18T15:40:02+00:00] Tech users: {"57":"Тусюк","65":"Козлянко","67":"Муха","71":"Юрченков"}
[2026-07-18T15:40:02+00:00] Sync window: 2026-07-01 → 2026-09-30
[2026-07-18T15:40:02+00:00] Bookings from calendar: 2
[2026-07-18T15:40:03+00:00] Active deals: 169
[2026-07-18T15:40:03+00:00] Assignments: 2
[2026-07-18T15:40:03+00:00] Link colors: green=62, to-check=0
[2026-07-18T15:40:04+00:00] Cells updated: 2 (clear=0, write=2)
[2026-07-18T15:40:04+00:00] State saved
[2026-07-18T15:40:04+00:00] === end (2.74s) ===
[2026-07-18T15:42:01+00:00] === start ===
[2026-07-18T15:42:01+00:00] Sheet rows: 11, month headers: 2
[2026-07-18T15:42:02+00:00] Columns: {"Тусюк":"B","Муха":"C","Козлянко":"D","Юрченков":"E"}
[2026-07-18T15:42:02+00:00] Tech users: {"57":"Тусюк","65":"Козлянко","67":"Муха","71":"Юрченков"}
[2026-07-18T15:42:02+00:00] Sync window: 2026-07-01 → 2026-09-30
[2026-07-18T15:42:02+00:00] Bookings from calendar: 2
[2026-07-18T15:42:03+00:00] Active deals: 169
[2026-07-18T15:42:03+00:00] Assignments: 2
[2026-07-18T15:42:03+00:00] Link colors: green=62, to-check=0
[2026-07-18T15:42:04+00:00] Cells updated: 2 (clear=0, write=2)
[2026-07-18T15:42:04+00:00] State saved
[2026-07-18T15:42:04+00:00] === end (2.94s) ===
[2026-07-18T15:44:01+00:00] === start ===
[2026-07-18T15:44:01+00:00] Sheet rows: 11, month headers: 2
[2026-07-18T15:44:01+00:00] Columns: {"Тусюк":"B","Муха":"C","Козлянко":"D","Юрченков":"E"}
[2026-07-18T15:44:01+00:00] Tech users: {"57":"Тусюк","65":"Козлянко","67":"Муха","71":"Юрченков"}
[2026-07-18T15:44:01+00:00] Sync window: 2026-07-01 → 2026-09-30
[2026-07-18T15:44:02+00:00] Bookings from calendar: 2
[2026-07-18T15:44:03+00:00] Active deals: 169
[2026-07-18T15:44:03+00:00] Assignments: 2
[2026-07-18T15:44:03+00:00] Link colors: green=62, to-check=0
[2026-07-18T15:44:03+00:00] Cells updated: 2 (clear=0, write=2)
[2026-07-18T15:44:03+00:00] State saved
[2026-07-18T15:44:03+00:00] === end (2.65s) ===
[2026-07-18T15:46:01+00:00] === start ===
[2026-07-18T15:46:01+00:00] Sheet rows: 11, month headers: 2
[2026-07-18T15:46:01+00:00] Columns: {"Тусюк":"B","Муха":"C","Козлянко":"D","Юрченков":"E"}
[2026-07-18T15:46:02+00:00] Tech users: {"57":"Тусюк","65":"Козлянко","67":"Муха","71":"Юрченков"}
[2026-07-18T15:46:02+00:00] Sync window: 2026-07-01 → 2026-09-30
[2026-07-18T15:46:02+00:00] Bookings from calendar: 2
[2026-07-18T15:46:03+00:00] Active deals: 169
[2026-07-18T15:46:03+00:00] Assignments: 2
[2026-07-18T15:46:03+00:00] Link colors: green=62, to-check=0
[2026-07-18T15:46:04+00:00] Cells updated: 2 (clear=0, write=2)
[2026-07-18T15:46:04+00:00] State saved
[2026-07-18T15:46:04+00:00] === end (2.64s) ===
[2026-07-18T15:48:01+00:00] === start ===
[2026-07-18T15:48:01+00:00] Sheet rows: 11, month headers: 2
[2026-07-18T15:48:01+00:00] Columns: {"Тусюк":"B","Муха":"C","Козлянко":"D","Юрченков":"E"}
[2026-07-18T15:48:02+00:00] Tech users: {"57":"Тусюк","65":"Козлянко","67":"Муха","71":"Юрченков"}
[2026-07-18T15:48:02+00:00] Sync window: 2026-07-01 → 2026-09-30
[2026-07-18T15:48:02+00:00] Bookings from calendar: 2
[2026-07-18T15:48:03+00:00] Active deals: 169
[2026-07-18T15:48:03+00:00] Assignments: 2
[2026-07-18T15:48:03+00:00] Link colors: green=62, to-check=0
[2026-07-18T15:48:04+00:00] Cells updated: 2 (clear=0, write=2)
[2026-07-18T15:48:04+00:00] State saved
[2026-07-18T15:48:04+00:00] === end (3.02s) ===
[2026-07-18T15:50:01+00:00] === start ===
[2026-07-18T15:50:01+00:00] Sheet rows: 11, month headers: 2
[2026-07-18T15:50:01+00:00] Columns: {"Тусюк":"B","Муха":"C","Козлянко":"D","Юрченков":"E"}
[2026-07-18T15:50:01+00:00] Tech users: {"57":"Тусюк","65":"Козлянко","67":"Муха","71":"Юрченков"}
[2026-07-18T15:50:01+00:00] Sync window: 2026-07-01 → 2026-09-30
[2026-07-18T15:50:02+00:00] Bookings from calendar: 2
[2026-07-18T15:50:03+00:00] Active deals: 169
[2026-07-18T15:50:03+00:00] Assignments: 2
[2026-07-18T15:50:03+00:00] Link colors: green=62, to-check=0
[2026-07-18T15:50:03+00:00] Cells updated: 2 (clear=0, write=2)
[2026-07-18T15:50:03+00:00] State saved
[2026-07-18T15:50:03+00:00] === end (2.69s) ===
[2026-07-18T15:52:01+00:00] === start ===
[2026-07-18T15:52:02+00:00] Sheet rows: 11, month headers: 2
[2026-07-18T15:52:02+00:00] Columns: {"Тусюк":"B","Муха":"C","Козлянко":"D","Юрченков":"E"}
[2026-07-18T15:52:02+00:00] Tech users: {"57":"Тусюк","65":"Козлянко","67":"Муха","71":"Юрченков"}
[2026-07-18T15:52:02+00:00] Sync window: 2026-07-01 → 2026-09-30
[2026-07-18T15:52:03+00:00] Bookings from calendar: 2
[2026-07-18T15:52:03+00:00] Active deals: 169
[2026-07-18T15:52:03+00:00] Assignments: 2
[2026-07-18T15:52:03+00:00] Link colors: green=62, to-check=0
[2026-07-18T15:52:04+00:00] Cells updated: 2 (clear=0, write=2)
[2026-07-18T15:52:04+00:00] State saved
[2026-07-18T15:52:04+00:00] === end (2.85s) ===
[2026-07-18T15:54:01+00:00] === start ===
[2026-07-18T15:54:02+00:00] Sheet rows: 11, month headers: 2
[2026-07-18T15:54:02+00:00] Columns: {"Тусюк":"B","Муха":"C","Козлянко":"D","Юрченков":"E"}
[2026-07-18T15:54:02+00:00] Tech users: {"57":"Тусюк","65":"Козлянко","67":"Муха","71":"Юрченков"}
[2026-07-18T15:54:02+00:00] Sync window: 2026-07-01 → 2026-09-30
[2026-07-18T15:54:03+00:00] Bookings from calendar: 2
[2026-07-18T15:54:04+00:00] Active deals: 169
[2026-07-18T15:54:04+00:00] Assignments: 2
[2026-07-18T15:54:04+00:00] Link colors: green=62, to-check=0
[2026-07-18T15:54:04+00:00] Cells updated: 2 (clear=0, write=2)
[2026-07-18T15:54:04+00:00] State saved
[2026-07-18T15:54:04+00:00] === end (2.89s) ===
[2026-07-18T15:56:01+00:00] === start ===
[2026-07-18T15:56:02+00:00] Sheet rows: 11, month headers: 2
[2026-07-18T15:56:02+00:00] Columns: {"Тусюк":"B","Муха":"C","Козлянко":"D","Юрченков":"E"}
[2026-07-18T15:56:02+00:00] Tech users: {"57":"Тусюк","65":"Козлянко","67":"Муха","71":"Юрченков"}
[2026-07-18T15:56:02+00:00] Sync window: 2026-07-01 → 2026-09-30
[2026-07-18T15:56:03+00:00] Bookings from calendar: 2
[2026-07-18T15:56:04+00:00] Active deals: 169
[2026-07-18T15:56:04+00:00] Assignments: 2
[2026-07-18T15:56:04+00:00] Link colors: green=62, to-check=0
[2026-07-18T15:56:04+00:00] Cells updated: 2 (clear=0, write=2)
[2026-07-18T15:56:04+00:00] State saved
[2026-07-18T15:56:04+00:00] === end (3.11s) ===
[2026-07-18T15:58:02+00:00] === start ===
[2026-07-18T15:58:02+00:00] Sheet rows: 11, month headers: 2
[2026-07-18T15:58:02+00:00] Columns: {"Тусюк":"B","Муха":"C","Козлянко":"D","Юрченков":"E"}
[2026-07-18T15:58:02+00:00] Tech users: {"57":"Тусюк","65":"Козлянко","67":"Муха","71":"Юрченков"}
[2026-07-18T15:58:02+00:00] Sync window: 2026-07-01 → 2026-09-30
[2026-07-18T15:58:03+00:00] Bookings from calendar: 2
[2026-07-18T15:58:04+00:00] Active deals: 169
[2026-07-18T15:58:04+00:00] Assignments: 2
[2026-07-18T15:58:04+00:00] Link colors: green=62, to-check=0
[2026-07-18T15:58:04+00:00] Cells updated: 2 (clear=0, write=2)
[2026-07-18T15:58:04+00:00] State saved
[2026-07-18T15:58:04+00:00] === end (2.58s) ===
[2026-07-18T16:00:01+00:00] === start ===
[2026-07-18T16:00:02+00:00] Sheet rows: 11, month headers: 2
[2026-07-18T16:00:02+00:00] Columns: {"Тусюк":"B","Муха":"C","Козлянко":"D","Юрченков":"E"}
[2026-07-18T16:00:02+00:00] Tech users: {"57":"Тусюк","65":"Козлянко","67":"Муха","71":"Юрченков"}
[2026-07-18T16:00:02+00:00] Sync window: 2026-07-01 → 2026-09-30
[2026-07-18T16:00:03+00:00] Bookings from calendar: 2
[2026-07-18T16:00:04+00:00] Active deals: 169
[2026-07-18T16:00:04+00:00] Assignments: 2
[2026-07-18T16:00:04+00:00] Link colors: green=62, to-check=0
[2026-07-18T16:00:04+00:00] Cells updated: 2 (clear=0, write=2)
[2026-07-18T16:00:04+00:00] State saved
[2026-07-18T16:00:04+00:00] === end (2.99s) ===
[2026-07-18T16:02:01+00:00] === start ===
[2026-07-18T16:02:02+00:00] Sheet rows: 11, month headers: 2
[2026-07-18T16:02:02+00:00] Columns: {"Тусюк":"B","Муха":"C","Козлянко":"D","Юрченков":"E"}
[2026-07-18T16:02:02+00:00] Tech users: {"57":"Тусюк","65":"Козлянко","67":"Муха","71":"Юрченков"}
[2026-07-18T16:02:02+00:00] Sync window: 2026-07-01 → 2026-09-30
[2026-07-18T16:02:03+00:00] Bookings from calendar: 2
[2026-07-18T16:02:03+00:00] Active deals: 169
[2026-07-18T16:02:03+00:00] Assignments: 2
[2026-07-18T16:02:03+00:00] Link colors: green=62, to-check=0
[2026-07-18T16:02:04+00:00] Cells updated: 2 (clear=0, write=2)
[2026-07-18T16:02:04+00:00] State saved
[2026-07-18T16:02:04+00:00] === end (2.71s) ===
[2026-07-18T16:04:01+00:00] === start ===
[2026-07-18T16:04:01+00:00] Sheet rows: 11, month headers: 2
[2026-07-18T16:04:02+00:00] Columns: {"Тусюк":"B","Муха":"C","Козлянко":"D","Юрченков":"E"}
[2026-07-18T16:04:02+00:00] Tech users: {"57":"Тусюк","65":"Козлянко","67":"Муха","71":"Юрченков"}
[2026-07-18T16:04:02+00:00] Sync window: 2026-07-01 → 2026-09-30
[2026-07-18T16:04:03+00:00] Bookings from calendar: 2
[2026-07-18T16:04:03+00:00] Active deals: 169
[2026-07-18T16:04:03+00:00] Assignments: 2
[2026-07-18T16:04:03+00:00] Link colors: green=62, to-check=0
[2026-07-18T16:04:04+00:00] Cells updated: 2 (clear=0, write=2)
[2026-07-18T16:04:04+00:00] State saved
[2026-07-18T16:04:04+00:00] === end (2.81s) ===
[2026-07-18T16:06:01+00:00] === start ===
[2026-07-18T16:06:01+00:00] Sheet rows: 11, month headers: 2
[2026-07-18T16:06:02+00:00] Columns: {"Тусюк":"B","Муха":"C","Козлянко":"D","Юрченков":"E"}
[2026-07-18T16:06:02+00:00] Tech users: {"57":"Тусюк","65":"Козлянко","67":"Муха","71":"Юрченков"}
[2026-07-18T16:06:02+00:00] Sync window: 2026-07-01 → 2026-09-30
[2026-07-18T16:06:03+00:00] Bookings from calendar: 2
[2026-07-18T16:06:03+00:00] Active deals: 169
[2026-07-18T16:06:03+00:00] Assignments: 2
[2026-07-18T16:06:03+00:00] Link colors: green=62, to-check=0
[2026-07-18T16:06:04+00:00] Cells updated: 2 (clear=0, write=2)
[2026-07-18T16:06:04+00:00] State saved
[2026-07-18T16:06:04+00:00] === end (3.08s) ===
[2026-07-18T16:08:01+00:00] === start ===
[2026-07-18T16:08:02+00:00] Sheet rows: 11, month headers: 2
[2026-07-18T16:08:02+00:00] Columns: {"Тусюк":"B","Муха":"C","Козлянко":"D","Юрченков":"E"}
[2026-07-18T16:08:02+00:00] Tech users: {"57":"Тусюк","65":"Козлянко","67":"Муха","71":"Юрченков"}
[2026-07-18T16:08:02+00:00] Sync window: 2026-07-01 → 2026-09-30
[2026-07-18T16:08:03+00:00] Bookings from calendar: 2
[2026-07-18T16:08:04+00:00] Active deals: 169
[2026-07-18T16:08:04+00:00] Assignments: 2
[2026-07-18T16:08:04+00:00] Link colors: green=62, to-check=0
[2026-07-18T16:08:04+00:00] Cells updated: 2 (clear=0, write=2)
[2026-07-18T16:08:04+00:00] State saved
[2026-07-18T16:08:04+00:00] === end (3.08s) ===
[2026-07-18T16:10:01+00:00] === start ===
[2026-07-18T16:10:02+00:00] Sheet rows: 11, month headers: 2
[2026-07-18T16:10:02+00:00] Columns: {"Тусюк":"B","Муха":"C","Козлянко":"D","Юрченков":"E"}
[2026-07-18T16:10:02+00:00] Tech users: {"57":"Тусюк","65":"Козлянко","67":"Муха","71":"Юрченков"}
[2026-07-18T16:10:02+00:00] Sync window: 2026-07-01 → 2026-09-30
[2026-07-18T16:10:03+00:00] Bookings from calendar: 2
[2026-07-18T16:10:04+00:00] Active deals: 169
[2026-07-18T16:10:04+00:00] Assignments: 2
[2026-07-18T16:10:04+00:00] Link colors: green=62, to-check=0
[2026-07-18T16:10:04+00:00] Cells updated: 2 (clear=0, write=2)
[2026-07-18T16:10:04+00:00] State saved
[2026-07-18T16:10:04+00:00] === end (3.17s) ===
[2026-07-18T16:12:01+00:00] === start ===
[2026-07-18T16:12:02+00:00] Sheet rows: 11, month headers: 2
[2026-07-18T16:12:02+00:00] Columns: {"Тусюк":"B","Муха":"C","Козлянко":"D","Юрченков":"E"}
[2026-07-18T16:12:02+00:00] Tech users: {"57":"Тусюк","65":"Козлянко","67":"Муха","71":"Юрченков"}
[2026-07-18T16:12:02+00:00] Sync window: 2026-07-01 → 2026-09-30
[2026-07-18T16:12:03+00:00] Bookings from calendar: 2
[2026-07-18T16:12:04+00:00] Active deals: 169
[2026-07-18T16:12:04+00:00] Assignments: 2
[2026-07-18T16:12:04+00:00] Link colors: green=62, to-check=0
[2026-07-18T16:12:04+00:00] Cells updated: 2 (clear=0, write=2)
[2026-07-18T16:12:04+00:00] State saved
[2026-07-18T16:12:04+00:00] === end (2.89s) ===
[2026-07-18T16:14:01+00:00] === start ===
[2026-07-18T16:14:02+00:00] Sheet rows: 11, month headers: 2
[2026-07-18T16:14:02+00:00] Columns: {"Тусюк":"B","Муха":"C","Козлянко":"D","Юрченков":"E"}
[2026-07-18T16:14:02+00:00] Tech users: {"57":"Тусюк","65":"Козлянко","67":"Муха","71":"Юрченков"}
[2026-07-18T16:14:02+00:00] Sync window: 2026-07-01 → 2026-09-30
[2026-07-18T16:14:03+00:00] Bookings from calendar: 2
[2026-07-18T16:14:03+00:00] Active deals: 169
[2026-07-18T16:14:03+00:00] Assignments: 2
[2026-07-18T16:14:03+00:00] Link colors: green=62, to-check=0
[2026-07-18T16:14:04+00:00] Cells updated: 2 (clear=0, write=2)
[2026-07-18T16:14:04+00:00] State saved
[2026-07-18T16:14:04+00:00] === end (2.66s) ===
[2026-07-18T16:16:01+00:00] === start ===
[2026-07-18T16:16:01+00:00] Sheet rows: 11, month headers: 2
[2026-07-18T16:16:01+00:00] Columns: {"Тусюк":"B","Муха":"C","Козлянко":"D","Юрченков":"E"}
[2026-07-18T16:16:01+00:00] Tech users: {"57":"Тусюк","65":"Козлянко","67":"Муха","71":"Юрченков"}
[2026-07-18T16:16:01+00:00] Sync window: 2026-07-01 → 2026-09-30
[2026-07-18T16:16:02+00:00] Bookings from calendar: 2
[2026-07-18T16:16:03+00:00] Active deals: 169
[2026-07-18T16:16:03+00:00] Assignments: 2
[2026-07-18T16:16:03+00:00] Link colors: green=62, to-check=0
[2026-07-18T16:16:03+00:00] Cells updated: 2 (clear=0, write=2)
[2026-07-18T16:16:03+00:00] State saved
[2026-07-18T16:16:03+00:00] === end (2.72s) ===
[2026-07-18T16:18:01+00:00] === start ===
[2026-07-18T16:18:02+00:00] Sheet rows: 11, month headers: 2
[2026-07-18T16:18:02+00:00] Columns: {"Тусюк":"B","Муха":"C","Козлянко":"D","Юрченков":"E"}
[2026-07-18T16:18:02+00:00] Tech users: {"57":"Тусюк","65":"Козлянко","67":"Муха","71":"Юрченков"}
[2026-07-18T16:18:02+00:00] Sync window: 2026-07-01 → 2026-09-30
[2026-07-18T16:18:03+00:00] Bookings from calendar: 2
[2026-07-18T16:18:04+00:00] Active deals: 169
[2026-07-18T16:18:04+00:00] Assignments: 2
[2026-07-18T16:18:04+00:00] Link colors: green=62, to-check=0
[2026-07-18T16:18:04+00:00] Cells updated: 2 (clear=0, write=2)
[2026-07-18T16:18:04+00:00] State saved
[2026-07-18T16:18:04+00:00] === end (2.76s) ===
[2026-07-18T16:20:01+00:00] === start ===
[2026-07-18T16:20:02+00:00] Sheet rows: 11, month headers: 2
[2026-07-18T16:20:02+00:00] Columns: {"Тусюк":"B","Муха":"C","Козлянко":"D","Юрченков":"E"}
[2026-07-18T16:20:03+00:00] Tech users: {"57":"Тусюк","65":"Козлянко","67":"Муха","71":"Юрченков"}
[2026-07-18T16:20:03+00:00] Sync window: 2026-07-01 → 2026-09-30
[2026-07-18T16:20:03+00:00] Bookings from calendar: 2
[2026-07-18T16:20:04+00:00] Active deals: 169
[2026-07-18T16:20:04+00:00] Assignments: 2
[2026-07-18T16:20:04+00:00] Link colors: green=62, to-check=0
[2026-07-18T16:20:04+00:00] Cells updated: 2 (clear=0, write=2)
[2026-07-18T16:20:04+00:00] State saved
[2026-07-18T16:20:04+00:00] === end (3.16s) ===
[2026-07-18T16:22:02+00:00] === start ===
[2026-07-18T16:22:02+00:00] Sheet rows: 11, month headers: 2
[2026-07-18T16:22:02+00:00] Columns: {"Тусюк":"B","Муха":"C","Козлянко":"D","Юрченков":"E"}
[2026-07-18T16:22:02+00:00] Tech users: {"57":"Тусюк","65":"Козлянко","67":"Муха","71":"Юрченков"}
[2026-07-18T16:22:02+00:00] Sync window: 2026-07-01 → 2026-09-30
[2026-07-18T16:22:03+00:00] Bookings from calendar: 2
[2026-07-18T16:22:04+00:00] Active deals: 169
[2026-07-18T16:22:04+00:00] Assignments: 2
[2026-07-18T16:22:04+00:00] Link colors: green=62, to-check=0
[2026-07-18T16:22:04+00:00] Cells updated: 2 (clear=0, write=2)
[2026-07-18T16:22:04+00:00] State saved
[2026-07-18T16:22:04+00:00] === end (2.87s) ===
[2026-07-18T16:24:01+00:00] === start ===
[2026-07-18T16:24:02+00:00] Sheet rows: 11, month headers: 2
[2026-07-18T16:24:02+00:00] Columns: {"Тусюк":"B","Муха":"C","Козлянко":"D","Юрченков":"E"}
[2026-07-18T16:24:02+00:00] Tech users: {"57":"Тусюк","65":"Козлянко","67":"Муха","71":"Юрченков"}
[2026-07-18T16:24:02+00:00] Sync window: 2026-07-01 → 2026-09-30
[2026-07-18T16:24:03+00:00] Bookings from calendar: 2
[2026-07-18T16:24:04+00:00] Active deals: 169
[2026-07-18T16:24:04+00:00] Assignments: 2
[2026-07-18T16:24:04+00:00] Link colors: green=62, to-check=0
[2026-07-18T16:24:04+00:00] Cells updated: 2 (clear=0, write=2)
[2026-07-18T16:24:04+00:00] State saved
[2026-07-18T16:24:04+00:00] === end (3.03s) ===
[2026-07-18T16:26:02+00:00] === start ===
[2026-07-18T16:26:02+00:00] Sheet rows: 11, month headers: 2
[2026-07-18T16:26:02+00:00] Columns: {"Тусюк":"B","Муха":"C","Козлянко":"D","Юрченков":"E"}
[2026-07-18T16:26:02+00:00] Tech users: {"57":"Тусюк","65":"Козлянко","67":"Муха","71":"Юрченков"}
[2026-07-18T16:26:02+00:00] Sync window: 2026-07-01 → 2026-09-30
[2026-07-18T16:26:03+00:00] Bookings from calendar: 2
[2026-07-18T16:26:04+00:00] Active deals: 169
[2026-07-18T16:26:04+00:00] Assignments: 2
[2026-07-18T16:26:04+00:00] Link colors: green=62, to-check=0
[2026-07-18T16:26:05+00:00] Cells updated: 2 (clear=0, write=2)
[2026-07-18T16:26:05+00:00] State saved
[2026-07-18T16:26:05+00:00] === end (3.12s) ===
[2026-07-18T16:28:01+00:00] === start ===
[2026-07-18T16:28:01+00:00] Sheet rows: 11, month headers: 2
[2026-07-18T16:28:01+00:00] Columns: {"Тусюк":"B","Муха":"C","Козлянко":"D","Юрченков":"E"}
[2026-07-18T16:28:02+00:00] Tech users: {"57":"Тусюк","65":"Козлянко","67":"Муха","71":"Юрченков"}
[2026-07-18T16:28:02+00:00] Sync window: 2026-07-01 → 2026-09-30
[2026-07-18T16:28:02+00:00] Bookings from calendar: 2
[2026-07-18T16:28:03+00:00] Active deals: 169
[2026-07-18T16:28:03+00:00] Assignments: 2
[2026-07-18T16:28:03+00:00] Link colors: green=62, to-check=0
[2026-07-18T16:28:04+00:00] Cells updated: 2 (clear=0, write=2)
[2026-07-18T16:28:04+00:00] State saved
[2026-07-18T16:28:04+00:00] === end (2.92s) ===
[2026-07-18T16:30:01+00:00] === start ===
[2026-07-18T16:30:01+00:00] Sheet rows: 11, month headers: 2
[2026-07-18T16:30:01+00:00] Columns: {"Тусюк":"B","Муха":"C","Козлянко":"D","Юрченков":"E"}
[2026-07-18T16:30:02+00:00] Tech users: {"57":"Тусюк","65":"Козлянко","67":"Муха","71":"Юрченков"}
[2026-07-18T16:30:02+00:00] Sync window: 2026-07-01 → 2026-09-30
[2026-07-18T16:30:02+00:00] Bookings from calendar: 2
[2026-07-18T16:30:03+00:00] Active deals: 169
[2026-07-18T16:30:03+00:00] Assignments: 2
[2026-07-18T16:30:03+00:00] Link colors: green=62, to-check=0
[2026-07-18T16:30:03+00:00] Cells updated: 2 (clear=0, write=2)
[2026-07-18T16:30:03+00:00] State saved
[2026-07-18T16:30:03+00:00] === end (2.74s) ===
[2026-07-18T16:32:02+00:00] === start ===
[2026-07-18T16:32:02+00:00] Sheet rows: 11, month headers: 2
[2026-07-18T16:32:02+00:00] Columns: {"Тусюк":"B","Муха":"C","Козлянко":"D","Юрченков":"E"}
[2026-07-18T16:32:02+00:00] Tech users: {"57":"Тусюк","65":"Козлянко","67":"Муха","71":"Юрченков"}
[2026-07-18T16:32:02+00:00] Sync window: 2026-07-01 → 2026-09-30
[2026-07-18T16:32:03+00:00] Bookings from calendar: 2
[2026-07-18T16:32:04+00:00] Active deals: 169
[2026-07-18T16:32:04+00:00] Assignments: 2
[2026-07-18T16:32:04+00:00] Link colors: green=62, to-check=0
[2026-07-18T16:32:04+00:00] Cells updated: 2 (clear=0, write=2)
[2026-07-18T16:32:04+00:00] State saved
[2026-07-18T16:32:04+00:00] === end (2.91s) ===
[2026-07-18T16:34:02+00:00] === start ===
[2026-07-18T16:34:02+00:00] Sheet rows: 11, month headers: 2
[2026-07-18T16:34:02+00:00] Columns: {"Тусюк":"B","Муха":"C","Козлянко":"D","Юрченков":"E"}
[2026-07-18T16:34:02+00:00] Tech users: {"57":"Тусюк","65":"Козлянко","67":"Муха","71":"Юрченков"}
[2026-07-18T16:34:02+00:00] Sync window: 2026-07-01 → 2026-09-30
[2026-07-18T16:34:03+00:00] Bookings from calendar: 2
[2026-07-18T16:34:03+00:00] Active deals: 169
[2026-07-18T16:34:03+00:00] Assignments: 2
[2026-07-18T16:34:03+00:00] Link colors: green=62, to-check=0
[2026-07-18T16:34:04+00:00] Cells updated: 2 (clear=0, write=2)
[2026-07-18T16:34:04+00:00] State saved
[2026-07-18T16:34:04+00:00] === end (2.57s) ===
[2026-07-18T16:36:01+00:00] === start ===
[2026-07-18T16:36:02+00:00] Sheet rows: 11, month headers: 2
[2026-07-18T16:36:02+00:00] Columns: {"Тусюк":"B","Муха":"C","Козлянко":"D","Юрченков":"E"}
[2026-07-18T16:36:02+00:00] Tech users: {"57":"Тусюк","65":"Козлянко","67":"Муха","71":"Юрченков"}
[2026-07-18T16:36:02+00:00] Sync window: 2026-07-01 → 2026-09-30
[2026-07-18T16:36:03+00:00] Bookings from calendar: 2
[2026-07-18T16:36:04+00:00] Active deals: 169
[2026-07-18T16:36:04+00:00] Assignments: 2
[2026-07-18T16:36:04+00:00] Link colors: green=62, to-check=0
[2026-07-18T16:36:04+00:00] Cells updated: 2 (clear=0, write=2)
[2026-07-18T16:36:04+00:00] State saved
[2026-07-18T16:36:04+00:00] === end (3.07s) ===
[2026-07-18T16:38:01+00:00] === start ===
[2026-07-18T16:38:02+00:00] Sheet rows: 11, month headers: 2
[2026-07-18T16:38:02+00:00] Columns: {"Тусюк":"B","Муха":"C","Козлянко":"D","Юрченков":"E"}
[2026-07-18T16:38:02+00:00] Tech users: {"57":"Тусюк","65":"Козлянко","67":"Муха","71":"Юрченков"}
[2026-07-18T16:38:02+00:00] Sync window: 2026-07-01 → 2026-09-30
[2026-07-18T16:38:03+00:00] Bookings from calendar: 2
[2026-07-18T16:38:04+00:00] Active deals: 169
[2026-07-18T16:38:04+00:00] Assignments: 2
[2026-07-18T16:38:04+00:00] Link colors: green=62, to-check=0
[2026-07-18T16:38:04+00:00] Cells updated: 2 (clear=0, write=2)
[2026-07-18T16:38:04+00:00] State saved
[2026-07-18T16:38:04+00:00] === end (2.91s) ===
[2026-07-18T16:40:01+00:00] === start ===
[2026-07-18T16:40:02+00:00] Sheet rows: 11, month headers: 2
[2026-07-18T16:40:02+00:00] Columns: {"Тусюк":"B","Муха":"C","Козлянко":"D","Юрченков":"E"}
[2026-07-18T16:40:02+00:00] Tech users: {"57":"Тусюк","65":"Козлянко","67":"Муха","71":"Юрченков"}
[2026-07-18T16:40:02+00:00] Sync window: 2026-07-01 → 2026-09-30
[2026-07-18T16:40:03+00:00] Bookings from calendar: 2
[2026-07-18T16:40:03+00:00] Active deals: 169
[2026-07-18T16:40:03+00:00] Assignments: 2
[2026-07-18T16:40:03+00:00] Link colors: green=62, to-check=0
[2026-07-18T16:40:04+00:00] Cells updated: 2 (clear=0, write=2)
[2026-07-18T16:40:04+00:00] State saved
[2026-07-18T16:40:04+00:00] === end (2.9s) ===
[2026-07-18T16:42:01+00:00] === start ===
[2026-07-18T16:42:02+00:00] Sheet rows: 11, month headers: 2
[2026-07-18T16:42:02+00:00] Columns: {"Тусюк":"B","Муха":"C","Козлянко":"D","Юрченков":"E"}
[2026-07-18T16:42:02+00:00] Tech users: {"57":"Тусюк","65":"Козлянко","67":"Муха","71":"Юрченков"}
[2026-07-18T16:42:02+00:00] Sync window: 2026-07-01 → 2026-09-30
[2026-07-18T16:42:03+00:00] Bookings from calendar: 2
[2026-07-18T16:42:03+00:00] Active deals: 169
[2026-07-18T16:42:03+00:00] Assignments: 2
[2026-07-18T16:42:03+00:00] Link colors: green=62, to-check=0
[2026-07-18T16:42:04+00:00] Cells updated: 2 (clear=0, write=2)
[2026-07-18T16:42:04+00:00] State saved
[2026-07-18T16:42:04+00:00] === end (2.86s) ===
[2026-07-18T16:44:01+00:00] === start ===
[2026-07-18T16:44:02+00:00] Sheet rows: 11, month headers: 2
[2026-07-18T16:44:02+00:00] Columns: {"Тусюк":"B","Муха":"C","Козлянко":"D","Юрченков":"E"}
[2026-07-18T16:44:02+00:00] Tech users: {"57":"Тусюк","65":"Козлянко","67":"Муха","71":"Юрченков"}
[2026-07-18T16:44:02+00:00] Sync window: 2026-07-01 → 2026-09-30
[2026-07-18T16:44:03+00:00] Bookings from calendar: 2
[2026-07-18T16:44:03+00:00] Active deals: 169
[2026-07-18T16:44:03+00:00] Assignments: 2
[2026-07-18T16:44:03+00:00] Link colors: green=62, to-check=0
[2026-07-18T16:44:04+00:00] Cells updated: 2 (clear=0, write=2)
[2026-07-18T16:44:04+00:00] State saved
[2026-07-18T16:44:04+00:00] === end (2.64s) ===
[2026-07-18T16:46:02+00:00] === start ===
[2026-07-18T16:46:02+00:00] Sheet rows: 11, month headers: 2
[2026-07-18T16:46:02+00:00] Columns: {"Тусюк":"B","Муха":"C","Козлянко":"D","Юрченков":"E"}
[2026-07-18T16:46:02+00:00] Tech users: {"57":"Тусюк","65":"Козлянко","67":"Муха","71":"Юрченков"}
[2026-07-18T16:46:02+00:00] Sync window: 2026-07-01 → 2026-09-30
[2026-07-18T16:46:03+00:00] Bookings from calendar: 2
[2026-07-18T16:46:04+00:00] Active deals: 169
[2026-07-18T16:46:04+00:00] Assignments: 2
[2026-07-18T16:46:04+00:00] Link colors: green=62, to-check=0
[2026-07-18T16:46:05+00:00] Cells updated: 2 (clear=0, write=2)
[2026-07-18T16:46:05+00:00] State saved
[2026-07-18T16:46:05+00:00] === end (3.3s) ===
[2026-07-18T16:48:01+00:00] === start ===
[2026-07-18T16:48:01+00:00] Sheet rows: 11, month headers: 2
[2026-07-18T16:48:02+00:00] Columns: {"Тусюк":"B","Муха":"C","Козлянко":"D","Юрченков":"E"}
[2026-07-18T16:48:02+00:00] Tech users: {"57":"Тусюк","65":"Козлянко","67":"Муха","71":"Юрченков"}
[2026-07-18T16:48:02+00:00] Sync window: 2026-07-01 → 2026-09-30
[2026-07-18T16:48:02+00:00] Bookings from calendar: 2
[2026-07-18T16:48:03+00:00] Active deals: 169
[2026-07-18T16:48:03+00:00] Assignments: 2
[2026-07-18T16:48:03+00:00] Link colors: green=62, to-check=0
[2026-07-18T16:48:04+00:00] Cells updated: 2 (clear=0, write=2)
[2026-07-18T16:48:04+00:00] State saved
[2026-07-18T16:48:04+00:00] === end (2.92s) ===
[2026-07-18T16:50:01+00:00] === start ===
[2026-07-18T16:50:02+00:00] Sheet rows: 11, month headers: 2
[2026-07-18T16:50:02+00:00] Columns: {"Тусюк":"B","Муха":"C","Козлянко":"D","Юрченков":"E"}
[2026-07-18T16:50:02+00:00] Tech users: {"57":"Тусюк","65":"Козлянко","67":"Муха","71":"Юрченков"}
[2026-07-18T16:50:02+00:00] Sync window: 2026-07-01 → 2026-09-30
[2026-07-18T16:50:03+00:00] Bookings from calendar: 2
[2026-07-18T16:50:04+00:00] Active deals: 169
[2026-07-18T16:50:04+00:00] Assignments: 2
[2026-07-18T16:50:04+00:00] Link colors: green=62, to-check=0
[2026-07-18T16:50:04+00:00] Cells updated: 2 (clear=0, write=2)
[2026-07-18T16:50:04+00:00] State saved
[2026-07-18T16:50:04+00:00] === end (3.37s) ===
[2026-07-18T16:52:01+00:00] === start ===
[2026-07-18T16:52:02+00:00] Sheet rows: 11, month headers: 2
[2026-07-18T16:52:02+00:00] Columns: {"Тусюк":"B","Муха":"C","Козлянко":"D","Юрченков":"E"}
[2026-07-18T16:52:02+00:00] Tech users: {"57":"Тусюк","65":"Козлянко","67":"Муха","71":"Юрченков"}
[2026-07-18T16:52:02+00:00] Sync window: 2026-07-01 → 2026-09-30
[2026-07-18T16:52:03+00:00] Bookings from calendar: 2
[2026-07-18T16:52:03+00:00] Active deals: 169
[2026-07-18T16:52:03+00:00] Assignments: 2
[2026-07-18T16:52:03+00:00] Link colors: green=62, to-check=0
[2026-07-18T16:52:04+00:00] Cells updated: 2 (clear=0, write=2)
[2026-07-18T16:52:04+00:00] State saved
[2026-07-18T16:52:04+00:00] === end (2.51s) ===
[2026-07-18T16:54:01+00:00] === start ===
[2026-07-18T16:54:01+00:00] Sheet rows: 11, month headers: 2
[2026-07-18T16:54:02+00:00] Columns: {"Тусюк":"B","Муха":"C","Козлянко":"D","Юрченков":"E"}
[2026-07-18T16:54:02+00:00] Tech users: {"57":"Тусюк","65":"Козлянко","67":"Муха","71":"Юрченков"}
[2026-07-18T16:54:02+00:00] Sync window: 2026-07-01 → 2026-09-30
[2026-07-18T16:54:02+00:00] Bookings from calendar: 2
[2026-07-18T16:54:03+00:00] Active deals: 169
[2026-07-18T16:54:03+00:00] Assignments: 2
[2026-07-18T16:54:03+00:00] Link colors: green=62, to-check=0
[2026-07-18T16:54:04+00:00] Cells updated: 2 (clear=0, write=2)
[2026-07-18T16:54:04+00:00] State saved
[2026-07-18T16:54:04+00:00] === end (2.82s) ===
[2026-07-18T16:56:01+00:00] === start ===
[2026-07-18T16:56:01+00:00] Sheet rows: 11, month headers: 2
[2026-07-18T16:56:02+00:00] Columns: {"Тусюк":"B","Муха":"C","Козлянко":"D","Юрченков":"E"}
[2026-07-18T16:56:02+00:00] Tech users: {"57":"Тусюк","65":"Козлянко","67":"Муха","71":"Юрченков"}
[2026-07-18T16:56:02+00:00] Sync window: 2026-07-01 → 2026-09-30
[2026-07-18T16:56:02+00:00] Bookings from calendar: 2
[2026-07-18T16:56:03+00:00] Active deals: 169
[2026-07-18T16:56:03+00:00] Assignments: 2
[2026-07-18T16:56:03+00:00] Link colors: green=62, to-check=0
[2026-07-18T16:56:04+00:00] Cells updated: 2 (clear=0, write=2)
[2026-07-18T16:56:04+00:00] State saved
[2026-07-18T16:56:04+00:00] === end (2.95s) ===
[2026-07-18T16:58:01+00:00] === start ===
[2026-07-18T16:58:01+00:00] Sheet rows: 11, month headers: 2
[2026-07-18T16:58:01+00:00] Columns: {"Тусюк":"B","Муха":"C","Козлянко":"D","Юрченков":"E"}
[2026-07-18T16:58:02+00:00] Tech users: {"57":"Тусюк","65":"Козлянко","67":"Муха","71":"Юрченков"}
[2026-07-18T16:58:02+00:00] Sync window: 2026-07-01 → 2026-09-30
[2026-07-18T16:58:02+00:00] Bookings from calendar: 2
[2026-07-18T16:58:03+00:00] Active deals: 169
[2026-07-18T16:58:03+00:00] Assignments: 2
[2026-07-18T16:58:03+00:00] Link colors: green=62, to-check=0
[2026-07-18T16:58:03+00:00] Cells updated: 2 (clear=0, write=2)
[2026-07-18T16:58:03+00:00] State saved
[2026-07-18T16:58:03+00:00] === end (2.64s) ===
[2026-07-18T17:00:02+00:00] === start ===
[2026-07-18T17:00:02+00:00] Sheet rows: 11, month headers: 2
[2026-07-18T17:00:02+00:00] Columns: {"Тусюк":"B","Муха":"C","Козлянко":"D","Юрченков":"E"}
[2026-07-18T17:00:02+00:00] Tech users: {"57":"Тусюк","65":"Козлянко","67":"Муха","71":"Юрченков"}
[2026-07-18T17:00:02+00:00] Sync window: 2026-07-01 → 2026-09-30
[2026-07-18T17:00:03+00:00] Bookings from calendar: 2
[2026-07-18T17:00:04+00:00] Active deals: 169
[2026-07-18T17:00:04+00:00] Assignments: 2
[2026-07-18T17:00:04+00:00] Link colors: green=62, to-check=0
[2026-07-18T17:00:05+00:00] Cells updated: 2 (clear=0, write=2)
[2026-07-18T17:00:05+00:00] State saved
[2026-07-18T17:00:05+00:00] === end (2.98s) ===
[2026-07-18T17:02:01+00:00] === start ===
[2026-07-18T17:02:01+00:00] Sheet rows: 11, month headers: 2
[2026-07-18T17:02:01+00:00] Columns: {"Тусюк":"B","Муха":"C","Козлянко":"D","Юрченков":"E"}
[2026-07-18T17:02:01+00:00] Tech users: {"57":"Тусюк","65":"Козлянко","67":"Муха","71":"Юрченков"}
[2026-07-18T17:02:01+00:00] Sync window: 2026-07-01 → 2026-09-30
[2026-07-18T17:02:02+00:00] Bookings from calendar: 2
[2026-07-18T17:02:03+00:00] Active deals: 169
[2026-07-18T17:02:03+00:00] Assignments: 2
[2026-07-18T17:02:03+00:00] Link colors: green=62, to-check=0
[2026-07-18T17:02:03+00:00] Cells updated: 2 (clear=0, write=2)
[2026-07-18T17:02:03+00:00] State saved
[2026-07-18T17:02:03+00:00] === end (2.82s) ===
[2026-07-18T17:04:02+00:00] === start ===
[2026-07-18T17:04:02+00:00] Sheet rows: 11, month headers: 2
[2026-07-18T17:04:02+00:00] Columns: {"Тусюк":"B","Муха":"C","Козлянко":"D","Юрченков":"E"}
[2026-07-18T17:04:02+00:00] Tech users: {"57":"Тусюк","65":"Козлянко","67":"Муха","71":"Юрченков"}
[2026-07-18T17:04:02+00:00] Sync window: 2026-07-01 → 2026-09-30
[2026-07-18T17:04:03+00:00] Bookings from calendar: 2
[2026-07-18T17:04:04+00:00] Active deals: 169
[2026-07-18T17:04:04+00:00] Assignments: 2
[2026-07-18T17:04:04+00:00] Link colors: green=62, to-check=0
[2026-07-18T17:04:04+00:00] Cells updated: 2 (clear=0, write=2)
[2026-07-18T17:04:04+00:00] State saved
[2026-07-18T17:04:04+00:00] === end (2.68s) ===
[2026-07-18T17:06:01+00:00] === start ===
[2026-07-18T17:06:02+00:00] Sheet rows: 11, month headers: 2
[2026-07-18T17:06:02+00:00] Columns: {"Тусюк":"B","Муха":"C","Козлянко":"D","Юрченков":"E"}
[2026-07-18T17:06:02+00:00] Tech users: {"57":"Тусюк","65":"Козлянко","67":"Муха","71":"Юрченков"}
[2026-07-18T17:06:02+00:00] Sync window: 2026-07-01 → 2026-09-30
[2026-07-18T17:06:03+00:00] Bookings from calendar: 2
[2026-07-18T17:06:04+00:00] Active deals: 169
[2026-07-18T17:06:04+00:00] Assignments: 2
[2026-07-18T17:06:04+00:00] Link colors: green=62, to-check=0
[2026-07-18T17:06:04+00:00] Cells updated: 2 (clear=0, write=2)
[2026-07-18T17:06:04+00:00] State saved
[2026-07-18T17:06:04+00:00] === end (3.17s) ===
[2026-07-18T17:08:01+00:00] === start ===
[2026-07-18T17:08:02+00:00] Sheet rows: 11, month headers: 2
[2026-07-18T17:08:02+00:00] Columns: {"Тусюк":"B","Муха":"C","Козлянко":"D","Юрченков":"E"}
[2026-07-18T17:08:02+00:00] Tech users: {"57":"Тусюк","65":"Козлянко","67":"Муха","71":"Юрченков"}
[2026-07-18T17:08:02+00:00] Sync window: 2026-07-01 → 2026-09-30
[2026-07-18T17:08:03+00:00] Bookings from calendar: 2
[2026-07-18T17:08:04+00:00] Active deals: 169
[2026-07-18T17:08:04+00:00] Assignments: 2
[2026-07-18T17:08:04+00:00] Link colors: green=62, to-check=0
[2026-07-18T17:08:04+00:00] Cells updated: 2 (clear=0, write=2)
[2026-07-18T17:08:04+00:00] State saved
[2026-07-18T17:08:04+00:00] === end (2.78s) ===
[2026-07-18T17:10:01+00:00] === start ===
[2026-07-18T17:10:02+00:00] Sheet rows: 11, month headers: 2
[2026-07-18T17:10:02+00:00] Columns: {"Тусюк":"B","Муха":"C","Козлянко":"D","Юрченков":"E"}
[2026-07-18T17:10:02+00:00] Tech users: {"57":"Тусюк","65":"Козлянко","67":"Муха","71":"Юрченков"}
[2026-07-18T17:10:02+00:00] Sync window: 2026-07-01 → 2026-09-30
[2026-07-18T17:10:03+00:00] Bookings from calendar: 2
[2026-07-18T17:10:03+00:00] Active deals: 169
[2026-07-18T17:10:03+00:00] Assignments: 2
[2026-07-18T17:10:03+00:00] Link colors: green=62, to-check=0
[2026-07-18T17:10:04+00:00] Cells updated: 2 (clear=0, write=2)
[2026-07-18T17:10:04+00:00] State saved
[2026-07-18T17:10:04+00:00] === end (2.72s) ===
[2026-07-18T17:12:01+00:00] === start ===
[2026-07-18T17:12:02+00:00] Sheet rows: 11, month headers: 2
[2026-07-18T17:12:02+00:00] Columns: {"Тусюк":"B","Муха":"C","Козлянко":"D","Юрченков":"E"}
[2026-07-18T17:12:02+00:00] Tech users: {"57":"Тусюк","65":"Козлянко","67":"Муха","71":"Юрченков"}
[2026-07-18T17:12:02+00:00] Sync window: 2026-07-01 → 2026-09-30
[2026-07-18T17:12:03+00:00] Bookings from calendar: 2
[2026-07-18T17:12:04+00:00] Active deals: 169
[2026-07-18T17:12:04+00:00] Assignments: 2
[2026-07-18T17:12:04+00:00] Link colors: green=62, to-check=0
[2026-07-18T17:12:04+00:00] Cells updated: 2 (clear=0, write=2)
[2026-07-18T17:12:04+00:00] State saved
[2026-07-18T17:12:04+00:00] === end (3.35s) ===
[2026-07-18T17:14:02+00:00] === start ===
[2026-07-18T17:14:02+00:00] Sheet rows: 11, month headers: 2
[2026-07-18T17:14:02+00:00] Columns: {"Тусюк":"B","Муха":"C","Козлянко":"D","Юрченков":"E"}
[2026-07-18T17:14:02+00:00] Tech users: {"57":"Тусюк","65":"Козлянко","67":"Муха","71":"Юрченков"}
[2026-07-18T17:14:02+00:00] Sync window: 2026-07-01 → 2026-09-30
[2026-07-18T17:14:03+00:00] Bookings from calendar: 2
[2026-07-18T17:14:04+00:00] Active deals: 169
[2026-07-18T17:14:04+00:00] Assignments: 2
[2026-07-18T17:14:04+00:00] Link colors: green=62, to-check=0
[2026-07-18T17:14:04+00:00] Cells updated: 2 (clear=0, write=2)
[2026-07-18T17:14:04+00:00] State saved
[2026-07-18T17:14:04+00:00] === end (2.93s) ===
[2026-07-18T17:16:01+00:00] === start ===
[2026-07-18T17:16:02+00:00] Sheet rows: 11, month headers: 2
[2026-07-18T17:16:02+00:00] Columns: {"Тусюк":"B","Муха":"C","Козлянко":"D","Юрченков":"E"}
[2026-07-18T17:16:02+00:00] Tech users: {"57":"Тусюк","65":"Козлянко","67":"Муха","71":"Юрченков"}
[2026-07-18T17:16:02+00:00] Sync window: 2026-07-01 → 2026-09-30
[2026-07-18T17:16:03+00:00] Bookings from calendar: 2
[2026-07-18T17:16:03+00:00] Active deals: 169
[2026-07-18T17:16:03+00:00] Assignments: 2
[2026-07-18T17:16:03+00:00] Link colors: green=62, to-check=0
[2026-07-18T17:16:04+00:00] Cells updated: 2 (clear=0, write=2)
[2026-07-18T17:16:04+00:00] State saved
[2026-07-18T17:16:04+00:00] === end (2.87s) ===
[2026-07-18T17:18:01+00:00] === start ===
[2026-07-18T17:18:02+00:00] Sheet rows: 11, month headers: 2
[2026-07-18T17:18:02+00:00] Columns: {"Тусюк":"B","Муха":"C","Козлянко":"D","Юрченков":"E"}
[2026-07-18T17:18:02+00:00] Tech users: {"57":"Тусюк","65":"Козлянко","67":"Муха","71":"Юрченков"}
[2026-07-18T17:18:02+00:00] Sync window: 2026-07-01 → 2026-09-30
[2026-07-18T17:18:03+00:00] Bookings from calendar: 2
[2026-07-18T17:18:03+00:00] Active deals: 169
[2026-07-18T17:18:03+00:00] Assignments: 2
[2026-07-18T17:18:03+00:00] Link colors: green=62, to-check=0
[2026-07-18T17:18:04+00:00] Cells updated: 2 (clear=0, write=2)
[2026-07-18T17:18:04+00:00] State saved
[2026-07-18T17:18:04+00:00] === end (2.93s) ===
[2026-07-18T17:20:01+00:00] === start ===
[2026-07-18T17:20:01+00:00] Sheet rows: 11, month headers: 2
[2026-07-18T17:20:02+00:00] Columns: {"Тусюк":"B","Муха":"C","Козлянко":"D","Юрченков":"E"}
[2026-07-18T17:20:02+00:00] Tech users: {"57":"Тусюк","65":"Козлянко","67":"Муха","71":"Юрченков"}
[2026-07-18T17:20:02+00:00] Sync window: 2026-07-01 → 2026-09-30
[2026-07-18T17:20:03+00:00] Bookings from calendar: 2
[2026-07-18T17:20:03+00:00] Active deals: 169
[2026-07-18T17:20:03+00:00] Assignments: 2
[2026-07-18T17:20:03+00:00] Link colors: green=62, to-check=0
[2026-07-18T17:20:04+00:00] Cells updated: 2 (clear=0, write=2)
[2026-07-18T17:20:04+00:00] State saved
[2026-07-18T17:20:04+00:00] === end (3.02s) ===
[2026-07-18T17:22:01+00:00] === start ===
[2026-07-18T17:22:02+00:00] Sheet rows: 11, month headers: 2
[2026-07-18T17:22:02+00:00] Columns: {"Тусюк":"B","Муха":"C","Козлянко":"D","Юрченков":"E"}
[2026-07-18T17:22:02+00:00] Tech users: {"57":"Тусюк","65":"Козлянко","67":"Муха","71":"Юрченков"}
[2026-07-18T17:22:02+00:00] Sync window: 2026-07-01 → 2026-09-30
[2026-07-18T17:22:03+00:00] Bookings from calendar: 2
[2026-07-18T17:22:03+00:00] Active deals: 169
[2026-07-18T17:22:03+00:00] Assignments: 2
[2026-07-18T17:22:03+00:00] Link colors: green=62, to-check=0
[2026-07-18T17:22:04+00:00] Cells updated: 2 (clear=0, write=2)
[2026-07-18T17:22:04+00:00] State saved
[2026-07-18T17:22:04+00:00] === end (2.71s) ===
[2026-07-18T17:24:01+00:00] === start ===
[2026-07-18T17:24:02+00:00] Sheet rows: 11, month headers: 2
[2026-07-18T17:24:02+00:00] Columns: {"Тусюк":"B","Муха":"C","Козлянко":"D","Юрченков":"E"}
[2026-07-18T17:24:02+00:00] Tech users: {"57":"Тусюк","65":"Козлянко","67":"Муха","71":"Юрченков"}
[2026-07-18T17:24:02+00:00] Sync window: 2026-07-01 → 2026-09-30
[2026-07-18T17:24:03+00:00] Bookings from calendar: 2
[2026-07-18T17:24:04+00:00] Active deals: 169
[2026-07-18T17:24:04+00:00] Assignments: 2
[2026-07-18T17:24:04+00:00] Link colors: green=62, to-check=0
[2026-07-18T17:24:04+00:00] Cells updated: 2 (clear=0, write=2)
[2026-07-18T17:24:04+00:00] State saved
[2026-07-18T17:24:04+00:00] === end (3.3s) ===
[2026-07-18T17:26:01+00:00] === start ===
[2026-07-18T17:26:02+00:00] Sheet rows: 11, month headers: 2
[2026-07-18T17:26:02+00:00] Columns: {"Тусюк":"B","Муха":"C","Козлянко":"D","Юрченков":"E"}
[2026-07-18T17:26:02+00:00] Tech users: {"57":"Тусюк","65":"Козлянко","67":"Муха","71":"Юрченков"}
[2026-07-18T17:26:02+00:00] Sync window: 2026-07-01 → 2026-09-30
[2026-07-18T17:26:03+00:00] Bookings from calendar: 2
[2026-07-18T17:26:03+00:00] Active deals: 169
[2026-07-18T17:26:03+00:00] Assignments: 2
[2026-07-18T17:26:03+00:00] Link colors: green=62, to-check=0
[2026-07-18T17:26:04+00:00] Cells updated: 2 (clear=0, write=2)
[2026-07-18T17:26:04+00:00] State saved
[2026-07-18T17:26:04+00:00] === end (2.54s) ===
[2026-07-18T17:28:01+00:00] === start ===
[2026-07-18T17:28:01+00:00] Sheet rows: 11, month headers: 2
[2026-07-18T17:28:02+00:00] Columns: {"Тусюк":"B","Муха":"C","Козлянко":"D","Юрченков":"E"}
[2026-07-18T17:28:02+00:00] Tech users: {"57":"Тусюк","65":"Козлянко","67":"Муха","71":"Юрченков"}
[2026-07-18T17:28:02+00:00] Sync window: 2026-07-01 → 2026-09-30
[2026-07-18T17:28:03+00:00] Bookings from calendar: 2
[2026-07-18T17:28:03+00:00] Active deals: 169
[2026-07-18T17:28:03+00:00] Assignments: 2
[2026-07-18T17:28:03+00:00] Link colors: green=62, to-check=0
[2026-07-18T17:28:04+00:00] Cells updated: 2 (clear=0, write=2)
[2026-07-18T17:28:04+00:00] State saved
[2026-07-18T17:28:04+00:00] === end (3.08s) ===
[2026-07-18T17:30:01+00:00] === start ===
[2026-07-18T17:30:02+00:00] Sheet rows: 11, month headers: 2
[2026-07-18T17:30:02+00:00] Columns: {"Тусюк":"B","Муха":"C","Козлянко":"D","Юрченков":"E"}
[2026-07-18T17:30:02+00:00] Tech users: {"57":"Тусюк","65":"Козлянко","67":"Муха","71":"Юрченков"}
[2026-07-18T17:30:02+00:00] Sync window: 2026-07-01 → 2026-09-30
[2026-07-18T17:30:03+00:00] Bookings from calendar: 2
[2026-07-18T17:30:03+00:00] Active deals: 169
[2026-07-18T17:30:03+00:00] Assignments: 2
[2026-07-18T17:30:03+00:00] Link colors: green=62, to-check=0
[2026-07-18T17:30:04+00:00] Cells updated: 2 (clear=0, write=2)
[2026-07-18T17:30:04+00:00] State saved
[2026-07-18T17:30:04+00:00] === end (2.69s) ===
[2026-07-18T17:32:01+00:00] === start ===
[2026-07-18T17:32:01+00:00] Sheet rows: 11, month headers: 2
[2026-07-18T17:32:02+00:00] Columns: {"Тусюк":"B","Муха":"C","Козлянко":"D","Юрченков":"E"}
[2026-07-18T17:32:02+00:00] Tech users: {"57":"Тусюк","65":"Козлянко","67":"Муха","71":"Юрченков"}
[2026-07-18T17:32:02+00:00] Sync window: 2026-07-01 → 2026-09-30
[2026-07-18T17:32:02+00:00] Bookings from calendar: 2
[2026-07-18T17:32:03+00:00] Active deals: 169
[2026-07-18T17:32:03+00:00] Assignments: 2
[2026-07-18T17:32:03+00:00] Link colors: green=62, to-check=0
[2026-07-18T17:32:04+00:00] Cells updated: 2 (clear=0, write=2)
[2026-07-18T17:32:04+00:00] State saved
[2026-07-18T17:32:04+00:00] === end (2.61s) ===
[2026-07-18T17:34:01+00:00] === start ===
[2026-07-18T17:34:03+00:00] Sheet rows: 11, month headers: 2
[2026-07-18T17:34:03+00:00] Columns: {"Тусюк":"B","Муха":"C","Козлянко":"D","Юрченков":"E"}
[2026-07-18T17:34:03+00:00] Tech users: {"57":"Тусюк","65":"Козлянко","67":"Муха","71":"Юрченков"}
[2026-07-18T17:34:03+00:00] Sync window: 2026-07-01 → 2026-09-30
[2026-07-18T17:34:04+00:00] Bookings from calendar: 2
[2026-07-18T17:34:04+00:00] Active deals: 169
[2026-07-18T17:34:04+00:00] Assignments: 2
[2026-07-18T17:34:04+00:00] Link colors: green=62, to-check=0
[2026-07-18T17:34:05+00:00] Cells updated: 2 (clear=0, write=2)
[2026-07-18T17:34:05+00:00] State saved
[2026-07-18T17:34:05+00:00] === end (4.53s) ===
[2026-07-18T17:36:01+00:00] === start ===
[2026-07-18T17:36:02+00:00] Sheet rows: 11, month headers: 2
[2026-07-18T17:36:02+00:00] Columns: {"Тусюк":"B","Муха":"C","Козлянко":"D","Юрченков":"E"}
[2026-07-18T17:36:02+00:00] Tech users: {"57":"Тусюк","65":"Козлянко","67":"Муха","71":"Юрченков"}
[2026-07-18T17:36:02+00:00] Sync window: 2026-07-01 → 2026-09-30
[2026-07-18T17:36:03+00:00] Bookings from calendar: 2
[2026-07-18T17:36:03+00:00] Active deals: 169
[2026-07-18T17:36:03+00:00] Assignments: 2
[2026-07-18T17:36:03+00:00] Link colors: green=62, to-check=0
[2026-07-18T17:36:04+00:00] Cells updated: 2 (clear=0, write=2)
[2026-07-18T17:36:04+00:00] State saved
[2026-07-18T17:36:04+00:00] === end (2.74s) ===
[2026-07-18T17:38:01+00:00] === start ===
[2026-07-18T17:38:01+00:00] Sheet rows: 11, month headers: 2
[2026-07-18T17:38:02+00:00] Columns: {"Тусюк":"B","Муха":"C","Козлянко":"D","Юрченков":"E"}
[2026-07-18T17:38:02+00:00] Tech users: {"57":"Тусюк","65":"Козлянко","67":"Муха","71":"Юрченков"}
[2026-07-18T17:38:02+00:00] Sync window: 2026-07-01 → 2026-09-30
[2026-07-18T17:38:02+00:00] Bookings from calendar: 2
[2026-07-18T17:38:03+00:00] Active deals: 169
[2026-07-18T17:38:03+00:00] Assignments: 2
[2026-07-18T17:38:03+00:00] Link colors: green=62, to-check=0
[2026-07-18T17:38:04+00:00] Cells updated: 2 (clear=0, write=2)
[2026-07-18T17:38:04+00:00] State saved
[2026-07-18T17:38:04+00:00] === end (2.96s) ===
[2026-07-18T17:40:01+00:00] === start ===
[2026-07-18T17:40:01+00:00] Sheet rows: 11, month headers: 2
[2026-07-18T17:40:02+00:00] Columns: {"Тусюк":"B","Муха":"C","Козлянко":"D","Юрченков":"E"}
[2026-07-18T17:40:02+00:00] Tech users: {"57":"Тусюк","65":"Козлянко","67":"Муха","71":"Юрченков"}
[2026-07-18T17:40:02+00:00] Sync window: 2026-07-01 → 2026-09-30
[2026-07-18T17:40:03+00:00] Bookings from calendar: 2
[2026-07-18T17:40:03+00:00] Active deals: 169
[2026-07-18T17:40:03+00:00] Assignments: 2
[2026-07-18T17:40:03+00:00] Link colors: green=62, to-check=0
[2026-07-18T17:40:04+00:00] Cells updated: 2 (clear=0, write=2)
[2026-07-18T17:40:04+00:00] State saved
[2026-07-18T17:40:04+00:00] === end (2.83s) ===
[2026-07-18T17:42:01+00:00] === start ===
[2026-07-18T17:42:01+00:00] Sheet rows: 11, month headers: 2
[2026-07-18T17:42:02+00:00] Columns: {"Тусюк":"B","Муха":"C","Козлянко":"D","Юрченков":"E"}
[2026-07-18T17:42:02+00:00] Tech users: {"57":"Тусюк","65":"Козлянко","67":"Муха","71":"Юрченков"}
[2026-07-18T17:42:02+00:00] Sync window: 2026-07-01 → 2026-09-30
[2026-07-18T17:42:03+00:00] Bookings from calendar: 2
[2026-07-18T17:42:03+00:00] Active deals: 169
[2026-07-18T17:42:03+00:00] Assignments: 2
[2026-07-18T17:42:03+00:00] Link colors: green=62, to-check=0
[2026-07-18T17:42:04+00:00] Cells updated: 2 (clear=0, write=2)
[2026-07-18T17:42:04+00:00] State saved
[2026-07-18T17:42:04+00:00] === end (3.29s) ===
[2026-07-18T17:44:01+00:00] === start ===
[2026-07-18T17:44:02+00:00] Sheet rows: 11, month headers: 2
[2026-07-18T17:44:02+00:00] Columns: {"Тусюк":"B","Муха":"C","Козлянко":"D","Юрченков":"E"}
[2026-07-18T17:44:02+00:00] Tech users: {"57":"Тусюк","65":"Козлянко","67":"Муха","71":"Юрченков"}
[2026-07-18T17:44:02+00:00] Sync window: 2026-07-01 → 2026-09-30
[2026-07-18T17:44:03+00:00] Bookings from calendar: 2
[2026-07-18T17:44:03+00:00] Active deals: 169
[2026-07-18T17:44:03+00:00] Assignments: 2
[2026-07-18T17:44:03+00:00] Link colors: green=62, to-check=0
[2026-07-18T17:44:04+00:00] Cells updated: 2 (clear=0, write=2)
[2026-07-18T17:44:04+00:00] State saved
[2026-07-18T17:44:04+00:00] === end (2.59s) ===
[2026-07-18T17:46:01+00:00] === start ===
[2026-07-18T17:46:01+00:00] Sheet rows: 11, month headers: 2
[2026-07-18T17:46:02+00:00] Columns: {"Тусюк":"B","Муха":"C","Козлянко":"D","Юрченков":"E"}
[2026-07-18T17:46:02+00:00] Tech users: {"57":"Тусюк","65":"Козлянко","67":"Муха","71":"Юрченков"}
[2026-07-18T17:46:02+00:00] Sync window: 2026-07-01 → 2026-09-30
[2026-07-18T17:46:02+00:00] Bookings from calendar: 2
[2026-07-18T17:46:03+00:00] Active deals: 169
[2026-07-18T17:46:03+00:00] Assignments: 2
[2026-07-18T17:46:03+00:00] Link colors: green=62, to-check=0
[2026-07-18T17:46:04+00:00] Cells updated: 2 (clear=0, write=2)
[2026-07-18T17:46:04+00:00] State saved
[2026-07-18T17:46:04+00:00] === end (2.74s) ===
[2026-07-18T17:48:01+00:00] === start ===
[2026-07-18T17:48:01+00:00] Sheet rows: 11, month headers: 2
[2026-07-18T17:48:02+00:00] Columns: {"Тусюк":"B","Муха":"C","Козлянко":"D","Юрченков":"E"}
[2026-07-18T17:48:02+00:00] Tech users: {"57":"Тусюк","65":"Козлянко","67":"Муха","71":"Юрченков"}
[2026-07-18T17:48:02+00:00] Sync window: 2026-07-01 → 2026-09-30
[2026-07-18T17:48:02+00:00] Bookings from calendar: 2
[2026-07-18T17:48:03+00:00] Active deals: 169
[2026-07-18T17:48:03+00:00] Assignments: 2
[2026-07-18T17:48:03+00:00] Link colors: green=62, to-check=0
[2026-07-18T17:48:04+00:00] Cells updated: 2 (clear=0, write=2)
[2026-07-18T17:48:04+00:00] State saved
[2026-07-18T17:48:04+00:00] === end (2.97s) ===
[2026-07-18T17:50:01+00:00] === start ===
[2026-07-18T17:50:01+00:00] Sheet rows: 11, month headers: 2
[2026-07-18T17:50:01+00:00] Columns: {"Тусюк":"B","Муха":"C","Козлянко":"D","Юрченков":"E"}
[2026-07-18T17:50:02+00:00] Tech users: {"57":"Тусюк","65":"Козлянко","67":"Муха","71":"Юрченков"}
[2026-07-18T17:50:02+00:00] Sync window: 2026-07-01 → 2026-09-30
[2026-07-18T17:50:02+00:00] Bookings from calendar: 2
[2026-07-18T17:50:03+00:00] Active deals: 169
[2026-07-18T17:50:03+00:00] Assignments: 2
[2026-07-18T17:50:03+00:00] Link colors: green=62, to-check=0
[2026-07-18T17:50:03+00:00] Cells updated: 2 (clear=0, write=2)
[2026-07-18T17:50:03+00:00] State saved
[2026-07-18T17:50:03+00:00] === end (2.59s) ===
[2026-07-18T17:52:01+00:00] === start ===
[2026-07-18T17:52:02+00:00] Sheet rows: 11, month headers: 2
[2026-07-18T17:52:02+00:00] Columns: {"Тусюк":"B","Муха":"C","Козлянко":"D","Юрченков":"E"}
[2026-07-18T17:52:02+00:00] Tech users: {"57":"Тусюк","65":"Козлянко","67":"Муха","71":"Юрченков"}
[2026-07-18T17:52:02+00:00] Sync window: 2026-07-01 → 2026-09-30
[2026-07-18T17:52:03+00:00] Bookings from calendar: 2
[2026-07-18T17:52:04+00:00] Active deals: 169
[2026-07-18T17:52:04+00:00] Assignments: 2
[2026-07-18T17:52:04+00:00] Link colors: green=62, to-check=0
[2026-07-18T17:52:04+00:00] Cells updated: 2 (clear=0, write=2)
[2026-07-18T17:52:04+00:00] State saved
[2026-07-18T17:52:04+00:00] === end (3.01s) ===
[2026-07-18T17:54:01+00:00] === start ===
[2026-07-18T17:54:02+00:00] Sheet rows: 11, month headers: 2
[2026-07-18T17:54:02+00:00] Columns: {"Тусюк":"B","Муха":"C","Козлянко":"D","Юрченков":"E"}
[2026-07-18T17:54:02+00:00] Tech users: {"57":"Тусюк","65":"Козлянко","67":"Муха","71":"Юрченков"}
[2026-07-18T17:54:02+00:00] Sync window: 2026-07-01 → 2026-09-30
[2026-07-18T17:54:03+00:00] Bookings from calendar: 2
[2026-07-18T17:54:04+00:00] Active deals: 169
[2026-07-18T17:54:04+00:00] Assignments: 2
[2026-07-18T17:54:04+00:00] Link colors: green=62, to-check=0
[2026-07-18T17:54:04+00:00] Cells updated: 2 (clear=0, write=2)
[2026-07-18T17:54:04+00:00] State saved
[2026-07-18T17:54:04+00:00] === end (2.65s) ===
[2026-07-18T17:56:01+00:00] === start ===
[2026-07-18T17:56:02+00:00] Sheet rows: 11, month headers: 2
[2026-07-18T17:56:02+00:00] Columns: {"Тусюк":"B","Муха":"C","Козлянко":"D","Юрченков":"E"}
[2026-07-18T17:56:02+00:00] Tech users: {"57":"Тусюк","65":"Козлянко","67":"Муха","71":"Юрченков"}
[2026-07-18T17:56:02+00:00] Sync window: 2026-07-01 → 2026-09-30
[2026-07-18T17:56:03+00:00] Bookings from calendar: 2
[2026-07-18T17:56:03+00:00] Active deals: 169
[2026-07-18T17:56:03+00:00] Assignments: 2
[2026-07-18T17:56:03+00:00] Link colors: green=62, to-check=0
[2026-07-18T17:56:04+00:00] Cells updated: 2 (clear=0, write=2)
[2026-07-18T17:56:04+00:00] State saved
[2026-07-18T17:56:04+00:00] === end (2.79s) ===
[2026-07-18T17:58:01+00:00] === start ===
[2026-07-18T17:58:01+00:00] Sheet rows: 11, month headers: 2
[2026-07-18T17:58:02+00:00] Columns: {"Тусюк":"B","Муха":"C","Козлянко":"D","Юрченков":"E"}
[2026-07-18T17:58:02+00:00] Tech users: {"57":"Тусюк","65":"Козлянко","67":"Муха","71":"Юрченков"}
[2026-07-18T17:58:02+00:00] Sync window: 2026-07-01 → 2026-09-30
[2026-07-18T17:58:03+00:00] Bookings from calendar: 2
[2026-07-18T17:58:03+00:00] Active deals: 169
[2026-07-18T17:58:03+00:00] Assignments: 2
[2026-07-18T17:58:03+00:00] Link colors: green=62, to-check=0
[2026-07-18T17:58:04+00:00] Cells updated: 2 (clear=0, write=2)
[2026-07-18T17:58:04+00:00] State saved
[2026-07-18T17:58:04+00:00] === end (2.85s) ===
[2026-07-18T18:00:01+00:00] === start ===
[2026-07-18T18:00:01+00:00] Sheet rows: 11, month headers: 2
[2026-07-18T18:00:02+00:00] Columns: {"Тусюк":"B","Муха":"C","Козлянко":"D","Юрченков":"E"}
[2026-07-18T18:00:02+00:00] Tech users: {"57":"Тусюк","65":"Козлянко","67":"Муха","71":"Юрченков"}
[2026-07-18T18:00:02+00:00] Sync window: 2026-07-01 → 2026-09-30
[2026-07-18T18:00:02+00:00] Bookings from calendar: 2
[2026-07-18T18:00:03+00:00] Active deals: 169
[2026-07-18T18:00:03+00:00] Assignments: 2
[2026-07-18T18:00:03+00:00] Link colors: green=62, to-check=0
[2026-07-18T18:00:04+00:00] Cells updated: 2 (clear=0, write=2)
[2026-07-18T18:00:04+00:00] State saved
[2026-07-18T18:00:04+00:00] === end (2.68s) ===
[2026-07-18T18:02:01+00:00] === start ===
[2026-07-18T18:02:01+00:00] Sheet rows: 11, month headers: 2
[2026-07-18T18:02:02+00:00] Columns: {"Тусюк":"B","Муха":"C","Козлянко":"D","Юрченков":"E"}
[2026-07-18T18:02:02+00:00] Tech users: {"57":"Тусюк","65":"Козлянко","67":"Муха","71":"Юрченков"}
[2026-07-18T18:02:02+00:00] Sync window: 2026-07-01 → 2026-09-30
[2026-07-18T18:02:02+00:00] Bookings from calendar: 2
[2026-07-18T18:02:03+00:00] Active deals: 169
[2026-07-18T18:02:03+00:00] Assignments: 2
[2026-07-18T18:02:03+00:00] Link colors: green=62, to-check=0
[2026-07-18T18:02:04+00:00] Cells updated: 2 (clear=0, write=2)
[2026-07-18T18:02:04+00:00] State saved
[2026-07-18T18:02:04+00:00] === end (2.81s) ===
[2026-07-18T18:04:01+00:00] === start ===
[2026-07-18T18:04:01+00:00] Sheet rows: 11, month headers: 2
[2026-07-18T18:04:01+00:00] Columns: {"Тусюк":"B","Муха":"C","Козлянко":"D","Юрченков":"E"}
[2026-07-18T18:04:01+00:00] Tech users: {"57":"Тусюк","65":"Козлянко","67":"Муха","71":"Юрченков"}
[2026-07-18T18:04:01+00:00] Sync window: 2026-07-01 → 2026-09-30
[2026-07-18T18:04:02+00:00] Bookings from calendar: 2
[2026-07-18T18:04:03+00:00] Active deals: 169
[2026-07-18T18:04:03+00:00] Assignments: 2
[2026-07-18T18:04:03+00:00] Link colors: green=62, to-check=0
[2026-07-18T18:04:03+00:00] Cells updated: 2 (clear=0, write=2)
[2026-07-18T18:04:03+00:00] State saved
[2026-07-18T18:04:03+00:00] === end (2.59s) ===
[2026-07-18T18:06:01+00:00] === start ===
[2026-07-18T18:06:02+00:00] Sheet rows: 11, month headers: 2
[2026-07-18T18:06:02+00:00] Columns: {"Тусюк":"B","Муха":"C","Козлянко":"D","Юрченков":"E"}
[2026-07-18T18:06:02+00:00] Tech users: {"57":"Тусюк","65":"Козлянко","67":"Муха","71":"Юрченков"}
[2026-07-18T18:06:02+00:00] Sync window: 2026-07-01 → 2026-09-30
[2026-07-18T18:06:03+00:00] Bookings from calendar: 2
[2026-07-18T18:06:03+00:00] Active deals: 169
[2026-07-18T18:06:03+00:00] Assignments: 2
[2026-07-18T18:06:03+00:00] Link colors: green=62, to-check=0
[2026-07-18T18:06:04+00:00] Cells updated: 2 (clear=0, write=2)
[2026-07-18T18:06:04+00:00] State saved
[2026-07-18T18:06:04+00:00] === end (2.73s) ===
[2026-07-18T18:08:01+00:00] === start ===
[2026-07-18T18:08:01+00:00] Sheet rows: 11, month headers: 2
[2026-07-18T18:08:02+00:00] Columns: {"Тусюк":"B","Муха":"C","Козлянко":"D","Юрченков":"E"}
[2026-07-18T18:08:02+00:00] Tech users: {"57":"Тусюк","65":"Козлянко","67":"Муха","71":"Юрченков"}
[2026-07-18T18:08:02+00:00] Sync window: 2026-07-01 → 2026-09-30
[2026-07-18T18:08:02+00:00] Bookings from calendar: 2
[2026-07-18T18:08:03+00:00] Active deals: 169
[2026-07-18T18:08:03+00:00] Assignments: 2
[2026-07-18T18:08:03+00:00] Link colors: green=62, to-check=0
[2026-07-18T18:08:04+00:00] Cells updated: 2 (clear=0, write=2)
[2026-07-18T18:08:04+00:00] State saved
[2026-07-18T18:08:04+00:00] === end (2.56s) ===
[2026-07-18T18:10:01+00:00] === start ===
[2026-07-18T18:10:01+00:00] Sheet rows: 11, month headers: 2
[2026-07-18T18:10:01+00:00] Columns: {"Тусюк":"B","Муха":"C","Козлянко":"D","Юрченков":"E"}
[2026-07-18T18:10:01+00:00] Tech users: {"57":"Тусюк","65":"Козлянко","67":"Муха","71":"Юрченков"}
[2026-07-18T18:10:01+00:00] Sync window: 2026-07-01 → 2026-09-30
[2026-07-18T18:10:02+00:00] Bookings from calendar: 2
[2026-07-18T18:10:03+00:00] Active deals: 169
[2026-07-18T18:10:03+00:00] Assignments: 2
[2026-07-18T18:10:03+00:00] Link colors: green=62, to-check=0
[2026-07-18T18:10:03+00:00] Cells updated: 2 (clear=0, write=2)
[2026-07-18T18:10:03+00:00] State saved
[2026-07-18T18:10:03+00:00] === end (2.6s) ===
[2026-07-18T18:12:01+00:00] === start ===
[2026-07-18T18:12:02+00:00] Sheet rows: 11, month headers: 2
[2026-07-18T18:12:02+00:00] Columns: {"Тусюк":"B","Муха":"C","Козлянко":"D","Юрченков":"E"}
[2026-07-18T18:12:02+00:00] Tech users: {"57":"Тусюк","65":"Козлянко","67":"Муха","71":"Юрченков"}
[2026-07-18T18:12:02+00:00] Sync window: 2026-07-01 → 2026-09-30
[2026-07-18T18:12:03+00:00] Bookings from calendar: 2
[2026-07-18T18:12:03+00:00] Active deals: 169
[2026-07-18T18:12:03+00:00] Assignments: 2
[2026-07-18T18:12:03+00:00] Link colors: green=62, to-check=0
[2026-07-18T18:12:04+00:00] Cells updated: 2 (clear=0, write=2)
[2026-07-18T18:12:04+00:00] State saved
[2026-07-18T18:12:04+00:00] === end (2.69s) ===
[2026-07-18T18:14:01+00:00] === start ===
[2026-07-18T18:14:01+00:00] Sheet rows: 11, month headers: 2
[2026-07-18T18:14:02+00:00] Columns: {"Тусюк":"B","Муха":"C","Козлянко":"D","Юрченков":"E"}
[2026-07-18T18:14:02+00:00] Tech users: {"57":"Тусюк","65":"Козлянко","67":"Муха","71":"Юрченков"}
[2026-07-18T18:14:02+00:00] Sync window: 2026-07-01 → 2026-09-30
[2026-07-18T18:14:03+00:00] Bookings from calendar: 2
[2026-07-18T18:14:03+00:00] Active deals: 169
[2026-07-18T18:14:03+00:00] Assignments: 2
[2026-07-18T18:14:03+00:00] Link colors: green=62, to-check=0
[2026-07-18T18:14:04+00:00] Cells updated: 2 (clear=0, write=2)
[2026-07-18T18:14:04+00:00] State saved
[2026-07-18T18:14:04+00:00] === end (2.76s) ===
[2026-07-18T18:16:01+00:00] === start ===
[2026-07-18T18:16:02+00:00] Sheet rows: 11, month headers: 2
[2026-07-18T18:16:02+00:00] Columns: {"Тусюк":"B","Муха":"C","Козлянко":"D","Юрченков":"E"}
[2026-07-18T18:16:02+00:00] Tech users: {"57":"Тусюк","65":"Козлянко","67":"Муха","71":"Юрченков"}
[2026-07-18T18:16:02+00:00] Sync window: 2026-07-01 → 2026-09-30
[2026-07-18T18:16:03+00:00] Bookings from calendar: 2
[2026-07-18T18:16:04+00:00] Active deals: 169
[2026-07-18T18:16:04+00:00] Assignments: 2
[2026-07-18T18:16:04+00:00] Link colors: green=62, to-check=0
[2026-07-18T18:16:04+00:00] Cells updated: 2 (clear=0, write=2)
[2026-07-18T18:16:04+00:00] State saved
[2026-07-18T18:16:04+00:00] === end (2.84s) ===
[2026-07-18T18:18:01+00:00] === start ===
[2026-07-18T18:18:02+00:00] Sheet rows: 11, month headers: 2
[2026-07-18T18:18:02+00:00] Columns: {"Тусюк":"B","Муха":"C","Козлянко":"D","Юрченков":"E"}
[2026-07-18T18:18:02+00:00] Tech users: {"57":"Тусюк","65":"Козлянко","67":"Муха","71":"Юрченков"}
[2026-07-18T18:18:02+00:00] Sync window: 2026-07-01 → 2026-09-30
[2026-07-18T18:18:03+00:00] Bookings from calendar: 2
[2026-07-18T18:18:04+00:00] Active deals: 169
[2026-07-18T18:18:04+00:00] Assignments: 2
[2026-07-18T18:18:04+00:00] Link colors: green=62, to-check=0
[2026-07-18T18:18:04+00:00] Cells updated: 2 (clear=0, write=2)
[2026-07-18T18:18:04+00:00] State saved
[2026-07-18T18:18:04+00:00] === end (3.06s) ===
[2026-07-18T18:20:01+00:00] === start ===
[2026-07-18T18:20:02+00:00] Sheet rows: 11, month headers: 2
[2026-07-18T18:20:02+00:00] Columns: {"Тусюк":"B","Муха":"C","Козлянко":"D","Юрченков":"E"}
[2026-07-18T18:20:02+00:00] Tech users: {"57":"Тусюк","65":"Козлянко","67":"Муха","71":"Юрченков"}
[2026-07-18T18:20:02+00:00] Sync window: 2026-07-01 → 2026-09-30
[2026-07-18T18:20:03+00:00] Bookings from calendar: 2
[2026-07-18T18:20:04+00:00] Active deals: 169
[2026-07-18T18:20:04+00:00] Assignments: 2
[2026-07-18T18:20:04+00:00] Link colors: green=62, to-check=0
[2026-07-18T18:20:04+00:00] Cells updated: 2 (clear=0, write=2)
[2026-07-18T18:20:04+00:00] State saved
[2026-07-18T18:20:04+00:00] === end (3.03s) ===
[2026-07-18T18:22:02+00:00] === start ===
[2026-07-18T18:22:02+00:00] Sheet rows: 11, month headers: 2
[2026-07-18T18:22:02+00:00] Columns: {"Тусюк":"B","Муха":"C","Козлянко":"D","Юрченков":"E"}
[2026-07-18T18:22:02+00:00] Tech users: {"57":"Тусюк","65":"Козлянко","67":"Муха","71":"Юрченков"}
[2026-07-18T18:22:02+00:00] Sync window: 2026-07-01 → 2026-09-30
[2026-07-18T18:22:03+00:00] Bookings from calendar: 2
[2026-07-18T18:22:03+00:00] Active deals: 169
[2026-07-18T18:22:03+00:00] Assignments: 2
[2026-07-18T18:22:03+00:00] Link colors: green=62, to-check=0
[2026-07-18T18:22:04+00:00] Cells updated: 2 (clear=0, write=2)
[2026-07-18T18:22:04+00:00] State saved
[2026-07-18T18:22:04+00:00] === end (2.63s) ===
[2026-07-18T18:24:01+00:00] === start ===
[2026-07-18T18:24:02+00:00] Sheet rows: 11, month headers: 2
[2026-07-18T18:24:02+00:00] Columns: {"Тусюк":"B","Муха":"C","Козлянко":"D","Юрченков":"E"}
[2026-07-18T18:24:02+00:00] Tech users: {"57":"Тусюк","65":"Козлянко","67":"Муха","71":"Юрченков"}
[2026-07-18T18:24:02+00:00] Sync window: 2026-07-01 → 2026-09-30
[2026-07-18T18:24:03+00:00] Bookings from calendar: 2
[2026-07-18T18:24:04+00:00] Active deals: 169
[2026-07-18T18:24:04+00:00] Assignments: 2
[2026-07-18T18:24:04+00:00] Link colors: green=62, to-check=0
[2026-07-18T18:24:04+00:00] Cells updated: 2 (clear=0, write=2)
[2026-07-18T18:24:04+00:00] State saved
[2026-07-18T18:24:04+00:00] === end (3.13s) ===
[2026-07-18T18:26:01+00:00] === start ===
[2026-07-18T18:26:02+00:00] Sheet rows: 11, month headers: 2
[2026-07-18T18:26:02+00:00] Columns: {"Тусюк":"B","Муха":"C","Козлянко":"D","Юрченков":"E"}
[2026-07-18T18:26:02+00:00] Tech users: {"57":"Тусюк","65":"Козлянко","67":"Муха","71":"Юрченков"}
[2026-07-18T18:26:02+00:00] Sync window: 2026-07-01 → 2026-09-30
[2026-07-18T18:26:03+00:00] Bookings from calendar: 2
[2026-07-18T18:26:03+00:00] Active deals: 169
[2026-07-18T18:26:03+00:00] Assignments: 2
[2026-07-18T18:26:03+00:00] Link colors: green=62, to-check=0
[2026-07-18T18:26:04+00:00] Cells updated: 2 (clear=0, write=2)
[2026-07-18T18:26:04+00:00] State saved
[2026-07-18T18:26:04+00:00] === end (2.65s) ===
[2026-07-18T18:28:01+00:00] === start ===
[2026-07-18T18:28:02+00:00] Sheet rows: 11, month headers: 2
[2026-07-18T18:28:02+00:00] Columns: {"Тусюк":"B","Муха":"C","Козлянко":"D","Юрченков":"E"}
[2026-07-18T18:28:02+00:00] Tech users: {"57":"Тусюк","65":"Козлянко","67":"Муха","71":"Юрченков"}
[2026-07-18T18:28:02+00:00] Sync window: 2026-07-01 → 2026-09-30
[2026-07-18T18:28:03+00:00] Bookings from calendar: 2
[2026-07-18T18:28:03+00:00] Active deals: 169
[2026-07-18T18:28:03+00:00] Assignments: 2
[2026-07-18T18:28:03+00:00] Link colors: green=62, to-check=0
[2026-07-18T18:28:04+00:00] Cells updated: 2 (clear=0, write=2)
[2026-07-18T18:28:04+00:00] State saved
[2026-07-18T18:28:04+00:00] === end (2.81s) ===
[2026-07-18T18:30:01+00:00] === start ===
[2026-07-18T18:30:01+00:00] Sheet rows: 11, month headers: 2
[2026-07-18T18:30:02+00:00] Columns: {"Тусюк":"B","Муха":"C","Козлянко":"D","Юрченков":"E"}
[2026-07-18T18:30:02+00:00] Tech users: {"57":"Тусюк","65":"Козлянко","67":"Муха","71":"Юрченков"}
[2026-07-18T18:30:02+00:00] Sync window: 2026-07-01 → 2026-09-30
[2026-07-18T18:30:02+00:00] Bookings from calendar: 2
[2026-07-18T18:30:03+00:00] Active deals: 169
[2026-07-18T18:30:03+00:00] Assignments: 2
[2026-07-18T18:30:03+00:00] Link colors: green=62, to-check=0
[2026-07-18T18:30:04+00:00] Cells updated: 2 (clear=0, write=2)
[2026-07-18T18:30:04+00:00] State saved
[2026-07-18T18:30:04+00:00] === end (2.77s) ===
[2026-07-18T18:32:01+00:00] === start ===
[2026-07-18T18:32:01+00:00] Sheet rows: 11, month headers: 2
[2026-07-18T18:32:01+00:00] Columns: {"Тусюк":"B","Муха":"C","Козлянко":"D","Юрченков":"E"}
[2026-07-18T18:32:02+00:00] Tech users: {"57":"Тусюк","65":"Козлянко","67":"Муха","71":"Юрченков"}
[2026-07-18T18:32:02+00:00] Sync window: 2026-07-01 → 2026-09-30
[2026-07-18T18:32:02+00:00] Bookings from calendar: 2
[2026-07-18T18:32:03+00:00] Active deals: 169
[2026-07-18T18:32:03+00:00] Assignments: 2
[2026-07-18T18:32:03+00:00] Link colors: green=62, to-check=0
[2026-07-18T18:32:04+00:00] Cells updated: 2 (clear=0, write=2)
[2026-07-18T18:32:04+00:00] State saved
[2026-07-18T18:32:04+00:00] === end (2.74s) ===
[2026-07-18T18:34:01+00:00] === start ===
[2026-07-18T18:34:01+00:00] Sheet rows: 11, month headers: 2
[2026-07-18T18:34:01+00:00] Columns: {"Тусюк":"B","Муха":"C","Козлянко":"D","Юрченков":"E"}
[2026-07-18T18:34:02+00:00] Tech users: {"57":"Тусюк","65":"Козлянко","67":"Муха","71":"Юрченков"}
[2026-07-18T18:34:02+00:00] Sync window: 2026-07-01 → 2026-09-30
[2026-07-18T18:34:02+00:00] Bookings from calendar: 2
[2026-07-18T18:34:03+00:00] Active deals: 169
[2026-07-18T18:34:03+00:00] Assignments: 2
[2026-07-18T18:34:03+00:00] Link colors: green=62, to-check=0
[2026-07-18T18:34:04+00:00] Cells updated: 2 (clear=0, write=2)
[2026-07-18T18:34:04+00:00] State saved
[2026-07-18T18:34:04+00:00] === end (3.16s) ===
[2026-07-18T18:36:01+00:00] === start ===
[2026-07-18T18:36:01+00:00] Sheet rows: 11, month headers: 2
[2026-07-18T18:36:01+00:00] Columns: {"Тусюк":"B","Муха":"C","Козлянко":"D","Юрченков":"E"}
[2026-07-18T18:36:02+00:00] Tech users: {"57":"Тусюк","65":"Козлянко","67":"Муха","71":"Юрченков"}
[2026-07-18T18:36:02+00:00] Sync window: 2026-07-01 → 2026-09-30
[2026-07-18T18:36:02+00:00] Bookings from calendar: 2
[2026-07-18T18:36:03+00:00] Active deals: 169
[2026-07-18T18:36:03+00:00] Assignments: 2
[2026-07-18T18:36:03+00:00] Link colors: green=62, to-check=0
[2026-07-18T18:36:04+00:00] Cells updated: 2 (clear=0, write=2)
[2026-07-18T18:36:04+00:00] State saved
[2026-07-18T18:36:04+00:00] === end (2.61s) ===
[2026-07-18T18:38:01+00:00] === start ===
[2026-07-18T18:38:01+00:00] Sheet rows: 11, month headers: 2
[2026-07-18T18:38:01+00:00] Columns: {"Тусюк":"B","Муха":"C","Козлянко":"D","Юрченков":"E"}
[2026-07-18T18:38:01+00:00] Tech users: {"57":"Тусюк","65":"Козлянко","67":"Муха","71":"Юрченков"}
[2026-07-18T18:38:01+00:00] Sync window: 2026-07-01 → 2026-09-30
[2026-07-18T18:38:02+00:00] Bookings from calendar: 2
[2026-07-18T18:38:03+00:00] Active deals: 169
[2026-07-18T18:38:03+00:00] Assignments: 2
[2026-07-18T18:38:03+00:00] Link colors: green=62, to-check=0
[2026-07-18T18:38:03+00:00] Cells updated: 2 (clear=0, write=2)
[2026-07-18T18:38:03+00:00] State saved
[2026-07-18T18:38:03+00:00] === end (2.74s) ===
[2026-07-18T18:40:01+00:00] === start ===
[2026-07-18T18:40:02+00:00] Sheet rows: 11, month headers: 2
[2026-07-18T18:40:03+00:00] Columns: {"Тусюк":"B","Муха":"C","Козлянко":"D","Юрченков":"E"}
[2026-07-18T18:40:04+00:00] Tech users: {"57":"Тусюк","65":"Козлянко","67":"Муха","71":"Юрченков"}
[2026-07-18T18:40:04+00:00] Sync window: 2026-07-01 → 2026-09-30
[2026-07-18T18:40:04+00:00] Bookings from calendar: 2
[2026-07-18T18:40:05+00:00] Active deals: 169
[2026-07-18T18:40:05+00:00] Assignments: 2
[2026-07-18T18:40:05+00:00] Link colors: green=62, to-check=0
[2026-07-18T18:40:06+00:00] Cells updated: 2 (clear=0, write=2)
[2026-07-18T18:40:06+00:00] State saved
[2026-07-18T18:40:06+00:00] === end (4.31s) ===
[2026-07-18T18:42:01+00:00] === start ===
[2026-07-18T18:42:01+00:00] Sheet rows: 11, month headers: 2
[2026-07-18T18:42:02+00:00] Columns: {"Тусюк":"B","Муха":"C","Козлянко":"D","Юрченков":"E"}
[2026-07-18T18:42:02+00:00] Tech users: {"57":"Тусюк","65":"Козлянко","67":"Муха","71":"Юрченков"}
[2026-07-18T18:42:02+00:00] Sync window: 2026-07-01 → 2026-09-30
[2026-07-18T18:42:02+00:00] Bookings from calendar: 2
[2026-07-18T18:42:03+00:00] Active deals: 169
[2026-07-18T18:42:03+00:00] Assignments: 2
[2026-07-18T18:42:03+00:00] Link colors: green=62, to-check=0
[2026-07-18T18:42:04+00:00] Cells updated: 2 (clear=0, write=2)
[2026-07-18T18:42:04+00:00] State saved
[2026-07-18T18:42:04+00:00] === end (2.84s) ===
[2026-07-18T18:44:01+00:00] === start ===
[2026-07-18T18:44:01+00:00] Sheet rows: 11, month headers: 2
[2026-07-18T18:44:01+00:00] Columns: {"Тусюк":"B","Муха":"C","Козлянко":"D","Юрченков":"E"}
[2026-07-18T18:44:02+00:00] Tech users: {"57":"Тусюк","65":"Козлянко","67":"Муха","71":"Юрченков"}
[2026-07-18T18:44:02+00:00] Sync window: 2026-07-01 → 2026-09-30
[2026-07-18T18:44:02+00:00] Bookings from calendar: 2
[2026-07-18T18:44:03+00:00] Active deals: 169
[2026-07-18T18:44:03+00:00] Assignments: 2
[2026-07-18T18:44:03+00:00] Link colors: green=62, to-check=0
[2026-07-18T18:44:04+00:00] Cells updated: 2 (clear=0, write=2)
[2026-07-18T18:44:04+00:00] State saved
[2026-07-18T18:44:04+00:00] === end (2.89s) ===
[2026-07-18T18:46:01+00:00] === start ===
[2026-07-18T18:46:02+00:00] Sheet rows: 11, month headers: 2
[2026-07-18T18:46:02+00:00] Columns: {"Тусюк":"B","Муха":"C","Козлянко":"D","Юрченков":"E"}
[2026-07-18T18:46:02+00:00] Tech users: {"57":"Тусюк","65":"Козлянко","67":"Муха","71":"Юрченков"}
[2026-07-18T18:46:02+00:00] Sync window: 2026-07-01 → 2026-09-30
[2026-07-18T18:46:03+00:00] Bookings from calendar: 2
[2026-07-18T18:46:03+00:00] Active deals: 169
[2026-07-18T18:46:03+00:00] Assignments: 2
[2026-07-18T18:46:03+00:00] Link colors: green=62, to-check=0
[2026-07-18T18:46:04+00:00] Cells updated: 2 (clear=0, write=2)
[2026-07-18T18:46:04+00:00] State saved
[2026-07-18T18:46:04+00:00] === end (2.76s) ===
[2026-07-18T18:48:01+00:00] === start ===
[2026-07-18T18:48:02+00:00] Sheet rows: 11, month headers: 2
[2026-07-18T18:48:02+00:00] Columns: {"Тусюк":"B","Муха":"C","Козлянко":"D","Юрченков":"E"}
[2026-07-18T18:48:02+00:00] Tech users: {"57":"Тусюк","65":"Козлянко","67":"Муха","71":"Юрченков"}
[2026-07-18T18:48:02+00:00] Sync window: 2026-07-01 → 2026-09-30
[2026-07-18T18:48:03+00:00] Bookings from calendar: 2
[2026-07-18T18:48:04+00:00] Active deals: 169
[2026-07-18T18:48:04+00:00] Assignments: 2
[2026-07-18T18:48:04+00:00] Link colors: green=62, to-check=0
[2026-07-18T18:48:04+00:00] Cells updated: 2 (clear=0, write=2)
[2026-07-18T18:48:04+00:00] State saved
[2026-07-18T18:48:04+00:00] === end (3.11s) ===
[2026-07-18T18:50:01+00:00] === start ===
[2026-07-18T18:50:02+00:00] Sheet rows: 11, month headers: 2
[2026-07-18T18:50:02+00:00] Columns: {"Тусюк":"B","Муха":"C","Козлянко":"D","Юрченков":"E"}
[2026-07-18T18:50:02+00:00] Tech users: {"57":"Тусюк","65":"Козлянко","67":"Муха","71":"Юрченков"}
[2026-07-18T18:50:02+00:00] Sync window: 2026-07-01 → 2026-09-30
[2026-07-18T18:50:03+00:00] Bookings from calendar: 2
[2026-07-18T18:50:04+00:00] Active deals: 169
[2026-07-18T18:50:04+00:00] Assignments: 2
[2026-07-18T18:50:04+00:00] Link colors: green=62, to-check=0
[2026-07-18T18:50:04+00:00] Cells updated: 2 (clear=0, write=2)
[2026-07-18T18:50:04+00:00] State saved
[2026-07-18T18:50:04+00:00] === end (2.87s) ===
[2026-07-18T18:52:01+00:00] === start ===
[2026-07-18T18:52:02+00:00] Sheet rows: 11, month headers: 2
[2026-07-18T18:52:02+00:00] Columns: {"Тусюк":"B","Муха":"C","Козлянко":"D","Юрченков":"E"}
[2026-07-18T18:52:02+00:00] Tech users: {"57":"Тусюк","65":"Козлянко","67":"Муха","71":"Юрченков"}
[2026-07-18T18:52:02+00:00] Sync window: 2026-07-01 → 2026-09-30
[2026-07-18T18:52:03+00:00] Bookings from calendar: 2
[2026-07-18T18:52:03+00:00] Active deals: 169
[2026-07-18T18:52:03+00:00] Assignments: 2
[2026-07-18T18:52:03+00:00] Link colors: green=62, to-check=0
[2026-07-18T18:52:04+00:00] Cells updated: 2 (clear=0, write=2)
[2026-07-18T18:52:04+00:00] State saved
[2026-07-18T18:52:04+00:00] === end (2.72s) ===
[2026-07-18T18:54:01+00:00] === start ===
[2026-07-18T18:54:01+00:00] Sheet rows: 11, month headers: 2
[2026-07-18T18:54:02+00:00] Columns: {"Тусюк":"B","Муха":"C","Козлянко":"D","Юрченков":"E"}
[2026-07-18T18:54:02+00:00] Tech users: {"57":"Тусюк","65":"Козлянко","67":"Муха","71":"Юрченков"}
[2026-07-18T18:54:02+00:00] Sync window: 2026-07-01 → 2026-09-30
[2026-07-18T18:54:03+00:00] Bookings from calendar: 2
[2026-07-18T18:54:04+00:00] Active deals: 169
[2026-07-18T18:54:04+00:00] Assignments: 2
[2026-07-18T18:54:04+00:00] Link colors: green=62, to-check=0
[2026-07-18T18:54:04+00:00] Cells updated: 2 (clear=0, write=2)
[2026-07-18T18:54:04+00:00] State saved
[2026-07-18T18:54:04+00:00] === end (3.15s) ===
[2026-07-18T18:56:01+00:00] === start ===
[2026-07-18T18:56:02+00:00] Sheet rows: 11, month headers: 2
[2026-07-18T18:56:02+00:00] Columns: {"Тусюк":"B","Муха":"C","Козлянко":"D","Юрченков":"E"}
[2026-07-18T18:56:02+00:00] Tech users: {"57":"Тусюк","65":"Козлянко","67":"Муха","71":"Юрченков"}
[2026-07-18T18:56:02+00:00] Sync window: 2026-07-01 → 2026-09-30
[2026-07-18T18:56:03+00:00] Bookings from calendar: 2
[2026-07-18T18:56:03+00:00] Active deals: 169
[2026-07-18T18:56:03+00:00] Assignments: 2
[2026-07-18T18:56:03+00:00] Link colors: green=62, to-check=0
[2026-07-18T18:56:04+00:00] Cells updated: 2 (clear=0, write=2)
[2026-07-18T18:56:04+00:00] State saved
[2026-07-18T18:56:04+00:00] === end (2.72s) ===
[2026-07-18T18:58:01+00:00] === start ===
[2026-07-18T18:58:01+00:00] Sheet rows: 11, month headers: 2
[2026-07-18T18:58:02+00:00] Columns: {"Тусюк":"B","Муха":"C","Козлянко":"D","Юрченков":"E"}
[2026-07-18T18:58:02+00:00] Tech users: {"57":"Тусюк","65":"Козлянко","67":"Муха","71":"Юрченков"}
[2026-07-18T18:58:02+00:00] Sync window: 2026-07-01 → 2026-09-30
[2026-07-18T18:58:03+00:00] Bookings from calendar: 2
[2026-07-18T18:58:03+00:00] Active deals: 169
[2026-07-18T18:58:03+00:00] Assignments: 2
[2026-07-18T18:58:03+00:00] Link colors: green=62, to-check=0
[2026-07-18T18:58:04+00:00] Cells updated: 2 (clear=0, write=2)
[2026-07-18T18:58:04+00:00] State saved
[2026-07-18T18:58:04+00:00] === end (2.82s) ===
[2026-07-18T19:00:01+00:00] === start ===
[2026-07-18T19:00:01+00:00] Sheet rows: 11, month headers: 2
[2026-07-18T19:00:02+00:00] Columns: {"Тусюк":"B","Муха":"C","Козлянко":"D","Юрченков":"E"}
[2026-07-18T19:00:02+00:00] Tech users: {"57":"Тусюк","65":"Козлянко","67":"Муха","71":"Юрченков"}
[2026-07-18T19:00:02+00:00] Sync window: 2026-07-01 → 2026-09-30
[2026-07-18T19:00:03+00:00] Bookings from calendar: 2
[2026-07-18T19:00:03+00:00] Active deals: 169
[2026-07-18T19:00:03+00:00] Assignments: 2
[2026-07-18T19:00:03+00:00] Link colors: green=62, to-check=0
[2026-07-18T19:00:04+00:00] Cells updated: 2 (clear=0, write=2)
[2026-07-18T19:00:04+00:00] State saved
[2026-07-18T19:00:04+00:00] === end (2.94s) ===
[2026-07-18T19:02:01+00:00] === start ===
[2026-07-18T19:02:02+00:00] Sheet rows: 11, month headers: 2
[2026-07-18T19:02:02+00:00] Columns: {"Тусюк":"B","Муха":"C","Козлянко":"D","Юрченков":"E"}
[2026-07-18T19:02:02+00:00] Tech users: {"57":"Тусюк","65":"Козлянко","67":"Муха","71":"Юрченков"}
[2026-07-18T19:02:02+00:00] Sync window: 2026-07-01 → 2026-09-30
[2026-07-18T19:02:03+00:00] Bookings from calendar: 2
[2026-07-18T19:02:03+00:00] Active deals: 169
[2026-07-18T19:02:03+00:00] Assignments: 2
[2026-07-18T19:02:03+00:00] Link colors: green=62, to-check=0
[2026-07-18T19:02:04+00:00] Cells updated: 2 (clear=0, write=2)
[2026-07-18T19:02:04+00:00] State saved
[2026-07-18T19:02:04+00:00] === end (3.07s) ===
[2026-07-18T19:04:01+00:00] === start ===
[2026-07-18T19:04:02+00:00] Sheet rows: 11, month headers: 2
[2026-07-18T19:04:02+00:00] Columns: {"Тусюк":"B","Муха":"C","Козлянко":"D","Юрченков":"E"}
[2026-07-18T19:04:02+00:00] Tech users: {"57":"Тусюк","65":"Козлянко","67":"Муха","71":"Юрченков"}
[2026-07-18T19:04:02+00:00] Sync window: 2026-07-01 → 2026-09-30
[2026-07-18T19:04:03+00:00] Bookings from calendar: 2
[2026-07-18T19:04:04+00:00] Active deals: 169
[2026-07-18T19:04:04+00:00] Assignments: 2
[2026-07-18T19:04:04+00:00] Link colors: green=62, to-check=0
[2026-07-18T19:04:04+00:00] Cells updated: 2 (clear=0, write=2)
[2026-07-18T19:04:04+00:00] State saved
[2026-07-18T19:04:04+00:00] === end (3.29s) ===
[2026-07-18T19:06:02+00:00] === start ===
[2026-07-18T19:06:02+00:00] Sheet rows: 11, month headers: 2
[2026-07-18T19:06:03+00:00] Columns: {"Тусюк":"B","Муха":"C","Козлянко":"D","Юрченков":"E"}
[2026-07-18T19:06:03+00:00] Tech users: {"57":"Тусюк","65":"Козлянко","67":"Муха","71":"Юрченков"}
[2026-07-18T19:06:03+00:00] Sync window: 2026-07-01 → 2026-09-30
[2026-07-18T19:06:04+00:00] Bookings from calendar: 2
[2026-07-18T19:06:04+00:00] Active deals: 169
[2026-07-18T19:06:04+00:00] Assignments: 2
[2026-07-18T19:06:04+00:00] Link colors: green=62, to-check=0
[2026-07-18T19:06:05+00:00] Cells updated: 2 (clear=0, write=2)
[2026-07-18T19:06:05+00:00] State saved
[2026-07-18T19:06:05+00:00] === end (3.55s) ===
[2026-07-18T19:08:01+00:00] === start ===
[2026-07-18T19:08:01+00:00] Sheet rows: 11, month headers: 2
[2026-07-18T19:08:02+00:00] Columns: {"Тусюк":"B","Муха":"C","Козлянко":"D","Юрченков":"E"}
[2026-07-18T19:08:02+00:00] Tech users: {"57":"Тусюк","65":"Козлянко","67":"Муха","71":"Юрченков"}
[2026-07-18T19:08:02+00:00] Sync window: 2026-07-01 → 2026-09-30
[2026-07-18T19:08:03+00:00] Bookings from calendar: 2
[2026-07-18T19:08:03+00:00] Active deals: 169
[2026-07-18T19:08:03+00:00] Assignments: 2
[2026-07-18T19:08:03+00:00] Link colors: green=62, to-check=0
[2026-07-18T19:08:04+00:00] Cells updated: 2 (clear=0, write=2)
[2026-07-18T19:08:04+00:00] State saved
[2026-07-18T19:08:04+00:00] === end (3.31s) ===
[2026-07-18T19:10:02+00:00] === start ===
[2026-07-18T19:10:02+00:00] Sheet rows: 11, month headers: 2
[2026-07-18T19:10:02+00:00] Columns: {"Тусюк":"B","Муха":"C","Козлянко":"D","Юрченков":"E"}
[2026-07-18T19:10:02+00:00] Tech users: {"57":"Тусюк","65":"Козлянко","67":"Муха","71":"Юрченков"}
[2026-07-18T19:10:02+00:00] Sync window: 2026-07-01 → 2026-09-30
[2026-07-18T19:10:03+00:00] Bookings from calendar: 2
[2026-07-18T19:10:04+00:00] Active deals: 169
[2026-07-18T19:10:04+00:00] Assignments: 2
[2026-07-18T19:10:04+00:00] Link colors: green=62, to-check=0
[2026-07-18T19:10:05+00:00] Cells updated: 2 (clear=0, write=2)
[2026-07-18T19:10:05+00:00] State saved
[2026-07-18T19:10:05+00:00] === end (3.04s) ===
[2026-07-18T19:12:01+00:00] === start ===
[2026-07-18T19:12:01+00:00] Sheet rows: 11, month headers: 2
[2026-07-18T19:12:02+00:00] Columns: {"Тусюк":"B","Муха":"C","Козлянко":"D","Юрченков":"E"}
[2026-07-18T19:12:02+00:00] Tech users: {"57":"Тусюк","65":"Козлянко","67":"Муха","71":"Юрченков"}
[2026-07-18T19:12:02+00:00] Sync window: 2026-07-01 → 2026-09-30
[2026-07-18T19:12:03+00:00] Bookings from calendar: 2
[2026-07-18T19:12:03+00:00] Active deals: 169
[2026-07-18T19:12:03+00:00] Assignments: 2
[2026-07-18T19:12:03+00:00] Link colors: green=62, to-check=0
[2026-07-18T19:12:04+00:00] Cells updated: 2 (clear=0, write=2)
[2026-07-18T19:12:04+00:00] State saved
[2026-07-18T19:12:04+00:00] === end (3.41s) ===
[2026-07-18T19:14:01+00:00] === start ===
[2026-07-18T19:14:02+00:00] Sheet rows: 11, month headers: 2
[2026-07-18T19:14:02+00:00] Columns: {"Тусюк":"B","Муха":"C","Козлянко":"D","Юрченков":"E"}
[2026-07-18T19:14:02+00:00] Tech users: {"57":"Тусюк","65":"Козлянко","67":"Муха","71":"Юрченков"}
[2026-07-18T19:14:02+00:00] Sync window: 2026-07-01 → 2026-09-30
[2026-07-18T19:14:03+00:00] Bookings from calendar: 2
[2026-07-18T19:14:03+00:00] Active deals: 169
[2026-07-18T19:14:03+00:00] Assignments: 2
[2026-07-18T19:14:03+00:00] Link colors: green=62, to-check=0
[2026-07-18T19:14:04+00:00] Cells updated: 2 (clear=0, write=2)
[2026-07-18T19:14:04+00:00] State saved
[2026-07-18T19:14:04+00:00] === end (2.75s) ===
[2026-07-18T19:16:01+00:00] === start ===
[2026-07-18T19:16:02+00:00] Sheet rows: 11, month headers: 2
[2026-07-18T19:16:02+00:00] Columns: {"Тусюк":"B","Муха":"C","Козлянко":"D","Юрченков":"E"}
[2026-07-18T19:16:02+00:00] Tech users: {"57":"Тусюк","65":"Козлянко","67":"Муха","71":"Юрченков"}
[2026-07-18T19:16:02+00:00] Sync window: 2026-07-01 → 2026-09-30
[2026-07-18T19:16:03+00:00] Bookings from calendar: 2
[2026-07-18T19:16:03+00:00] Active deals: 169
[2026-07-18T19:16:03+00:00] Assignments: 2
[2026-07-18T19:16:03+00:00] Link colors: green=62, to-check=0
[2026-07-18T19:16:04+00:00] Cells updated: 2 (clear=0, write=2)
[2026-07-18T19:16:04+00:00] State saved
[2026-07-18T19:16:04+00:00] === end (2.76s) ===
[2026-07-18T19:18:01+00:00] === start ===
[2026-07-18T19:18:02+00:00] Sheet rows: 11, month headers: 2
[2026-07-18T19:18:02+00:00] Columns: {"Тусюк":"B","Муха":"C","Козлянко":"D","Юрченков":"E"}
[2026-07-18T19:18:02+00:00] Tech users: {"57":"Тусюк","65":"Козлянко","67":"Муха","71":"Юрченков"}
[2026-07-18T19:18:02+00:00] Sync window: 2026-07-01 → 2026-09-30
[2026-07-18T19:18:03+00:00] Bookings from calendar: 2
[2026-07-18T19:18:03+00:00] Active deals: 169
[2026-07-18T19:18:03+00:00] Assignments: 2
[2026-07-18T19:18:03+00:00] Link colors: green=62, to-check=0
[2026-07-18T19:18:04+00:00] Cells updated: 2 (clear=0, write=2)
[2026-07-18T19:18:04+00:00] State saved
[2026-07-18T19:18:04+00:00] === end (2.82s) ===
[2026-07-18T19:20:01+00:00] === start ===
[2026-07-18T19:20:01+00:00] Sheet rows: 11, month headers: 2
[2026-07-18T19:20:02+00:00] Columns: {"Тусюк":"B","Муха":"C","Козлянко":"D","Юрченков":"E"}
[2026-07-18T19:20:02+00:00] Tech users: {"57":"Тусюк","65":"Козлянко","67":"Муха","71":"Юрченков"}
[2026-07-18T19:20:02+00:00] Sync window: 2026-07-01 → 2026-09-30
[2026-07-18T19:20:03+00:00] Bookings from calendar: 2
[2026-07-18T19:20:03+00:00] Active deals: 169
[2026-07-18T19:20:03+00:00] Assignments: 2
[2026-07-18T19:20:03+00:00] Link colors: green=62, to-check=0
[2026-07-18T19:20:04+00:00] Cells updated: 2 (clear=0, write=2)
[2026-07-18T19:20:04+00:00] State saved
[2026-07-18T19:20:04+00:00] === end (3.01s) ===
[2026-07-18T19:22:01+00:00] === start ===
[2026-07-18T19:22:02+00:00] Sheet rows: 11, month headers: 2
[2026-07-18T19:22:02+00:00] Columns: {"Тусюк":"B","Муха":"C","Козлянко":"D","Юрченков":"E"}
[2026-07-18T19:22:02+00:00] Tech users: {"57":"Тусюк","65":"Козлянко","67":"Муха","71":"Юрченков"}
[2026-07-18T19:22:02+00:00] Sync window: 2026-07-01 → 2026-09-30
[2026-07-18T19:22:03+00:00] Bookings from calendar: 2
[2026-07-18T19:22:04+00:00] Active deals: 169
[2026-07-18T19:22:04+00:00] Assignments: 2
[2026-07-18T19:22:04+00:00] Link colors: green=62, to-check=0
[2026-07-18T19:22:05+00:00] Cells updated: 2 (clear=0, write=2)
[2026-07-18T19:22:05+00:00] State saved
[2026-07-18T19:22:05+00:00] === end (3.5s) ===
[2026-07-18T19:24:01+00:00] === start ===
[2026-07-18T19:24:01+00:00] Sheet rows: 11, month headers: 2
[2026-07-18T19:24:01+00:00] Columns: {"Тусюк":"B","Муха":"C","Козлянко":"D","Юрченков":"E"}
[2026-07-18T19:24:02+00:00] Tech users: {"57":"Тусюк","65":"Козлянко","67":"Муха","71":"Юрченков"}
[2026-07-18T19:24:02+00:00] Sync window: 2026-07-01 → 2026-09-30
[2026-07-18T19:24:02+00:00] Bookings from calendar: 2
[2026-07-18T19:24:03+00:00] Active deals: 169
[2026-07-18T19:24:03+00:00] Assignments: 2
[2026-07-18T19:24:03+00:00] Link colors: green=62, to-check=0
[2026-07-18T19:24:04+00:00] Cells updated: 2 (clear=0, write=2)
[2026-07-18T19:24:04+00:00] State saved
[2026-07-18T19:24:04+00:00] === end (2.99s) ===
[2026-07-18T19:26:01+00:00] === start ===
[2026-07-18T19:26:01+00:00] Sheet rows: 11, month headers: 2
[2026-07-18T19:26:02+00:00] Columns: {"Тусюк":"B","Муха":"C","Козлянко":"D","Юрченков":"E"}
[2026-07-18T19:26:02+00:00] Tech users: {"57":"Тусюк","65":"Козлянко","67":"Муха","71":"Юрченков"}
[2026-07-18T19:26:02+00:00] Sync window: 2026-07-01 → 2026-09-30
[2026-07-18T19:26:02+00:00] Bookings from calendar: 2
[2026-07-18T19:26:03+00:00] Active deals: 169
[2026-07-18T19:26:03+00:00] Assignments: 2
[2026-07-18T19:26:03+00:00] Link colors: green=62, to-check=0
[2026-07-18T19:26:04+00:00] Cells updated: 2 (clear=0, write=2)
[2026-07-18T19:26:04+00:00] State saved
[2026-07-18T19:26:04+00:00] === end (3.38s) ===
[2026-07-18T19:28:01+00:00] === start ===
[2026-07-18T19:28:02+00:00] Sheet rows: 11, month headers: 2
[2026-07-18T19:28:02+00:00] Columns: {"Тусюк":"B","Муха":"C","Козлянко":"D","Юрченков":"E"}
[2026-07-18T19:28:02+00:00] Tech users: {"57":"Тусюк","65":"Козлянко","67":"Муха","71":"Юрченков"}
[2026-07-18T19:28:02+00:00] Sync window: 2026-07-01 → 2026-09-30
[2026-07-18T19:28:03+00:00] Bookings from calendar: 2
[2026-07-18T19:28:04+00:00] Active deals: 169
[2026-07-18T19:28:04+00:00] Assignments: 2
[2026-07-18T19:28:04+00:00] Link colors: green=62, to-check=0
[2026-07-18T19:28:05+00:00] Cells updated: 2 (clear=0, write=2)
[2026-07-18T19:28:05+00:00] State saved
[2026-07-18T19:28:05+00:00] === end (3.41s) ===
[2026-07-18T19:30:01+00:00] === start ===
[2026-07-18T19:30:01+00:00] Sheet rows: 11, month headers: 2
[2026-07-18T19:30:03+00:00] Columns: {"Тусюк":"B","Муха":"C","Козлянко":"D","Юрченков":"E"}
[2026-07-18T19:30:03+00:00] Tech users: {"57":"Тусюк","65":"Козлянко","67":"Муха","71":"Юрченков"}
[2026-07-18T19:30:03+00:00] Sync window: 2026-07-01 → 2026-09-30
[2026-07-18T19:30:04+00:00] Bookings from calendar: 2
[2026-07-18T19:30:04+00:00] Active deals: 169
[2026-07-18T19:30:04+00:00] Assignments: 2
[2026-07-18T19:30:04+00:00] Link colors: green=62, to-check=0
[2026-07-18T19:30:06+00:00] Cells updated: 2 (clear=0, write=2)
[2026-07-18T19:30:06+00:00] State saved
[2026-07-18T19:30:06+00:00] === end (4.81s) ===
[2026-07-18T19:32:01+00:00] === start ===
[2026-07-18T19:32:01+00:00] Sheet rows: 11, month headers: 2
[2026-07-18T19:32:01+00:00] Columns: {"Тусюк":"B","Муха":"C","Козлянко":"D","Юрченков":"E"}
[2026-07-18T19:32:02+00:00] Tech users: {"57":"Тусюк","65":"Козлянко","67":"Муха","71":"Юрченков"}
[2026-07-18T19:32:02+00:00] Sync window: 2026-07-01 → 2026-09-30
[2026-07-18T19:32:02+00:00] Bookings from calendar: 2
[2026-07-18T19:32:03+00:00] Active deals: 169
[2026-07-18T19:32:03+00:00] Assignments: 2
[2026-07-18T19:32:03+00:00] Link colors: green=62, to-check=0
[2026-07-18T19:32:03+00:00] Cells updated: 2 (clear=0, write=2)
[2026-07-18T19:32:03+00:00] State saved
[2026-07-18T19:32:03+00:00] === end (2.72s) ===
[2026-07-18T19:34:01+00:00] === start ===
[2026-07-18T19:34:02+00:00] Sheet rows: 11, month headers: 2
[2026-07-18T19:34:02+00:00] Columns: {"Тусюк":"B","Муха":"C","Козлянко":"D","Юрченков":"E"}
[2026-07-18T19:34:02+00:00] Tech users: {"57":"Тусюк","65":"Козлянко","67":"Муха","71":"Юрченков"}
[2026-07-18T19:34:02+00:00] Sync window: 2026-07-01 → 2026-09-30
[2026-07-18T19:34:03+00:00] Bookings from calendar: 2
[2026-07-18T19:34:04+00:00] Active deals: 169
[2026-07-18T19:34:04+00:00] Assignments: 2
[2026-07-18T19:34:04+00:00] Link colors: green=62, to-check=0
[2026-07-18T19:34:04+00:00] Cells updated: 2 (clear=0, write=2)
[2026-07-18T19:34:04+00:00] State saved
[2026-07-18T19:34:04+00:00] === end (2.96s) ===
[2026-07-18T19:36:02+00:00] === start ===
[2026-07-18T19:36:02+00:00] Sheet rows: 11, month headers: 2
[2026-07-18T19:36:02+00:00] Columns: {"Тусюк":"B","Муха":"C","Козлянко":"D","Юрченков":"E"}
[2026-07-18T19:36:02+00:00] Tech users: {"57":"Тусюк","65":"Козлянко","67":"Муха","71":"Юрченков"}
[2026-07-18T19:36:02+00:00] Sync window: 2026-07-01 → 2026-09-30
[2026-07-18T19:36:03+00:00] Bookings from calendar: 2
[2026-07-18T19:36:04+00:00] Active deals: 169
[2026-07-18T19:36:04+00:00] Assignments: 2
[2026-07-18T19:36:04+00:00] Link colors: green=62, to-check=0
[2026-07-18T19:36:04+00:00] Cells updated: 2 (clear=0, write=2)
[2026-07-18T19:36:04+00:00] State saved
[2026-07-18T19:36:04+00:00] === end (2.84s) ===
[2026-07-18T19:38:01+00:00] === start ===
[2026-07-18T19:38:02+00:00] Sheet rows: 11, month headers: 2
[2026-07-18T19:38:02+00:00] Columns: {"Тусюк":"B","Муха":"C","Козлянко":"D","Юрченков":"E"}
[2026-07-18T19:38:02+00:00] Tech users: {"57":"Тусюк","65":"Козлянко","67":"Муха","71":"Юрченков"}
[2026-07-18T19:38:02+00:00] Sync window: 2026-07-01 → 2026-09-30
[2026-07-18T19:38:04+00:00] Bookings from calendar: 2
[2026-07-18T19:38:05+00:00] Active deals: 169
[2026-07-18T19:38:05+00:00] Assignments: 2
[2026-07-18T19:38:05+00:00] Link colors: green=62, to-check=0
[2026-07-18T19:38:05+00:00] Cells updated: 2 (clear=0, write=2)
[2026-07-18T19:38:05+00:00] State saved
[2026-07-18T19:38:05+00:00] === end (3.72s) ===
[2026-07-18T19:40:01+00:00] === start ===
[2026-07-18T19:40:02+00:00] Sheet rows: 11, month headers: 2
[2026-07-18T19:40:02+00:00] Columns: {"Тусюк":"B","Муха":"C","Козлянко":"D","Юрченков":"E"}
[2026-07-18T19:40:02+00:00] Tech users: {"57":"Тусюк","65":"Козлянко","67":"Муха","71":"Юрченков"}
[2026-07-18T19:40:02+00:00] Sync window: 2026-07-01 → 2026-09-30
[2026-07-18T19:40:03+00:00] Bookings from calendar: 2
[2026-07-18T19:40:04+00:00] Active deals: 169
[2026-07-18T19:40:04+00:00] Assignments: 2
[2026-07-18T19:40:04+00:00] Link colors: green=62, to-check=0
[2026-07-18T19:40:05+00:00] Cells updated: 2 (clear=0, write=2)
[2026-07-18T19:40:05+00:00] State saved
[2026-07-18T19:40:05+00:00] === end (3.69s) ===
[2026-07-18T19:42:01+00:00] === start ===
[2026-07-18T19:42:03+00:00] Sheet rows: 11, month headers: 2
[2026-07-18T19:42:03+00:00] Columns: {"Тусюк":"B","Муха":"C","Козлянко":"D","Юрченков":"E"}
[2026-07-18T19:42:03+00:00] Tech users: {"57":"Тусюк","65":"Козлянко","67":"Муха","71":"Юрченков"}
[2026-07-18T19:42:03+00:00] Sync window: 2026-07-01 → 2026-09-30
[2026-07-18T19:42:04+00:00] Bookings from calendar: 2
[2026-07-18T19:42:05+00:00] Active deals: 169
[2026-07-18T19:42:05+00:00] Assignments: 2
[2026-07-18T19:42:05+00:00] Link colors: green=62, to-check=0
[2026-07-18T19:42:05+00:00] Cells updated: 2 (clear=0, write=2)
[2026-07-18T19:42:05+00:00] State saved
[2026-07-18T19:42:05+00:00] === end (4.43s) ===
[2026-07-18T19:44:01+00:00] === start ===
[2026-07-18T19:44:02+00:00] Sheet rows: 11, month headers: 2
[2026-07-18T19:44:02+00:00] Columns: {"Тусюк":"B","Муха":"C","Козлянко":"D","Юрченков":"E"}
[2026-07-18T19:44:02+00:00] Tech users: {"57":"Тусюк","65":"Козлянко","67":"Муха","71":"Юрченков"}
[2026-07-18T19:44:02+00:00] Sync window: 2026-07-01 → 2026-09-30
[2026-07-18T19:44:03+00:00] Bookings from calendar: 2
[2026-07-18T19:44:04+00:00] Active deals: 169
[2026-07-18T19:44:04+00:00] Assignments: 2
[2026-07-18T19:44:04+00:00] Link colors: green=62, to-check=0
[2026-07-18T19:44:04+00:00] Cells updated: 2 (clear=0, write=2)
[2026-07-18T19:44:04+00:00] State saved
[2026-07-18T19:44:04+00:00] === end (2.96s) ===
[2026-07-18T19:46:02+00:00] === start ===
[2026-07-18T19:46:02+00:00] Sheet rows: 11, month headers: 2
[2026-07-18T19:46:02+00:00] Columns: {"Тусюк":"B","Муха":"C","Козлянко":"D","Юрченков":"E"}
[2026-07-18T19:46:03+00:00] Tech users: {"57":"Тусюк","65":"Козлянко","67":"Муха","71":"Юрченков"}
[2026-07-18T19:46:03+00:00] Sync window: 2026-07-01 → 2026-09-30
[2026-07-18T19:46:03+00:00] Bookings from calendar: 2
[2026-07-18T19:46:04+00:00] Active deals: 169
[2026-07-18T19:46:04+00:00] Assignments: 2
[2026-07-18T19:46:04+00:00] Link colors: green=62, to-check=0
[2026-07-18T19:46:05+00:00] Cells updated: 2 (clear=0, write=2)
[2026-07-18T19:46:05+00:00] State saved
[2026-07-18T19:46:05+00:00] === end (3.22s) ===
[2026-07-18T19:48:01+00:00] === start ===
[2026-07-18T19:48:01+00:00] Sheet rows: 11, month headers: 2
[2026-07-18T19:48:01+00:00] Columns: {"Тусюк":"B","Муха":"C","Козлянко":"D","Юрченков":"E"}
[2026-07-18T19:48:02+00:00] Tech users: {"57":"Тусюк","65":"Козлянко","67":"Муха","71":"Юрченков"}
[2026-07-18T19:48:02+00:00] Sync window: 2026-07-01 → 2026-09-30
[2026-07-18T19:48:02+00:00] Bookings from calendar: 2
[2026-07-18T19:48:03+00:00] Active deals: 169
[2026-07-18T19:48:03+00:00] Assignments: 2
[2026-07-18T19:48:03+00:00] Link colors: green=62, to-check=0
[2026-07-18T19:48:04+00:00] Cells updated: 2 (clear=0, write=2)
[2026-07-18T19:48:04+00:00] State saved
[2026-07-18T19:48:04+00:00] === end (3.26s) ===
[2026-07-18T19:50:01+00:00] === start ===
[2026-07-18T19:50:02+00:00] Sheet rows: 11, month headers: 2
[2026-07-18T19:50:02+00:00] Columns: {"Тусюк":"B","Муха":"C","Козлянко":"D","Юрченков":"E"}
[2026-07-18T19:50:02+00:00] Tech users: {"57":"Тусюк","65":"Козлянко","67":"Муха","71":"Юрченков"}
[2026-07-18T19:50:02+00:00] Sync window: 2026-07-01 → 2026-09-30
[2026-07-18T19:50:03+00:00] Bookings from calendar: 2
[2026-07-18T19:50:03+00:00] Active deals: 169
[2026-07-18T19:50:03+00:00] Assignments: 2
[2026-07-18T19:50:03+00:00] Link colors: green=62, to-check=0
[2026-07-18T19:50:04+00:00] Cells updated: 2 (clear=0, write=2)
[2026-07-18T19:50:04+00:00] State saved
[2026-07-18T19:50:04+00:00] === end (2.67s) ===
[2026-07-18T19:52:01+00:00] === start ===
[2026-07-18T19:52:01+00:00] Sheet rows: 11, month headers: 2
[2026-07-18T19:52:01+00:00] Columns: {"Тусюк":"B","Муха":"C","Козлянко":"D","Юрченков":"E"}
[2026-07-18T19:52:02+00:00] Tech users: {"57":"Тусюк","65":"Козлянко","67":"Муха","71":"Юрченков"}
[2026-07-18T19:52:02+00:00] Sync window: 2026-07-01 → 2026-09-30
[2026-07-18T19:52:02+00:00] Bookings from calendar: 2
[2026-07-18T19:52:03+00:00] Active deals: 169
[2026-07-18T19:52:03+00:00] Assignments: 2
[2026-07-18T19:52:03+00:00] Link colors: green=62, to-check=0
[2026-07-18T19:52:04+00:00] Cells updated: 2 (clear=0, write=2)
[2026-07-18T19:52:04+00:00] State saved
[2026-07-18T19:52:04+00:00] === end (2.8s) ===
[2026-07-18T19:54:01+00:00] === start ===
[2026-07-18T19:54:02+00:00] Sheet rows: 11, month headers: 2
[2026-07-18T19:54:02+00:00] Columns: {"Тусюк":"B","Муха":"C","Козлянко":"D","Юрченков":"E"}
[2026-07-18T19:54:02+00:00] Tech users: {"57":"Тусюк","65":"Козлянко","67":"Муха","71":"Юрченков"}
[2026-07-18T19:54:02+00:00] Sync window: 2026-07-01 → 2026-09-30
[2026-07-18T19:54:03+00:00] Bookings from calendar: 2
[2026-07-18T19:54:04+00:00] Active deals: 169
[2026-07-18T19:54:04+00:00] Assignments: 2
[2026-07-18T19:54:04+00:00] Link colors: green=62, to-check=0
[2026-07-18T19:54:04+00:00] Cells updated: 2 (clear=0, write=2)
[2026-07-18T19:54:04+00:00] State saved
[2026-07-18T19:54:04+00:00] === end (3.63s) ===
[2026-07-18T19:56:01+00:00] === start ===
[2026-07-18T19:56:02+00:00] Sheet rows: 11, month headers: 2
[2026-07-18T19:56:02+00:00] Columns: {"Тусюк":"B","Муха":"C","Козлянко":"D","Юрченков":"E"}
[2026-07-18T19:56:03+00:00] Tech users: {"57":"Тусюк","65":"Козлянко","67":"Муха","71":"Юрченков"}
[2026-07-18T19:56:03+00:00] Sync window: 2026-07-01 → 2026-09-30
[2026-07-18T19:56:03+00:00] Bookings from calendar: 2
[2026-07-18T19:56:04+00:00] Active deals: 169
[2026-07-18T19:56:04+00:00] Assignments: 2
[2026-07-18T19:56:04+00:00] Link colors: green=62, to-check=0
[2026-07-18T19:56:05+00:00] Cells updated: 2 (clear=0, write=2)
[2026-07-18T19:56:05+00:00] State saved
[2026-07-18T19:56:05+00:00] === end (3.55s) ===
[2026-07-18T19:58:01+00:00] === start ===
[2026-07-18T19:58:02+00:00] Sheet rows: 11, month headers: 2
[2026-07-18T19:58:02+00:00] Columns: {"Тусюк":"B","Муха":"C","Козлянко":"D","Юрченков":"E"}
[2026-07-18T19:58:02+00:00] Tech users: {"57":"Тусюк","65":"Козлянко","67":"Муха","71":"Юрченков"}
[2026-07-18T19:58:02+00:00] Sync window: 2026-07-01 → 2026-09-30
[2026-07-18T19:58:03+00:00] Bookings from calendar: 2
[2026-07-18T19:58:03+00:00] Active deals: 169
[2026-07-18T19:58:03+00:00] Assignments: 2
[2026-07-18T19:58:03+00:00] Link colors: green=62, to-check=0
[2026-07-18T19:58:04+00:00] Cells updated: 2 (clear=0, write=2)
[2026-07-18T19:58:04+00:00] State saved
[2026-07-18T19:58:04+00:00] === end (2.98s) ===
[2026-07-18T20:00:01+00:00] === start ===
[2026-07-18T20:00:01+00:00] Sheet rows: 11, month headers: 2
[2026-07-18T20:00:02+00:00] Columns: {"Тусюк":"B","Муха":"C","Козлянко":"D","Юрченков":"E"}
[2026-07-18T20:00:02+00:00] Tech users: {"57":"Тусюк","65":"Козлянко","67":"Муха","71":"Юрченков"}
[2026-07-18T20:00:02+00:00] Sync window: 2026-07-01 → 2026-09-30
[2026-07-18T20:00:03+00:00] Bookings from calendar: 2
[2026-07-18T20:00:03+00:00] Active deals: 169
[2026-07-18T20:00:03+00:00] Assignments: 2
[2026-07-18T20:00:03+00:00] Link colors: green=62, to-check=0
[2026-07-18T20:00:04+00:00] Cells updated: 2 (clear=0, write=2)
[2026-07-18T20:00:04+00:00] State saved
[2026-07-18T20:00:04+00:00] === end (3.15s) ===
[2026-07-18T20:02:01+00:00] === start ===
[2026-07-18T20:02:02+00:00] Sheet rows: 11, month headers: 2
[2026-07-18T20:02:02+00:00] Columns: {"Тусюк":"B","Муха":"C","Козлянко":"D","Юрченков":"E"}
[2026-07-18T20:02:02+00:00] Tech users: {"57":"Тусюк","65":"Козлянко","67":"Муха","71":"Юрченков"}
[2026-07-18T20:02:02+00:00] Sync window: 2026-07-01 → 2026-09-30
[2026-07-18T20:02:03+00:00] Bookings from calendar: 2
[2026-07-18T20:02:04+00:00] Active deals: 169
[2026-07-18T20:02:04+00:00] Assignments: 2
[2026-07-18T20:02:04+00:00] Link colors: green=62, to-check=0
[2026-07-18T20:02:04+00:00] Cells updated: 2 (clear=0, write=2)
[2026-07-18T20:02:04+00:00] State saved
[2026-07-18T20:02:04+00:00] === end (3.12s) ===
[2026-07-18T20:04:02+00:00] === start ===
[2026-07-18T20:04:02+00:00] Sheet rows: 11, month headers: 2
[2026-07-18T20:04:02+00:00] Columns: {"Тусюк":"B","Муха":"C","Козлянко":"D","Юрченков":"E"}
[2026-07-18T20:04:02+00:00] Tech users: {"57":"Тусюк","65":"Козлянко","67":"Муха","71":"Юрченков"}
[2026-07-18T20:04:02+00:00] Sync window: 2026-07-01 → 2026-09-30
[2026-07-18T20:04:03+00:00] Bookings from calendar: 2
[2026-07-18T20:04:04+00:00] Active deals: 169
[2026-07-18T20:04:04+00:00] Assignments: 2
[2026-07-18T20:04:04+00:00] Link colors: green=62, to-check=0
[2026-07-18T20:04:04+00:00] Cells updated: 2 (clear=0, write=2)
[2026-07-18T20:04:04+00:00] State saved
[2026-07-18T20:04:04+00:00] === end (2.68s) ===
[2026-07-18T20:06:01+00:00] === start ===
[2026-07-18T20:06:02+00:00] Sheet rows: 11, month headers: 2
[2026-07-18T20:06:02+00:00] Columns: {"Тусюк":"B","Муха":"C","Козлянко":"D","Юрченков":"E"}
[2026-07-18T20:06:02+00:00] Tech users: {"57":"Тусюк","65":"Козлянко","67":"Муха","71":"Юрченков"}
[2026-07-18T20:06:02+00:00] Sync window: 2026-07-01 → 2026-09-30
[2026-07-18T20:06:03+00:00] Bookings from calendar: 2
[2026-07-18T20:06:03+00:00] Active deals: 169
[2026-07-18T20:06:03+00:00] Assignments: 2
[2026-07-18T20:06:03+00:00] Link colors: green=62, to-check=0
[2026-07-18T20:06:04+00:00] Cells updated: 2 (clear=0, write=2)
[2026-07-18T20:06:04+00:00] State saved
[2026-07-18T20:06:04+00:00] === end (2.76s) ===
[2026-07-18T20:08:01+00:00] === start ===
[2026-07-18T20:08:01+00:00] Sheet rows: 11, month headers: 2
[2026-07-18T20:08:02+00:00] Columns: {"Тусюк":"B","Муха":"C","Козлянко":"D","Юрченков":"E"}
[2026-07-18T20:08:02+00:00] Tech users: {"57":"Тусюк","65":"Козлянко","67":"Муха","71":"Юрченков"}
[2026-07-18T20:08:02+00:00] Sync window: 2026-07-01 → 2026-09-30
[2026-07-18T20:08:03+00:00] Bookings from calendar: 2
[2026-07-18T20:08:03+00:00] Active deals: 169
[2026-07-18T20:08:03+00:00] Assignments: 2
[2026-07-18T20:08:03+00:00] Link colors: green=62, to-check=0
[2026-07-18T20:08:04+00:00] Cells updated: 2 (clear=0, write=2)
[2026-07-18T20:08:04+00:00] State saved
[2026-07-18T20:08:04+00:00] === end (2.75s) ===
[2026-07-18T20:10:01+00:00] === start ===
[2026-07-18T20:10:01+00:00] Sheet rows: 11, month headers: 2
[2026-07-18T20:10:02+00:00] Columns: {"Тусюк":"B","Муха":"C","Козлянко":"D","Юрченков":"E"}
[2026-07-18T20:10:02+00:00] Tech users: {"57":"Тусюк","65":"Козлянко","67":"Муха","71":"Юрченков"}
[2026-07-18T20:10:02+00:00] Sync window: 2026-07-01 → 2026-09-30
[2026-07-18T20:10:02+00:00] Bookings from calendar: 2
[2026-07-18T20:10:03+00:00] Active deals: 169
[2026-07-18T20:10:03+00:00] Assignments: 2
[2026-07-18T20:10:03+00:00] Link colors: green=62, to-check=0
[2026-07-18T20:10:04+00:00] Cells updated: 2 (clear=0, write=2)
[2026-07-18T20:10:04+00:00] State saved
[2026-07-18T20:10:04+00:00] === end (2.67s) ===
[2026-07-18T20:12:01+00:00] === start ===
[2026-07-18T20:12:01+00:00] Sheet rows: 11, month headers: 2
[2026-07-18T20:12:01+00:00] Columns: {"Тусюк":"B","Муха":"C","Козлянко":"D","Юрченков":"E"}
[2026-07-18T20:12:02+00:00] Tech users: {"57":"Тусюк","65":"Козлянко","67":"Муха","71":"Юрченков"}
[2026-07-18T20:12:02+00:00] Sync window: 2026-07-01 → 2026-09-30
[2026-07-18T20:12:02+00:00] Bookings from calendar: 2
[2026-07-18T20:12:03+00:00] Active deals: 169
[2026-07-18T20:12:03+00:00] Assignments: 2
[2026-07-18T20:12:03+00:00] Link colors: green=62, to-check=0
[2026-07-18T20:12:04+00:00] Cells updated: 2 (clear=0, write=2)
[2026-07-18T20:12:04+00:00] State saved
[2026-07-18T20:12:04+00:00] === end (2.92s) ===
[2026-07-18T20:14:01+00:00] === start ===
[2026-07-18T20:14:01+00:00] Sheet rows: 11, month headers: 2
[2026-07-18T20:14:01+00:00] Columns: {"Тусюк":"B","Муха":"C","Козлянко":"D","Юрченков":"E"}
[2026-07-18T20:14:01+00:00] Tech users: {"57":"Тусюк","65":"Козлянко","67":"Муха","71":"Юрченков"}
[2026-07-18T20:14:01+00:00] Sync window: 2026-07-01 → 2026-09-30
[2026-07-18T20:14:02+00:00] Bookings from calendar: 2
[2026-07-18T20:14:03+00:00] Active deals: 169
[2026-07-18T20:14:03+00:00] Assignments: 2
[2026-07-18T20:14:03+00:00] Link colors: green=62, to-check=0
[2026-07-18T20:14:03+00:00] Cells updated: 2 (clear=0, write=2)
[2026-07-18T20:14:03+00:00] State saved
[2026-07-18T20:14:03+00:00] === end (2.68s) ===
[2026-07-18T20:16:01+00:00] === start ===
[2026-07-18T20:16:01+00:00] Sheet rows: 11, month headers: 2
[2026-07-18T20:16:02+00:00] Columns: {"Тусюк":"B","Муха":"C","Козлянко":"D","Юрченков":"E"}
[2026-07-18T20:16:02+00:00] Tech users: {"57":"Тусюк","65":"Козлянко","67":"Муха","71":"Юрченков"}
[2026-07-18T20:16:02+00:00] Sync window: 2026-07-01 → 2026-09-30
[2026-07-18T20:16:03+00:00] Bookings from calendar: 2
[2026-07-18T20:16:04+00:00] Active deals: 169
[2026-07-18T20:16:04+00:00] Assignments: 2
[2026-07-18T20:16:04+00:00] Link colors: green=62, to-check=0
[2026-07-18T20:16:04+00:00] Cells updated: 2 (clear=0, write=2)
[2026-07-18T20:16:04+00:00] State saved
[2026-07-18T20:16:04+00:00] === end (3.18s) ===
[2026-07-18T20:18:01+00:00] === start ===
[2026-07-18T20:18:02+00:00] Sheet rows: 11, month headers: 2
[2026-07-18T20:18:02+00:00] Columns: {"Тусюк":"B","Муха":"C","Козлянко":"D","Юрченков":"E"}
[2026-07-18T20:18:02+00:00] Tech users: {"57":"Тусюк","65":"Козлянко","67":"Муха","71":"Юрченков"}
[2026-07-18T20:18:02+00:00] Sync window: 2026-07-01 → 2026-09-30
[2026-07-18T20:18:03+00:00] Bookings from calendar: 2
[2026-07-18T20:18:04+00:00] Active deals: 169
[2026-07-18T20:18:04+00:00] Assignments: 2
[2026-07-18T20:18:04+00:00] Link colors: green=62, to-check=0
[2026-07-18T20:18:04+00:00] Cells updated: 2 (clear=0, write=2)
[2026-07-18T20:18:04+00:00] State saved
[2026-07-18T20:18:04+00:00] === end (2.99s) ===
[2026-07-18T20:20:01+00:00] === start ===
[2026-07-18T20:20:02+00:00] Sheet rows: 11, month headers: 2
[2026-07-18T20:20:02+00:00] Columns: {"Тусюк":"B","Муха":"C","Козлянко":"D","Юрченков":"E"}
[2026-07-18T20:20:02+00:00] Tech users: {"57":"Тусюк","65":"Козлянко","67":"Муха","71":"Юрченков"}
[2026-07-18T20:20:02+00:00] Sync window: 2026-07-01 → 2026-09-30
[2026-07-18T20:20:03+00:00] Bookings from calendar: 2
[2026-07-18T20:20:03+00:00] Active deals: 169
[2026-07-18T20:20:03+00:00] Assignments: 2
[2026-07-18T20:20:03+00:00] Link colors: green=62, to-check=0
[2026-07-18T20:20:04+00:00] Cells updated: 2 (clear=0, write=2)
[2026-07-18T20:20:04+00:00] State saved
[2026-07-18T20:20:04+00:00] === end (2.99s) ===
[2026-07-18T20:22:01+00:00] === start ===
[2026-07-18T20:22:02+00:00] Sheet rows: 11, month headers: 2
[2026-07-18T20:22:02+00:00] Columns: {"Тусюк":"B","Муха":"C","Козлянко":"D","Юрченков":"E"}
[2026-07-18T20:22:02+00:00] Tech users: {"57":"Тусюк","65":"Козлянко","67":"Муха","71":"Юрченков"}
[2026-07-18T20:22:02+00:00] Sync window: 2026-07-01 → 2026-09-30
[2026-07-18T20:22:03+00:00] Bookings from calendar: 2
[2026-07-18T20:22:03+00:00] Active deals: 169
[2026-07-18T20:22:03+00:00] Assignments: 2
[2026-07-18T20:22:03+00:00] Link colors: green=62, to-check=0
[2026-07-18T20:22:04+00:00] Cells updated: 2 (clear=0, write=2)
[2026-07-18T20:22:04+00:00] State saved
[2026-07-18T20:22:04+00:00] === end (2.7s) ===
[2026-07-18T20:24:01+00:00] === start ===
[2026-07-18T20:24:01+00:00] Sheet rows: 11, month headers: 2
[2026-07-18T20:24:02+00:00] Columns: {"Тусюк":"B","Муха":"C","Козлянко":"D","Юрченков":"E"}
[2026-07-18T20:24:02+00:00] Tech users: {"57":"Тусюк","65":"Козлянко","67":"Муха","71":"Юрченков"}
[2026-07-18T20:24:02+00:00] Sync window: 2026-07-01 → 2026-09-30
[2026-07-18T20:24:03+00:00] Bookings from calendar: 2
[2026-07-18T20:24:03+00:00] Active deals: 169
[2026-07-18T20:24:03+00:00] Assignments: 2
[2026-07-18T20:24:03+00:00] Link colors: green=62, to-check=0
[2026-07-18T20:24:04+00:00] Cells updated: 2 (clear=0, write=2)
[2026-07-18T20:24:04+00:00] State saved
[2026-07-18T20:24:04+00:00] === end (2.91s) ===
[2026-07-18T20:26:01+00:00] === start ===
[2026-07-18T20:26:01+00:00] Sheet rows: 11, month headers: 2
[2026-07-18T20:26:02+00:00] Columns: {"Тусюк":"B","Муха":"C","Козлянко":"D","Юрченков":"E"}
[2026-07-18T20:26:02+00:00] Tech users: {"57":"Тусюк","65":"Козлянко","67":"Муха","71":"Юрченков"}
[2026-07-18T20:26:02+00:00] Sync window: 2026-07-01 → 2026-09-30
[2026-07-18T20:26:03+00:00] Bookings from calendar: 2
[2026-07-18T20:26:03+00:00] Active deals: 169
[2026-07-18T20:26:03+00:00] Assignments: 2
[2026-07-18T20:26:03+00:00] Link colors: green=62, to-check=0
[2026-07-18T20:26:04+00:00] Cells updated: 2 (clear=0, write=2)
[2026-07-18T20:26:04+00:00] State saved
[2026-07-18T20:26:04+00:00] === end (3.04s) ===
[2026-07-18T20:28:01+00:00] === start ===
[2026-07-18T20:28:02+00:00] Sheet rows: 11, month headers: 2
[2026-07-18T20:28:02+00:00] Columns: {"Тусюк":"B","Муха":"C","Козлянко":"D","Юрченков":"E"}
[2026-07-18T20:28:02+00:00] Tech users: {"57":"Тусюк","65":"Козлянко","67":"Муха","71":"Юрченков"}
[2026-07-18T20:28:02+00:00] Sync window: 2026-07-01 → 2026-09-30
[2026-07-18T20:28:03+00:00] Bookings from calendar: 2
[2026-07-18T20:28:03+00:00] Active deals: 169
[2026-07-18T20:28:03+00:00] Assignments: 2
[2026-07-18T20:28:03+00:00] Link colors: green=62, to-check=0
[2026-07-18T20:28:04+00:00] Cells updated: 2 (clear=0, write=2)
[2026-07-18T20:28:04+00:00] State saved
[2026-07-18T20:28:04+00:00] === end (2.92s) ===
[2026-07-18T20:30:01+00:00] === start ===
[2026-07-18T20:30:02+00:00] Sheet rows: 11, month headers: 2
[2026-07-18T20:30:02+00:00] Columns: {"Тусюк":"B","Муха":"C","Козлянко":"D","Юрченков":"E"}
[2026-07-18T20:30:02+00:00] Tech users: {"57":"Тусюк","65":"Козлянко","67":"Муха","71":"Юрченков"}
[2026-07-18T20:30:02+00:00] Sync window: 2026-07-01 → 2026-09-30
[2026-07-18T20:30:03+00:00] Bookings from calendar: 2
[2026-07-18T20:30:03+00:00] Active deals: 169
[2026-07-18T20:30:03+00:00] Assignments: 2
[2026-07-18T20:30:03+00:00] Link colors: green=62, to-check=0
[2026-07-18T20:30:04+00:00] Cells updated: 2 (clear=0, write=2)
[2026-07-18T20:30:04+00:00] State saved
[2026-07-18T20:30:04+00:00] === end (2.63s) ===
[2026-07-18T20:32:01+00:00] === start ===
[2026-07-18T20:32:01+00:00] Sheet rows: 11, month headers: 2
[2026-07-18T20:32:02+00:00] Columns: {"Тусюк":"B","Муха":"C","Козлянко":"D","Юрченков":"E"}
[2026-07-18T20:32:02+00:00] Tech users: {"57":"Тусюк","65":"Козлянко","67":"Муха","71":"Юрченков"}
[2026-07-18T20:32:02+00:00] Sync window: 2026-07-01 → 2026-09-30
[2026-07-18T20:32:02+00:00] Bookings from calendar: 2
[2026-07-18T20:32:03+00:00] Active deals: 169
[2026-07-18T20:32:03+00:00] Assignments: 2
[2026-07-18T20:32:03+00:00] Link colors: green=62, to-check=0
[2026-07-18T20:32:04+00:00] Cells updated: 2 (clear=0, write=2)
[2026-07-18T20:32:04+00:00] State saved
[2026-07-18T20:32:04+00:00] === end (2.83s) ===
[2026-07-18T20:34:01+00:00] === start ===
[2026-07-18T20:34:02+00:00] Sheet rows: 11, month headers: 2
[2026-07-18T20:34:02+00:00] Columns: {"Тусюк":"B","Муха":"C","Козлянко":"D","Юрченков":"E"}
[2026-07-18T20:34:02+00:00] Tech users: {"57":"Тусюк","65":"Козлянко","67":"Муха","71":"Юрченков"}
[2026-07-18T20:34:02+00:00] Sync window: 2026-07-01 → 2026-09-30
[2026-07-18T20:34:03+00:00] Bookings from calendar: 2
[2026-07-18T20:34:03+00:00] Active deals: 169
[2026-07-18T20:34:03+00:00] Assignments: 2
[2026-07-18T20:34:03+00:00] Link colors: green=62, to-check=0
[2026-07-18T20:34:04+00:00] Cells updated: 2 (clear=0, write=2)
[2026-07-18T20:34:04+00:00] State saved
[2026-07-18T20:34:04+00:00] === end (3.03s) ===
[2026-07-18T20:36:01+00:00] === start ===
[2026-07-18T20:36:01+00:00] Sheet rows: 11, month headers: 2
[2026-07-18T20:36:02+00:00] Columns: {"Тусюк":"B","Муха":"C","Козлянко":"D","Юрченков":"E"}
[2026-07-18T20:36:02+00:00] Tech users: {"57":"Тусюк","65":"Козлянко","67":"Муха","71":"Юрченков"}
[2026-07-18T20:36:02+00:00] Sync window: 2026-07-01 → 2026-09-30
[2026-07-18T20:36:03+00:00] Bookings from calendar: 2
[2026-07-18T20:36:03+00:00] Active deals: 169
[2026-07-18T20:36:03+00:00] Assignments: 2
[2026-07-18T20:36:03+00:00] Link colors: green=62, to-check=0
[2026-07-18T20:36:04+00:00] Cells updated: 2 (clear=0, write=2)
[2026-07-18T20:36:04+00:00] State saved
[2026-07-18T20:36:04+00:00] === end (3.21s) ===
[2026-07-18T20:38:01+00:00] === start ===
[2026-07-18T20:38:01+00:00] Sheet rows: 11, month headers: 2
[2026-07-18T20:38:02+00:00] Columns: {"Тусюк":"B","Муха":"C","Козлянко":"D","Юрченков":"E"}
[2026-07-18T20:38:02+00:00] Tech users: {"57":"Тусюк","65":"Козлянко","67":"Муха","71":"Юрченков"}
[2026-07-18T20:38:02+00:00] Sync window: 2026-07-01 → 2026-09-30
[2026-07-18T20:38:02+00:00] Bookings from calendar: 2
[2026-07-18T20:38:03+00:00] Active deals: 169
[2026-07-18T20:38:03+00:00] Assignments: 2
[2026-07-18T20:38:03+00:00] Link colors: green=62, to-check=0
[2026-07-18T20:38:04+00:00] Cells updated: 2 (clear=0, write=2)
[2026-07-18T20:38:04+00:00] State saved
[2026-07-18T20:38:04+00:00] === end (2.6s) ===
[2026-07-18T20:40:01+00:00] === start ===
[2026-07-18T20:40:01+00:00] Sheet rows: 11, month headers: 2
[2026-07-18T20:40:02+00:00] Columns: {"Тусюк":"B","Муха":"C","Козлянко":"D","Юрченков":"E"}
[2026-07-18T20:40:02+00:00] Tech users: {"57":"Тусюк","65":"Козлянко","67":"Муха","71":"Юрченков"}
[2026-07-18T20:40:02+00:00] Sync window: 2026-07-01 → 2026-09-30
[2026-07-18T20:40:03+00:00] Bookings from calendar: 2
[2026-07-18T20:40:03+00:00] Active deals: 169
[2026-07-18T20:40:03+00:00] Assignments: 2
[2026-07-18T20:40:03+00:00] Link colors: green=62, to-check=0
[2026-07-18T20:40:04+00:00] Cells updated: 2 (clear=0, write=2)
[2026-07-18T20:40:04+00:00] State saved
[2026-07-18T20:40:04+00:00] === end (3.17s) ===
[2026-07-18T20:42:01+00:00] === start ===
[2026-07-18T20:42:01+00:00] Sheet rows: 11, month headers: 2
[2026-07-18T20:42:02+00:00] Columns: {"Тусюк":"B","Муха":"C","Козлянко":"D","Юрченков":"E"}
[2026-07-18T20:42:02+00:00] Tech users: {"57":"Тусюк","65":"Козлянко","67":"Муха","71":"Юрченков"}
[2026-07-18T20:42:02+00:00] Sync window: 2026-07-01 → 2026-09-30
[2026-07-18T20:42:02+00:00] Bookings from calendar: 2
[2026-07-18T20:42:03+00:00] Active deals: 169
[2026-07-18T20:42:03+00:00] Assignments: 2
[2026-07-18T20:42:03+00:00] Link colors: green=62, to-check=0
[2026-07-18T20:42:04+00:00] Cells updated: 2 (clear=0, write=2)
[2026-07-18T20:42:04+00:00] State saved
[2026-07-18T20:42:04+00:00] === end (2.65s) ===
[2026-07-18T20:44:01+00:00] === start ===
[2026-07-18T20:44:01+00:00] Sheet rows: 11, month headers: 2
[2026-07-18T20:44:01+00:00] Columns: {"Тусюк":"B","Муха":"C","Козлянко":"D","Юрченков":"E"}
[2026-07-18T20:44:01+00:00] Tech users: {"57":"Тусюк","65":"Козлянко","67":"Муха","71":"Юрченков"}
[2026-07-18T20:44:01+00:00] Sync window: 2026-07-01 → 2026-09-30
[2026-07-18T20:44:03+00:00] Bookings from calendar: 2
[2026-07-18T20:44:03+00:00] Active deals: 169
[2026-07-18T20:44:03+00:00] Assignments: 2
[2026-07-18T20:44:03+00:00] Link colors: green=62, to-check=0
[2026-07-18T20:44:04+00:00] Cells updated: 2 (clear=0, write=2)
[2026-07-18T20:44:04+00:00] State saved
[2026-07-18T20:44:04+00:00] === end (3.08s) ===
[2026-07-18T20:46:01+00:00] === start ===
[2026-07-18T20:46:01+00:00] Sheet rows: 11, month headers: 2
[2026-07-18T20:46:01+00:00] Columns: {"Тусюк":"B","Муха":"C","Козлянко":"D","Юрченков":"E"}
[2026-07-18T20:46:01+00:00] Tech users: {"57":"Тусюк","65":"Козлянко","67":"Муха","71":"Юрченков"}
[2026-07-18T20:46:01+00:00] Sync window: 2026-07-01 → 2026-09-30
[2026-07-18T20:46:02+00:00] Bookings from calendar: 2
[2026-07-18T20:46:03+00:00] Active deals: 169
[2026-07-18T20:46:03+00:00] Assignments: 2
[2026-07-18T20:46:03+00:00] Link colors: green=62, to-check=0
[2026-07-18T20:46:04+00:00] Cells updated: 2 (clear=0, write=2)
[2026-07-18T20:46:04+00:00] State saved
[2026-07-18T20:46:04+00:00] === end (2.94s) ===
[2026-07-18T20:48:01+00:00] === start ===
[2026-07-18T20:48:01+00:00] Sheet rows: 11, month headers: 2
[2026-07-18T20:48:01+00:00] Columns: {"Тусюк":"B","Муха":"C","Козлянко":"D","Юрченков":"E"}
[2026-07-18T20:48:01+00:00] Tech users: {"57":"Тусюк","65":"Козлянко","67":"Муха","71":"Юрченков"}
[2026-07-18T20:48:01+00:00] Sync window: 2026-07-01 → 2026-09-30
[2026-07-18T20:48:02+00:00] Bookings from calendar: 2
[2026-07-18T20:48:03+00:00] Active deals: 169
[2026-07-18T20:48:03+00:00] Assignments: 2
[2026-07-18T20:48:03+00:00] Link colors: green=62, to-check=0
[2026-07-18T20:48:03+00:00] Cells updated: 2 (clear=0, write=2)
[2026-07-18T20:48:03+00:00] State saved
[2026-07-18T20:48:03+00:00] === end (2.8s) ===
[2026-07-18T20:50:01+00:00] === start ===
[2026-07-18T20:50:02+00:00] Sheet rows: 11, month headers: 2
[2026-07-18T20:50:02+00:00] Columns: {"Тусюк":"B","Муха":"C","Козлянко":"D","Юрченков":"E"}
[2026-07-18T20:50:02+00:00] Tech users: {"57":"Тусюк","65":"Козлянко","67":"Муха","71":"Юрченков"}
[2026-07-18T20:50:02+00:00] Sync window: 2026-07-01 → 2026-09-30
[2026-07-18T20:50:03+00:00] Bookings from calendar: 2
[2026-07-18T20:50:04+00:00] Active deals: 169
[2026-07-18T20:50:04+00:00] Assignments: 2
[2026-07-18T20:50:04+00:00] Link colors: green=62, to-check=0
[2026-07-18T20:50:05+00:00] Cells updated: 2 (clear=0, write=2)
[2026-07-18T20:50:05+00:00] State saved
[2026-07-18T20:50:05+00:00] === end (3.58s) ===
[2026-07-18T20:52:01+00:00] === start ===
[2026-07-18T20:52:02+00:00] Sheet rows: 11, month headers: 2
[2026-07-18T20:52:02+00:00] Columns: {"Тусюк":"B","Муха":"C","Козлянко":"D","Юрченков":"E"}
[2026-07-18T20:52:02+00:00] Tech users: {"57":"Тусюк","65":"Козлянко","67":"Муха","71":"Юрченков"}
[2026-07-18T20:52:02+00:00] Sync window: 2026-07-01 → 2026-09-30
[2026-07-18T20:52:03+00:00] Bookings from calendar: 2
[2026-07-18T20:52:03+00:00] Active deals: 169
[2026-07-18T20:52:03+00:00] Assignments: 2
[2026-07-18T20:52:03+00:00] Link colors: green=62, to-check=0
[2026-07-18T20:52:04+00:00] Cells updated: 2 (clear=0, write=2)
[2026-07-18T20:52:04+00:00] State saved
[2026-07-18T20:52:04+00:00] === end (2.93s) ===
[2026-07-18T20:54:01+00:00] === start ===
[2026-07-18T20:54:01+00:00] Sheet rows: 11, month headers: 2
[2026-07-18T20:54:02+00:00] Columns: {"Тусюк":"B","Муха":"C","Козлянко":"D","Юрченков":"E"}
[2026-07-18T20:54:02+00:00] Tech users: {"57":"Тусюк","65":"Козлянко","67":"Муха","71":"Юрченков"}
[2026-07-18T20:54:02+00:00] Sync window: 2026-07-01 → 2026-09-30
[2026-07-18T20:54:03+00:00] Bookings from calendar: 2
[2026-07-18T20:54:03+00:00] Active deals: 169
[2026-07-18T20:54:03+00:00] Assignments: 2
[2026-07-18T20:54:03+00:00] Link colors: green=62, to-check=0
[2026-07-18T20:54:04+00:00] Cells updated: 2 (clear=0, write=2)
[2026-07-18T20:54:04+00:00] State saved
[2026-07-18T20:54:04+00:00] === end (2.9s) ===
[2026-07-18T20:56:01+00:00] === start ===
[2026-07-18T20:56:01+00:00] Sheet rows: 11, month headers: 2
[2026-07-18T20:56:02+00:00] Columns: {"Тусюк":"B","Муха":"C","Козлянко":"D","Юрченков":"E"}
[2026-07-18T20:56:02+00:00] Tech users: {"57":"Тусюк","65":"Козлянко","67":"Муха","71":"Юрченков"}
[2026-07-18T20:56:02+00:00] Sync window: 2026-07-01 → 2026-09-30
[2026-07-18T20:56:03+00:00] Bookings from calendar: 2
[2026-07-18T20:56:03+00:00] Active deals: 169
[2026-07-18T20:56:03+00:00] Assignments: 2
[2026-07-18T20:56:03+00:00] Link colors: green=62, to-check=0
[2026-07-18T20:56:04+00:00] Cells updated: 2 (clear=0, write=2)
[2026-07-18T20:56:04+00:00] State saved
[2026-07-18T20:56:04+00:00] === end (2.71s) ===
[2026-07-18T20:58:01+00:00] === start ===
[2026-07-18T20:58:01+00:00] Sheet rows: 11, month headers: 2
[2026-07-18T20:58:02+00:00] Columns: {"Тусюк":"B","Муха":"C","Козлянко":"D","Юрченков":"E"}
[2026-07-18T20:58:02+00:00] Tech users: {"57":"Тусюк","65":"Козлянко","67":"Муха","71":"Юрченков"}
[2026-07-18T20:58:02+00:00] Sync window: 2026-07-01 → 2026-09-30
[2026-07-18T20:58:02+00:00] Bookings from calendar: 2
[2026-07-18T20:58:03+00:00] Active deals: 169
[2026-07-18T20:58:03+00:00] Assignments: 2
[2026-07-18T20:58:03+00:00] Link colors: green=62, to-check=0
[2026-07-18T20:58:04+00:00] Cells updated: 2 (clear=0, write=2)
[2026-07-18T20:58:04+00:00] State saved
[2026-07-18T20:58:04+00:00] === end (2.82s) ===
[2026-07-18T21:00:01+00:00] === start ===
[2026-07-18T21:00:01+00:00] Sheet rows: 11, month headers: 2
[2026-07-18T21:00:02+00:00] Columns: {"Тусюк":"B","Муха":"C","Козлянко":"D","Юрченков":"E"}
[2026-07-18T21:00:04+00:00] Tech users: {"57":"Тусюк","65":"Козлянко","67":"Муха","71":"Юрченков"}
[2026-07-18T21:00:04+00:00] Sync window: 2026-07-01 → 2026-09-30
[2026-07-18T21:00:07+00:00] Bookings from calendar: 2
[2026-07-18T21:00:07+00:00] Active deals: 169
[2026-07-18T21:00:07+00:00] Assignments: 2
[2026-07-18T21:00:07+00:00] Link colors: green=62, to-check=0
[2026-07-18T21:00:08+00:00] Cells updated: 2 (clear=0, write=2)
[2026-07-18T21:00:08+00:00] State saved
[2026-07-18T21:00:08+00:00] === end (7.09s) ===
[2026-07-18T21:02:01+00:00] === start ===
[2026-07-18T21:02:01+00:00] Sheet rows: 11, month headers: 2
[2026-07-18T21:02:02+00:00] Columns: {"Тусюк":"B","Муха":"C","Козлянко":"D","Юрченков":"E"}
[2026-07-18T21:02:02+00:00] Tech users: {"57":"Тусюк","65":"Козлянко","67":"Муха","71":"Юрченков"}
[2026-07-18T21:02:02+00:00] Sync window: 2026-07-01 → 2026-09-30
[2026-07-18T21:02:02+00:00] Bookings from calendar: 2
[2026-07-18T21:02:03+00:00] Active deals: 169
[2026-07-18T21:02:03+00:00] Assignments: 2
[2026-07-18T21:02:03+00:00] Link colors: green=62, to-check=0
[2026-07-18T21:02:03+00:00] Cells updated: 2 (clear=0, write=2)
[2026-07-18T21:02:03+00:00] State saved
[2026-07-18T21:02:03+00:00] === end (2.55s) ===
[2026-07-18T21:04:02+00:00] === start ===
[2026-07-18T21:04:02+00:00] Sheet rows: 11, month headers: 2
[2026-07-18T21:04:02+00:00] Columns: {"Тусюк":"B","Муха":"C","Козлянко":"D","Юрченков":"E"}
[2026-07-18T21:04:02+00:00] Tech users: {"57":"Тусюк","65":"Козлянко","67":"Муха","71":"Юрченков"}
[2026-07-18T21:04:02+00:00] Sync window: 2026-07-01 → 2026-09-30
[2026-07-18T21:04:03+00:00] Bookings from calendar: 2
[2026-07-18T21:04:04+00:00] Active deals: 169
[2026-07-18T21:04:04+00:00] Assignments: 2
[2026-07-18T21:04:04+00:00] Link colors: green=62, to-check=0
[2026-07-18T21:04:04+00:00] Cells updated: 2 (clear=0, write=2)
[2026-07-18T21:04:04+00:00] State saved
[2026-07-18T21:04:04+00:00] === end (2.78s) ===
[2026-07-18T21:06:01+00:00] === start ===
[2026-07-18T21:06:02+00:00] Sheet rows: 11, month headers: 2
[2026-07-18T21:06:02+00:00] Columns: {"Тусюк":"B","Муха":"C","Козлянко":"D","Юрченков":"E"}
[2026-07-18T21:06:02+00:00] Tech users: {"57":"Тусюк","65":"Козлянко","67":"Муха","71":"Юрченков"}
[2026-07-18T21:06:02+00:00] Sync window: 2026-07-01 → 2026-09-30
[2026-07-18T21:06:03+00:00] Bookings from calendar: 2
[2026-07-18T21:06:04+00:00] Active deals: 169
[2026-07-18T21:06:04+00:00] Assignments: 2
[2026-07-18T21:06:04+00:00] Link colors: green=62, to-check=0
[2026-07-18T21:06:04+00:00] Cells updated: 2 (clear=0, write=2)
[2026-07-18T21:06:04+00:00] State saved
[2026-07-18T21:06:04+00:00] === end (3.05s) ===
[2026-07-18T21:08:01+00:00] === start ===
[2026-07-18T21:08:02+00:00] Sheet rows: 11, month headers: 2
[2026-07-18T21:08:02+00:00] Columns: {"Тусюк":"B","Муха":"C","Козлянко":"D","Юрченков":"E"}
[2026-07-18T21:08:02+00:00] Tech users: {"57":"Тусюк","65":"Козлянко","67":"Муха","71":"Юрченков"}
[2026-07-18T21:08:02+00:00] Sync window: 2026-07-01 → 2026-09-30
[2026-07-18T21:08:03+00:00] Bookings from calendar: 2
[2026-07-18T21:08:04+00:00] Active deals: 169
[2026-07-18T21:08:04+00:00] Assignments: 2
[2026-07-18T21:08:04+00:00] Link colors: green=62, to-check=0
[2026-07-18T21:08:04+00:00] Cells updated: 2 (clear=0, write=2)
[2026-07-18T21:08:04+00:00] State saved
[2026-07-18T21:08:04+00:00] === end (2.73s) ===
[2026-07-18T21:10:01+00:00] === start ===
[2026-07-18T21:10:02+00:00] Sheet rows: 11, month headers: 2
[2026-07-18T21:10:02+00:00] Columns: {"Тусюк":"B","Муха":"C","Козлянко":"D","Юрченков":"E"}
[2026-07-18T21:10:02+00:00] Tech users: {"57":"Тусюк","65":"Козлянко","67":"Муха","71":"Юрченков"}
[2026-07-18T21:10:02+00:00] Sync window: 2026-07-01 → 2026-09-30
[2026-07-18T21:10:03+00:00] Bookings from calendar: 2
[2026-07-18T21:10:03+00:00] Active deals: 169
[2026-07-18T21:10:03+00:00] Assignments: 2
[2026-07-18T21:10:03+00:00] Link colors: green=62, to-check=0
[2026-07-18T21:10:04+00:00] Cells updated: 2 (clear=0, write=2)
[2026-07-18T21:10:04+00:00] State saved
[2026-07-18T21:10:04+00:00] === end (2.95s) ===
[2026-07-18T21:12:01+00:00] === start ===
[2026-07-18T21:12:02+00:00] Sheet rows: 11, month headers: 2
[2026-07-18T21:12:02+00:00] Columns: {"Тусюк":"B","Муха":"C","Козлянко":"D","Юрченков":"E"}
[2026-07-18T21:12:02+00:00] Tech users: {"57":"Тусюк","65":"Козлянко","67":"Муха","71":"Юрченков"}
[2026-07-18T21:12:02+00:00] Sync window: 2026-07-01 → 2026-09-30
[2026-07-18T21:12:03+00:00] Bookings from calendar: 2
[2026-07-18T21:12:04+00:00] Active deals: 169
[2026-07-18T21:12:04+00:00] Assignments: 2
[2026-07-18T21:12:04+00:00] Link colors: green=62, to-check=0
[2026-07-18T21:12:04+00:00] Cells updated: 2 (clear=0, write=2)
[2026-07-18T21:12:04+00:00] State saved
[2026-07-18T21:12:04+00:00] === end (2.9s) ===
[2026-07-18T21:14:01+00:00] === start ===
[2026-07-18T21:14:02+00:00] Sheet rows: 11, month headers: 2
[2026-07-18T21:14:02+00:00] Columns: {"Тусюк":"B","Муха":"C","Козлянко":"D","Юрченков":"E"}
[2026-07-18T21:14:02+00:00] Tech users: {"57":"Тусюк","65":"Козлянко","67":"Муха","71":"Юрченков"}
[2026-07-18T21:14:02+00:00] Sync window: 2026-07-01 → 2026-09-30
[2026-07-18T21:14:03+00:00] Bookings from calendar: 2
[2026-07-18T21:14:03+00:00] Active deals: 169
[2026-07-18T21:14:03+00:00] Assignments: 2
[2026-07-18T21:14:03+00:00] Link colors: green=62, to-check=0
[2026-07-18T21:14:04+00:00] Cells updated: 2 (clear=0, write=2)
[2026-07-18T21:14:04+00:00] State saved
[2026-07-18T21:14:04+00:00] === end (2.69s) ===
[2026-07-18T21:16:01+00:00] === start ===
[2026-07-18T21:16:02+00:00] Sheet rows: 11, month headers: 2
[2026-07-18T21:16:02+00:00] Columns: {"Тусюк":"B","Муха":"C","Козлянко":"D","Юрченков":"E"}
[2026-07-18T21:16:02+00:00] Tech users: {"57":"Тусюк","65":"Козлянко","67":"Муха","71":"Юрченков"}
[2026-07-18T21:16:02+00:00] Sync window: 2026-07-01 → 2026-09-30
[2026-07-18T21:16:03+00:00] Bookings from calendar: 2
[2026-07-18T21:16:03+00:00] Active deals: 169
[2026-07-18T21:16:03+00:00] Assignments: 2
[2026-07-18T21:16:03+00:00] Link colors: green=62, to-check=0
[2026-07-18T21:16:04+00:00] Cells updated: 2 (clear=0, write=2)
[2026-07-18T21:16:04+00:00] State saved
[2026-07-18T21:16:04+00:00] === end (2.66s) ===
[2026-07-18T21:18:01+00:00] === start ===
[2026-07-18T21:18:02+00:00] Sheet rows: 11, month headers: 2
[2026-07-18T21:18:02+00:00] Columns: {"Тусюк":"B","Муха":"C","Козлянко":"D","Юрченков":"E"}
[2026-07-18T21:18:02+00:00] Tech users: {"57":"Тусюк","65":"Козлянко","67":"Муха","71":"Юрченков"}
[2026-07-18T21:18:02+00:00] Sync window: 2026-07-01 → 2026-09-30
[2026-07-18T21:18:03+00:00] Bookings from calendar: 2
[2026-07-18T21:18:03+00:00] Active deals: 169
[2026-07-18T21:18:03+00:00] Assignments: 2
[2026-07-18T21:18:03+00:00] Link colors: green=62, to-check=0
[2026-07-18T21:18:04+00:00] Cells updated: 2 (clear=0, write=2)
[2026-07-18T21:18:04+00:00] State saved
[2026-07-18T21:18:04+00:00] === end (2.7s) ===
[2026-07-18T21:20:01+00:00] === start ===
[2026-07-18T21:20:01+00:00] Sheet rows: 11, month headers: 2
[2026-07-18T21:20:01+00:00] Columns: {"Тусюк":"B","Муха":"C","Козлянко":"D","Юрченков":"E"}
[2026-07-18T21:20:02+00:00] Tech users: {"57":"Тусюк","65":"Козлянко","67":"Муха","71":"Юрченков"}
[2026-07-18T21:20:02+00:00] Sync window: 2026-07-01 → 2026-09-30
[2026-07-18T21:20:02+00:00] Bookings from calendar: 2
[2026-07-18T21:20:03+00:00] Active deals: 169
[2026-07-18T21:20:03+00:00] Assignments: 2
[2026-07-18T21:20:03+00:00] Link colors: green=62, to-check=0
[2026-07-18T21:20:04+00:00] Cells updated: 2 (clear=0, write=2)
[2026-07-18T21:20:04+00:00] State saved
[2026-07-18T21:20:04+00:00] === end (2.59s) ===
[2026-07-18T21:22:01+00:00] === start ===
[2026-07-18T21:22:01+00:00] Sheet rows: 11, month headers: 2
[2026-07-18T21:22:01+00:00] Columns: {"Тусюк":"B","Муха":"C","Козлянко":"D","Юрченков":"E"}
[2026-07-18T21:22:01+00:00] Tech users: {"57":"Тусюк","65":"Козлянко","67":"Муха","71":"Юрченков"}
[2026-07-18T21:22:01+00:00] Sync window: 2026-07-01 → 2026-09-30
[2026-07-18T21:22:02+00:00] Bookings from calendar: 2
[2026-07-18T21:22:03+00:00] Active deals: 169
[2026-07-18T21:22:03+00:00] Assignments: 2
[2026-07-18T21:22:03+00:00] Link colors: green=62, to-check=0
[2026-07-18T21:22:03+00:00] Cells updated: 2 (clear=0, write=2)
[2026-07-18T21:22:03+00:00] State saved
[2026-07-18T21:22:03+00:00] === end (2.9s) ===
[2026-07-18T21:24:02+00:00] === start ===
[2026-07-18T21:24:02+00:00] Sheet rows: 11, month headers: 2
[2026-07-18T21:24:02+00:00] Columns: {"Тусюк":"B","Муха":"C","Козлянко":"D","Юрченков":"E"}
[2026-07-18T21:24:03+00:00] Tech users: {"57":"Тусюк","65":"Козлянко","67":"Муха","71":"Юрченков"}
[2026-07-18T21:24:03+00:00] Sync window: 2026-07-01 → 2026-09-30
[2026-07-18T21:24:03+00:00] Bookings from calendar: 2
[2026-07-18T21:24:04+00:00] Active deals: 169
[2026-07-18T21:24:04+00:00] Assignments: 2
[2026-07-18T21:24:04+00:00] Link colors: green=62, to-check=0
[2026-07-18T21:24:04+00:00] Cells updated: 2 (clear=0, write=2)
[2026-07-18T21:24:04+00:00] State saved
[2026-07-18T21:24:04+00:00] === end (2.66s) ===
[2026-07-18T21:26:01+00:00] === start ===
[2026-07-18T21:26:02+00:00] Sheet rows: 11, month headers: 2
[2026-07-18T21:26:02+00:00] Columns: {"Тусюк":"B","Муха":"C","Козлянко":"D","Юрченков":"E"}
[2026-07-18T21:26:02+00:00] Tech users: {"57":"Тусюк","65":"Козлянко","67":"Муха","71":"Юрченков"}
[2026-07-18T21:26:02+00:00] Sync window: 2026-07-01 → 2026-09-30
[2026-07-18T21:26:03+00:00] Bookings from calendar: 2
[2026-07-18T21:26:03+00:00] Active deals: 169
[2026-07-18T21:26:03+00:00] Assignments: 2
[2026-07-18T21:26:04+00:00] Link colors: green=62, to-check=0
[2026-07-18T21:26:04+00:00] Cells updated: 2 (clear=0, write=2)
[2026-07-18T21:26:04+00:00] State saved
[2026-07-18T21:26:04+00:00] === end (2.97s) ===
[2026-07-18T21:28:01+00:00] === start ===
[2026-07-18T21:28:02+00:00] Sheet rows: 11, month headers: 2
[2026-07-18T21:28:02+00:00] Columns: {"Тусюк":"B","Муха":"C","Козлянко":"D","Юрченков":"E"}
[2026-07-18T21:28:02+00:00] Tech users: {"57":"Тусюк","65":"Козлянко","67":"Муха","71":"Юрченков"}
[2026-07-18T21:28:02+00:00] Sync window: 2026-07-01 → 2026-09-30
[2026-07-18T21:28:03+00:00] Bookings from calendar: 2
[2026-07-18T21:28:03+00:00] Active deals: 169
[2026-07-18T21:28:03+00:00] Assignments: 2
[2026-07-18T21:28:03+00:00] Link colors: green=62, to-check=0
[2026-07-18T21:28:04+00:00] Cells updated: 2 (clear=0, write=2)
[2026-07-18T21:28:04+00:00] State saved
[2026-07-18T21:28:04+00:00] === end (2.97s) ===
[2026-07-18T21:30:01+00:00] === start ===
[2026-07-18T21:30:02+00:00] Sheet rows: 11, month headers: 2
[2026-07-18T21:30:02+00:00] Columns: {"Тусюк":"B","Муха":"C","Козлянко":"D","Юрченков":"E"}
[2026-07-18T21:30:02+00:00] Tech users: {"57":"Тусюк","65":"Козлянко","67":"Муха","71":"Юрченков"}
[2026-07-18T21:30:02+00:00] Sync window: 2026-07-01 → 2026-09-30
[2026-07-18T21:30:03+00:00] Bookings from calendar: 2
[2026-07-18T21:30:03+00:00] Active deals: 169
[2026-07-18T21:30:03+00:00] Assignments: 2
[2026-07-18T21:30:03+00:00] Link colors: green=62, to-check=0
[2026-07-18T21:30:04+00:00] Cells updated: 2 (clear=0, write=2)
[2026-07-18T21:30:04+00:00] State saved
[2026-07-18T21:30:04+00:00] === end (2.58s) ===
[2026-07-18T21:32:01+00:00] === start ===
[2026-07-18T21:32:01+00:00] Sheet rows: 11, month headers: 2
[2026-07-18T21:32:02+00:00] Columns: {"Тусюк":"B","Муха":"C","Козлянко":"D","Юрченков":"E"}
[2026-07-18T21:32:02+00:00] Tech users: {"57":"Тусюк","65":"Козлянко","67":"Муха","71":"Юрченков"}
[2026-07-18T21:32:02+00:00] Sync window: 2026-07-01 → 2026-09-30
[2026-07-18T21:32:03+00:00] Bookings from calendar: 2
[2026-07-18T21:32:03+00:00] Active deals: 169
[2026-07-18T21:32:03+00:00] Assignments: 2
[2026-07-18T21:32:03+00:00] Link colors: green=62, to-check=0
[2026-07-18T21:32:04+00:00] Cells updated: 2 (clear=0, write=2)
[2026-07-18T21:32:04+00:00] State saved
[2026-07-18T21:32:04+00:00] === end (2.84s) ===
[2026-07-18T21:34:01+00:00] === start ===
[2026-07-18T21:34:01+00:00] Sheet rows: 11, month headers: 2
[2026-07-18T21:34:02+00:00] Columns: {"Тусюк":"B","Муха":"C","Козлянко":"D","Юрченков":"E"}
[2026-07-18T21:34:02+00:00] Tech users: {"57":"Тусюк","65":"Козлянко","67":"Муха","71":"Юрченков"}
[2026-07-18T21:34:02+00:00] Sync window: 2026-07-01 → 2026-09-30
[2026-07-18T21:34:02+00:00] Bookings from calendar: 2
[2026-07-18T21:34:03+00:00] Active deals: 169
[2026-07-18T21:34:03+00:00] Assignments: 2
[2026-07-18T21:34:03+00:00] Link colors: green=62, to-check=0
[2026-07-18T21:34:04+00:00] Cells updated: 2 (clear=0, write=2)
[2026-07-18T21:34:04+00:00] State saved
[2026-07-18T21:34:04+00:00] === end (2.75s) ===
[2026-07-18T21:36:01+00:00] === start ===
[2026-07-18T21:36:01+00:00] Sheet rows: 11, month headers: 2
[2026-07-18T21:36:01+00:00] Columns: {"Тусюк":"B","Муха":"C","Козлянко":"D","Юрченков":"E"}
[2026-07-18T21:36:01+00:00] Tech users: {"57":"Тусюк","65":"Козлянко","67":"Муха","71":"Юрченков"}
[2026-07-18T21:36:01+00:00] Sync window: 2026-07-01 → 2026-09-30
[2026-07-18T21:36:02+00:00] Bookings from calendar: 2
[2026-07-18T21:36:03+00:00] Active deals: 169
[2026-07-18T21:36:03+00:00] Assignments: 2
[2026-07-18T21:36:03+00:00] Link colors: green=62, to-check=0
[2026-07-18T21:36:03+00:00] Cells updated: 2 (clear=0, write=2)
[2026-07-18T21:36:03+00:00] State saved
[2026-07-18T21:36:03+00:00] === end (2.66s) ===
[2026-07-18T21:38:01+00:00] === start ===
[2026-07-18T21:38:02+00:00] Sheet rows: 11, month headers: 2
[2026-07-18T21:38:02+00:00] Columns: {"Тусюк":"B","Муха":"C","Козлянко":"D","Юрченков":"E"}
[2026-07-18T21:38:02+00:00] Tech users: {"57":"Тусюк","65":"Козлянко","67":"Муха","71":"Юрченков"}
[2026-07-18T21:38:02+00:00] Sync window: 2026-07-01 → 2026-09-30
[2026-07-18T21:38:03+00:00] Bookings from calendar: 2
[2026-07-18T21:38:03+00:00] Active deals: 169
[2026-07-18T21:38:03+00:00] Assignments: 2
[2026-07-18T21:38:03+00:00] Link colors: green=62, to-check=0
[2026-07-18T21:38:04+00:00] Cells updated: 2 (clear=0, write=2)
[2026-07-18T21:38:04+00:00] State saved
[2026-07-18T21:38:04+00:00] === end (2.4s) ===
[2026-07-18T21:40:01+00:00] === start ===
[2026-07-18T21:40:01+00:00] Sheet rows: 11, month headers: 2
[2026-07-18T21:40:02+00:00] Columns: {"Тусюк":"B","Муха":"C","Козлянко":"D","Юрченков":"E"}
[2026-07-18T21:40:02+00:00] Tech users: {"57":"Тусюк","65":"Козлянко","67":"Муха","71":"Юрченков"}
[2026-07-18T21:40:02+00:00] Sync window: 2026-07-01 → 2026-09-30
[2026-07-18T21:40:02+00:00] Bookings from calendar: 2
[2026-07-18T21:40:03+00:00] Active deals: 169
[2026-07-18T21:40:03+00:00] Assignments: 2
[2026-07-18T21:40:03+00:00] Link colors: green=62, to-check=0
[2026-07-18T21:40:04+00:00] Cells updated: 2 (clear=0, write=2)
[2026-07-18T21:40:04+00:00] State saved
[2026-07-18T21:40:04+00:00] === end (2.89s) ===
[2026-07-18T21:42:01+00:00] === start ===
[2026-07-18T21:42:01+00:00] Sheet rows: 11, month headers: 2
[2026-07-18T21:42:02+00:00] Columns: {"Тусюк":"B","Муха":"C","Козлянко":"D","Юрченков":"E"}
[2026-07-18T21:42:02+00:00] Tech users: {"57":"Тусюк","65":"Козлянко","67":"Муха","71":"Юрченков"}
[2026-07-18T21:42:02+00:00] Sync window: 2026-07-01 → 2026-09-30
[2026-07-18T21:42:03+00:00] Bookings from calendar: 2
[2026-07-18T21:42:03+00:00] Active deals: 169
[2026-07-18T21:42:03+00:00] Assignments: 2
[2026-07-18T21:42:03+00:00] Link colors: green=62, to-check=0
[2026-07-18T21:42:04+00:00] Cells updated: 2 (clear=0, write=2)
[2026-07-18T21:42:04+00:00] State saved
[2026-07-18T21:42:04+00:00] === end (3.09s) ===
[2026-07-18T21:44:01+00:00] === start ===
[2026-07-18T21:44:01+00:00] Sheet rows: 11, month headers: 2
[2026-07-18T21:44:02+00:00] Columns: {"Тусюк":"B","Муха":"C","Козлянко":"D","Юрченков":"E"}
[2026-07-18T21:44:02+00:00] Tech users: {"57":"Тусюк","65":"Козлянко","67":"Муха","71":"Юрченков"}
[2026-07-18T21:44:02+00:00] Sync window: 2026-07-01 → 2026-09-30
[2026-07-18T21:44:03+00:00] Bookings from calendar: 2
[2026-07-18T21:44:03+00:00] Active deals: 169
[2026-07-18T21:44:03+00:00] Assignments: 2
[2026-07-18T21:44:03+00:00] Link colors: green=62, to-check=0
[2026-07-18T21:44:04+00:00] Cells updated: 2 (clear=0, write=2)
[2026-07-18T21:44:04+00:00] State saved
[2026-07-18T21:44:04+00:00] === end (2.82s) ===
[2026-07-18T21:46:02+00:00] === start ===
[2026-07-18T21:46:02+00:00] Sheet rows: 11, month headers: 2
[2026-07-18T21:46:02+00:00] Columns: {"Тусюк":"B","Муха":"C","Козлянко":"D","Юрченков":"E"}
[2026-07-18T21:46:02+00:00] Tech users: {"57":"Тусюк","65":"Козлянко","67":"Муха","71":"Юрченков"}
[2026-07-18T21:46:02+00:00] Sync window: 2026-07-01 → 2026-09-30
[2026-07-18T21:46:03+00:00] Bookings from calendar: 2
[2026-07-18T21:46:04+00:00] Active deals: 169
[2026-07-18T21:46:04+00:00] Assignments: 2
[2026-07-18T21:46:04+00:00] Link colors: green=62, to-check=0
[2026-07-18T21:46:04+00:00] Cells updated: 2 (clear=0, write=2)
[2026-07-18T21:46:04+00:00] State saved
[2026-07-18T21:46:04+00:00] === end (2.71s) ===
[2026-07-18T21:48:01+00:00] === start ===
[2026-07-18T21:48:02+00:00] Sheet rows: 11, month headers: 2
[2026-07-18T21:48:02+00:00] Columns: {"Тусюк":"B","Муха":"C","Козлянко":"D","Юрченков":"E"}
[2026-07-18T21:48:02+00:00] Tech users: {"57":"Тусюк","65":"Козлянко","67":"Муха","71":"Юрченков"}
[2026-07-18T21:48:02+00:00] Sync window: 2026-07-01 → 2026-09-30
[2026-07-18T21:48:03+00:00] Bookings from calendar: 2
[2026-07-18T21:48:03+00:00] Active deals: 169
[2026-07-18T21:48:03+00:00] Assignments: 2
[2026-07-18T21:48:03+00:00] Link colors: green=62, to-check=0
[2026-07-18T21:48:04+00:00] Cells updated: 2 (clear=0, write=2)
[2026-07-18T21:48:04+00:00] State saved
[2026-07-18T21:48:04+00:00] === end (2.44s) ===
[2026-07-18T21:50:01+00:00] === start ===
[2026-07-18T21:50:01+00:00] Sheet rows: 11, month headers: 2
[2026-07-18T21:50:02+00:00] Columns: {"Тусюк":"B","Муха":"C","Козлянко":"D","Юрченков":"E"}
[2026-07-18T21:50:02+00:00] Tech users: {"57":"Тусюк","65":"Козлянко","67":"Муха","71":"Юрченков"}
[2026-07-18T21:50:02+00:00] Sync window: 2026-07-01 → 2026-09-30
[2026-07-18T21:50:02+00:00] Bookings from calendar: 2
[2026-07-18T21:50:03+00:00] Active deals: 169
[2026-07-18T21:50:03+00:00] Assignments: 2
[2026-07-18T21:50:03+00:00] Link colors: green=62, to-check=0
[2026-07-18T21:50:03+00:00] Cells updated: 2 (clear=0, write=2)
[2026-07-18T21:50:03+00:00] State saved
[2026-07-18T21:50:03+00:00] === end (2.66s) ===
[2026-07-18T21:52:02+00:00] === start ===
[2026-07-18T21:52:02+00:00] Sheet rows: 11, month headers: 2
[2026-07-18T21:52:02+00:00] Columns: {"Тусюк":"B","Муха":"C","Козлянко":"D","Юрченков":"E"}
[2026-07-18T21:52:02+00:00] Tech users: {"57":"Тусюк","65":"Козлянко","67":"Муха","71":"Юрченков"}
[2026-07-18T21:52:02+00:00] Sync window: 2026-07-01 → 2026-09-30
[2026-07-18T21:52:03+00:00] Bookings from calendar: 2
[2026-07-18T21:52:03+00:00] Active deals: 169
[2026-07-18T21:52:03+00:00] Assignments: 2
[2026-07-18T21:52:03+00:00] Link colors: green=62, to-check=0
[2026-07-18T21:52:04+00:00] Cells updated: 2 (clear=0, write=2)
[2026-07-18T21:52:04+00:00] State saved
[2026-07-18T21:52:04+00:00] === end (2.52s) ===
[2026-07-18T21:54:01+00:00] === start ===
[2026-07-18T21:54:01+00:00] Sheet rows: 11, month headers: 2
[2026-07-18T21:54:02+00:00] Columns: {"Тусюк":"B","Муха":"C","Козлянко":"D","Юрченков":"E"}
[2026-07-18T21:54:02+00:00] Tech users: {"57":"Тусюк","65":"Козлянко","67":"Муха","71":"Юрченков"}
[2026-07-18T21:54:02+00:00] Sync window: 2026-07-01 → 2026-09-30
[2026-07-18T21:54:02+00:00] Bookings from calendar: 2
[2026-07-18T21:54:03+00:00] Active deals: 169
[2026-07-18T21:54:03+00:00] Assignments: 2
[2026-07-18T21:54:03+00:00] Link colors: green=62, to-check=0
[2026-07-18T21:54:04+00:00] Cells updated: 2 (clear=0, write=2)
[2026-07-18T21:54:04+00:00] State saved
[2026-07-18T21:54:04+00:00] === end (2.6s) ===
[2026-07-18T21:56:01+00:00] === start ===
[2026-07-18T21:56:01+00:00] Sheet rows: 11, month headers: 2
[2026-07-18T21:56:02+00:00] Columns: {"Тусюк":"B","Муха":"C","Козлянко":"D","Юрченков":"E"}
[2026-07-18T21:56:02+00:00] Tech users: {"57":"Тусюк","65":"Козлянко","67":"Муха","71":"Юрченков"}
[2026-07-18T21:56:02+00:00] Sync window: 2026-07-01 → 2026-09-30
[2026-07-18T21:56:02+00:00] Bookings from calendar: 2
[2026-07-18T21:56:03+00:00] Active deals: 169
[2026-07-18T21:56:03+00:00] Assignments: 2
[2026-07-18T21:56:03+00:00] Link colors: green=62, to-check=0
[2026-07-18T21:56:04+00:00] Cells updated: 2 (clear=0, write=2)
[2026-07-18T21:56:04+00:00] State saved
[2026-07-18T21:56:04+00:00] === end (2.81s) ===
[2026-07-18T21:58:01+00:00] === start ===
[2026-07-18T21:58:01+00:00] Sheet rows: 11, month headers: 2
[2026-07-18T21:58:01+00:00] Columns: {"Тусюк":"B","Муха":"C","Козлянко":"D","Юрченков":"E"}
[2026-07-18T21:58:02+00:00] Tech users: {"57":"Тусюк","65":"Козлянко","67":"Муха","71":"Юрченков"}
[2026-07-18T21:58:02+00:00] Sync window: 2026-07-01 → 2026-09-30
[2026-07-18T21:58:02+00:00] Bookings from calendar: 2
[2026-07-18T21:58:03+00:00] Active deals: 169
[2026-07-18T21:58:03+00:00] Assignments: 2
[2026-07-18T21:58:03+00:00] Link colors: green=62, to-check=0
[2026-07-18T21:58:03+00:00] Cells updated: 2 (clear=0, write=2)
[2026-07-18T21:58:03+00:00] State saved
[2026-07-18T21:58:03+00:00] === end (2.74s) ===
[2026-07-18T22:00:01+00:00] === start ===
[2026-07-18T22:00:02+00:00] Sheet rows: 11, month headers: 2
[2026-07-18T22:00:02+00:00] Columns: {"Тусюк":"B","Муха":"C","Козлянко":"D","Юрченков":"E"}
[2026-07-18T22:00:02+00:00] Tech users: {"57":"Тусюк","65":"Козлянко","67":"Муха","71":"Юрченков"}
[2026-07-18T22:00:02+00:00] Sync window: 2026-07-01 → 2026-09-30
[2026-07-18T22:00:03+00:00] Bookings from calendar: 2
[2026-07-18T22:00:03+00:00] Active deals: 169
[2026-07-18T22:00:03+00:00] Assignments: 2
[2026-07-18T22:00:03+00:00] Link colors: green=62, to-check=0
[2026-07-18T22:00:04+00:00] Cells updated: 2 (clear=0, write=2)
[2026-07-18T22:00:04+00:00] State saved
[2026-07-18T22:00:04+00:00] === end (2.49s) ===
[2026-07-18T22:02:01+00:00] === start ===
[2026-07-18T22:02:01+00:00] Sheet rows: 11, month headers: 2
[2026-07-18T22:02:02+00:00] Columns: {"Тусюк":"B","Муха":"C","Козлянко":"D","Юрченков":"E"}
[2026-07-18T22:02:02+00:00] Tech users: {"57":"Тусюк","65":"Козлянко","67":"Муха","71":"Юрченков"}
[2026-07-18T22:02:02+00:00] Sync window: 2026-07-01 → 2026-09-30
[2026-07-18T22:02:02+00:00] Bookings from calendar: 2
[2026-07-18T22:02:03+00:00] Active deals: 169
[2026-07-18T22:02:03+00:00] Assignments: 2
[2026-07-18T22:02:03+00:00] Link colors: green=62, to-check=0
[2026-07-18T22:02:04+00:00] Cells updated: 2 (clear=0, write=2)
[2026-07-18T22:02:04+00:00] State saved
[2026-07-18T22:02:04+00:00] === end (2.75s) ===
[2026-07-18T22:04:01+00:00] === start ===
[2026-07-18T22:04:01+00:00] Sheet rows: 11, month headers: 2
[2026-07-18T22:04:01+00:00] Columns: {"Тусюк":"B","Муха":"C","Козлянко":"D","Юрченков":"E"}
[2026-07-18T22:04:02+00:00] Tech users: {"57":"Тусюк","65":"Козлянко","67":"Муха","71":"Юрченков"}
[2026-07-18T22:04:02+00:00] Sync window: 2026-07-01 → 2026-09-30
[2026-07-18T22:04:02+00:00] Bookings from calendar: 2
[2026-07-18T22:04:03+00:00] Active deals: 169
[2026-07-18T22:04:03+00:00] Assignments: 2
[2026-07-18T22:04:03+00:00] Link colors: green=62, to-check=0
[2026-07-18T22:04:04+00:00] Cells updated: 2 (clear=0, write=2)
[2026-07-18T22:04:04+00:00] State saved
[2026-07-18T22:04:04+00:00] === end (2.83s) ===
[2026-07-18T22:06:01+00:00] === start ===
[2026-07-18T22:06:01+00:00] Sheet rows: 11, month headers: 2
[2026-07-18T22:06:01+00:00] Columns: {"Тусюк":"B","Муха":"C","Козлянко":"D","Юрченков":"E"}
[2026-07-18T22:06:02+00:00] Tech users: {"57":"Тусюк","65":"Козлянко","67":"Муха","71":"Юрченков"}
[2026-07-18T22:06:02+00:00] Sync window: 2026-07-01 → 2026-09-30
[2026-07-18T22:06:02+00:00] Bookings from calendar: 2
[2026-07-18T22:06:03+00:00] Active deals: 169
[2026-07-18T22:06:03+00:00] Assignments: 2
[2026-07-18T22:06:03+00:00] Link colors: green=62, to-check=0
[2026-07-18T22:06:04+00:00] Cells updated: 2 (clear=0, write=2)
[2026-07-18T22:06:04+00:00] State saved
[2026-07-18T22:06:04+00:00] === end (2.81s) ===
[2026-07-18T22:08:01+00:00] === start ===
[2026-07-18T22:08:01+00:00] Sheet rows: 11, month headers: 2
[2026-07-18T22:08:01+00:00] Columns: {"Тусюк":"B","Муха":"C","Козлянко":"D","Юрченков":"E"}
[2026-07-18T22:08:01+00:00] Tech users: {"57":"Тусюк","65":"Козлянко","67":"Муха","71":"Юрченков"}
[2026-07-18T22:08:01+00:00] Sync window: 2026-07-01 → 2026-09-30
[2026-07-18T22:08:02+00:00] Bookings from calendar: 2
[2026-07-18T22:08:03+00:00] Active deals: 169
[2026-07-18T22:08:03+00:00] Assignments: 2
[2026-07-18T22:08:03+00:00] Link colors: green=62, to-check=0
[2026-07-18T22:08:03+00:00] Cells updated: 2 (clear=0, write=2)
[2026-07-18T22:08:03+00:00] State saved
[2026-07-18T22:08:03+00:00] === end (2.58s) ===
[2026-07-18T22:10:01+00:00] === start ===
[2026-07-18T22:10:02+00:00] Sheet rows: 11, month headers: 2
[2026-07-18T22:10:02+00:00] Columns: {"Тусюк":"B","Муха":"C","Козлянко":"D","Юрченков":"E"}
[2026-07-18T22:10:02+00:00] Tech users: {"57":"Тусюк","65":"Козлянко","67":"Муха","71":"Юрченков"}
[2026-07-18T22:10:02+00:00] Sync window: 2026-07-01 → 2026-09-30
[2026-07-18T22:10:03+00:00] Bookings from calendar: 2
[2026-07-18T22:10:03+00:00] Active deals: 169
[2026-07-18T22:10:03+00:00] Assignments: 2
[2026-07-18T22:10:03+00:00] Link colors: green=62, to-check=0
[2026-07-18T22:10:04+00:00] Cells updated: 2 (clear=0, write=2)
[2026-07-18T22:10:04+00:00] State saved
[2026-07-18T22:10:04+00:00] === end (2.57s) ===
[2026-07-18T22:12:01+00:00] === start ===
[2026-07-18T22:12:01+00:00] Sheet rows: 11, month headers: 2
[2026-07-18T22:12:02+00:00] Columns: {"Тусюк":"B","Муха":"C","Козлянко":"D","Юрченков":"E"}
[2026-07-18T22:12:02+00:00] Tech users: {"57":"Тусюк","65":"Козлянко","67":"Муха","71":"Юрченков"}
[2026-07-18T22:12:02+00:00] Sync window: 2026-07-01 → 2026-09-30
[2026-07-18T22:12:03+00:00] Bookings from calendar: 2
[2026-07-18T22:12:03+00:00] Active deals: 169
[2026-07-18T22:12:03+00:00] Assignments: 2
[2026-07-18T22:12:03+00:00] Link colors: green=62, to-check=0
[2026-07-18T22:12:04+00:00] Cells updated: 2 (clear=0, write=2)
[2026-07-18T22:12:04+00:00] State saved
[2026-07-18T22:12:04+00:00] === end (2.99s) ===
[2026-07-18T22:14:01+00:00] === start ===
[2026-07-18T22:14:01+00:00] Sheet rows: 11, month headers: 2
[2026-07-18T22:14:02+00:00] Columns: {"Тусюк":"B","Муха":"C","Козлянко":"D","Юрченков":"E"}
[2026-07-18T22:14:02+00:00] Tech users: {"57":"Тусюк","65":"Козлянко","67":"Муха","71":"Юрченков"}
[2026-07-18T22:14:02+00:00] Sync window: 2026-07-01 → 2026-09-30
[2026-07-18T22:14:02+00:00] Bookings from calendar: 2
[2026-07-18T22:14:03+00:00] Active deals: 169
[2026-07-18T22:14:03+00:00] Assignments: 2
[2026-07-18T22:14:03+00:00] Link colors: green=62, to-check=0
[2026-07-18T22:14:03+00:00] Cells updated: 2 (clear=0, write=2)
[2026-07-18T22:14:03+00:00] State saved
[2026-07-18T22:14:03+00:00] === end (2.52s) ===
[2026-07-18T22:16:01+00:00] === start ===
[2026-07-18T22:16:01+00:00] Sheet rows: 11, month headers: 2
[2026-07-18T22:16:02+00:00] Columns: {"Тусюк":"B","Муха":"C","Козлянко":"D","Юрченков":"E"}
[2026-07-18T22:16:02+00:00] Tech users: {"57":"Тусюк","65":"Козлянко","67":"Муха","71":"Юрченков"}
[2026-07-18T22:16:02+00:00] Sync window: 2026-07-01 → 2026-09-30
[2026-07-18T22:16:02+00:00] Bookings from calendar: 2
[2026-07-18T22:16:03+00:00] Active deals: 169
[2026-07-18T22:16:03+00:00] Assignments: 2
[2026-07-18T22:16:03+00:00] Link colors: green=62, to-check=0
[2026-07-18T22:16:04+00:00] Cells updated: 2 (clear=0, write=2)
[2026-07-18T22:16:04+00:00] State saved
[2026-07-18T22:16:04+00:00] === end (2.62s) ===
[2026-07-18T22:18:01+00:00] === start ===
[2026-07-18T22:18:01+00:00] Sheet rows: 11, month headers: 2
[2026-07-18T22:18:01+00:00] Columns: {"Тусюк":"B","Муха":"C","Козлянко":"D","Юрченков":"E"}
[2026-07-18T22:18:01+00:00] Tech users: {"57":"Тусюк","65":"Козлянко","67":"Муха","71":"Юрченков"}
[2026-07-18T22:18:01+00:00] Sync window: 2026-07-01 → 2026-09-30
[2026-07-18T22:18:02+00:00] Bookings from calendar: 2
[2026-07-18T22:18:03+00:00] Active deals: 169
[2026-07-18T22:18:03+00:00] Assignments: 2
[2026-07-18T22:18:03+00:00] Link colors: green=62, to-check=0
[2026-07-18T22:18:04+00:00] Cells updated: 2 (clear=0, write=2)
[2026-07-18T22:18:04+00:00] State saved
[2026-07-18T22:18:04+00:00] === end (3.02s) ===
[2026-07-18T22:20:01+00:00] === start ===
[2026-07-18T22:20:01+00:00] Sheet rows: 11, month headers: 2
[2026-07-18T22:20:01+00:00] Columns: {"Тусюк":"B","Муха":"C","Козлянко":"D","Юрченков":"E"}
[2026-07-18T22:20:02+00:00] Tech users: {"57":"Тусюк","65":"Козлянко","67":"Муха","71":"Юрченков"}
[2026-07-18T22:20:02+00:00] Sync window: 2026-07-01 → 2026-09-30
[2026-07-18T22:20:02+00:00] Bookings from calendar: 2
[2026-07-18T22:20:03+00:00] Active deals: 169
[2026-07-18T22:20:03+00:00] Assignments: 2
[2026-07-18T22:20:03+00:00] Link colors: green=62, to-check=0
[2026-07-18T22:20:03+00:00] Cells updated: 2 (clear=0, write=2)
[2026-07-18T22:20:03+00:00] State saved
[2026-07-18T22:20:03+00:00] === end (2.58s) ===
[2026-07-18T22:22:01+00:00] === start ===
[2026-07-18T22:22:02+00:00] Sheet rows: 11, month headers: 2
[2026-07-18T22:22:02+00:00] Columns: {"Тусюк":"B","Муха":"C","Козлянко":"D","Юрченков":"E"}
[2026-07-18T22:22:02+00:00] Tech users: {"57":"Тусюк","65":"Козлянко","67":"Муха","71":"Юрченков"}
[2026-07-18T22:22:02+00:00] Sync window: 2026-07-01 → 2026-09-30
[2026-07-18T22:22:03+00:00] Bookings from calendar: 2
[2026-07-18T22:22:04+00:00] Active deals: 169
[2026-07-18T22:22:04+00:00] Assignments: 2
[2026-07-18T22:22:04+00:00] Link colors: green=62, to-check=0
[2026-07-18T22:22:04+00:00] Cells updated: 2 (clear=0, write=2)
[2026-07-18T22:22:04+00:00] State saved
[2026-07-18T22:22:04+00:00] === end (3.05s) ===
[2026-07-18T22:24:02+00:00] === start ===
[2026-07-18T22:24:02+00:00] Sheet rows: 11, month headers: 2
[2026-07-18T22:24:02+00:00] Columns: {"Тусюк":"B","Муха":"C","Козлянко":"D","Юрченков":"E"}
[2026-07-18T22:24:03+00:00] Tech users: {"57":"Тусюк","65":"Козлянко","67":"Муха","71":"Юрченков"}
[2026-07-18T22:24:03+00:00] Sync window: 2026-07-01 → 2026-09-30
[2026-07-18T22:24:03+00:00] Bookings from calendar: 2
[2026-07-18T22:24:04+00:00] Active deals: 169
[2026-07-18T22:24:04+00:00] Assignments: 2
[2026-07-18T22:24:04+00:00] Link colors: green=62, to-check=0
[2026-07-18T22:24:04+00:00] Cells updated: 2 (clear=0, write=2)
[2026-07-18T22:24:04+00:00] State saved
[2026-07-18T22:24:04+00:00] === end (2.94s) ===
[2026-07-18T22:26:01+00:00] === start ===
[2026-07-18T22:26:01+00:00] Sheet rows: 11, month headers: 2
[2026-07-18T22:26:01+00:00] Columns: {"Тусюк":"B","Муха":"C","Козлянко":"D","Юрченков":"E"}
[2026-07-18T22:26:01+00:00] Tech users: {"57":"Тусюк","65":"Козлянко","67":"Муха","71":"Юрченков"}
[2026-07-18T22:26:01+00:00] Sync window: 2026-07-01 → 2026-09-30
[2026-07-18T22:26:02+00:00] Bookings from calendar: 2
[2026-07-18T22:26:03+00:00] Active deals: 169
[2026-07-18T22:26:03+00:00] Assignments: 2
[2026-07-18T22:26:03+00:00] Link colors: green=62, to-check=0
[2026-07-18T22:26:03+00:00] Cells updated: 2 (clear=0, write=2)
[2026-07-18T22:26:03+00:00] State saved
[2026-07-18T22:26:03+00:00] === end (2.7s) ===
[2026-07-18T22:28:01+00:00] === start ===
[2026-07-18T22:28:02+00:00] Sheet rows: 11, month headers: 2
[2026-07-18T22:28:02+00:00] Columns: {"Тусюк":"B","Муха":"C","Козлянко":"D","Юрченков":"E"}
[2026-07-18T22:28:02+00:00] Tech users: {"57":"Тусюк","65":"Козлянко","67":"Муха","71":"Юрченков"}
[2026-07-18T22:28:02+00:00] Sync window: 2026-07-01 → 2026-09-30
[2026-07-18T22:28:03+00:00] Bookings from calendar: 2
[2026-07-18T22:28:03+00:00] Active deals: 169
[2026-07-18T22:28:03+00:00] Assignments: 2
[2026-07-18T22:28:03+00:00] Link colors: green=62, to-check=0
[2026-07-18T22:28:04+00:00] Cells updated: 2 (clear=0, write=2)
[2026-07-18T22:28:04+00:00] State saved
[2026-07-18T22:28:04+00:00] === end (2.73s) ===
[2026-07-18T22:30:01+00:00] === start ===
[2026-07-18T22:30:01+00:00] Sheet rows: 11, month headers: 2
[2026-07-18T22:30:02+00:00] Columns: {"Тусюк":"B","Муха":"C","Козлянко":"D","Юрченков":"E"}
[2026-07-18T22:30:02+00:00] Tech users: {"57":"Тусюк","65":"Козлянко","67":"Муха","71":"Юрченков"}
[2026-07-18T22:30:02+00:00] Sync window: 2026-07-01 → 2026-09-30
[2026-07-18T22:30:03+00:00] Bookings from calendar: 2
[2026-07-18T22:30:03+00:00] Active deals: 169
[2026-07-18T22:30:03+00:00] Assignments: 2
[2026-07-18T22:30:03+00:00] Link colors: green=62, to-check=0
[2026-07-18T22:30:04+00:00] Cells updated: 2 (clear=0, write=2)
[2026-07-18T22:30:04+00:00] State saved
[2026-07-18T22:30:04+00:00] === end (2.64s) ===
[2026-07-18T22:32:01+00:00] === start ===
[2026-07-18T22:32:01+00:00] Sheet rows: 11, month headers: 2
[2026-07-18T22:32:02+00:00] Columns: {"Тусюк":"B","Муха":"C","Козлянко":"D","Юрченков":"E"}
[2026-07-18T22:32:02+00:00] Tech users: {"57":"Тусюк","65":"Козлянко","67":"Муха","71":"Юрченков"}
[2026-07-18T22:32:02+00:00] Sync window: 2026-07-01 → 2026-09-30
[2026-07-18T22:32:02+00:00] Bookings from calendar: 2
[2026-07-18T22:32:03+00:00] Active deals: 169
[2026-07-18T22:32:03+00:00] Assignments: 2
[2026-07-18T22:32:03+00:00] Link colors: green=62, to-check=0
[2026-07-18T22:32:04+00:00] Cells updated: 2 (clear=0, write=2)
[2026-07-18T22:32:04+00:00] State saved
[2026-07-18T22:32:04+00:00] === end (2.76s) ===
[2026-07-18T22:34:01+00:00] === start ===
[2026-07-18T22:34:01+00:00] Sheet rows: 11, month headers: 2
[2026-07-18T22:34:01+00:00] Columns: {"Тусюк":"B","Муха":"C","Козлянко":"D","Юрченков":"E"}
[2026-07-18T22:34:01+00:00] Tech users: {"57":"Тусюк","65":"Козлянко","67":"Муха","71":"Юрченков"}
[2026-07-18T22:34:01+00:00] Sync window: 2026-07-01 → 2026-09-30
[2026-07-18T22:34:02+00:00] Bookings from calendar: 2
[2026-07-18T22:34:02+00:00] Active deals: 169
[2026-07-18T22:34:02+00:00] Assignments: 2
[2026-07-18T22:34:02+00:00] Link colors: green=62, to-check=0
[2026-07-18T22:34:03+00:00] Cells updated: 2 (clear=0, write=2)
[2026-07-18T22:34:03+00:00] State saved
[2026-07-18T22:34:03+00:00] === end (2.44s) ===
[2026-07-18T22:36:01+00:00] === start ===
[2026-07-18T22:36:02+00:00] Sheet rows: 11, month headers: 2
[2026-07-18T22:36:02+00:00] Columns: {"Тусюк":"B","Муха":"C","Козлянко":"D","Юрченков":"E"}
[2026-07-18T22:36:02+00:00] Tech users: {"57":"Тусюк","65":"Козлянко","67":"Муха","71":"Юрченков"}
[2026-07-18T22:36:02+00:00] Sync window: 2026-07-01 → 2026-09-30
[2026-07-18T22:36:02+00:00] Bookings from calendar: 2
[2026-07-18T22:36:03+00:00] Active deals: 169
[2026-07-18T22:36:03+00:00] Assignments: 2
[2026-07-18T22:36:03+00:00] Link colors: green=62, to-check=0
[2026-07-18T22:36:04+00:00] Cells updated: 2 (clear=0, write=2)
[2026-07-18T22:36:04+00:00] State saved
[2026-07-18T22:36:04+00:00] === end (2.47s) ===
[2026-07-18T22:38:01+00:00] === start ===
[2026-07-18T22:38:01+00:00] Sheet rows: 11, month headers: 2
[2026-07-18T22:38:01+00:00] Columns: {"Тусюк":"B","Муха":"C","Козлянко":"D","Юрченков":"E"}
[2026-07-18T22:38:01+00:00] Tech users: {"57":"Тусюк","65":"Козлянко","67":"Муха","71":"Юрченков"}
[2026-07-18T22:38:01+00:00] Sync window: 2026-07-01 → 2026-09-30
[2026-07-18T22:38:02+00:00] Bookings from calendar: 2
[2026-07-18T22:38:03+00:00] Active deals: 169
[2026-07-18T22:38:03+00:00] Assignments: 2
[2026-07-18T22:38:03+00:00] Link colors: green=62, to-check=0
[2026-07-18T22:38:04+00:00] Cells updated: 2 (clear=0, write=2)
[2026-07-18T22:38:04+00:00] State saved
[2026-07-18T22:38:04+00:00] === end (2.99s) ===
[2026-07-18T22:40:01+00:00] === start ===
[2026-07-18T22:40:01+00:00] Sheet rows: 11, month headers: 2
[2026-07-18T22:40:01+00:00] Columns: {"Тусюк":"B","Муха":"C","Козлянко":"D","Юрченков":"E"}
[2026-07-18T22:40:02+00:00] Tech users: {"57":"Тусюк","65":"Козлянко","67":"Муха","71":"Юрченков"}
[2026-07-18T22:40:02+00:00] Sync window: 2026-07-01 → 2026-09-30
[2026-07-18T22:40:02+00:00] Bookings from calendar: 2
[2026-07-18T22:40:03+00:00] Active deals: 169
[2026-07-18T22:40:03+00:00] Assignments: 2
[2026-07-18T22:40:03+00:00] Link colors: green=62, to-check=0
[2026-07-18T22:40:03+00:00] Cells updated: 2 (clear=0, write=2)
[2026-07-18T22:40:03+00:00] State saved
[2026-07-18T22:40:03+00:00] === end (2.64s) ===
[2026-07-18T22:42:01+00:00] === start ===
[2026-07-18T22:42:02+00:00] Sheet rows: 11, month headers: 2
[2026-07-18T22:42:02+00:00] Columns: {"Тусюк":"B","Муха":"C","Козлянко":"D","Юрченков":"E"}
[2026-07-18T22:42:02+00:00] Tech users: {"57":"Тусюк","65":"Козлянко","67":"Муха","71":"Юрченков"}
[2026-07-18T22:42:02+00:00] Sync window: 2026-07-01 → 2026-09-30
[2026-07-18T22:42:03+00:00] Bookings from calendar: 2
[2026-07-18T22:42:03+00:00] Active deals: 169
[2026-07-18T22:42:03+00:00] Assignments: 2
[2026-07-18T22:42:03+00:00] Link colors: green=62, to-check=0
[2026-07-18T22:42:04+00:00] Cells updated: 2 (clear=0, write=2)
[2026-07-18T22:42:04+00:00] State saved
[2026-07-18T22:42:04+00:00] === end (2.63s) ===
[2026-07-18T22:44:01+00:00] === start ===
[2026-07-18T22:44:01+00:00] Sheet rows: 11, month headers: 2
[2026-07-18T22:44:02+00:00] Columns: {"Тусюк":"B","Муха":"C","Козлянко":"D","Юрченков":"E"}
[2026-07-18T22:44:02+00:00] Tech users: {"57":"Тусюк","65":"Козлянко","67":"Муха","71":"Юрченков"}
[2026-07-18T22:44:02+00:00] Sync window: 2026-07-01 → 2026-09-30
[2026-07-18T22:44:02+00:00] Bookings from calendar: 2
[2026-07-18T22:44:03+00:00] Active deals: 169
[2026-07-18T22:44:03+00:00] Assignments: 2
[2026-07-18T22:44:03+00:00] Link colors: green=62, to-check=0
[2026-07-18T22:44:04+00:00] Cells updated: 2 (clear=0, write=2)
[2026-07-18T22:44:04+00:00] State saved
[2026-07-18T22:44:04+00:00] === end (2.5s) ===
[2026-07-18T22:46:01+00:00] === start ===
[2026-07-18T22:46:01+00:00] Sheet rows: 11, month headers: 2
[2026-07-18T22:46:02+00:00] Columns: {"Тусюк":"B","Муха":"C","Козлянко":"D","Юрченков":"E"}
[2026-07-18T22:46:02+00:00] Tech users: {"57":"Тусюк","65":"Козлянко","67":"Муха","71":"Юрченков"}
[2026-07-18T22:46:02+00:00] Sync window: 2026-07-01 → 2026-09-30
[2026-07-18T22:46:02+00:00] Bookings from calendar: 2
[2026-07-18T22:46:03+00:00] Active deals: 169
[2026-07-18T22:46:03+00:00] Assignments: 2
[2026-07-18T22:46:03+00:00] Link colors: green=62, to-check=0
[2026-07-18T22:46:04+00:00] Cells updated: 2 (clear=0, write=2)
[2026-07-18T22:46:04+00:00] State saved
[2026-07-18T22:46:04+00:00] === end (2.41s) ===
[2026-07-18T22:48:01+00:00] === start ===
[2026-07-18T22:48:01+00:00] Sheet rows: 11, month headers: 2
[2026-07-18T22:48:01+00:00] Columns: {"Тусюк":"B","Муха":"C","Козлянко":"D","Юрченков":"E"}
[2026-07-18T22:48:01+00:00] Tech users: {"57":"Тусюк","65":"Козлянко","67":"Муха","71":"Юрченков"}
[2026-07-18T22:48:01+00:00] Sync window: 2026-07-01 → 2026-09-30
[2026-07-18T22:48:02+00:00] Bookings from calendar: 2
[2026-07-18T22:48:03+00:00] Active deals: 169
[2026-07-18T22:48:03+00:00] Assignments: 2
[2026-07-18T22:48:03+00:00] Link colors: green=62, to-check=0
[2026-07-18T22:48:03+00:00] Cells updated: 2 (clear=0, write=2)
[2026-07-18T22:48:03+00:00] State saved
[2026-07-18T22:48:03+00:00] === end (2.87s) ===
[2026-07-18T22:50:02+00:00] === start ===
[2026-07-18T22:50:02+00:00] Sheet rows: 11, month headers: 2
[2026-07-18T22:50:02+00:00] Columns: {"Тусюк":"B","Муха":"C","Козлянко":"D","Юрченков":"E"}
[2026-07-18T22:50:02+00:00] Tech users: {"57":"Тусюк","65":"Козлянко","67":"Муха","71":"Юрченков"}
[2026-07-18T22:50:02+00:00] Sync window: 2026-07-01 → 2026-09-30
[2026-07-18T22:50:03+00:00] Bookings from calendar: 2
[2026-07-18T22:50:04+00:00] Active deals: 169
[2026-07-18T22:50:04+00:00] Assignments: 2
[2026-07-18T22:50:04+00:00] Link colors: green=62, to-check=0
[2026-07-18T22:50:04+00:00] Cells updated: 2 (clear=0, write=2)
[2026-07-18T22:50:04+00:00] State saved
[2026-07-18T22:50:04+00:00] === end (2.88s) ===
[2026-07-18T22:52:01+00:00] === start ===
[2026-07-18T22:52:02+00:00] Sheet rows: 11, month headers: 2
[2026-07-18T22:52:02+00:00] Columns: {"Тусюк":"B","Муха":"C","Козлянко":"D","Юрченков":"E"}
[2026-07-18T22:52:02+00:00] Tech users: {"57":"Тусюк","65":"Козлянко","67":"Муха","71":"Юрченков"}
[2026-07-18T22:52:02+00:00] Sync window: 2026-07-01 → 2026-09-30
[2026-07-18T22:52:03+00:00] Bookings from calendar: 2
[2026-07-18T22:52:03+00:00] Active deals: 169
[2026-07-18T22:52:03+00:00] Assignments: 2
[2026-07-18T22:52:03+00:00] Link colors: green=62, to-check=0
[2026-07-18T22:52:04+00:00] Cells updated: 2 (clear=0, write=2)
[2026-07-18T22:52:04+00:00] State saved
[2026-07-18T22:52:04+00:00] === end (2.46s) ===
[2026-07-18T22:54:01+00:00] === start ===
[2026-07-18T22:54:01+00:00] Sheet rows: 11, month headers: 2
[2026-07-18T22:54:02+00:00] Columns: {"Тусюк":"B","Муха":"C","Козлянко":"D","Юрченков":"E"}
[2026-07-18T22:54:02+00:00] Tech users: {"57":"Тусюк","65":"Козлянко","67":"Муха","71":"Юрченков"}
[2026-07-18T22:54:02+00:00] Sync window: 2026-07-01 → 2026-09-30
[2026-07-18T22:54:02+00:00] Bookings from calendar: 2
[2026-07-18T22:54:03+00:00] Active deals: 169
[2026-07-18T22:54:03+00:00] Assignments: 2
[2026-07-18T22:54:03+00:00] Link colors: green=62, to-check=0
[2026-07-18T22:54:04+00:00] Cells updated: 2 (clear=0, write=2)
[2026-07-18T22:54:04+00:00] State saved
[2026-07-18T22:54:04+00:00] === end (2.83s) ===
[2026-07-18T22:56:01+00:00] === start ===
[2026-07-18T22:56:01+00:00] Sheet rows: 11, month headers: 2
[2026-07-18T22:56:01+00:00] Columns: {"Тусюк":"B","Муха":"C","Козлянко":"D","Юрченков":"E"}
[2026-07-18T22:56:02+00:00] Tech users: {"57":"Тусюк","65":"Козлянко","67":"Муха","71":"Юрченков"}
[2026-07-18T22:56:02+00:00] Sync window: 2026-07-01 → 2026-09-30
[2026-07-18T22:56:02+00:00] Bookings from calendar: 2
[2026-07-18T22:56:03+00:00] Active deals: 169
[2026-07-18T22:56:03+00:00] Assignments: 2
[2026-07-18T22:56:03+00:00] Link colors: green=62, to-check=0
[2026-07-18T22:56:04+00:00] Cells updated: 2 (clear=0, write=2)
[2026-07-18T22:56:04+00:00] State saved
[2026-07-18T22:56:04+00:00] === end (2.91s) ===
[2026-07-18T22:58:01+00:00] === start ===
[2026-07-18T22:58:01+00:00] Sheet rows: 11, month headers: 2
[2026-07-18T22:58:02+00:00] Columns: {"Тусюк":"B","Муха":"C","Козлянко":"D","Юрченков":"E"}
[2026-07-18T22:58:02+00:00] Tech users: {"57":"Тусюк","65":"Козлянко","67":"Муха","71":"Юрченков"}
[2026-07-18T22:58:02+00:00] Sync window: 2026-07-01 → 2026-09-30
[2026-07-18T22:58:02+00:00] Bookings from calendar: 2
[2026-07-18T22:58:03+00:00] Active deals: 169
[2026-07-18T22:58:03+00:00] Assignments: 2
[2026-07-18T22:58:03+00:00] Link colors: green=62, to-check=0
[2026-07-18T22:58:04+00:00] Cells updated: 2 (clear=0, write=2)
[2026-07-18T22:58:04+00:00] State saved
[2026-07-18T22:58:04+00:00] === end (2.85s) ===
[2026-07-18T23:00:01+00:00] === start ===
[2026-07-18T23:00:01+00:00] Sheet rows: 11, month headers: 2
[2026-07-18T23:00:01+00:00] Columns: {"Тусюк":"B","Муха":"C","Козлянко":"D","Юрченков":"E"}
[2026-07-18T23:00:02+00:00] Tech users: {"57":"Тусюк","65":"Козлянко","67":"Муха","71":"Юрченков"}
[2026-07-18T23:00:02+00:00] Sync window: 2026-07-01 → 2026-09-30
[2026-07-18T23:00:02+00:00] Bookings from calendar: 2
[2026-07-18T23:00:03+00:00] Active deals: 169
[2026-07-18T23:00:03+00:00] Assignments: 2
[2026-07-18T23:00:03+00:00] Link colors: green=62, to-check=0
[2026-07-18T23:00:04+00:00] Cells updated: 2 (clear=0, write=2)
[2026-07-18T23:00:04+00:00] State saved
[2026-07-18T23:00:04+00:00] === end (2.73s) ===
[2026-07-18T23:02:01+00:00] === start ===
[2026-07-18T23:02:01+00:00] Sheet rows: 11, month headers: 2
[2026-07-18T23:02:01+00:00] Columns: {"Тусюк":"B","Муха":"C","Козлянко":"D","Юрченков":"E"}
[2026-07-18T23:02:01+00:00] Tech users: {"57":"Тусюк","65":"Козлянко","67":"Муха","71":"Юрченков"}
[2026-07-18T23:02:01+00:00] Sync window: 2026-07-01 → 2026-09-30
[2026-07-18T23:02:02+00:00] Bookings from calendar: 2
[2026-07-18T23:02:03+00:00] Active deals: 169
[2026-07-18T23:02:03+00:00] Assignments: 2
[2026-07-18T23:02:03+00:00] Link colors: green=62, to-check=0
[2026-07-18T23:02:03+00:00] Cells updated: 2 (clear=0, write=2)
[2026-07-18T23:02:03+00:00] State saved
[2026-07-18T23:02:03+00:00] === end (2.84s) ===
[2026-07-18T23:04:01+00:00] === start ===
[2026-07-18T23:04:02+00:00] Sheet rows: 11, month headers: 2
[2026-07-18T23:04:02+00:00] Columns: {"Тусюк":"B","Муха":"C","Козлянко":"D","Юрченков":"E"}
[2026-07-18T23:04:02+00:00] Tech users: {"57":"Тусюк","65":"Козлянко","67":"Муха","71":"Юрченков"}
[2026-07-18T23:04:02+00:00] Sync window: 2026-07-01 → 2026-09-30
[2026-07-18T23:04:03+00:00] Bookings from calendar: 2
[2026-07-18T23:04:04+00:00] Active deals: 169
[2026-07-18T23:04:04+00:00] Assignments: 2
[2026-07-18T23:04:04+00:00] Link colors: green=62, to-check=0
[2026-07-18T23:04:04+00:00] Cells updated: 2 (clear=0, write=2)
[2026-07-18T23:04:04+00:00] State saved
[2026-07-18T23:04:04+00:00] === end (2.68s) ===
[2026-07-18T23:06:01+00:00] === start ===
[2026-07-18T23:06:02+00:00] Sheet rows: 11, month headers: 2
[2026-07-18T23:06:02+00:00] Columns: {"Тусюк":"B","Муха":"C","Козлянко":"D","Юрченков":"E"}
[2026-07-18T23:06:02+00:00] Tech users: {"57":"Тусюк","65":"Козлянко","67":"Муха","71":"Юрченков"}
[2026-07-18T23:06:02+00:00] Sync window: 2026-07-01 → 2026-09-30
[2026-07-18T23:06:03+00:00] Bookings from calendar: 2
[2026-07-18T23:06:03+00:00] Active deals: 169
[2026-07-18T23:06:03+00:00] Assignments: 2
[2026-07-18T23:06:03+00:00] Link colors: green=62, to-check=0
[2026-07-18T23:06:04+00:00] Cells updated: 2 (clear=0, write=2)
[2026-07-18T23:06:04+00:00] State saved
[2026-07-18T23:06:04+00:00] === end (2.6s) ===
[2026-07-18T23:08:01+00:00] === start ===
[2026-07-18T23:08:01+00:00] Sheet rows: 11, month headers: 2
[2026-07-18T23:08:02+00:00] Columns: {"Тусюк":"B","Муха":"C","Козлянко":"D","Юрченков":"E"}
[2026-07-18T23:08:02+00:00] Tech users: {"57":"Тусюк","65":"Козлянко","67":"Муха","71":"Юрченков"}
[2026-07-18T23:08:02+00:00] Sync window: 2026-07-01 → 2026-09-30
[2026-07-18T23:08:02+00:00] Bookings from calendar: 2
[2026-07-18T23:08:03+00:00] Active deals: 169
[2026-07-18T23:08:03+00:00] Assignments: 2
[2026-07-18T23:08:03+00:00] Link colors: green=62, to-check=0
[2026-07-18T23:08:03+00:00] Cells updated: 2 (clear=0, write=2)
[2026-07-18T23:08:03+00:00] State saved
[2026-07-18T23:08:03+00:00] === end (2.5s) ===
[2026-07-18T23:10:01+00:00] === start ===
[2026-07-18T23:10:02+00:00] Sheet rows: 11, month headers: 2
[2026-07-18T23:10:02+00:00] Columns: {"Тусюк":"B","Муха":"C","Козлянко":"D","Юрченков":"E"}
[2026-07-18T23:10:02+00:00] Tech users: {"57":"Тусюк","65":"Козлянко","67":"Муха","71":"Юрченков"}
[2026-07-18T23:10:02+00:00] Sync window: 2026-07-01 → 2026-09-30
[2026-07-18T23:10:03+00:00] Bookings from calendar: 2
[2026-07-18T23:10:04+00:00] Active deals: 169
[2026-07-18T23:10:04+00:00] Assignments: 2
[2026-07-18T23:10:04+00:00] Link colors: green=62, to-check=0
[2026-07-18T23:10:04+00:00] Cells updated: 2 (clear=0, write=2)
[2026-07-18T23:10:04+00:00] State saved
[2026-07-18T23:10:04+00:00] === end (2.72s) ===
[2026-07-18T23:12:01+00:00] === start ===
[2026-07-18T23:12:02+00:00] Sheet rows: 11, month headers: 2
[2026-07-18T23:12:02+00:00] Columns: {"Тусюк":"B","Муха":"C","Козлянко":"D","Юрченков":"E"}
[2026-07-18T23:12:02+00:00] Tech users: {"57":"Тусюк","65":"Козлянко","67":"Муха","71":"Юрченков"}
[2026-07-18T23:12:02+00:00] Sync window: 2026-07-01 → 2026-09-30
[2026-07-18T23:12:03+00:00] Bookings from calendar: 2
[2026-07-18T23:12:03+00:00] Active deals: 169
[2026-07-18T23:12:03+00:00] Assignments: 2
[2026-07-18T23:12:03+00:00] Link colors: green=62, to-check=0
[2026-07-18T23:12:04+00:00] Cells updated: 2 (clear=0, write=2)
[2026-07-18T23:12:04+00:00] State saved
[2026-07-18T23:12:04+00:00] === end (2.56s) ===
[2026-07-18T23:14:01+00:00] === start ===
[2026-07-18T23:14:01+00:00] Sheet rows: 11, month headers: 2
[2026-07-18T23:14:02+00:00] Columns: {"Тусюк":"B","Муха":"C","Козлянко":"D","Юрченков":"E"}
[2026-07-18T23:14:02+00:00] Tech users: {"57":"Тусюк","65":"Козлянко","67":"Муха","71":"Юрченков"}
[2026-07-18T23:14:02+00:00] Sync window: 2026-07-01 → 2026-09-30
[2026-07-18T23:14:02+00:00] Bookings from calendar: 2
[2026-07-18T23:14:03+00:00] Active deals: 169
[2026-07-18T23:14:03+00:00] Assignments: 2
[2026-07-18T23:14:03+00:00] Link colors: green=62, to-check=0
[2026-07-18T23:14:04+00:00] Cells updated: 2 (clear=0, write=2)
[2026-07-18T23:14:04+00:00] State saved
[2026-07-18T23:14:04+00:00] === end (2.79s) ===
[2026-07-18T23:16:01+00:00] === start ===
[2026-07-18T23:16:02+00:00] Sheet rows: 11, month headers: 2
[2026-07-18T23:16:02+00:00] Columns: {"Тусюк":"B","Муха":"C","Козлянко":"D","Юрченков":"E"}
[2026-07-18T23:16:02+00:00] Tech users: {"57":"Тусюк","65":"Козлянко","67":"Муха","71":"Юрченков"}
[2026-07-18T23:16:02+00:00] Sync window: 2026-07-01 → 2026-09-30
[2026-07-18T23:16:03+00:00] Bookings from calendar: 2
[2026-07-18T23:16:03+00:00] Active deals: 169
[2026-07-18T23:16:03+00:00] Assignments: 2
[2026-07-18T23:16:03+00:00] Link colors: green=62, to-check=0
[2026-07-18T23:16:04+00:00] Cells updated: 2 (clear=0, write=2)
[2026-07-18T23:16:04+00:00] State saved
[2026-07-18T23:16:04+00:00] === end (2.61s) ===
[2026-07-18T23:18:01+00:00] === start ===
[2026-07-18T23:18:01+00:00] Sheet rows: 11, month headers: 2
[2026-07-18T23:18:02+00:00] Columns: {"Тусюк":"B","Муха":"C","Козлянко":"D","Юрченков":"E"}
[2026-07-18T23:18:02+00:00] Tech users: {"57":"Тусюк","65":"Козлянко","67":"Муха","71":"Юрченков"}
[2026-07-18T23:18:02+00:00] Sync window: 2026-07-01 → 2026-09-30
[2026-07-18T23:18:03+00:00] Bookings from calendar: 2
[2026-07-18T23:18:03+00:00] Active deals: 169
[2026-07-18T23:18:03+00:00] Assignments: 2
[2026-07-18T23:18:03+00:00] Link colors: green=62, to-check=0
[2026-07-18T23:18:04+00:00] Cells updated: 2 (clear=0, write=2)
[2026-07-18T23:18:04+00:00] State saved
[2026-07-18T23:18:04+00:00] === end (3s) ===
[2026-07-18T23:20:01+00:00] === start ===
[2026-07-18T23:20:01+00:00] Sheet rows: 11, month headers: 2
[2026-07-18T23:20:02+00:00] Columns: {"Тусюк":"B","Муха":"C","Козлянко":"D","Юрченков":"E"}
[2026-07-18T23:20:02+00:00] Tech users: {"57":"Тусюк","65":"Козлянко","67":"Муха","71":"Юрченков"}
[2026-07-18T23:20:02+00:00] Sync window: 2026-07-01 → 2026-09-30
[2026-07-18T23:20:03+00:00] Bookings from calendar: 2
[2026-07-18T23:20:03+00:00] Active deals: 169
[2026-07-18T23:20:03+00:00] Assignments: 2
[2026-07-18T23:20:03+00:00] Link colors: green=62, to-check=0
[2026-07-18T23:20:04+00:00] Cells updated: 2 (clear=0, write=2)
[2026-07-18T23:20:04+00:00] State saved
[2026-07-18T23:20:04+00:00] === end (3.29s) ===
[2026-07-18T23:22:01+00:00] === start ===
[2026-07-18T23:22:02+00:00] Sheet rows: 11, month headers: 2
[2026-07-18T23:22:02+00:00] Columns: {"Тусюк":"B","Муха":"C","Козлянко":"D","Юрченков":"E"}
[2026-07-18T23:22:02+00:00] Tech users: {"57":"Тусюк","65":"Козлянко","67":"Муха","71":"Юрченков"}
[2026-07-18T23:22:02+00:00] Sync window: 2026-07-01 → 2026-09-30
[2026-07-18T23:22:03+00:00] Bookings from calendar: 2
[2026-07-18T23:22:03+00:00] Active deals: 169
[2026-07-18T23:22:03+00:00] Assignments: 2
[2026-07-18T23:22:03+00:00] Link colors: green=62, to-check=0
[2026-07-18T23:22:04+00:00] Cells updated: 2 (clear=0, write=2)
[2026-07-18T23:22:04+00:00] State saved
[2026-07-18T23:22:04+00:00] === end (2.51s) ===
[2026-07-18T23:24:01+00:00] === start ===
[2026-07-18T23:24:01+00:00] Sheet rows: 11, month headers: 2
[2026-07-18T23:24:02+00:00] Columns: {"Тусюк":"B","Муха":"C","Козлянко":"D","Юрченков":"E"}
[2026-07-18T23:24:02+00:00] Tech users: {"57":"Тусюк","65":"Козлянко","67":"Муха","71":"Юрченков"}
[2026-07-18T23:24:02+00:00] Sync window: 2026-07-01 → 2026-09-30
[2026-07-18T23:24:03+00:00] Bookings from calendar: 2
[2026-07-18T23:24:03+00:00] Active deals: 169
[2026-07-18T23:24:03+00:00] Assignments: 2
[2026-07-18T23:24:03+00:00] Link colors: green=62, to-check=0
[2026-07-18T23:24:04+00:00] Cells updated: 2 (clear=0, write=2)
[2026-07-18T23:24:04+00:00] State saved
[2026-07-18T23:24:04+00:00] === end (3.07s) ===
[2026-07-18T23:26:01+00:00] === start ===
[2026-07-18T23:26:01+00:00] Sheet rows: 11, month headers: 2
[2026-07-18T23:26:02+00:00] Columns: {"Тусюк":"B","Муха":"C","Козлянко":"D","Юрченков":"E"}
[2026-07-18T23:26:02+00:00] Tech users: {"57":"Тусюк","65":"Козлянко","67":"Муха","71":"Юрченков"}
[2026-07-18T23:26:02+00:00] Sync window: 2026-07-01 → 2026-09-30
[2026-07-18T23:26:03+00:00] Bookings from calendar: 2
[2026-07-18T23:26:03+00:00] Active deals: 169
[2026-07-18T23:26:03+00:00] Assignments: 2
[2026-07-18T23:26:03+00:00] Link colors: green=62, to-check=0
[2026-07-18T23:26:04+00:00] Cells updated: 2 (clear=0, write=2)
[2026-07-18T23:26:04+00:00] State saved
[2026-07-18T23:26:04+00:00] === end (2.84s) ===
[2026-07-18T23:28:01+00:00] === start ===
[2026-07-18T23:28:01+00:00] Sheet rows: 11, month headers: 2
[2026-07-18T23:28:02+00:00] Columns: {"Тусюк":"B","Муха":"C","Козлянко":"D","Юрченков":"E"}
[2026-07-18T23:28:02+00:00] Tech users: {"57":"Тусюк","65":"Козлянко","67":"Муха","71":"Юрченков"}
[2026-07-18T23:28:02+00:00] Sync window: 2026-07-01 → 2026-09-30
[2026-07-18T23:28:02+00:00] Bookings from calendar: 2
[2026-07-18T23:28:03+00:00] Active deals: 169
[2026-07-18T23:28:03+00:00] Assignments: 2
[2026-07-18T23:28:03+00:00] Link colors: green=62, to-check=0
[2026-07-18T23:28:04+00:00] Cells updated: 2 (clear=0, write=2)
[2026-07-18T23:28:04+00:00] State saved
[2026-07-18T23:28:04+00:00] === end (2.76s) ===
[2026-07-18T23:30:01+00:00] === start ===
[2026-07-18T23:30:01+00:00] Sheet rows: 11, month headers: 2
[2026-07-18T23:30:02+00:00] Columns: {"Тусюк":"B","Муха":"C","Козлянко":"D","Юрченков":"E"}
[2026-07-18T23:30:02+00:00] Tech users: {"57":"Тусюк","65":"Козлянко","67":"Муха","71":"Юрченков"}
[2026-07-18T23:30:02+00:00] Sync window: 2026-07-01 → 2026-09-30
[2026-07-18T23:30:02+00:00] Bookings from calendar: 2
[2026-07-18T23:30:03+00:00] Active deals: 169
[2026-07-18T23:30:03+00:00] Assignments: 2
[2026-07-18T23:30:03+00:00] Link colors: green=62, to-check=0
[2026-07-18T23:30:04+00:00] Cells updated: 2 (clear=0, write=2)
[2026-07-18T23:30:04+00:00] State saved
[2026-07-18T23:30:04+00:00] === end (2.79s) ===
[2026-07-18T23:32:01+00:00] === start ===
[2026-07-18T23:32:01+00:00] Sheet rows: 11, month headers: 2
[2026-07-18T23:32:01+00:00] Columns: {"Тусюк":"B","Муха":"C","Козлянко":"D","Юрченков":"E"}
[2026-07-18T23:32:01+00:00] Tech users: {"57":"Тусюк","65":"Козлянко","67":"Муха","71":"Юрченков"}
[2026-07-18T23:32:01+00:00] Sync window: 2026-07-01 → 2026-09-30
[2026-07-18T23:32:02+00:00] Bookings from calendar: 2
[2026-07-18T23:32:03+00:00] Active deals: 169
[2026-07-18T23:32:03+00:00] Assignments: 2
[2026-07-18T23:32:03+00:00] Link colors: green=62, to-check=0
[2026-07-18T23:32:03+00:00] Cells updated: 2 (clear=0, write=2)
[2026-07-18T23:32:03+00:00] State saved
[2026-07-18T23:32:03+00:00] === end (2.84s) ===
[2026-07-18T23:34:02+00:00] === start ===
[2026-07-18T23:34:02+00:00] Sheet rows: 11, month headers: 2
[2026-07-18T23:34:02+00:00] Columns: {"Тусюк":"B","Муха":"C","Козлянко":"D","Юрченков":"E"}
[2026-07-18T23:34:02+00:00] Tech users: {"57":"Тусюк","65":"Козлянко","67":"Муха","71":"Юрченков"}
[2026-07-18T23:34:02+00:00] Sync window: 2026-07-01 → 2026-09-30
[2026-07-18T23:34:03+00:00] Bookings from calendar: 2
[2026-07-18T23:34:04+00:00] Active deals: 169
[2026-07-18T23:34:04+00:00] Assignments: 2
[2026-07-18T23:34:04+00:00] Link colors: green=62, to-check=0
[2026-07-18T23:34:04+00:00] Cells updated: 2 (clear=0, write=2)
[2026-07-18T23:34:04+00:00] State saved
[2026-07-18T23:34:04+00:00] === end (2.79s) ===
[2026-07-18T23:36:01+00:00] === start ===
[2026-07-18T23:36:02+00:00] Sheet rows: 11, month headers: 2
[2026-07-18T23:36:02+00:00] Columns: {"Тусюк":"B","Муха":"C","Козлянко":"D","Юрченков":"E"}
[2026-07-18T23:36:02+00:00] Tech users: {"57":"Тусюк","65":"Козлянко","67":"Муха","71":"Юрченков"}
[2026-07-18T23:36:02+00:00] Sync window: 2026-07-01 → 2026-09-30
[2026-07-18T23:36:03+00:00] Bookings from calendar: 2
[2026-07-18T23:36:03+00:00] Active deals: 169
[2026-07-18T23:36:03+00:00] Assignments: 2
[2026-07-18T23:36:03+00:00] Link colors: green=62, to-check=0
[2026-07-18T23:36:04+00:00] Cells updated: 2 (clear=0, write=2)
[2026-07-18T23:36:04+00:00] State saved
[2026-07-18T23:36:04+00:00] === end (2.69s) ===
[2026-07-18T23:38:01+00:00] === start ===
[2026-07-18T23:38:01+00:00] Sheet rows: 11, month headers: 2
[2026-07-18T23:38:02+00:00] Columns: {"Тусюк":"B","Муха":"C","Козлянко":"D","Юрченков":"E"}
[2026-07-18T23:38:02+00:00] Tech users: {"57":"Тусюк","65":"Козлянко","67":"Муха","71":"Юрченков"}
[2026-07-18T23:38:02+00:00] Sync window: 2026-07-01 → 2026-09-30
[2026-07-18T23:38:02+00:00] Bookings from calendar: 2
[2026-07-18T23:38:03+00:00] Active deals: 169
[2026-07-18T23:38:03+00:00] Assignments: 2
[2026-07-18T23:38:03+00:00] Link colors: green=62, to-check=0
[2026-07-18T23:38:04+00:00] Cells updated: 2 (clear=0, write=2)
[2026-07-18T23:38:04+00:00] State saved
[2026-07-18T23:38:04+00:00] === end (2.54s) ===
[2026-07-18T23:40:01+00:00] === start ===
[2026-07-18T23:40:01+00:00] Sheet rows: 11, month headers: 2
[2026-07-18T23:40:01+00:00] Columns: {"Тусюк":"B","Муха":"C","Козлянко":"D","Юрченков":"E"}
[2026-07-18T23:40:01+00:00] Tech users: {"57":"Тусюк","65":"Козлянко","67":"Муха","71":"Юрченков"}
[2026-07-18T23:40:01+00:00] Sync window: 2026-07-01 → 2026-09-30
[2026-07-18T23:40:02+00:00] Bookings from calendar: 2
[2026-07-18T23:40:03+00:00] Active deals: 169
[2026-07-18T23:40:03+00:00] Assignments: 2
[2026-07-18T23:40:03+00:00] Link colors: green=62, to-check=0
[2026-07-18T23:40:03+00:00] Cells updated: 2 (clear=0, write=2)
[2026-07-18T23:40:03+00:00] State saved
[2026-07-18T23:40:03+00:00] === end (2.54s) ===
[2026-07-18T23:42:01+00:00] === start ===
[2026-07-18T23:42:02+00:00] Sheet rows: 11, month headers: 2
[2026-07-18T23:42:02+00:00] Columns: {"Тусюк":"B","Муха":"C","Козлянко":"D","Юрченков":"E"}
[2026-07-18T23:42:02+00:00] Tech users: {"57":"Тусюк","65":"Козлянко","67":"Муха","71":"Юрченков"}
[2026-07-18T23:42:02+00:00] Sync window: 2026-07-01 → 2026-09-30
[2026-07-18T23:42:03+00:00] Bookings from calendar: 2
[2026-07-18T23:42:03+00:00] Active deals: 169
[2026-07-18T23:42:03+00:00] Assignments: 2
[2026-07-18T23:42:03+00:00] Link colors: green=62, to-check=0
[2026-07-18T23:42:04+00:00] Cells updated: 2 (clear=0, write=2)
[2026-07-18T23:42:04+00:00] State saved
[2026-07-18T23:42:04+00:00] === end (3.08s) ===
[2026-07-18T23:44:01+00:00] === start ===
[2026-07-18T23:44:02+00:00] Sheet rows: 11, month headers: 2
[2026-07-18T23:44:02+00:00] Columns: {"Тусюк":"B","Муха":"C","Козлянко":"D","Юрченков":"E"}
[2026-07-18T23:44:02+00:00] Tech users: {"57":"Тусюк","65":"Козлянко","67":"Муха","71":"Юрченков"}
[2026-07-18T23:44:02+00:00] Sync window: 2026-07-01 → 2026-09-30
[2026-07-18T23:44:03+00:00] Bookings from calendar: 2
[2026-07-18T23:44:03+00:00] Active deals: 169
[2026-07-18T23:44:03+00:00] Assignments: 2
[2026-07-18T23:44:03+00:00] Link colors: green=62, to-check=0
[2026-07-18T23:44:04+00:00] Cells updated: 2 (clear=0, write=2)
[2026-07-18T23:44:04+00:00] State saved
[2026-07-18T23:44:04+00:00] === end (2.55s) ===
[2026-07-18T23:46:02+00:00] === start ===
[2026-07-18T23:46:02+00:00] Sheet rows: 11, month headers: 2
[2026-07-18T23:46:02+00:00] Columns: {"Тусюк":"B","Муха":"C","Козлянко":"D","Юрченков":"E"}
[2026-07-18T23:46:02+00:00] Tech users: {"57":"Тусюк","65":"Козлянко","67":"Муха","71":"Юрченков"}
[2026-07-18T23:46:02+00:00] Sync window: 2026-07-01 → 2026-09-30
[2026-07-18T23:46:03+00:00] Bookings from calendar: 2
[2026-07-18T23:46:03+00:00] Active deals: 169
[2026-07-18T23:46:03+00:00] Assignments: 2
[2026-07-18T23:46:03+00:00] Link colors: green=62, to-check=0
[2026-07-18T23:46:04+00:00] Cells updated: 2 (clear=0, write=2)
[2026-07-18T23:46:04+00:00] State saved
[2026-07-18T23:46:04+00:00] === end (2.55s) ===
[2026-07-18T23:48:01+00:00] === start ===
[2026-07-18T23:48:02+00:00] Sheet rows: 11, month headers: 2
[2026-07-18T23:48:02+00:00] Columns: {"Тусюк":"B","Муха":"C","Козлянко":"D","Юрченков":"E"}
[2026-07-18T23:48:02+00:00] Tech users: {"57":"Тусюк","65":"Козлянко","67":"Муха","71":"Юрченков"}
[2026-07-18T23:48:02+00:00] Sync window: 2026-07-01 → 2026-09-30
[2026-07-18T23:48:03+00:00] Bookings from calendar: 2
[2026-07-18T23:48:03+00:00] Active deals: 169
[2026-07-18T23:48:03+00:00] Assignments: 2
[2026-07-18T23:48:03+00:00] Link colors: green=62, to-check=0
[2026-07-18T23:48:04+00:00] Cells updated: 2 (clear=0, write=2)
[2026-07-18T23:48:04+00:00] State saved
[2026-07-18T23:48:04+00:00] === end (2.73s) ===
[2026-07-18T23:50:01+00:00] === start ===
[2026-07-18T23:50:01+00:00] Sheet rows: 11, month headers: 2
[2026-07-18T23:50:02+00:00] Columns: {"Тусюк":"B","Муха":"C","Козлянко":"D","Юрченков":"E"}
[2026-07-18T23:50:02+00:00] Tech users: {"57":"Тусюк","65":"Козлянко","67":"Муха","71":"Юрченков"}
[2026-07-18T23:50:02+00:00] Sync window: 2026-07-01 → 2026-09-30
[2026-07-18T23:50:02+00:00] Bookings from calendar: 2
[2026-07-18T23:50:03+00:00] Active deals: 169
[2026-07-18T23:50:03+00:00] Assignments: 2
[2026-07-18T23:50:03+00:00] Link colors: green=62, to-check=0
[2026-07-18T23:50:03+00:00] Cells updated: 2 (clear=0, write=2)
[2026-07-18T23:50:03+00:00] State saved
[2026-07-18T23:50:03+00:00] === end (2.56s) ===
[2026-07-18T23:52:01+00:00] === start ===
[2026-07-18T23:52:01+00:00] Sheet rows: 11, month headers: 2
[2026-07-18T23:52:01+00:00] Columns: {"Тусюк":"B","Муха":"C","Козлянко":"D","Юрченков":"E"}
[2026-07-18T23:52:01+00:00] Tech users: {"57":"Тусюк","65":"Козлянко","67":"Муха","71":"Юрченков"}
[2026-07-18T23:52:01+00:00] Sync window: 2026-07-01 → 2026-09-30
[2026-07-18T23:52:02+00:00] Bookings from calendar: 2
[2026-07-18T23:52:02+00:00] Active deals: 169
[2026-07-18T23:52:02+00:00] Assignments: 2
[2026-07-18T23:52:02+00:00] Link colors: green=62, to-check=0
[2026-07-18T23:52:03+00:00] Cells updated: 2 (clear=0, write=2)
[2026-07-18T23:52:03+00:00] State saved
[2026-07-18T23:52:03+00:00] === end (2.51s) ===
[2026-07-18T23:54:01+00:00] === start ===
[2026-07-18T23:54:01+00:00] Sheet rows: 11, month headers: 2
[2026-07-18T23:54:02+00:00] Columns: {"Тусюк":"B","Муха":"C","Козлянко":"D","Юрченков":"E"}
[2026-07-18T23:54:02+00:00] Tech users: {"57":"Тусюк","65":"Козлянко","67":"Муха","71":"Юрченков"}
[2026-07-18T23:54:02+00:00] Sync window: 2026-07-01 → 2026-09-30
[2026-07-18T23:54:03+00:00] Bookings from calendar: 2
[2026-07-18T23:54:03+00:00] Active deals: 169
[2026-07-18T23:54:03+00:00] Assignments: 2
[2026-07-18T23:54:03+00:00] Link colors: green=62, to-check=0
[2026-07-18T23:54:04+00:00] Cells updated: 2 (clear=0, write=2)
[2026-07-18T23:54:04+00:00] State saved
[2026-07-18T23:54:04+00:00] === end (2.76s) ===
[2026-07-18T23:56:01+00:00] === start ===
[2026-07-18T23:56:01+00:00] Sheet rows: 11, month headers: 2
[2026-07-18T23:56:02+00:00] Columns: {"Тусюк":"B","Муха":"C","Козлянко":"D","Юрченков":"E"}
[2026-07-18T23:56:02+00:00] Tech users: {"57":"Тусюк","65":"Козлянко","67":"Муха","71":"Юрченков"}
[2026-07-18T23:56:02+00:00] Sync window: 2026-07-01 → 2026-09-30
[2026-07-18T23:56:02+00:00] Bookings from calendar: 2
[2026-07-18T23:56:03+00:00] Active deals: 169
[2026-07-18T23:56:03+00:00] Assignments: 2
[2026-07-18T23:56:03+00:00] Link colors: green=62, to-check=0
[2026-07-18T23:56:04+00:00] Cells updated: 2 (clear=0, write=2)
[2026-07-18T23:56:04+00:00] State saved
[2026-07-18T23:56:04+00:00] === end (2.77s) ===
[2026-07-18T23:58:01+00:00] === start ===
[2026-07-18T23:58:01+00:00] Sheet rows: 11, month headers: 2
[2026-07-18T23:58:01+00:00] Columns: {"Тусюк":"B","Муха":"C","Козлянко":"D","Юрченков":"E"}
[2026-07-18T23:58:02+00:00] Tech users: {"57":"Тусюк","65":"Козлянко","67":"Муха","71":"Юрченков"}
[2026-07-18T23:58:02+00:00] Sync window: 2026-07-01 → 2026-09-30
[2026-07-18T23:58:02+00:00] Bookings from calendar: 2
[2026-07-18T23:58:03+00:00] Active deals: 169
[2026-07-18T23:58:03+00:00] Assignments: 2
[2026-07-18T23:58:03+00:00] Link colors: green=62, to-check=0
[2026-07-18T23:58:04+00:00] Cells updated: 2 (clear=0, write=2)
[2026-07-18T23:58:04+00:00] State saved
[2026-07-18T23:58:04+00:00] === end (3.02s) ===
